"../../../Engine/Plugins/2D/Paper2D/Content/PlaceholderTextures/DummySpriteTexture.ubulk" 0
"../../../Engine/Plugins/2D/Paper2D/Content/PlaceholderTextures/DummySpriteTexture.uasset" 1
"../../../Engine/Plugins/2D/Paper2D/Content/PlaceholderTextures/DummySpriteTexture.uexp" 2
"../../../Engine/Plugins/2D/Paper2D/Content/DummySprite.uasset" 3
"../../../Engine/Plugins/2D/Paper2D/Content/DummySprite.uexp" 4
"../../../Engine/Plugins/2D/Paper2D/Content/DefaultPaperTerrainMaterial.uasset" 5
"../../../Engine/Plugins/2D/Paper2D/Content/DefaultPaperTerrainMaterial.uexp" 6
"../../../Engine/Plugins/Animation/ACLPlugin/Content/ACLAnimBoneCompressionSettings.uasset" 7
"../../../Engine/Plugins/Animation/ACLPlugin/Content/ACLAnimBoneCompressionSettings.uexp" 8
"../../../Engine/Plugins/Animation/ACLPlugin/Content/ACLAnimCurveCompressionSettings.uasset" 9
"../../../Engine/Plugins/Animation/ACLPlugin/Content/ACLAnimCurveCompressionSettings.uexp" 10
"../../../Engine/Content/Animation/DefaultRecorderBoneCompression.uasset" 11
"../../../Engine/Content/Animation/DefaultRecorderBoneCompression.uexp" 12
"../../../Engine/Content/EngineFonts/Faces/DroidSansFallback.uexp" 13
"../../../Engine/Content/EngineFonts/Faces/DroidSansFallback.uasset" 14
"../../../Engine/Content/EngineFonts/Faces/DroidSansFallback.ufont" 15
"../../../Engine/Content/EngineFonts/Faces/RobotoBold.uexp" 16
"../../../Engine/Content/EngineFonts/Faces/RobotoBold.uasset" 17
"../../../Engine/Content/EngineFonts/Faces/RobotoBold.ufont" 18
"../../../Engine/Content/EngineFonts/Faces/RobotoBoldItalic.uexp" 19
"../../../Engine/Content/EngineFonts/Faces/RobotoBoldItalic.uasset" 20
"../../../Engine/Content/EngineFonts/Faces/RobotoBoldItalic.ufont" 21
"../../../Engine/Content/EngineFonts/Faces/RobotoItalic.uexp" 22
"../../../Engine/Content/EngineFonts/Faces/RobotoItalic.uasset" 23
"../../../Engine/Content/EngineFonts/Faces/RobotoItalic.ufont" 24
"../../../Engine/Content/EngineFonts/Faces/RobotoLight.uexp" 25
"../../../Engine/Content/EngineFonts/Faces/RobotoLight.uasset" 26
"../../../Engine/Content/EngineFonts/Faces/RobotoLight.ufont" 27
"../../../Engine/Content/EngineFonts/Faces/RobotoRegular.uexp" 28
"../../../Engine/Content/EngineFonts/Faces/RobotoRegular.uasset" 29
"../../../Engine/Content/EngineFonts/Faces/RobotoRegular.ufont" 30
"../../../Engine/Content/EngineFonts/Roboto.uasset" 31
"../../../Engine/Content/EngineFonts/Roboto.uexp" 32
"../../../Engine/Content/EngineMaterials/DefaultDestructiblePhysicalMaterial.uasset" 33
"../../../Engine/Content/EngineMaterials/DefaultDestructiblePhysicalMaterial.uexp" 34
"../../../Engine/Content/EngineSounds/Master.uasset" 35
"../../../Engine/Content/EngineSounds/Master.uexp" 36
"../../../Engine/Plugins/Animation/ControlRig/Content/Controls/DefaultGizmoLibraryNormalized.uasset" 37
"../../../Engine/Plugins/Animation/ControlRig/Content/Controls/DefaultGizmoLibraryNormalized.uexp" 38
"../../../Engine/Content/MobileResources/HUD/VirtualJoystick_Background.uasset" 39
"../../../Engine/Content/MobileResources/HUD/VirtualJoystick_Background.uexp" 40
"../../../Engine/Content/MobileResources/HUD/VirtualJoystick_Thumb.uasset" 41
"../../../Engine/Content/MobileResources/HUD/VirtualJoystick_Thumb.uexp" 42
"../../../Engine/Content/MobileResources/HUD/DefaultVirtualJoysticks.uasset" 43
"../../../Engine/Content/MobileResources/HUD/DefaultVirtualJoysticks.uexp" 44
"../../../Engine/Content/EngineMaterials/T_Default_Material_Grid_M.ubulk" 45
"../../../Engine/Content/EngineMaterials/T_Default_Material_Grid_M.uasset" 46
"../../../Engine/Content/EngineMaterials/T_Default_Material_Grid_M.uexp" 47
"../../../Engine/Content/EngineMaterials/T_Default_Material_Grid_N.ubulk" 48
"../../../Engine/Content/EngineMaterials/T_Default_Material_Grid_N.uasset" 49
"../../../Engine/Content/EngineMaterials/T_Default_Material_Grid_N.uexp" 50
"../../../Engine/Content/Functions/Engine_MaterialFunctions01/Opacity/CameraDepthFade.uasset" 51
"../../../Engine/Content/Functions/Engine_MaterialFunctions01/Opacity/CameraDepthFade.uexp" 52
"../../../Engine/Content/EngineMaterials/WorldGridMaterial.uasset" 53
"../../../Engine/Content/EngineMaterials/WorldGridMaterial.uexp" 54
"../../../Engine/Content/BasicShapes/Plane.ubulk" 55
"../../../Engine/Content/BasicShapes/Plane.uasset" 56
"../../../Engine/Content/BasicShapes/Plane.uexp" 57
"../../../Engine/Content/EngineMaterials/DefaultWhiteGrid_Low.uasset" 58
"../../../Engine/Content/EngineMaterials/DefaultWhiteGrid_Low.uexp" 59
"../../../Engine/Content/EngineMaterials/EmissiveMeshMaterial.uasset" 60
"../../../Engine/Content/EngineMaterials/EmissiveMeshMaterial.uexp" 61
"../../../Engine/Content/EditorMaterials/PhAT_NoCollisionMaterial.uasset" 62
"../../../Engine/Content/EditorMaterials/PhAT_NoCollisionMaterial.uexp" 63
"../../../Engine/Content/EngineResources/LandscapeVisibilityLayerInfo.uasset" 64
"../../../Engine/Content/EngineResources/LandscapeVisibilityLayerInfo.uexp" 65
"../../../Engine/Content/EditorMaterials/PhAT_UnselectedMaterial.uasset" 66
"../../../Engine/Content/EditorMaterials/PhAT_UnselectedMaterial.uexp" 67
"../../../Engine/Content/EngineMaterials/FastBlueNoise_scalar_128x128x64.uasset" 68
"../../../Engine/Content/EngineMaterials/FastBlueNoise_scalar_128x128x64.uexp" 69
"../../../Engine/Content/EngineMaterials/FastBlueNoise_scalar_128x128x8.uasset" 70
"../../../Engine/Content/EngineMaterials/FastBlueNoise_scalar_128x128x8.uexp" 71
"../../../Engine/Content/EditorMaterials/PreviewShadowIndicator.ubulk" 72
"../../../Engine/Content/EditorMaterials/PreviewShadowIndicator.uasset" 73
"../../../Engine/Content/EditorMaterials/PreviewShadowIndicator.uexp" 74
"../../../Engine/Content/EditorMaterials/PreviewShadowIndicatorMaterial.uasset" 75
"../../../Engine/Content/EditorMaterials/PreviewShadowIndicatorMaterial.uexp" 76
"../../../Engine/Plugins/Animation/ControlRig/Content/Controls/ControlRig_Arrow_3mm.ubulk" 77
"../../../Engine/Plugins/Animation/ControlRig/Content/Controls/ControlRig_Arrow_3mm.uasset" 78
"../../../Engine/Plugins/Animation/ControlRig/Content/Controls/ControlRig_Arrow_3mm.uexp" 79
"../../../Engine/Content/EngineMaterials/FastBlueNoise_vec2_128x128x64.uasset" 80
"../../../Engine/Content/EngineMaterials/FastBlueNoise_vec2_128x128x64.uexp" 81
"../../../Engine/Plugins/Animation/ControlRig/Content/Controls/ControlRig_Arrow_solid.ubulk" 82
"../../../Engine/Plugins/Animation/ControlRig/Content/Controls/ControlRig_Arrow_solid.uasset" 83
"../../../Engine/Plugins/Animation/ControlRig/Content/Controls/ControlRig_Arrow_solid.uexp" 84
"../../../Engine/Content/EngineMaterials/BaseFlattenDiffuseMap.uasset" 85
"../../../Engine/Content/EngineMaterials/BaseFlattenDiffuseMap.uexp" 86
"../../../Engine/Content/EngineMaterials/BaseFlattenEmissiveMap.uasset" 87
"../../../Engine/Content/EngineMaterials/BaseFlattenEmissiveMap.uexp" 88
"../../../Engine/Content/EngineMaterials/BaseFlattenGrayscaleMap.uasset" 89
"../../../Engine/Content/EngineMaterials/BaseFlattenGrayscaleMap.uexp" 90
"../../../Engine/Content/EngineMaterials/BaseFlattenLinearColor.uasset" 91
"../../../Engine/Content/EngineMaterials/BaseFlattenLinearColor.uexp" 92
"../../../Engine/Content/EngineMaterials/BaseFlattenNormalMap.uasset" 93
"../../../Engine/Content/EngineMaterials/BaseFlattenNormalMap.uexp" 94
"../../../Engine/Content/Functions/Engine_MaterialFunctions02/PivotPainter2/Black_1x1_EXR_Texture.uasset" 95
"../../../Engine/Content/Functions/Engine_MaterialFunctions02/PivotPainter2/Black_1x1_EXR_Texture.uexp" 96
"../../../Engine/Content/EngineMaterials/FlattenMaterial.uasset" 97
"../../../Engine/Content/EngineMaterials/FlattenMaterial.uexp" 98
"../../../Engine/Content/EngineMaterials/BaseFlattenDiffuseMap_VT.ubulk" 99
"../../../Engine/Content/EngineMaterials/BaseFlattenDiffuseMap_VT.uasset" 100
"../../../Engine/Content/EngineMaterials/BaseFlattenDiffuseMap_VT.uexp" 101
"../../../Engine/Content/EngineMaterials/BaseFlattenEmissiveMap_VT.ubulk" 102
"../../../Engine/Content/EngineMaterials/BaseFlattenEmissiveMap_VT.uasset" 103
"../../../Engine/Content/EngineMaterials/BaseFlattenEmissiveMap_VT.uexp" 104
"../../../Engine/Content/EngineMaterials/BaseFlattenGrayscaleMap_VT.ubulk" 105
"../../../Engine/Content/EngineMaterials/BaseFlattenGrayscaleMap_VT.uasset" 106
"../../../Engine/Content/EngineMaterials/BaseFlattenGrayscaleMap_VT.uexp" 107
"../../../Engine/Content/EngineMaterials/BaseFlattenLinearColor_VT.ubulk" 108
"../../../Engine/Content/EngineMaterials/BaseFlattenLinearColor_VT.uasset" 109
"../../../Engine/Content/EngineMaterials/BaseFlattenLinearColor_VT.uexp" 110
"../../../Engine/Content/EngineMaterials/BaseFlattenNormalMap_VT.ubulk" 111
"../../../Engine/Content/EngineMaterials/BaseFlattenNormalMap_VT.uasset" 112
"../../../Engine/Content/EngineMaterials/BaseFlattenNormalMap_VT.uexp" 113
"../../../Engine/Content/EngineMaterials/Black_1x1_EXR_Texture_VT.ubulk" 114
"../../../Engine/Content/EngineMaterials/Black_1x1_EXR_Texture_VT.uasset" 115
"../../../Engine/Content/EngineMaterials/Black_1x1_EXR_Texture_VT.uexp" 116
"../../../Engine/Content/EngineMaterials/FlattenMaterial_VT.uasset" 117
"../../../Engine/Content/EngineMaterials/FlattenMaterial_VT.uexp" 118
"../../../Engine/Content/EngineDamageTypes/DmgTypeBP_Environmental.uasset" 119
"../../../Engine/Content/EngineDamageTypes/DmgTypeBP_Environmental.uexp" 120
"../../../Engine/Plugins/Animation/ControlRig/Content/Controls/ControlRig_Box_1mm.ubulk" 121
"../../../Engine/Plugins/Animation/ControlRig/Content/Controls/ControlRig_Box_1mm.uasset" 122
"../../../Engine/Plugins/Animation/ControlRig/Content/Controls/ControlRig_Box_1mm.uexp" 123
"../../../Engine/Content/EngineMaterials/FlattenMaterial_WS_Normal_VT.uasset" 124
"../../../Engine/Content/EngineMaterials/FlattenMaterial_WS_Normal_VT.uexp" 125
"../../../Engine/Plugins/Animation/ControlRig/Content/Controls/ControlRig_Box_3mm.ubulk" 126
"../../../Engine/Plugins/Animation/ControlRig/Content/Controls/ControlRig_Box_3mm.uasset" 127
"../../../Engine/Plugins/Animation/ControlRig/Content/Controls/ControlRig_Box_3mm.uexp" 128
"../../../Engine/Content/EngineMaterials/GizmoMaterial.uasset" 129
"../../../Engine/Content/EngineMaterials/GizmoMaterial.uexp" 130
"../../../Engine/Content/EditorLandscapeResources/DefaultAlphaTexture.uasset" 131
"../../../Engine/Content/EditorLandscapeResources/DefaultAlphaTexture.uexp" 132
"../../../Engine/Content/EditorLandscapeResources/ColorMaskBrushMaterial.uasset" 133
"../../../Engine/Content/EditorLandscapeResources/ColorMaskBrushMaterial.uexp" 134
"../../../Engine/Content/EditorLandscapeResources/ColorMaskBrushMaterial_MaskedRegion.uasset" 135
"../../../Engine/Content/EditorLandscapeResources/ColorMaskBrushMaterial_MaskedRegion.uexp" 136
"../../../Engine/Plugins/Animation/ControlRig/Content/Controls/ControlRig_Box_solid.ubulk" 137
"../../../Engine/Plugins/Animation/ControlRig/Content/Controls/ControlRig_Box_solid.uasset" 138
"../../../Engine/Plugins/Animation/ControlRig/Content/Controls/ControlRig_Box_solid.uexp" 139
"../../../Engine/Plugins/Animation/ControlRig/Content/Controls/ControlRig_Circle_1mm.ubulk" 140
"../../../Engine/Plugins/Animation/ControlRig/Content/Controls/ControlRig_Circle_1mm.uasset" 141
"../../../Engine/Plugins/Animation/ControlRig/Content/Controls/ControlRig_Circle_1mm.uexp" 142
"../../../Engine/Plugins/Animation/ControlRig/Content/Controls/ControlRig_Circle_3mm.ubulk" 143
"../../../Engine/Plugins/Animation/ControlRig/Content/Controls/ControlRig_Circle_3mm.uasset" 144
"../../../Engine/Plugins/Animation/ControlRig/Content/Controls/ControlRig_Circle_3mm.uexp" 145
"../../../Engine/Content/EditorLandscapeResources/LandscapeDirtyMaterial.uasset" 146
"../../../Engine/Content/EditorLandscapeResources/LandscapeDirtyMaterial.uexp" 147
"../../../Engine/Plugins/Animation/ControlRig/Content/Controls/ControlRig_Circle_solid.ubulk" 148
"../../../Engine/Plugins/Animation/ControlRig/Content/Controls/ControlRig_Circle_solid.uasset" 149
"../../../Engine/Plugins/Animation/ControlRig/Content/Controls/ControlRig_Circle_solid.uexp" 150
"../../../Engine/Content/EngineMaterials/DefaultDiffuse.ubulk" 151
"../../../Engine/Content/EngineMaterials/DefaultDiffuse.uasset" 152
"../../../Engine/Content/EngineMaterials/DefaultDiffuse.uexp" 153
"../../../Engine/Content/Functions/Engine_MaterialFunctions01/Texturing/TextureCropping.uasset" 154
"../../../Engine/Content/Functions/Engine_MaterialFunctions01/Texturing/TextureCropping.uexp" 155
"../../../Engine/Content/Functions/Engine_MaterialFunctions02/ExampleContent/DebugNumberStrip.uasset" 156
"../../../Engine/Content/Functions/Engine_MaterialFunctions02/ExampleContent/DebugNumberStrip.uexp" 157
"../../../Engine/Content/Functions/Engine_MaterialFunctions01/Debug/DebugIntValues.uasset" 158
"../../../Engine/Content/Functions/Engine_MaterialFunctions01/Debug/DebugIntValues.uexp" 159
"../../../Engine/Content/Functions/Engine_MaterialFunctions02/Utility/BreakOutFloat2Components.uasset" 160
"../../../Engine/Content/Functions/Engine_MaterialFunctions02/Utility/BreakOutFloat2Components.uexp" 161
"../../../Engine/Content/Functions/Engine_MaterialFunctions01/Texturing/ScaleUVsByCenter.uasset" 162
"../../../Engine/Content/Functions/Engine_MaterialFunctions01/Texturing/ScaleUVsByCenter.uexp" 163
"../../../Engine/Content/Functions/Engine_MaterialFunctions02/WorldPositionOffset/LocalPosition.uasset" 164
"../../../Engine/Content/Functions/Engine_MaterialFunctions02/WorldPositionOffset/LocalPosition.uexp" 165
"../../../Engine/Content/EditorLandscapeResources/LandscapeLayerUsageMaterial.uasset" 166
"../../../Engine/Content/EditorLandscapeResources/LandscapeLayerUsageMaterial.uexp" 167
"../../../Engine/Plugins/Animation/ControlRig/Content/Controls/ControlRig_Diamond_1mm.ubulk" 168
"../../../Engine/Plugins/Animation/ControlRig/Content/Controls/ControlRig_Diamond_1mm.uasset" 169
"../../../Engine/Plugins/Animation/ControlRig/Content/Controls/ControlRig_Diamond_1mm.uexp" 170
"../../../Engine/Content/EngineDebugMaterials/DebugEditorMaterial.uasset" 171
"../../../Engine/Content/EngineDebugMaterials/DebugEditorMaterial.uexp" 172
"../../../Engine/Plugins/Animation/ControlRig/Content/Controls/ControlRig_Diamond_3mm.ubulk" 173
"../../../Engine/Plugins/Animation/ControlRig/Content/Controls/ControlRig_Diamond_3mm.uasset" 174
"../../../Engine/Plugins/Animation/ControlRig/Content/Controls/ControlRig_Diamond_3mm.uexp" 175
"../../../Engine/Content/EngineDebugMaterials/DebugMeshMaterial.uasset" 176
"../../../Engine/Content/EngineDebugMaterials/DebugMeshMaterial.uexp" 177
"../../../Engine/Content/EditorLandscapeResources/WhiteSquareTexture.uasset" 178
"../../../Engine/Content/EditorLandscapeResources/WhiteSquareTexture.uexp" 179
"../../../Engine/Content/EditorLandscapeResources/LayerVisMaterial.uasset" 180
"../../../Engine/Content/EditorLandscapeResources/LayerVisMaterial.uexp" 181
"../../../Engine/Content/Functions/Engine_MaterialFunctions02/Utility/MakeFloat3.uasset" 182
"../../../Engine/Content/Functions/Engine_MaterialFunctions02/Utility/MakeFloat3.uexp" 183
"../../../Engine/Content/Functions/Engine_MaterialFunctions03/Math/WithinRangeFloat2.uasset" 184
"../../../Engine/Content/Functions/Engine_MaterialFunctions03/Math/WithinRangeFloat2.uexp" 185
"../../../Engine/Content/EditorLandscapeResources/MaskBrushMaterial.uasset" 186
"../../../Engine/Content/EditorLandscapeResources/MaskBrushMaterial.uexp" 187
"../../../Engine/Content/EditorLandscapeResources/MaskBrushMaterial_MaskedRegion.uasset" 188
"../../../Engine/Content/EditorLandscapeResources/MaskBrushMaterial_MaskedRegion.uexp" 189
"../../../Engine/Plugins/Animation/ControlRig/Content/Controls/ControlRig_Diamond_solid.ubulk" 190
"../../../Engine/Plugins/Animation/ControlRig/Content/Controls/ControlRig_Diamond_solid.uasset" 191
"../../../Engine/Plugins/Animation/ControlRig/Content/Controls/ControlRig_Diamond_solid.uexp" 192
"../../../Engine/Content/EditorLandscapeResources/SelectBrushMaterial.uasset" 193
"../../../Engine/Content/EditorLandscapeResources/SelectBrushMaterial.uexp" 194
"../../../Engine/Content/EditorLandscapeResources/SelectBrushMaterial_Selected.uasset" 195
"../../../Engine/Content/EditorLandscapeResources/SelectBrushMaterial_Selected.uexp" 196
"../../../Engine/Plugins/Animation/ControlRig/Content/Controls/ControlRig_HalfCircle_1mm.ubulk" 197
"../../../Engine/Plugins/Animation/ControlRig/Content/Controls/ControlRig_HalfCircle_1mm.uasset" 198
"../../../Engine/Plugins/Animation/ControlRig/Content/Controls/ControlRig_HalfCircle_1mm.uexp" 199
"../../../Engine/Content/EditorLandscapeResources/SelectBrushMaterial_SelectedRegion.uasset" 200
"../../../Engine/Content/EditorLandscapeResources/SelectBrushMaterial_SelectedRegion.uexp" 201
"../../../Engine/Content/EditorLandscapeResources/SplineEditorMeshMat.uasset" 202
"../../../Engine/Content/EditorLandscapeResources/SplineEditorMeshMat.uexp" 203
"../../../Engine/Content/EditorLandscapeResources/SplineEditorMesh.ubulk" 204
"../../../Engine/Content/EditorLandscapeResources/SplineEditorMesh.uasset" 205
"../../../Engine/Content/EditorLandscapeResources/SplineEditorMesh.uexp" 206
"../../../Engine/Plugins/Animation/ControlRig/Content/Controls/ControlRig_HalfCircle_3mm.ubulk" 207
"../../../Engine/Plugins/Animation/ControlRig/Content/Controls/ControlRig_HalfCircle_3mm.uasset" 208
"../../../Engine/Plugins/Animation/ControlRig/Content/Controls/ControlRig_HalfCircle_3mm.uexp" 209
"../../../Engine/Plugins/Animation/ControlRig/Content/Controls/ControlRig_HalfCircle_solid.ubulk" 210
"../../../Engine/Plugins/Animation/ControlRig/Content/Controls/ControlRig_HalfCircle_solid.uasset" 211
"../../../Engine/Plugins/Animation/ControlRig/Content/Controls/ControlRig_HalfCircle_solid.uexp" 212
"../../../Engine/Content/EngineMaterials/MiniFont.uasset" 213
"../../../Engine/Content/EngineMaterials/MiniFont.uexp" 214
"../../../Engine/Content/EngineMaterials/InvalidLightmapSettings.ubulk" 215
"../../../Engine/Content/EngineMaterials/InvalidLightmapSettings.uasset" 216
"../../../Engine/Content/EngineMaterials/InvalidLightmapSettings.uexp" 217
"../../../Engine/Content/EngineMaterials/M_InvalidLightmapSettings.uasset" 218
"../../../Engine/Content/EngineMaterials/M_InvalidLightmapSettings.uexp" 219
"../../../Engine/Plugins/Animation/ControlRig/Content/Controls/ControlRig_Hexagon_1mm.ubulk" 220
"../../../Engine/Plugins/Animation/ControlRig/Content/Controls/ControlRig_Hexagon_1mm.uasset" 221
"../../../Engine/Plugins/Animation/ControlRig/Content/Controls/ControlRig_Hexagon_1mm.uexp" 222
"../../../Engine/Content/EngineMaterials/NaniteHiddenSectionMaterial.uasset" 223
"../../../Engine/Content/EngineMaterials/NaniteHiddenSectionMaterial.uexp" 224
"../../../Engine/Plugins/Interchange/Assets/Content/Functions/MX_AbsorptionVDF.uasset" 225
"../../../Engine/Plugins/Interchange/Assets/Content/Functions/MX_AbsorptionVDF.uexp" 226
"../../../Engine/Plugins/Animation/ControlRig/Content/Controls/ControlRig_Hexagon_3mm.ubulk" 227
"../../../Engine/Plugins/Animation/ControlRig/Content/Controls/ControlRig_Hexagon_3mm.uasset" 228
"../../../Engine/Plugins/Animation/ControlRig/Content/Controls/ControlRig_Hexagon_3mm.uexp" 229
"../../../Engine/Plugins/Animation/ControlRig/Content/Controls/ControlRig_Hexagon_solid.ubulk" 230
"../../../Engine/Plugins/Animation/ControlRig/Content/Controls/ControlRig_Hexagon_solid.uasset" 231
"../../../Engine/Plugins/Animation/ControlRig/Content/Controls/ControlRig_Hexagon_solid.uexp" 232
"../../../Engine/Plugins/Interchange/Assets/Content/Functions/MX_AnisotropicVDF.uasset" 233
"../../../Engine/Plugins/Interchange/Assets/Content/Functions/MX_AnisotropicVDF.uexp" 234
"../../../Engine/Plugins/Animation/ControlRig/Content/Controls/ControlRig_Octagon_1mm.ubulk" 235
"../../../Engine/Plugins/Animation/ControlRig/Content/Controls/ControlRig_Octagon_1mm.uasset" 236
"../../../Engine/Plugins/Animation/ControlRig/Content/Controls/ControlRig_Octagon_1mm.uexp" 237
"../../../Engine/Content/EngineDebugMaterials/M_SimpleUnlitTranslucent.uasset" 238
"../../../Engine/Content/EngineDebugMaterials/M_SimpleUnlitTranslucent.uexp" 239
"../../../Engine/Plugins/Animation/ControlRig/Content/Controls/ControlRig_Octagon_3mm.ubulk" 240
"../../../Engine/Plugins/Animation/ControlRig/Content/Controls/ControlRig_Octagon_3mm.uasset" 241
"../../../Engine/Plugins/Animation/ControlRig/Content/Controls/ControlRig_Octagon_3mm.uexp" 242
"../../../Engine/Content/Functions/Engine_MaterialFunctions02/WorldPositionOffset/CameraOffset.uasset" 243
"../../../Engine/Content/Functions/Engine_MaterialFunctions02/WorldPositionOffset/CameraOffset.uexp" 244
"../../../Engine/Content/EngineMaterials/PhAT_JointLimitMaterial.uasset" 245
"../../../Engine/Content/EngineMaterials/PhAT_JointLimitMaterial.uexp" 246
"../../../Engine/Content/Functions/Engine_MaterialFunctions02/Utility/CameraDirectionVector.uasset" 247
"../../../Engine/Content/Functions/Engine_MaterialFunctions02/Utility/CameraDirectionVector.uexp" 248
"../../../Engine/Content/EngineDebugMaterials/VolumeToRender.uasset" 249
"../../../Engine/Content/EngineDebugMaterials/VolumeToRender.uexp" 250
"../../../Engine/Content/EngineDebugMaterials/M_VolumeRenderSphereTracePP.uasset" 251
"../../../Engine/Content/EngineDebugMaterials/M_VolumeRenderSphereTracePP.uexp" 252
"../../../Engine/Plugins/Interchange/Assets/Content/Substrate/MX_SimpleVolume.uasset" 253
"../../../Engine/Plugins/Interchange/Assets/Content/Substrate/MX_SimpleVolume.uexp" 254
"../../../Engine/Plugins/Interchange/Assets/Content/Functions/MX_BurleyDiffuseBSDF.uasset" 255
"../../../Engine/Plugins/Interchange/Assets/Content/Functions/MX_BurleyDiffuseBSDF.uexp" 256
"../../../Engine/Plugins/Animation/ControlRig/Content/Controls/ControlRig_Octagon_solid.ubulk" 257
"../../../Engine/Plugins/Animation/ControlRig/Content/Controls/ControlRig_Octagon_solid.uasset" 258
"../../../Engine/Plugins/Animation/ControlRig/Content/Controls/ControlRig_Octagon_solid.uexp" 259
"../../../Engine/Content/EngineMaterials/DefaultCalibrationColor.uasset" 260
"../../../Engine/Content/EngineMaterials/DefaultCalibrationColor.uexp" 261
"../../../Engine/Content/EngineMaterials/PPM_DefaultCalibrationColor.uasset" 262
"../../../Engine/Content/EngineMaterials/PPM_DefaultCalibrationColor.uexp" 263
"../../../Engine/Plugins/Animation/ControlRig/Content/Controls/ControlRig_Pyramid_1mm.ubulk" 264
"../../../Engine/Plugins/Animation/ControlRig/Content/Controls/ControlRig_Pyramid_1mm.uasset" 265
"../../../Engine/Plugins/Animation/ControlRig/Content/Controls/ControlRig_Pyramid_1mm.uexp" 266
"../../../Engine/Plugins/Interchange/Assets/Content/Functions/MX_ChiangHairBSDF.uasset" 267
"../../../Engine/Plugins/Interchange/Assets/Content/Functions/MX_ChiangHairBSDF.uexp" 268
"../../../Engine/Content/EngineMaterials/DefaultCalibrationGrayscale.uasset" 269
"../../../Engine/Content/EngineMaterials/DefaultCalibrationGrayscale.uexp" 270
"../../../Engine/Content/EngineMaterials/PPM_DefaultCalibrationGrayscale.uasset" 271
"../../../Engine/Content/EngineMaterials/PPM_DefaultCalibrationGrayscale.uexp" 272
"../../../Engine/Plugins/Animation/ControlRig/Content/Controls/ControlRig_Pyramid_3mm.ubulk" 273
"../../../Engine/Plugins/Animation/ControlRig/Content/Controls/ControlRig_Pyramid_3mm.uasset" 274
"../../../Engine/Plugins/Animation/ControlRig/Content/Controls/ControlRig_Pyramid_3mm.uexp" 275
"../../../Engine/Content/EngineMaterials/PreintegratedSkinBRDF.uasset" 276
"../../../Engine/Content/EngineMaterials/PreintegratedSkinBRDF.uexp" 277
"../../../Engine/Plugins/Animation/ControlRig/Content/Controls/ControlRig_Pyramid_solid.ubulk" 278
"../../../Engine/Plugins/Animation/ControlRig/Content/Controls/ControlRig_Pyramid_solid.uasset" 279
"../../../Engine/Plugins/Animation/ControlRig/Content/Controls/ControlRig_Pyramid_solid.uexp" 280
"../../../Engine/Plugins/Interchange/Assets/Content/Functions/MX_ConductorBSDF.uasset" 281
"../../../Engine/Plugins/Interchange/Assets/Content/Functions/MX_ConductorBSDF.uexp" 282
"../../../Engine/Plugins/Interchange/Assets/Content/Functions/MX_ConicalEDF.uasset" 283
"../../../Engine/Plugins/Interchange/Assets/Content/Functions/MX_ConicalEDF.uexp" 284
"../../../Engine/Plugins/Animation/ControlRig/Content/Controls/ControlRig_QuarterCircle_1mm.ubulk" 285
"../../../Engine/Plugins/Animation/ControlRig/Content/Controls/ControlRig_QuarterCircle_1mm.uasset" 286
"../../../Engine/Plugins/Animation/ControlRig/Content/Controls/ControlRig_QuarterCircle_1mm.uexp" 287
"../../../Engine/Content/EditorMaterials/Dataflow/DataflowTwoSidedVertexMaterial.uasset" 288
"../../../Engine/Content/EditorMaterials/Dataflow/DataflowTwoSidedVertexMaterial.uexp" 289
"../../../Engine/Plugins/Animation/ControlRig/Content/Controls/ControlRig_QuarterCircle_3mm.ubulk" 290
"../../../Engine/Plugins/Animation/ControlRig/Content/Controls/ControlRig_QuarterCircle_3mm.uasset" 291
"../../../Engine/Plugins/Animation/ControlRig/Content/Controls/ControlRig_QuarterCircle_3mm.uexp" 292
"../../../Engine/Plugins/Interchange/Assets/Content/Functions/MX_DielectricBSDF.uasset" 293
"../../../Engine/Plugins/Interchange/Assets/Content/Functions/MX_DielectricBSDF.uexp" 294
"../../../Engine/Content/EditorMaterials/Dataflow/DataflowVertexMaterial.uasset" 295
"../../../Engine/Content/EditorMaterials/Dataflow/DataflowVertexMaterial.uexp" 296
"../../../Engine/Content/Functions/Engine_MaterialFunctions02/Utility/BlendAngleCorrectedNormals.uasset" 297
"../../../Engine/Content/Functions/Engine_MaterialFunctions02/Utility/BlendAngleCorrectedNormals.uexp" 298
"../../../Engine/Plugins/Interchange/Assets/Content/Functions/MX_Displacement.uasset" 299
"../../../Engine/Plugins/Interchange/Assets/Content/Functions/MX_Displacement.uexp" 300
"../../../Engine/Plugins/Animation/ControlRig/Content/Controls/ControlRig_QuarterCircle_solid.ubulk" 301
"../../../Engine/Plugins/Animation/ControlRig/Content/Controls/ControlRig_QuarterCircle_solid.uasset" 302
"../../../Engine/Plugins/Animation/ControlRig/Content/Controls/ControlRig_QuarterCircle_solid.uexp" 303
"../../../Engine/Plugins/Interchange/Assets/Content/Functions/MX_GeneralizedSchlickBSDF.uasset" 304
"../../../Engine/Plugins/Interchange/Assets/Content/Functions/MX_GeneralizedSchlickBSDF.uexp" 305
"../../../Engine/Content/EngineMaterials/RemoveSurfaceMaterial.uasset" 306
"../../../Engine/Content/EngineMaterials/RemoveSurfaceMaterial.uexp" 307
"../../../Engine/Plugins/Animation/ControlRig/Content/Controls/ControlRig_RoundedSquare_1mm.ubulk" 308
"../../../Engine/Plugins/Animation/ControlRig/Content/Controls/ControlRig_RoundedSquare_1mm.uasset" 309
"../../../Engine/Plugins/Animation/ControlRig/Content/Controls/ControlRig_RoundedSquare_1mm.uexp" 310
"../../../Engine/Content/EditorResources/BSPVertex.uasset" 311
"../../../Engine/Content/EditorResources/BSPVertex.uexp" 312
"../../../Engine/Plugins/Animation/ControlRig/Content/Controls/ControlRig_RoundedSquare_3mm.ubulk" 313
"../../../Engine/Plugins/Animation/ControlRig/Content/Controls/ControlRig_RoundedSquare_3mm.uasset" 314
"../../../Engine/Plugins/Animation/ControlRig/Content/Controls/ControlRig_RoundedSquare_3mm.uexp" 315
"../../../Engine/Content/EngineMaterials/SMAAAreaTex.uasset" 316
"../../../Engine/Content/EngineMaterials/SMAAAreaTex.uexp" 317
"../../../Engine/Plugins/Animation/ControlRig/Content/Controls/ControlRig_RoundedSquare_solid.ubulk" 318
"../../../Engine/Plugins/Animation/ControlRig/Content/Controls/ControlRig_RoundedSquare_solid.uasset" 319
"../../../Engine/Plugins/Animation/ControlRig/Content/Controls/ControlRig_RoundedSquare_solid.uexp" 320
"../../../Engine/Content/EngineMaterials/SMAASearchTex.uasset" 321
"../../../Engine/Content/EngineMaterials/SMAASearchTex.uexp" 322
"../../../Engine/Plugins/Interchange/Assets/Content/Functions/MX_MeasuredEDF.uasset" 323
"../../../Engine/Plugins/Interchange/Assets/Content/Functions/MX_MeasuredEDF.uexp" 324
"../../../Engine/Plugins/Animation/ControlRig/Content/Controls/ControlRig_RoundedTriangle_1mm.ubulk" 325
"../../../Engine/Plugins/Animation/ControlRig/Content/Controls/ControlRig_RoundedTriangle_1mm.uasset" 326
"../../../Engine/Plugins/Animation/ControlRig/Content/Controls/ControlRig_RoundedTriangle_1mm.uexp" 327
"../../../Engine/Plugins/Interchange/Assets/Content/Functions/MF_IridescenceNoLUT.uasset" 328
"../../../Engine/Plugins/Interchange/Assets/Content/Functions/MF_IridescenceNoLUT.uexp" 329
"../../../Engine/Plugins/Interchange/Assets/Content/Functions/MX_StandardSurface.uasset" 330
"../../../Engine/Plugins/Interchange/Assets/Content/Functions/MX_StandardSurface.uexp" 331
"../../../Engine/Plugins/Interchange/Assets/Content/Functions/MX_OpenPBR_Opaque.uasset" 332
"../../../Engine/Plugins/Interchange/Assets/Content/Functions/MX_OpenPBR_Opaque.uexp" 333
"../../../Engine/Plugins/Interchange/Assets/Content/Functions/MX_TransmissionSurface.uasset" 334
"../../../Engine/Plugins/Interchange/Assets/Content/Functions/MX_TransmissionSurface.uexp" 335
"../../../Engine/Plugins/Interchange/Assets/Content/Functions/MX_OpenPBR_Translucent.uasset" 336
"../../../Engine/Plugins/Interchange/Assets/Content/Functions/MX_OpenPBR_Translucent.uexp" 337
"../../../Engine/Plugins/Animation/ControlRig/Content/Controls/ControlRig_RoundedTriangle_3mm.ubulk" 338
"../../../Engine/Plugins/Animation/ControlRig/Content/Controls/ControlRig_RoundedTriangle_3mm.uasset" 339
"../../../Engine/Plugins/Animation/ControlRig/Content/Controls/ControlRig_RoundedTriangle_3mm.uexp" 340
"../../../Engine/Plugins/Interchange/Assets/Content/Functions/MX_OrenNayarBSDF.uasset" 341
"../../../Engine/Plugins/Interchange/Assets/Content/Functions/MX_OrenNayarBSDF.uexp" 342
"../../../Engine/Plugins/Animation/ControlRig/Content/Controls/ControlRig_RoundedTriangle_solid.ubulk" 343
"../../../Engine/Plugins/Animation/ControlRig/Content/Controls/ControlRig_RoundedTriangle_solid.uasset" 344
"../../../Engine/Plugins/Animation/ControlRig/Content/Controls/ControlRig_RoundedTriangle_solid.uexp" 345
"../../../Engine/Plugins/Animation/ControlRig/Content/Controls/ControlRig_Sphere_1mm.ubulk" 346
"../../../Engine/Plugins/Animation/ControlRig/Content/Controls/ControlRig_Sphere_1mm.uasset" 347
"../../../Engine/Plugins/Animation/ControlRig/Content/Controls/ControlRig_Sphere_1mm.uexp" 348
"../../../Engine/Content/EditorResources/SequenceRecorder/Countdown.uasset" 349
"../../../Engine/Content/EditorResources/SequenceRecorder/Countdown.uexp" 350
"../../../Engine/Plugins/Runtime/HairStrands/Content/Materials/HairCardsDefaultMaterial.uasset" 351
"../../../Engine/Plugins/Runtime/HairStrands/Content/Materials/HairCardsDefaultMaterial.uexp" 352
"../../../Engine/Content/EditorResources/SequenceRecorder/RecordingIndicator.uasset" 353
"../../../Engine/Content/EditorResources/SequenceRecorder/RecordingIndicator.uexp" 354
"../../../Engine/Plugins/Animation/ControlRig/Content/Controls/ControlRig_Sphere_3mm.ubulk" 355
"../../../Engine/Plugins/Animation/ControlRig/Content/Controls/ControlRig_Sphere_3mm.uasset" 356
"../../../Engine/Plugins/Animation/ControlRig/Content/Controls/ControlRig_Sphere_3mm.uexp" 357
"../../../Engine/Content/Functions/Engine_MaterialFunctions02/Utility/MakeFloat2.uasset" 358
"../../../Engine/Content/Functions/Engine_MaterialFunctions02/Utility/MakeFloat2.uexp" 359
"../../../Engine/Content/EngineMaterials/HairColorMap.uasset" 360
"../../../Engine/Content/EngineMaterials/HairColorMap.uexp" 361
"../../../Engine/Content/EngineMaterials/HairDebugColor.uasset" 362
"../../../Engine/Content/EngineMaterials/HairDebugColor.uexp" 363
"../../../Engine/Plugins/Runtime/HairStrands/Content/Materials/HairGroupColors.uasset" 364
"../../../Engine/Plugins/Runtime/HairStrands/Content/Materials/HairGroupColors.uexp" 365
"../../../Engine/Plugins/Runtime/HairStrands/Content/Materials/HairDebugMaterial.uasset" 366
"../../../Engine/Plugins/Runtime/HairStrands/Content/Materials/HairDebugMaterial.uexp" 367
"../../../Engine/Plugins/Animation/ControlRig/Content/Controls/ControlRig_Sphere_solid.ubulk" 368
"../../../Engine/Plugins/Animation/ControlRig/Content/Controls/ControlRig_Sphere_solid.uasset" 369
"../../../Engine/Plugins/Animation/ControlRig/Content/Controls/ControlRig_Sphere_solid.uexp" 370
"../../../Engine/Content/EditorResources/S_Actor.ubulk" 371
"../../../Engine/Content/EditorResources/S_Actor.uasset" 372
"../../../Engine/Content/EditorResources/S_Actor.uexp" 373
"../../../Engine/Plugins/Runtime/HairStrands/Content/Materials/HairDefaultMaterial.uasset" 374
"../../../Engine/Plugins/Runtime/HairStrands/Content/Materials/HairDefaultMaterial.uexp" 375
"../../../Engine/Plugins/Interchange/Assets/Content/Functions/MX_SheenBSDF.uasset" 376
"../../../Engine/Plugins/Interchange/Assets/Content/Functions/MX_SheenBSDF.uexp" 377
"../../../Engine/Plugins/Animation/ControlRig/Content/Controls/ControlRig_Square_1mm.ubulk" 378
"../../../Engine/Plugins/Animation/ControlRig/Content/Controls/ControlRig_Square_1mm.uasset" 379
"../../../Engine/Plugins/Animation/ControlRig/Content/Controls/ControlRig_Square_1mm.uexp" 380
"../../../Engine/Content/EditorResources/S_BoxReflectionCapture.uasset" 381
"../../../Engine/Content/EditorResources/S_BoxReflectionCapture.uexp" 382
"../../../Engine/Plugins/Animation/ControlRig/Content/Controls/ControlRig_Square_3mm.ubulk" 383
"../../../Engine/Plugins/Animation/ControlRig/Content/Controls/ControlRig_Square_3mm.uasset" 384
"../../../Engine/Plugins/Animation/ControlRig/Content/Controls/ControlRig_Square_3mm.uexp" 385
"../../../Engine/Plugins/Runtime/HairStrands/Content/Materials/HairMeshesDefaultMaterial.uasset" 386
"../../../Engine/Plugins/Runtime/HairStrands/Content/Materials/HairMeshesDefaultMaterial.uexp" 387
"../../../Engine/Plugins/2D/Paper2D/Content/DefaultSpriteMaterial.uasset" 388
"../../../Engine/Plugins/2D/Paper2D/Content/DefaultSpriteMaterial.uexp" 389
"../../../Engine/Plugins/2D/Paper2D/Content/MaskedUnlitSpriteMaterial.uasset" 390
"../../../Engine/Plugins/2D/Paper2D/Content/MaskedUnlitSpriteMaterial.uexp" 391
"../../../Engine/Plugins/Interchange/Assets/Content/Functions/MX_SubsurfaceBSDF.uasset" 392
"../../../Engine/Plugins/Interchange/Assets/Content/Functions/MX_SubsurfaceBSDF.uexp" 393
"../../../Engine/Plugins/2D/Paper2D/Content/OpaqueUnlitSpriteMaterial.uasset" 394
"../../../Engine/Plugins/2D/Paper2D/Content/OpaqueUnlitSpriteMaterial.uexp" 395
"../../../Engine/Plugins/Interchange/Assets/Content/Functions/MX_Surface.uasset" 396
"../../../Engine/Plugins/Interchange/Assets/Content/Functions/MX_Surface.uexp" 397
"../../../Engine/Plugins/Animation/ControlRig/Content/M_Manip.uasset" 398
"../../../Engine/Plugins/Animation/ControlRig/Content/M_Manip.uexp" 399
"../../../Engine/Plugins/Animation/ControlRig/Content/Controls/ControlRig_Square_solid.ubulk" 400
"../../../Engine/Plugins/Animation/ControlRig/Content/Controls/ControlRig_Square_solid.uasset" 401
"../../../Engine/Plugins/Animation/ControlRig/Content/Controls/ControlRig_Square_solid.uexp" 402
"../../../Engine/Plugins/Interchange/Assets/Content/Functions/MX_SurfaceUnlit.uasset" 403
"../../../Engine/Plugins/Interchange/Assets/Content/Functions/MX_SurfaceUnlit.uexp" 404
"../../../Engine/Content/Functions/Engine_MaterialFunctions02/Utility/VectorLength.uasset" 405
"../../../Engine/Content/Functions/Engine_MaterialFunctions02/Utility/VectorLength.uexp" 406
"../../../Engine/Plugins/Experimental/MeshModelingToolsetExp/Content/Materials/GetDisplacementVectorForDepthBias.uasset" 407
"../../../Engine/Plugins/Experimental/MeshModelingToolsetExp/Content/Materials/GetDisplacementVectorForDepthBias.uexp" 408
"../../../Engine/Content/Functions/Engine_MaterialFunctions03/Viewport/MF_OrthoWidth.uasset" 409
"../../../Engine/Content/Functions/Engine_MaterialFunctions03/Viewport/MF_OrthoWidth.uexp" 410
"../../../Engine/Content/Functions/Engine_MaterialFunctions02/Utility/FOV.uasset" 411
"../../../Engine/Content/Functions/Engine_MaterialFunctions02/Utility/FOV.uexp" 412
"../../../Engine/Content/Functions/Engine_MaterialFunctions02/WorldPositionOffset/V2/ObjectScale.uasset" 413
"../../../Engine/Content/Functions/Engine_MaterialFunctions02/WorldPositionOffset/V2/ObjectScale.uexp" 414
"../../../Engine/Plugins/Experimental/MeshModelingToolsetExp/Content/Materials/PointSetOverlaidComponentMaterial.uasset" 415
"../../../Engine/Plugins/Experimental/MeshModelingToolsetExp/Content/Materials/PointSetOverlaidComponentMaterial.uexp" 416
"../../../Engine/Plugins/Animation/ControlRig/Content/Controls/ControlRig_Star4_1mm.ubulk" 417
"../../../Engine/Plugins/Animation/ControlRig/Content/Controls/ControlRig_Star4_1mm.uasset" 418
"../../../Engine/Plugins/Animation/ControlRig/Content/Controls/ControlRig_Star4_1mm.uexp" 419
"../../../Engine/Content/EngineMaterials/WeightMapPlaceholderTexture.uasset" 420
"../../../Engine/Content/EngineMaterials/WeightMapPlaceholderTexture.uexp" 421
"../../../Engine/Content/EngineMaterials/WeightMapArrayPlaceholderTexture.uasset" 422
"../../../Engine/Content/EngineMaterials/WeightMapArrayPlaceholderTexture.uexp" 423
"../../../Engine/Content/EditorMaterials/ParticleSystems/PSysThumbnail_NoImage.ubulk" 424
"../../../Engine/Content/EditorMaterials/ParticleSystems/PSysThumbnail_NoImage.uasset" 425
"../../../Engine/Content/EditorMaterials/ParticleSystems/PSysThumbnail_NoImage.uexp" 426
"../../../Engine/Content/EditorMaterials/ParticleSystems/PSysThumbnail_OOD.ubulk" 427
"../../../Engine/Content/EditorMaterials/ParticleSystems/PSysThumbnail_OOD.uasset" 428
"../../../Engine/Content/EditorMaterials/ParticleSystems/PSysThumbnail_OOD.uexp" 429
"../../../Engine/Plugins/Animation/ControlRig/Content/Controls/ControlRig_Star4_3mm.ubulk" 430
"../../../Engine/Plugins/Animation/ControlRig/Content/Controls/ControlRig_Star4_3mm.uasset" 431
"../../../Engine/Plugins/Animation/ControlRig/Content/Controls/ControlRig_Star4_3mm.uexp" 432
"../../../Engine/Plugins/Interchange/Assets/Content/Functions/MX_TranslucentBSDF.uasset" 433
"../../../Engine/Plugins/Interchange/Assets/Content/Functions/MX_TranslucentBSDF.uexp" 434
"../../../Engine/Content/EngineResources/WhiteSquareTexture.uasset" 435
"../../../Engine/Content/EngineResources/WhiteSquareTexture.uexp" 436
"../../../Engine/Content/EngineMaterials/Widget3DPassThrough.uasset" 437
"../../../Engine/Content/EngineMaterials/Widget3DPassThrough.uexp" 438
"../../../Engine/Content/EngineMaterials/Widget3DPassThrough_Masked.uasset" 439
"../../../Engine/Content/EngineMaterials/Widget3DPassThrough_Masked.uexp" 440
"../../../Engine/Plugins/Animation/ControlRig/Content/Controls/ControlRig_Star4_solid.ubulk" 441
"../../../Engine/Plugins/Animation/ControlRig/Content/Controls/ControlRig_Star4_solid.uasset" 442
"../../../Engine/Plugins/Animation/ControlRig/Content/Controls/ControlRig_Star4_solid.uexp" 443
"../../../Engine/Content/EngineMaterials/Widget3DPassThrough_Opaque.uasset" 444
"../../../Engine/Content/EngineMaterials/Widget3DPassThrough_Opaque.uexp" 445
"../../../Engine/Content/EngineMaterials/Widget3DPassThrough_Masked_OneSided.uasset" 446
"../../../Engine/Content/EngineMaterials/Widget3DPassThrough_Masked_OneSided.uexp" 447
"../../../Engine/Content/EngineMaterials/Widget3DPassThrough_Opaque_OneSided.uasset" 448
"../../../Engine/Content/EngineMaterials/Widget3DPassThrough_Opaque_OneSided.uexp" 449
"../../../Engine/Plugins/Animation/ControlRig/Content/Controls/ControlRig_Triangle_1mm.ubulk" 450
"../../../Engine/Plugins/Animation/ControlRig/Content/Controls/ControlRig_Triangle_1mm.uasset" 451
"../../../Engine/Plugins/Animation/ControlRig/Content/Controls/ControlRig_Triangle_1mm.uexp" 452
"../../../Engine/Plugins/Interchange/Assets/Content/Functions/MX_UniformEDF.uasset" 453
"../../../Engine/Plugins/Interchange/Assets/Content/Functions/MX_UniformEDF.uexp" 454
"../../../Engine/Plugins/Interchange/Assets/Content/Functions/MX_UsdPreviewSurface.uasset" 455
"../../../Engine/Plugins/Interchange/Assets/Content/Functions/MX_UsdPreviewSurface.uexp" 456
"../../../Engine/Plugins/Animation/ControlRig/Content/Controls/ControlRig_Triangle_3mm.ubulk" 457
"../../../Engine/Plugins/Animation/ControlRig/Content/Controls/ControlRig_Triangle_3mm.uasset" 458
"../../../Engine/Plugins/Animation/ControlRig/Content/Controls/ControlRig_Triangle_3mm.uexp" 459
"../../../Engine/Content/EngineMaterials/Widget3DPassThrough_Translucent.uasset" 460
"../../../Engine/Content/EngineMaterials/Widget3DPassThrough_Translucent.uexp" 461
"../../../Engine/Content/EngineMaterials/Widget3DPassThrough_Translucent_OneSided.uasset" 462
"../../../Engine/Content/EngineMaterials/Widget3DPassThrough_Translucent_OneSided.uexp" 463
"../../../Engine/Plugins/Animation/ControlRig/Content/Controls/ControlRig_Triangle_solid.ubulk" 464
"../../../Engine/Plugins/Animation/ControlRig/Content/Controls/ControlRig_Triangle_solid.uasset" 465
"../../../Engine/Plugins/Animation/ControlRig/Content/Controls/ControlRig_Triangle_solid.uexp" 466
"../../../Engine/Content/EditorMaterials/Camera/CineMat.uasset" 467
"../../../Engine/Content/EditorMaterials/Camera/CineMat.uexp" 468
"../../../Engine/Content/EditorMaterials/Camera/MI_CineMat_Rig.uasset" 469
"../../../Engine/Content/EditorMaterials/Camera/MI_CineMat_Rig.uexp" 470
"../../../Engine/Content/EditorMeshes/Camera/SM_CraneRig_Arm.ubulk" 471
"../../../Engine/Content/EditorMeshes/Camera/SM_CraneRig_Arm.uasset" 472
"../../../Engine/Content/EditorMeshes/Camera/SM_CraneRig_Arm.uexp" 473
"../../../Engine/Content/EditorMeshes/Camera/SM_CraneRig_Base.ubulk" 474
"../../../Engine/Content/EditorMeshes/Camera/SM_CraneRig_Base.uasset" 475
"../../../Engine/Content/EditorMeshes/Camera/SM_CraneRig_Base.uexp" 476
"../../../Engine/Plugins/Animation/ControlRig/Content/Controls/ControlRig_Wedge_1mm.ubulk" 477
"../../../Engine/Plugins/Animation/ControlRig/Content/Controls/ControlRig_Wedge_1mm.uasset" 478
"../../../Engine/Plugins/Animation/ControlRig/Content/Controls/ControlRig_Wedge_1mm.uexp" 479
"../../../Engine/Content/EditorMeshes/Camera/SM_CraneRig_Body.ubulk" 480
"../../../Engine/Content/EditorMeshes/Camera/SM_CraneRig_Body.uasset" 481
"../../../Engine/Content/EditorMeshes/Camera/SM_CraneRig_Body.uexp" 482
"../../../Engine/Content/EditorMeshes/Camera/SM_CraneRig_Mount.ubulk" 483
"../../../Engine/Content/EditorMeshes/Camera/SM_CraneRig_Mount.uasset" 484
"../../../Engine/Content/EditorMeshes/Camera/SM_CraneRig_Mount.uexp" 485
"../../../Engine/Plugins/Animation/ControlRig/Content/Controls/ControlRig_Wedge_3mm.ubulk" 486
"../../../Engine/Plugins/Animation/ControlRig/Content/Controls/ControlRig_Wedge_3mm.uasset" 487
"../../../Engine/Plugins/Animation/ControlRig/Content/Controls/ControlRig_Wedge_3mm.uexp" 488
"../../../Engine/Content/EditorMeshes/Camera/SM_RailRig_Mount.ubulk" 489
"../../../Engine/Content/EditorMeshes/Camera/SM_RailRig_Mount.uasset" 490
"../../../Engine/Content/EditorMeshes/Camera/SM_RailRig_Mount.uexp" 491
"../../../Engine/Plugins/Animation/ControlRig/Content/Controls/ControlRig_Wedge_solid.ubulk" 492
"../../../Engine/Plugins/Animation/ControlRig/Content/Controls/ControlRig_Wedge_solid.uasset" 493
"../../../Engine/Plugins/Animation/ControlRig/Content/Controls/ControlRig_Wedge_solid.uexp" 494
"../../../Engine/Content/EditorMeshes/Camera/SM_RailRig_Track.ubulk" 495
"../../../Engine/Content/EditorMeshes/Camera/SM_RailRig_Track.uasset" 496
"../../../Engine/Content/EditorMeshes/Camera/SM_RailRig_Track.uexp" 497
"../../../Engine/Content/EngineMaterials/EnergyConservation/Diffuse_Energy.uasset" 498
"../../../Engine/Content/EngineMaterials/EnergyConservation/Diffuse_Energy.uexp" 499
"../../../Engine/Content/EngineMaterials/EnergyConservation/GGX_ReflectionEnergy.uasset" 500
"../../../Engine/Content/EngineMaterials/EnergyConservation/GGX_ReflectionEnergy.uexp" 501
"../../../Engine/Content/EngineMaterials/EnergyConservation/GGX_TransmissionEnergyArray.uasset" 502
"../../../Engine/Content/EngineMaterials/EnergyConservation/GGX_TransmissionEnergyArray.uexp" 503
"../../../Engine/Content/EditorResources/S_Solver.ubulk" 504
"../../../Engine/Content/EditorResources/S_Solver.uasset" 505
"../../../Engine/Content/EditorResources/S_Solver.uexp" 506
"../../../Engine/Content/EngineMaterials/EnergyConservation/SheenLegacy_Energy.uasset" 507
"../../../Engine/Content/EngineMaterials/EnergyConservation/SheenLegacy_Energy.uexp" 508
"../../../Engine/Content/EngineMaterials/EnergyConservation/Sheen_Energy.uasset" 509
"../../../Engine/Content/EngineMaterials/EnergyConservation/Sheen_Energy.uexp" 510
"../../../Engine/Content/EditorResources/S_Terrain.ubulk" 511
"../../../Engine/Content/EditorResources/S_Terrain.uasset" 512
"../../../Engine/Content/EditorResources/S_Terrain.uexp" 513
"../../../Engine/Content/EngineMaterials/LTC/GGX_LTCAmp.uasset" 514
"../../../Engine/Content/EngineMaterials/LTC/GGX_LTCAmp.uexp" 515
"../../../Engine/Plugins/Runtime/AudioWidgets/Content/Resources/ScrubHandleDown_Clamped.uasset" 516
"../../../Engine/Plugins/Runtime/AudioWidgets/Content/Resources/ScrubHandleDown_Clamped.uexp" 517
"../../../Engine/Content/EngineMaterials/LTC/GGX_LTCMat.uasset" 518
"../../../Engine/Content/EngineMaterials/LTC/GGX_LTCMat.uexp" 519
"../../../Engine/Plugins/Media/MediaPlate/Content/SM_MediaPlateScreen.ubulk" 520
"../../../Engine/Plugins/Media/MediaPlate/Content/SM_MediaPlateScreen.uasset" 521
"../../../Engine/Plugins/Media/MediaPlate/Content/SM_MediaPlateScreen.uexp" 522
"../../../Engine/Content/EngineMaterials/LTC/Sheen_LTC.uasset" 523
"../../../Engine/Content/EngineMaterials/LTC/Sheen_LTC.uexp" 524
"../../../Engine/Content/EngineMeshes/Sphere.ubulk" 525
"../../../Engine/Content/EngineMeshes/Sphere.uasset" 526
"../../../Engine/Content/EngineMeshes/Sphere.uexp" 527
"../../../Engine/Content/EditorResources/S_Trigger.ubulk" 528
"../../../Engine/Content/EditorResources/S_Trigger.uasset" 529
"../../../Engine/Content/EditorResources/S_Trigger.uexp" 530
"../../../Engine/Plugins/NNE/NNEDenoiser/Content/NNEDIM_ColorAlbedoNormal_Alpha.uasset" 531
"../../../Engine/Plugins/NNE/NNEDenoiser/Content/NNEDIM_ColorAlbedoNormal_Alpha.uexp" 532
"../../../Engine/Plugins/NNE/NNEDenoiser/Content/NNEDIM_ColorAlbedoNormal_Default.uasset" 533
"../../../Engine/Plugins/NNE/NNEDenoiser/Content/NNEDIM_ColorAlbedoNormal_Default.uexp" 534
"../../../Engine/Plugins/NNE/NNEDenoiser/Content/NNEDIM_HighQuality_Alpha.uasset" 535
"../../../Engine/Plugins/NNE/NNEDenoiser/Content/NNEDIM_HighQuality_Alpha.uexp" 536
"../../../Engine/Plugins/NNE/NNEDenoiser/Content/NNEDIM_HighQuality_Default.uasset" 537
"../../../Engine/Plugins/NNE/NNEDenoiser/Content/NNEDIM_HighQuality_Default.uexp" 538
"../../../Engine/Plugins/NNE/NNEDenoiser/Content/NNEDOM_Output_Alpha.uasset" 539
"../../../Engine/Plugins/NNE/NNEDenoiser/Content/NNEDOM_Output_Alpha.uexp" 540
"../../../Engine/Content/EditorResources/S_TriggerBox.uasset" 541
"../../../Engine/Content/EditorResources/S_TriggerBox.uexp" 542
"../../../Engine/Plugins/NNE/NNEDenoiser/Content/NNEDOM_Output_Default.uasset" 543
"../../../Engine/Plugins/NNE/NNEDenoiser/Content/NNEDOM_Output_Default.uexp" 544
"../../../Engine/Plugins/NNE/NNEDenoiser/Content/NNEDTIM_ColorAlbedoNormal_Alpha.uasset" 545
"../../../Engine/Plugins/NNE/NNEDenoiser/Content/NNEDTIM_ColorAlbedoNormal_Alpha.uexp" 546
"../../../Engine/Content/EngineMaterials/DefaultBloomKernel.uasset" 547
"../../../Engine/Content/EngineMaterials/DefaultBloomKernel.uexp" 548
"../../../Engine/Plugins/NNE/NNEDenoiser/Content/NNEDTIM_ColorAlbedoNormal_Default.uasset" 549
"../../../Engine/Plugins/NNE/NNEDenoiser/Content/NNEDTIM_ColorAlbedoNormal_Default.uexp" 550
"../../../Engine/Plugins/NNE/NNEDenoiser/Content/NNEDTOM_Output_Alpha.uasset" 551
"../../../Engine/Plugins/NNE/NNEDenoiser/Content/NNEDTOM_Output_Alpha.uexp" 552
"../../../Engine/Plugins/NNE/NNEDenoiser/Content/NNEDTOM_Output_Default.uasset" 553
"../../../Engine/Plugins/NNE/NNEDenoiser/Content/NNEDTOM_Output_Default.uexp" 554
"../../../Engine/Content/EditorResources/S_TriggerCapsule.uasset" 555
"../../../Engine/Content/EditorResources/S_TriggerCapsule.uexp" 556
"../../../Engine/Plugins/NNE/NNEDenoiser/Content/NNEDT_Oidn2-3_Balanced.uasset" 557
"../../../Engine/Plugins/NNE/NNEDenoiser/Content/NNEDT_Oidn2-3_Balanced.uexp" 558
"../../../Engine/Plugins/NNE/NNEDenoiser/Content/NNEDT_Oidn2-3_Balanced_Alpha.uasset" 559
"../../../Engine/Plugins/NNE/NNEDenoiser/Content/NNEDT_Oidn2-3_Balanced_Alpha.uexp" 560
"../../../Engine/Plugins/NNE/NNEDenoiser/Content/NNED_Oidn2-3_Balanced.uasset" 561
"../../../Engine/Plugins/NNE/NNEDenoiser/Content/NNED_Oidn2-3_Balanced.uexp" 562
"../../../Engine/Content/EngineMaterials/DefaultBokeh.uasset" 563
"../../../Engine/Content/EngineMaterials/DefaultBokeh.uexp" 564
"../../../Engine/Plugins/NNE/NNEDenoiser/Content/NNED_Oidn2-3_Balanced_Alpha.uasset" 565
"../../../Engine/Plugins/NNE/NNEDenoiser/Content/NNED_Oidn2-3_Balanced_Alpha.uexp" 566
"../../../Engine/Plugins/NNE/NNEDenoiser/Content/NNED_Oidn2-3_Fast.uasset" 567
"../../../Engine/Plugins/NNE/NNEDenoiser/Content/NNED_Oidn2-3_Fast.uexp" 568
"../../../Engine/Plugins/NNE/NNEDenoiser/Content/NNED_Oidn2-3_Fast_Alpha.uasset" 569
"../../../Engine/Plugins/NNE/NNEDenoiser/Content/NNED_Oidn2-3_Fast_Alpha.uexp" 570
"../../../Engine/Content/EditorResources/S_TriggerSphere.uasset" 571
"../../../Engine/Content/EditorResources/S_TriggerSphere.uexp" 572
"../../../Engine/Content/Functions/Engine_MaterialFunctions02/SplitComponents.uasset" 573
"../../../Engine/Content/Functions/Engine_MaterialFunctions02/SplitComponents.uexp" 574
"../../../Engine/Content/Functions/Engine_MaterialFunctions02/Utility/BreakOutFloat3Components.uasset" 575
"../../../Engine/Content/Functions/Engine_MaterialFunctions02/Utility/BreakOutFloat3Components.uexp" 576
"../../../Engine/Content/Functions/Engine_MaterialFunctions02/Math/Transform3x3Matrix.uasset" 577
"../../../Engine/Content/Functions/Engine_MaterialFunctions02/Math/Transform3x3Matrix.uexp" 578
"../../../Engine/Content/VREditor/SnapGrid/SnapGridMaterial.uasset" 579
"../../../Engine/Content/VREditor/SnapGrid/SnapGridMaterial.uexp" 580
"../../../Engine/Content/VREditor/SnapGrid/SnapGridPlaneMesh.ubulk" 581
"../../../Engine/Content/VREditor/SnapGrid/SnapGridPlaneMesh.uasset" 582
"../../../Engine/Content/VREditor/SnapGrid/SnapGridPlaneMesh.uexp" 583
"../../../Engine/Content/VREditor/LaserPointer/VR_LaserPower_01.ubulk" 584
"../../../Engine/Content/VREditor/LaserPointer/VR_LaserPower_01.uasset" 585
"../../../Engine/Content/VREditor/LaserPointer/VR_LaserPower_01.uexp" 586
"../../../Engine/Content/VREditor/TransformGizmo/TransformGizmoMaterial.uasset" 587
"../../../Engine/Content/VREditor/TransformGizmo/TransformGizmoMaterial.uexp" 588
"../../../Engine/Content/VREditor/TransformGizmo/TranslucentTransformGizmoMaterial.uasset" 589
"../../../Engine/Content/VREditor/TransformGizmo/TranslucentTransformGizmoMaterial.uexp" 590
"../../../Engine/Content/VREditor/TransformGizmo/PlaneTranslationHandle.ubulk" 591
"../../../Engine/Content/VREditor/TransformGizmo/PlaneTranslationHandle.uasset" 592
"../../../Engine/Content/VREditor/TransformGizmo/PlaneTranslationHandle.uexp" 593
"../../../Engine/Content/VREditor/TransformGizmo/RotationHandleFull.ubulk" 594
"../../../Engine/Content/VREditor/TransformGizmo/RotationHandleFull.uasset" 595
"../../../Engine/Content/VREditor/TransformGizmo/RotationHandleFull.uexp" 596
"../../../Engine/Content/VREditor/TransformGizmo/RotationHandleIndicator.ubulk" 597
"../../../Engine/Content/VREditor/TransformGizmo/RotationHandleIndicator.uasset" 598
"../../../Engine/Content/VREditor/TransformGizmo/RotationHandleIndicator.uexp" 599
"../../../Engine/Content/VREditor/TransformGizmo/RotationHandleQuarter.ubulk" 600
"../../../Engine/Content/VREditor/TransformGizmo/RotationHandleQuarter.uasset" 601
"../../../Engine/Content/VREditor/TransformGizmo/RotationHandleQuarter.uexp" 602
"../../../Engine/Content/VREditor/TransformGizmo/StartRotationHandleIndicator.ubulk" 603
"../../../Engine/Content/VREditor/TransformGizmo/StartRotationHandleIndicator.uasset" 604
"../../../Engine/Content/VREditor/TransformGizmo/StartRotationHandleIndicator.uexp" 605
"../../../Engine/Content/VREditor/TransformGizmo/TranslucentTransformGizmoMaterial_Inst.uasset" 606
"../../../Engine/Content/VREditor/TransformGizmo/TranslucentTransformGizmoMaterial_Inst.uexp" 607
"../../../Engine/Content/VREditor/TransformGizmo/TransformGizmoFreeRotation.ubulk" 608
"../../../Engine/Content/VREditor/TransformGizmo/TransformGizmoFreeRotation.uasset" 609
"../../../Engine/Content/VREditor/TransformGizmo/TransformGizmoFreeRotation.uexp" 610
"../../../Engine/Content/VREditor/TransformGizmo/TransformGizmoMaterial_Inst.uasset" 611
"../../../Engine/Content/VREditor/TransformGizmo/TransformGizmoMaterial_Inst.uexp" 612
"../../../Engine/Content/VREditor/TransformGizmo/TranslateArrowHandle.ubulk" 613
"../../../Engine/Content/VREditor/TransformGizmo/TranslateArrowHandle.uasset" 614
"../../../Engine/Content/VREditor/TransformGizmo/TranslateArrowHandle.uexp" 615
"../../../Engine/Content/VREditor/TransformGizmo/UniformScaleHandle.ubulk" 616
"../../../Engine/Content/VREditor/TransformGizmo/UniformScaleHandle.uasset" 617
"../../../Engine/Content/VREditor/TransformGizmo/UniformScaleHandle.uexp" 618
"../../../Engine/Content/VREditor/Sounds/UI/Drop_Item_From_ContentBrowser.ubulk" 619
"../../../Engine/Content/VREditor/Sounds/UI/Drop_Item_From_ContentBrowser.uasset" 620
"../../../Engine/Content/VREditor/Sounds/UI/Drop_Item_From_ContentBrowser.uexp" 621
"../../../Engine/Content/VREditor/Sounds/UI/Gizmo_Handle_Clicked.ubulk" 622
"../../../Engine/Content/VREditor/Sounds/UI/Gizmo_Handle_Clicked.uasset" 623
"../../../Engine/Content/VREditor/Sounds/UI/Gizmo_Handle_Clicked.uexp" 624
"../../../Engine/Content/VREditor/Sounds/UI/Object_PickUp.ubulk" 625
"../../../Engine/Content/VREditor/Sounds/UI/Object_PickUp.uasset" 626
"../../../Engine/Content/VREditor/Sounds/UI/Object_PickUp.uexp" 627
"../../../Engine/Content/VREditor/Sounds/UI/Object_Snaps_To_Another_Actor.ubulk" 628
"../../../Engine/Content/VREditor/Sounds/UI/Object_Snaps_To_Another_Actor.uasset" 629
"../../../Engine/Content/VREditor/Sounds/UI/Object_Snaps_To_Another_Actor.uexp" 630
"../../../Engine/Content/VREditor/Sounds/UI/Object_Snaps_To_Grid.ubulk" 631
"../../../Engine/Content/VREditor/Sounds/UI/Object_Snaps_To_Grid.uasset" 632
"../../../Engine/Content/VREditor/Sounds/UI/Object_Snaps_To_Grid.uexp" 633
"../../../Engine/Content/VREditor/Sounds/UI/Scaling_Down.ubulk" 634
"../../../Engine/Content/VREditor/Sounds/UI/Scaling_Down.uasset" 635
"../../../Engine/Content/VREditor/Sounds/UI/Scaling_Down.uexp" 636
"../../../Engine/Content/VREditor/Sounds/UI/Scaling_Up.ubulk" 637
"../../../Engine/Content/VREditor/Sounds/UI/Scaling_Up.uasset" 638
"../../../Engine/Content/VREditor/Sounds/UI/Scaling_Up.uexp" 639
"../../../Engine/Content/VREditor/Sounds/UI/Selection_Changes.ubulk" 640
"../../../Engine/Content/VREditor/Sounds/UI/Selection_Changes.uasset" 641
"../../../Engine/Content/VREditor/Sounds/UI/Selection_Changes.uexp" 642
"../../../Engine/Plugins/NNE/NNEDenoiser/Content/NNED_Oidn2-3_HighQuality.uasset" 643
"../../../Engine/Plugins/NNE/NNEDenoiser/Content/NNED_Oidn2-3_HighQuality.uexp" 644
"../../../Engine/Content/EngineResources/Development/ZenLogo_64.uasset" 645
"../../../Engine/Content/EngineResources/Development/ZenLogo_64.uexp" 646
"../../../Engine/Plugins/NNE/NNEDenoiser/Content/NNED_Oidn2-3_HighQuality_Alpha.uasset" 647
"../../../Engine/Plugins/NNE/NNEDenoiser/Content/NNED_Oidn2-3_HighQuality_Alpha.uexp" 648
"../../../Engine/Plugins/NNE/NNEDenoiser/Content/NNE_oidn2-3-0_rt_hdr_alb_nrm_small__dyn__fp16_opset11_DenoiseAlpha.uasset" 649
"../../../Engine/Plugins/NNE/NNEDenoiser/Content/NNE_oidn2-3-0_rt_hdr_alb_nrm_small__dyn__fp16_opset11_DenoiseAlpha.uexp" 650
"../../../Engine/Plugins/NNE/NNEDenoiser/Content/NNE_oidn2-3-0_rt_hdr_alb_nrm_small__dyn__fp16_opset11_ForwardAlpha.uasset" 651
"../../../Engine/Plugins/NNE/NNEDenoiser/Content/NNE_oidn2-3-0_rt_hdr_alb_nrm_small__dyn__fp16_opset11_ForwardAlpha.uexp" 652
"../../../Engine/Plugins/NNE/NNEDenoiser/Content/NNE_oidn2-3-0_rt_hdr_alb_nrm__dyn__fp16_opset11_DenoiseAlpha.uasset" 653
"../../../Engine/Plugins/NNE/NNEDenoiser/Content/NNE_oidn2-3-0_rt_hdr_alb_nrm__dyn__fp16_opset11_DenoiseAlpha.uexp" 654
"../../../Engine/Plugins/NNE/NNEDenoiser/Content/NNE_oidn2-3-0_rt_hdr_alb_nrm__dyn__fp16_opset11_ForwardAlpha.uasset" 655
"../../../Engine/Plugins/NNE/NNEDenoiser/Content/NNE_oidn2-3-0_rt_hdr_alb_nrm__dyn__fp16_opset11_ForwardAlpha.uexp" 656
"../../../Engine/Plugins/NNE/NNEDenoiser/Content/NNE_oidn2-3-0_rt_hdr_calb_cnrm_large__dyn__fp16_opset11_DenoiseAlpha.uasset" 657
"../../../Engine/Plugins/NNE/NNEDenoiser/Content/NNE_oidn2-3-0_rt_hdr_calb_cnrm_large__dyn__fp16_opset11_DenoiseAlpha.uexp" 658
"../../../Engine/Plugins/NNE/NNEDenoiser/Content/NNE_oidn2-3-0_rt_hdr_calb_cnrm_large__dyn__fp16_opset11_ForwardAlpha.uasset" 659
"../../../Engine/Plugins/NNE/NNEDenoiser/Content/NNE_oidn2-3-0_rt_hdr_calb_cnrm_large__dyn__fp16_opset11_ForwardAlpha.uexp" 660
"../../../Engine/Content/EngineResources/FilmGrains/Marcie_Grain_v3_128_M2_000.uasset" 661
"../../../Engine/Content/EngineResources/FilmGrains/Marcie_Grain_v3_128_M2_000.uexp" 662
"../../../Engine/Plugins/Animation/ControlRig/Content/Controls/ControlRigGizmoMaterial.uasset" 663
"../../../Engine/Plugins/Animation/ControlRig/Content/Controls/ControlRigGizmoMaterial.uexp" 664
"../../../Engine/Plugins/Animation/ControlRig/Content/Controls/ControlRigXRayMaterial.uasset" 665
"../../../Engine/Plugins/Animation/ControlRig/Content/Controls/ControlRigXRayMaterial.uexp" 666
"../../../Engine/Content/EngineMaterials/DefaultDeferredDecalMaterial.uasset" 667
"../../../Engine/Content/EngineMaterials/DefaultDeferredDecalMaterial.uexp" 668
"../../../Engine/Content/BasicShapes/BasicShapeMaterial.uasset" 669
"../../../Engine/Content/BasicShapes/BasicShapeMaterial.uexp" 670
"../../../Engine/Plugins/Animation/ControlRig/Content/Controls/ControlRig_Arrow2_1mm.ubulk" 671
"../../../Engine/Plugins/Animation/ControlRig/Content/Controls/ControlRig_Arrow2_1mm.uasset" 672
"../../../Engine/Plugins/Animation/ControlRig/Content/Controls/ControlRig_Arrow2_1mm.uexp" 673
"../../../Engine/Content/EngineResources/Black.uasset" 674
"../../../Engine/Content/EngineResources/Black.uexp" 675
"../../../Engine/Plugins/Animation/ControlRig/Content/Controls/ControlRig_Arrow2_3mm.ubulk" 676
"../../../Engine/Plugins/Animation/ControlRig/Content/Controls/ControlRig_Arrow2_3mm.uasset" 677
"../../../Engine/Plugins/Animation/ControlRig/Content/Controls/ControlRig_Arrow2_3mm.uexp" 678
"../../../Engine/Content/EngineMaterials/DefaultMaterial.uasset" 679
"../../../Engine/Content/EngineMaterials/DefaultMaterial.uexp" 680
"../../../Engine/Content/BasicShapes/Cone.ubulk" 681
"../../../Engine/Content/BasicShapes/Cone.uasset" 682
"../../../Engine/Content/BasicShapes/Cone.uexp" 683
"../../../Engine/Content/EngineMaterials/DefaultLightFunctionMaterial.uasset" 684
"../../../Engine/Content/EngineMaterials/DefaultLightFunctionMaterial.uexp" 685
"../../../Engine/Plugins/Animation/ControlRig/Content/Controls/ControlRig_Arrow2_solid.ubulk" 686
"../../../Engine/Plugins/Animation/ControlRig/Content/Controls/ControlRig_Arrow2_solid.uasset" 687
"../../../Engine/Plugins/Animation/ControlRig/Content/Controls/ControlRig_Arrow2_solid.uexp" 688
"../../../Engine/Content/EngineResources/DefaultTexture.ubulk" 689
"../../../Engine/Content/EngineResources/DefaultTexture.uasset" 690
"../../../Engine/Content/EngineResources/DefaultTexture.uexp" 691
"../../../Engine/Plugins/Animation/ControlRig/Content/Controls/ControlRig_Arrow4_1mm.ubulk" 692
"../../../Engine/Plugins/Animation/ControlRig/Content/Controls/ControlRig_Arrow4_1mm.uasset" 693
"../../../Engine/Plugins/Animation/ControlRig/Content/Controls/ControlRig_Arrow4_1mm.uexp" 694
"../../../Engine/Content/EngineResources/DefaultTextureCube.uasset" 695
"../../../Engine/Content/EngineResources/DefaultTextureCube.uexp" 696
"../../../Engine/Plugins/Animation/ControlRig/Content/Controls/ControlRig_Arrow4_3mm.ubulk" 697
"../../../Engine/Plugins/Animation/ControlRig/Content/Controls/ControlRig_Arrow4_3mm.uasset" 698
"../../../Engine/Plugins/Animation/ControlRig/Content/Controls/ControlRig_Arrow4_3mm.uexp" 699
"../../../Engine/Content/BasicShapes/Cylinder.ubulk" 700
"../../../Engine/Content/BasicShapes/Cylinder.uasset" 701
"../../../Engine/Content/BasicShapes/Cylinder.uexp" 702
"../../../Engine/Plugins/Animation/ControlRig/Content/Controls/ControlRig_Arrow4_solid.ubulk" 703
"../../../Engine/Plugins/Animation/ControlRig/Content/Controls/ControlRig_Arrow4_solid.uasset" 704
"../../../Engine/Plugins/Animation/ControlRig/Content/Controls/ControlRig_Arrow4_solid.uexp" 705
"../../../Engine/Content/EngineResources/DefaultVolumeTexture2D.uasset" 706
"../../../Engine/Content/EngineResources/DefaultVolumeTexture2D.uexp" 707
"../../../Engine/Content/EngineResources/DefaultVolumeTexture.uasset" 708
"../../../Engine/Content/EngineResources/DefaultVolumeTexture.uexp" 709
"../../../Engine/Plugins/Animation/ControlRig/Content/Controls/ControlRig_Arrow_1mm.ubulk" 710
"../../../Engine/Plugins/Animation/ControlRig/Content/Controls/ControlRig_Arrow_1mm.uasset" 711
"../../../Engine/Plugins/Animation/ControlRig/Content/Controls/ControlRig_Arrow_1mm.uexp" 712
"../../../Engine/Content/EngineMaterials/DefaultPostProcessMaterial.uasset" 713
"../../../Engine/Content/EngineMaterials/DefaultPostProcessMaterial.uexp" 714
"../../../Engine/Content/EngineFonts/RobotoDistanceField.uasset" 715
"../../../Engine/Content/EngineFonts/RobotoDistanceField.uexp" 716
"../../../Engine/Content/EngineMaterials/DefaultTextMaterialOpaque.uasset" 717
"../../../Engine/Content/EngineMaterials/DefaultTextMaterialOpaque.uexp" 718
"../../../Engine/Content/EngineMaterials/DefaultWhiteGrid.ubulk" 719
"../../../Engine/Content/EngineMaterials/DefaultWhiteGrid.uasset" 720
"../../../Engine/Content/EngineMaterials/DefaultWhiteGrid.uexp" 721
"../../../Engine/Content/EngineResources/GradientTexture0.uasset" 722
"../../../Engine/Content/EngineResources/GradientTexture0.uexp" 723
"../../../Engine/Plugins/Animation/DeformerGraph/Content/DeformerFunctions/DG_Function_LinearBlendSkin_Morph_Cloth.uasset" 724
"../../../Engine/Plugins/Animation/DeformerGraph/Content/DeformerFunctions/DG_Function_LinearBlendSkin_Morph_Cloth.uexp" 725
"../../../Engine/Plugins/Animation/DeformerGraph/Content/Deformers/DG_LinearBlendSkin_Morph_Cloth.uasset" 726
"../../../Engine/Plugins/Animation/DeformerGraph/Content/Deformers/DG_LinearBlendSkin_Morph_Cloth.uexp" 727
"../../../Engine/Plugins/Animation/DeformerGraph/Content/DeformerFunctions/DG_Function_ComputeNormalsTangents.uasset" 728
"../../../Engine/Plugins/Animation/DeformerGraph/Content/DeformerFunctions/DG_Function_ComputeNormalsTangents.uexp" 729
"../../../Engine/Plugins/Animation/DeformerGraph/Content/DeformerFunctions/DG_Function_LinearBlendSkin_Morph_Cloth_PositionOnly.uasset" 730
"../../../Engine/Plugins/Animation/DeformerGraph/Content/DeformerFunctions/DG_Function_LinearBlendSkin_Morph_Cloth_PositionOnly.uexp" 731
"../../../Engine/Plugins/Animation/DeformerGraph/Content/Deformers/DG_LinearBlendSkin_Morph_Cloth_RecomputeNormals.uasset" 732
"../../../Engine/Plugins/Animation/DeformerGraph/Content/Deformers/DG_LinearBlendSkin_Morph_Cloth_RecomputeNormals.uexp" 733
"../../../Engine/Content/Functions/Engine_MaterialFunctions01/Texturing/FlattenNormal.uasset" 734
"../../../Engine/Content/Functions/Engine_MaterialFunctions01/Texturing/FlattenNormal.uexp" 735
"../../../Engine/Plugins/Interchange/Assets/Content/Utilities/New_LUT.uasset" 736
"../../../Engine/Plugins/Interchange/Assets/Content/Utilities/New_LUT.uexp" 737
"../../../Engine/Content/Functions/Engine_MaterialFunctions03/Math/RemapValueRange.uasset" 738
"../../../Engine/Content/Functions/Engine_MaterialFunctions03/Math/RemapValueRange.uexp" 739
"../../../Engine/Plugins/Interchange/Assets/Content/Functions/MF_Iridescence.uasset" 740
"../../../Engine/Plugins/Interchange/Assets/Content/Functions/MF_Iridescence.uexp" 741
"../../../Engine/Plugins/Interchange/Assets/Content/gltf/Textures/T_White_srgb.uasset" 742
"../../../Engine/Plugins/Interchange/Assets/Content/gltf/Textures/T_White_srgb.uexp" 743
"../../../Engine/Plugins/Interchange/Assets/Content/gltf/MaterialFunctions/MF_BaseColor.uasset" 744
"../../../Engine/Plugins/Interchange/Assets/Content/gltf/MaterialFunctions/MF_BaseColor.uexp" 745
"../../../Engine/Plugins/Interchange/Assets/Content/gltf/MaterialFunctions/MF_RotateNormals_TS.uasset" 746
"../../../Engine/Plugins/Interchange/Assets/Content/gltf/MaterialFunctions/MF_RotateNormals_TS.uexp" 747
"../../../Engine/Plugins/Interchange/Assets/Content/gltf/Textures/T_Generic_N.uasset" 748
"../../../Engine/Plugins/Interchange/Assets/Content/gltf/Textures/T_Generic_N.uexp" 749
"../../../Engine/Plugins/Interchange/Assets/Content/gltf/Textures/T_White_Linear.uasset" 750
"../../../Engine/Plugins/Interchange/Assets/Content/gltf/Textures/T_White_Linear.uexp" 751
"../../../Engine/Plugins/Interchange/Assets/Content/gltf/MaterialFunctions/MF_Clearcoat.uasset" 752
"../../../Engine/Plugins/Interchange/Assets/Content/gltf/MaterialFunctions/MF_Clearcoat.uexp" 753
"../../../Engine/Plugins/Interchange/Assets/Content/gltf/MaterialFunctions/MF_Emissive.uasset" 754
"../../../Engine/Plugins/Interchange/Assets/Content/gltf/MaterialFunctions/MF_Emissive.uexp" 755
"../../../Engine/Plugins/Interchange/Assets/Content/gltf/MaterialFunctions/MF_IOR.uasset" 756
"../../../Engine/Plugins/Interchange/Assets/Content/gltf/MaterialFunctions/MF_IOR.uexp" 757
"../../../Engine/Plugins/Interchange/Assets/Content/gltf/MaterialFunctions/MF_Iridescence.uasset" 758
"../../../Engine/Plugins/Interchange/Assets/Content/gltf/MaterialFunctions/MF_Iridescence.uexp" 759
"../../../Engine/Plugins/Interchange/Assets/Content/gltf/MaterialFunctions/MF_MetallicRoughness.uasset" 760
"../../../Engine/Plugins/Interchange/Assets/Content/gltf/MaterialFunctions/MF_MetallicRoughness.uexp" 761
"../../../Engine/Plugins/Interchange/Assets/Content/gltf/MaterialFunctions/MF_ScaleNormal.uasset" 762
"../../../Engine/Plugins/Interchange/Assets/Content/gltf/MaterialFunctions/MF_ScaleNormal.uexp" 763
"../../../Engine/Plugins/Interchange/Assets/Content/gltf/MaterialFunctions/MF_Normals.uasset" 764
"../../../Engine/Plugins/Interchange/Assets/Content/gltf/MaterialFunctions/MF_Normals.uexp" 765
"../../../Engine/Plugins/Interchange/Assets/Content/gltf/MaterialFunctions/MF_Occlusion.uasset" 766
"../../../Engine/Plugins/Interchange/Assets/Content/gltf/MaterialFunctions/MF_Occlusion.uexp" 767
"../../../Engine/Plugins/Interchange/Assets/Content/gltf/MaterialFunctions/MF_Specular.uasset" 768
"../../../Engine/Plugins/Interchange/Assets/Content/gltf/MaterialFunctions/MF_Specular.uexp" 769
"../../../Engine/Plugins/Interchange/Assets/Content/gltf/Textures/T_Anisotropy_Direction_Linear.uasset" 770
"../../../Engine/Plugins/Interchange/Assets/Content/gltf/Textures/T_Anisotropy_Direction_Linear.uexp" 771
"../../../Engine/Plugins/Interchange/Assets/Content/gltf/MaterialFunctions/MF_SpecularAnisotropy.uasset" 772
"../../../Engine/Plugins/Interchange/Assets/Content/gltf/MaterialFunctions/MF_SpecularAnisotropy.uexp" 773
"../../../Engine/Plugins/Interchange/Assets/Content/gltf/MaterialFunctions/MF_RotateV2.uasset" 774
"../../../Engine/Plugins/Interchange/Assets/Content/gltf/MaterialFunctions/MF_RotateV2.uexp" 775
"../../../Engine/Plugins/Interchange/Assets/Content/gltf/MaterialFunctions/MF_TransformUVs.uasset" 776
"../../../Engine/Plugins/Interchange/Assets/Content/gltf/MaterialFunctions/MF_TransformUVs.uexp" 777
"../../../Engine/Plugins/Interchange/Assets/Content/gltf/MaterialBodies/MF_ClearCoat_Body.uasset" 778
"../../../Engine/Plugins/Interchange/Assets/Content/gltf/MaterialBodies/MF_ClearCoat_Body.uexp" 779
"../../../Engine/Plugins/Interchange/Assets/Content/gltf/M_ClearCoat.uasset" 780
"../../../Engine/Plugins/Interchange/Assets/Content/gltf/M_ClearCoat.uexp" 781
"../../../Engine/Plugins/Interchange/Assets/Content/gltf/MaterialInstances/MI_ClearCoat_Blend.uasset" 782
"../../../Engine/Plugins/Interchange/Assets/Content/gltf/MaterialInstances/MI_ClearCoat_Blend.uexp" 783
"../../../Engine/Plugins/Interchange/Assets/Content/gltf/MaterialInstances/MI_ClearCoat_Blend_DS.uasset" 784
"../../../Engine/Plugins/Interchange/Assets/Content/gltf/MaterialInstances/MI_ClearCoat_Blend_DS.uexp" 785
"../../../Engine/Plugins/Interchange/Assets/Content/gltf/MaterialInstances/MI_ClearCoat_Mask.uasset" 786
"../../../Engine/Plugins/Interchange/Assets/Content/gltf/MaterialInstances/MI_ClearCoat_Mask.uexp" 787
"../../../Engine/Plugins/Interchange/Assets/Content/gltf/MaterialInstances/MI_ClearCoat_Mask_DS.uasset" 788
"../../../Engine/Plugins/Interchange/Assets/Content/gltf/MaterialInstances/MI_ClearCoat_Mask_DS.uexp" 789
"../../../Engine/Plugins/Interchange/Assets/Content/gltf/MaterialInstances/MI_ClearCoat_Opaque.uasset" 790
"../../../Engine/Plugins/Interchange/Assets/Content/gltf/MaterialInstances/MI_ClearCoat_Opaque.uexp" 791
"../../../Engine/Plugins/Interchange/Assets/Content/gltf/MaterialInstances/MI_ClearCoat_Opaque_DS.uasset" 792
"../../../Engine/Plugins/Interchange/Assets/Content/gltf/MaterialInstances/MI_ClearCoat_Opaque_DS.uexp" 793
"../../../Engine/Plugins/Interchange/Assets/Content/gltf/MaterialBodies/MF_Default_Body.uasset" 794
"../../../Engine/Plugins/Interchange/Assets/Content/gltf/MaterialBodies/MF_Default_Body.uexp" 795
"../../../Engine/Plugins/Interchange/Assets/Content/gltf/M_Default.uasset" 796
"../../../Engine/Plugins/Interchange/Assets/Content/gltf/M_Default.uexp" 797
"../../../Engine/Plugins/Interchange/Assets/Content/gltf/MaterialInstances/MI_Default_Blend.uasset" 798
"../../../Engine/Plugins/Interchange/Assets/Content/gltf/MaterialInstances/MI_Default_Blend.uexp" 799
"../../../Engine/Content/Functions/Engine_MaterialFunctions02/WorldPositionOffset/ObjectScale.uasset" 800
"../../../Engine/Content/Functions/Engine_MaterialFunctions02/WorldPositionOffset/ObjectScale.uexp" 801
"../../../Engine/Plugins/Editor/SpeedTreeImporter/Content/SpeedTree9/Empty.uasset" 802
"../../../Engine/Plugins/Editor/SpeedTreeImporter/Content/SpeedTree9/Empty.uexp" 803
"../../../Engine/Plugins/Editor/SpeedTreeImporter/Content/SpeedTree9/EmptyNormal.uasset" 804
"../../../Engine/Plugins/Editor/SpeedTreeImporter/Content/SpeedTree9/EmptyNormal.uexp" 805
"../../../Engine/Plugins/Editor/SpeedTreeImporter/Content/SpeedTree9/game_wind_noise.ubulk" 806
"../../../Engine/Plugins/Editor/SpeedTreeImporter/Content/SpeedTree9/game_wind_noise.uasset" 807
"../../../Engine/Plugins/Editor/SpeedTreeImporter/Content/SpeedTree9/game_wind_noise.uexp" 808
"../../../Engine/Plugins/Editor/SpeedTreeImporter/Content/SpeedTree9/SpeedTreeBillboard.uasset" 809
"../../../Engine/Plugins/Editor/SpeedTreeImporter/Content/SpeedTree9/SpeedTreeBillboard.uexp" 810
"../../../Engine/Content/Functions/Engine_MaterialFunctions02/SafeNormalize.uasset" 811
"../../../Engine/Content/Functions/Engine_MaterialFunctions02/SafeNormalize.uexp" 812
"../../../Engine/Plugins/Editor/SpeedTreeImporter/Content/SpeedTree9/SpeedTreeWindMotion.uasset" 813
"../../../Engine/Plugins/Editor/SpeedTreeImporter/Content/SpeedTree9/SpeedTreeWindMotion.uexp" 814
"../../../Engine/Plugins/Editor/SpeedTreeImporter/Content/SpeedTree9/UnpackDirection.uasset" 815
"../../../Engine/Plugins/Editor/SpeedTreeImporter/Content/SpeedTree9/UnpackDirection.uexp" 816
"../../../Engine/Plugins/Editor/SpeedTreeImporter/Content/SpeedTree9/UnpackInteger3.uasset" 817
"../../../Engine/Plugins/Editor/SpeedTreeImporter/Content/SpeedTree9/UnpackInteger3.uexp" 818
"../../../Engine/Plugins/Editor/SpeedTreeImporter/Content/SpeedTree9/SpeedTreeBranchMotion.uasset" 819
"../../../Engine/Plugins/Editor/SpeedTreeImporter/Content/SpeedTree9/SpeedTreeBranchMotion.uexp" 820
"../../../Engine/Content/Functions/Engine_MaterialFunctions02/ObjectLocalBounds.uasset" 821
"../../../Engine/Content/Functions/Engine_MaterialFunctions02/ObjectLocalBounds.uexp" 822
"../../../Engine/Content/Functions/Engine_MaterialFunctions02/UVs/BoundingBoxBased_0-1_UVW.uasset" 823
"../../../Engine/Content/Functions/Engine_MaterialFunctions02/UVs/BoundingBoxBased_0-1_UVW.uexp" 824
"../../../Engine/Plugins/Editor/SpeedTreeImporter/Content/SpeedTree9/SpeedTreeWind.uasset" 825
"../../../Engine/Plugins/Editor/SpeedTreeImporter/Content/SpeedTree9/SpeedTreeWind.uexp" 826
"../../../Engine/Plugins/Editor/SpeedTreeImporter/Content/SpeedTree9/SpeedTreeBillboardMaster.uasset" 827
"../../../Engine/Plugins/Editor/SpeedTreeImporter/Content/SpeedTree9/SpeedTreeBillboardMaster.uexp" 828
"../../../Engine/Plugins/Interchange/Assets/Content/gltf/MaterialInstances/MI_Default_Blend_DS.uasset" 829
"../../../Engine/Plugins/Interchange/Assets/Content/gltf/MaterialInstances/MI_Default_Blend_DS.uexp" 830
"../../../Engine/Plugins/Interchange/Assets/Content/gltf/MaterialInstances/MI_Default_Mask.uasset" 831
"../../../Engine/Plugins/Interchange/Assets/Content/gltf/MaterialInstances/MI_Default_Mask.uexp" 832
"../../../Engine/Plugins/Editor/SpeedTreeImporter/Content/SpeedTree9/SpeedTreeCameraFacing.uasset" 833
"../../../Engine/Plugins/Editor/SpeedTreeImporter/Content/SpeedTree9/SpeedTreeCameraFacing.uexp" 834
"../../../Engine/Plugins/Editor/SpeedTreeImporter/Content/SpeedTree9/SpeedTreeMaster.uasset" 835
"../../../Engine/Plugins/Editor/SpeedTreeImporter/Content/SpeedTree9/SpeedTreeMaster.uexp" 836
"../../../Engine/Plugins/Interchange/Assets/Content/gltf/MaterialInstances/MI_Default_Mask_DS.uasset" 837
"../../../Engine/Plugins/Interchange/Assets/Content/gltf/MaterialInstances/MI_Default_Mask_DS.uexp" 838
"../../../Engine/Plugins/Interchange/Assets/Content/gltf/MaterialInstances/MI_Default_Opaque.uasset" 839
"../../../Engine/Plugins/Interchange/Assets/Content/gltf/MaterialInstances/MI_Default_Opaque.uexp" 840
"../../../Engine/Plugins/Interchange/Assets/Content/gltf/MaterialFunctions/MF_Sheen.uasset" 841
"../../../Engine/Plugins/Interchange/Assets/Content/gltf/MaterialFunctions/MF_Sheen.uexp" 842
"../../../Engine/Plugins/Interchange/Assets/Content/gltf/MaterialBodies/MF_Sheen_Body.uasset" 843
"../../../Engine/Plugins/Interchange/Assets/Content/gltf/MaterialBodies/MF_Sheen_Body.uexp" 844
"../../../Engine/Plugins/Interchange/Assets/Content/gltf/M_Sheen.uasset" 845
"../../../Engine/Plugins/Interchange/Assets/Content/gltf/M_Sheen.uexp" 846
"../../../Engine/Plugins/Interchange/Assets/Content/gltf/MaterialInstances/MI_Sheen_Blend.uasset" 847
"../../../Engine/Plugins/Interchange/Assets/Content/gltf/MaterialInstances/MI_Sheen_Blend.uexp" 848
"../../../Engine/Plugins/Interchange/Assets/Content/gltf/MaterialInstances/MI_Sheen_Blend_DS.uasset" 849
"../../../Engine/Plugins/Interchange/Assets/Content/gltf/MaterialInstances/MI_Sheen_Blend_DS.uexp" 850
"../../../Engine/Plugins/Interchange/Assets/Content/gltf/MaterialInstances/MI_Sheen_Mask.uasset" 851
"../../../Engine/Plugins/Interchange/Assets/Content/gltf/MaterialInstances/MI_Sheen_Mask.uexp" 852
"../../../Engine/Plugins/Interchange/Assets/Content/gltf/MaterialInstances/MI_Sheen_Mask_DS.uasset" 853
"../../../Engine/Plugins/Interchange/Assets/Content/gltf/MaterialInstances/MI_Sheen_Mask_DS.uexp" 854
"../../../Engine/Plugins/Interchange/Assets/Content/gltf/MaterialInstances/MI_Sheen_Opaque.uasset" 855
"../../../Engine/Plugins/Interchange/Assets/Content/gltf/MaterialInstances/MI_Sheen_Opaque.uexp" 856
"../../../Engine/Plugins/Interchange/Assets/Content/gltf/MaterialInstances/MI_Sheen_Opaque_DS.uasset" 857
"../../../Engine/Plugins/Interchange/Assets/Content/gltf/MaterialInstances/MI_Sheen_Opaque_DS.uexp" 858
"../../../Engine/Plugins/Interchange/Assets/Content/gltf/MaterialFunctions/MF_DiffuseSpecGloss.uasset" 859
"../../../Engine/Plugins/Interchange/Assets/Content/gltf/MaterialFunctions/MF_DiffuseSpecGloss.uexp" 860
"../../../Engine/Plugins/Interchange/Assets/Content/gltf/MaterialFunctions/MF_MaxComponentValue.uasset" 861
"../../../Engine/Plugins/Interchange/Assets/Content/gltf/MaterialFunctions/MF_MaxComponentValue.uexp" 862
"../../../Engine/Content/Functions/Engine_MaterialFunctions02/Math/AddComponents.uasset" 863
"../../../Engine/Content/Functions/Engine_MaterialFunctions02/Math/AddComponents.uexp" 864
"../../../Engine/Plugins/Interchange/Assets/Content/gltf/MaterialFunctions/MF_PerceivedBrightness.uasset" 865
"../../../Engine/Plugins/Interchange/Assets/Content/gltf/MaterialFunctions/MF_PerceivedBrightness.uexp" 866
"../../../Engine/Plugins/Interchange/Assets/Content/gltf/MaterialFunctions/MF_SpecGlossToMetalRoughness.uasset" 867
"../../../Engine/Plugins/Interchange/Assets/Content/gltf/MaterialFunctions/MF_SpecGlossToMetalRoughness.uexp" 868
"../../../Engine/Plugins/Interchange/Assets/Content/gltf/MaterialBodies/MF_SpecularGlossiness_Body.uasset" 869
"../../../Engine/Plugins/Interchange/Assets/Content/gltf/MaterialBodies/MF_SpecularGlossiness_Body.uexp" 870
"../../../Engine/Plugins/Interchange/Assets/Content/gltf/M_SpecularGlossiness.uasset" 871
"../../../Engine/Plugins/Interchange/Assets/Content/gltf/M_SpecularGlossiness.uexp" 872
"../../../Engine/Plugins/Interchange/Assets/Content/gltf/MaterialInstances/MI_SpecularGlossiness_Blend.uasset" 873
"../../../Engine/Plugins/Interchange/Assets/Content/gltf/MaterialInstances/MI_SpecularGlossiness_Blend.uexp" 874
"../../../Engine/Plugins/Interchange/Assets/Content/gltf/MaterialInstances/MI_SpecularGlossiness_Blend_DS.uasset" 875
"../../../Engine/Plugins/Interchange/Assets/Content/gltf/MaterialInstances/MI_SpecularGlossiness_Blend_DS.uexp" 876
"../../../Engine/Plugins/Interchange/Assets/Content/gltf/MaterialInstances/MI_SpecularGlossiness_Mask.uasset" 877
"../../../Engine/Plugins/Interchange/Assets/Content/gltf/MaterialInstances/MI_SpecularGlossiness_Mask.uexp" 878
"../../../Engine/Plugins/Interchange/Assets/Content/gltf/MaterialInstances/MI_SpecularGlossiness_Mask_DS.uasset" 879
"../../../Engine/Plugins/Interchange/Assets/Content/gltf/MaterialInstances/MI_SpecularGlossiness_Mask_DS.uexp" 880
"../../../Engine/Plugins/Interchange/Assets/Content/gltf/MaterialInstances/MI_SpecularGlossiness_Opaque.uasset" 881
"../../../Engine/Plugins/Interchange/Assets/Content/gltf/MaterialInstances/MI_SpecularGlossiness_Opaque.uexp" 882
"../../../Engine/Plugins/Interchange/Assets/Content/gltf/MaterialInstances/MI_SpecularGlossiness_Opaque_DS.uasset" 883
"../../../Engine/Plugins/Interchange/Assets/Content/gltf/MaterialInstances/MI_SpecularGlossiness_Opaque_DS.uexp" 884
"../../../Engine/Content/EngineMaterials/Good64x64TilingNoiseHighFreq.uasset" 885
"../../../Engine/Content/EngineMaterials/Good64x64TilingNoiseHighFreq.uexp" 886
"../../../Engine/Content/Functions/Engine_MaterialFunctions02/Texturing/ScreenAlignedPixelToPixelUVs.uasset" 887
"../../../Engine/Content/Functions/Engine_MaterialFunctions02/Texturing/ScreenAlignedPixelToPixelUVs.uexp" 888
"../../../Engine/Plugins/Interchange/Assets/Content/gltf/MaterialFunctions/MF_Fresnel_DS.uasset" 889
"../../../Engine/Plugins/Interchange/Assets/Content/gltf/MaterialFunctions/MF_Fresnel_DS.uexp" 890
"../../../Engine/Plugins/Interchange/Assets/Content/gltf/MaterialFunctions/MF_Temporal_Blur.uasset" 891
"../../../Engine/Plugins/Interchange/Assets/Content/gltf/MaterialFunctions/MF_Temporal_Blur.uexp" 892
"../../../Engine/Plugins/Interchange/Assets/Content/gltf/MaterialFunctions/MF_Transmission.uasset" 893
"../../../Engine/Plugins/Interchange/Assets/Content/gltf/MaterialFunctions/MF_Transmission.uexp" 894
"../../../Engine/Plugins/Interchange/Assets/Content/gltf/MaterialBodies/MF_Transmission_Body.uasset" 895
"../../../Engine/Plugins/Interchange/Assets/Content/gltf/MaterialBodies/MF_Transmission_Body.uexp" 896
"../../../Engine/Plugins/Interchange/Assets/Content/gltf/M_Transmission.uasset" 897
"../../../Engine/Plugins/Interchange/Assets/Content/gltf/M_Transmission.uexp" 898
"../../../Engine/Plugins/Interchange/Assets/Content/gltf/MaterialInstances/MI_Transmission.uasset" 899
"../../../Engine/Plugins/Interchange/Assets/Content/gltf/MaterialInstances/MI_Transmission.uexp" 900
"../../../Engine/Plugins/Interchange/Assets/Content/gltf/MaterialInstances/MI_Transmission_DS.uasset" 901
"../../../Engine/Plugins/Interchange/Assets/Content/gltf/MaterialInstances/MI_Transmission_DS.uexp" 902
"../../../Engine/Plugins/Interchange/Assets/Content/gltf/MaterialBodies/MF_Unlit_Body.uasset" 903
"../../../Engine/Plugins/Interchange/Assets/Content/gltf/MaterialBodies/MF_Unlit_Body.uexp" 904
"../../../Engine/Plugins/Interchange/Assets/Content/gltf/M_Unlit.uasset" 905
"../../../Engine/Plugins/Interchange/Assets/Content/gltf/M_Unlit.uexp" 906
"../../../Engine/Plugins/Interchange/Assets/Content/gltf/MaterialInstances/MI_Unlit_Blend.uasset" 907
"../../../Engine/Plugins/Interchange/Assets/Content/gltf/MaterialInstances/MI_Unlit_Blend.uexp" 908
"../../../Engine/Plugins/Interchange/Assets/Content/gltf/MaterialInstances/MI_Unlit_Blend_DS.uasset" 909
"../../../Engine/Plugins/Interchange/Assets/Content/gltf/MaterialInstances/MI_Unlit_Blend_DS.uexp" 910
"../../../Engine/Plugins/Interchange/Assets/Content/gltf/MaterialInstances/MI_Unlit_Mask.uasset" 911
"../../../Engine/Plugins/Interchange/Assets/Content/gltf/MaterialInstances/MI_Unlit_Mask.uexp" 912
"../../../Engine/Plugins/Interchange/Assets/Content/gltf/MaterialInstances/MI_Unlit_Mask_DS.uasset" 913
"../../../Engine/Plugins/Interchange/Assets/Content/gltf/MaterialInstances/MI_Unlit_Mask_DS.uexp" 914
"../../../Engine/Plugins/Interchange/Assets/Content/gltf/MaterialInstances/MI_Unlit_Opaque.uasset" 915
"../../../Engine/Plugins/Interchange/Assets/Content/gltf/MaterialInstances/MI_Unlit_Opaque.uexp" 916
"../../../Engine/Plugins/Interchange/Assets/Content/gltf/MaterialInstances/MI_Unlit_Opaque_DS.uasset" 917
"../../../Engine/Plugins/Interchange/Assets/Content/gltf/MaterialInstances/MI_Unlit_Opaque_DS.uexp" 918
"../../../Engine/Content/ArtTools/RenderToTexture/Meshes/S_1_Unit_Plane.ubulk" 919
"../../../Engine/Content/ArtTools/RenderToTexture/Meshes/S_1_Unit_Plane.uasset" 920
"../../../Engine/Content/ArtTools/RenderToTexture/Meshes/S_1_Unit_Plane.uexp" 921
"../../../Engine/Content/EngineMaterials/Substrate/GLints/AGlintTex2dArray.uasset" 922
"../../../Engine/Content/EngineMaterials/Substrate/GLints/AGlintTex2dArray.uexp" 923
"../../../Engine/Content/VREditor/TransformGizmo/BoundingBoxCorner.ubulk" 924
"../../../Engine/Content/VREditor/TransformGizmo/BoundingBoxCorner.uasset" 925
"../../../Engine/Content/VREditor/TransformGizmo/BoundingBoxCorner.uexp" 926
"../../../Engine/Content/VREditor/TransformGizmo/BoundingBoxEdge.ubulk" 927
"../../../Engine/Content/VREditor/TransformGizmo/BoundingBoxEdge.uasset" 928
"../../../Engine/Content/VREditor/TransformGizmo/BoundingBoxEdge.uexp" 929
"../../../Engine/Content/EngineMaterials/Substrate/Glints2/AGlintTex2dArray2.uasset" 930
"../../../Engine/Content/EngineMaterials/Substrate/Glints2/AGlintTex2dArray2.uexp" 931
"../../../Engine/Content/Functions/Engine_MaterialFunctions01/Shading/PowerToRoughness.uasset" 932
"../../../Engine/Content/Functions/Engine_MaterialFunctions01/Shading/PowerToRoughness.uexp" 933
"../../../Engine/Content/Functions/Engine_MaterialFunctions01/Shading/ConvertFromDiffSpec.uasset" 934
"../../../Engine/Content/Functions/Engine_MaterialFunctions01/Shading/ConvertFromDiffSpec.uexp" 935
"../../../Engine/Content/EngineMaterials/Substrate/Volume/SubstrateSimpleVolumeEnvLUT3D.uasset" 936
"../../../Engine/Content/EngineMaterials/Substrate/Volume/SubstrateSimpleVolumeEnvLUT3D.uexp" 937
"../../../Engine/Content/EngineMaterials/Substrate/Volume/SubstrateSimpleVolumeLUT3D.uasset" 938
"../../../Engine/Content/EngineMaterials/Substrate/Volume/SubstrateSimpleVolumeLUT3D.uexp" 939
"C:/Users/Stanislav/Documents/Unreal Projects/RGO/Content/Characters/Heroes/Mannequin/Meshes/SK_Mannequin.uasset" 940
"C:/Users/Stanislav/Documents/Unreal Projects/RGO/Content/Characters/Heroes/Mannequin/Meshes/SK_Mannequin.uexp" 941
"C:/Users/Stanislav/Documents/Unreal Projects/RGO/Content/Characters/Heroes/Mannequin/Rig/PA_Mannequin.uasset" 942
"C:/Users/Stanislav/Documents/Unreal Projects/RGO/Content/Characters/Heroes/Mannequin/Rig/PA_Mannequin.uexp" 943
"../../../Engine/Plugins/Animation/ControlRig/Content/Controls/DefaultGizmoLibrary.uasset" 944
"../../../Engine/Plugins/Animation/ControlRig/Content/Controls/DefaultGizmoLibrary.uexp" 945
"C:/Users/Stanislav/Documents/Unreal Projects/RGO/Content/Characters/Heroes/Mannequin/Rig/CR_Mannequin_Procedural.uasset" 946
"C:/Users/Stanislav/Documents/Unreal Projects/RGO/Content/Characters/Heroes/Mannequin/Rig/CR_Mannequin_Procedural.uexp" 947
"C:/Users/Stanislav/Documents/Unreal Projects/RGO/Content/Characters/Heroes/Mannequin/Rig/Poses/Quinn/Quinn_calf_l_pose.uasset" 948
"C:/Users/Stanislav/Documents/Unreal Projects/RGO/Content/Characters/Heroes/Mannequin/Rig/Poses/Quinn/Quinn_calf_l_pose.uexp" 949
"C:/Users/Stanislav/Documents/Unreal Projects/RGO/Content/Characters/Heroes/Mannequin/Rig/Poses/Quinn/Quinn_calf_r_pose.uasset" 950
"C:/Users/Stanislav/Documents/Unreal Projects/RGO/Content/Characters/Heroes/Mannequin/Rig/Poses/Quinn/Quinn_calf_r_pose.uexp" 951
"C:/Users/Stanislav/Documents/Unreal Projects/RGO/Content/Characters/Heroes/Mannequin/Rig/Poses/Quinn/Quinn_clavicle_l_pose.uasset" 952
"C:/Users/Stanislav/Documents/Unreal Projects/RGO/Content/Characters/Heroes/Mannequin/Rig/Poses/Quinn/Quinn_clavicle_l_pose.uexp" 953
"C:/Users/Stanislav/Documents/Unreal Projects/RGO/Content/Characters/Heroes/Mannequin/Rig/Poses/Quinn/Quinn_clavicle_r_pose.uasset" 954
"C:/Users/Stanislav/Documents/Unreal Projects/RGO/Content/Characters/Heroes/Mannequin/Rig/Poses/Quinn/Quinn_clavicle_r_pose.uexp" 955
"C:/Users/Stanislav/Documents/Unreal Projects/RGO/Content/Characters/Heroes/Mannequin/Rig/Poses/Quinn/Quinn_foot_l_pose.uasset" 956
"C:/Users/Stanislav/Documents/Unreal Projects/RGO/Content/Characters/Heroes/Mannequin/Rig/Poses/Quinn/Quinn_foot_l_pose.uexp" 957
"C:/Users/Stanislav/Documents/Unreal Projects/RGO/Content/Characters/Heroes/Mannequin/Rig/Poses/Quinn/Quinn_foot_r_pose.uasset" 958
"C:/Users/Stanislav/Documents/Unreal Projects/RGO/Content/Characters/Heroes/Mannequin/Rig/Poses/Quinn/Quinn_foot_r_pose.uexp" 959
"C:/Users/Stanislav/Documents/Unreal Projects/RGO/Content/Characters/Heroes/Mannequin/Rig/Poses/Quinn/Quinn_hand_l_pose.uasset" 960
"C:/Users/Stanislav/Documents/Unreal Projects/RGO/Content/Characters/Heroes/Mannequin/Rig/Poses/Quinn/Quinn_hand_l_pose.uexp" 961
"C:/Users/Stanislav/Documents/Unreal Projects/RGO/Content/Characters/Heroes/Mannequin/Rig/Poses/Quinn/Quinn_hand_r_pose.uasset" 962
"C:/Users/Stanislav/Documents/Unreal Projects/RGO/Content/Characters/Heroes/Mannequin/Rig/Poses/Quinn/Quinn_hand_r_pose.uexp" 963
"C:/Users/Stanislav/Documents/Unreal Projects/RGO/Content/Characters/Heroes/Mannequin/Rig/Poses/Quinn/Quinn_lowerarm_l_pose.uasset" 964
"C:/Users/Stanislav/Documents/Unreal Projects/RGO/Content/Characters/Heroes/Mannequin/Rig/Poses/Quinn/Quinn_lowerarm_l_pose.uexp" 965
"C:/Users/Stanislav/Documents/Unreal Projects/RGO/Content/Characters/Heroes/Mannequin/Rig/Poses/Quinn/Quinn_lowerarm_r_pose.uasset" 966
"C:/Users/Stanislav/Documents/Unreal Projects/RGO/Content/Characters/Heroes/Mannequin/Rig/Poses/Quinn/Quinn_lowerarm_r_pose.uexp" 967
"C:/Users/Stanislav/Documents/Unreal Projects/RGO/Content/Characters/Heroes/Mannequin/Rig/Poses/Quinn/Quinn_thigh_l_pose.uasset" 968
"C:/Users/Stanislav/Documents/Unreal Projects/RGO/Content/Characters/Heroes/Mannequin/Rig/Poses/Quinn/Quinn_thigh_l_pose.uexp" 969
"C:/Users/Stanislav/Documents/Unreal Projects/RGO/Content/Characters/Heroes/Mannequin/Rig/Poses/Quinn/Quinn_thigh_r_pose.uasset" 970
"C:/Users/Stanislav/Documents/Unreal Projects/RGO/Content/Characters/Heroes/Mannequin/Rig/Poses/Quinn/Quinn_thigh_r_pose.uexp" 971
"C:/Users/Stanislav/Documents/Unreal Projects/RGO/Content/Characters/Heroes/Mannequin/Rig/Poses/Quinn/Quinn_upperarm_l_pose.uasset" 972
"C:/Users/Stanislav/Documents/Unreal Projects/RGO/Content/Characters/Heroes/Mannequin/Rig/Poses/Quinn/Quinn_upperarm_l_pose.uexp" 973
"C:/Users/Stanislav/Documents/Unreal Projects/RGO/Content/Characters/Heroes/Mannequin/Rig/Poses/Quinn/Quinn_upperarm_r_pose.uasset" 974
"C:/Users/Stanislav/Documents/Unreal Projects/RGO/Content/Characters/Heroes/Mannequin/Rig/Poses/Quinn/Quinn_upperarm_r_pose.uexp" 975
"C:/Users/Stanislav/Documents/Unreal Projects/RGO/Content/Characters/Heroes/Mannequin/Rig/ABP_Quinn_PostProcess.uasset" 976
"C:/Users/Stanislav/Documents/Unreal Projects/RGO/Content/Characters/Heroes/Mannequin/Rig/ABP_Quinn_PostProcess.uexp" 977
"C:/Users/Stanislav/Documents/Unreal Projects/RGO/Content/Characters/Heroes/Mannequin/Textures/Shared/T_Detail_Normal.ubulk" 978
"C:/Users/Stanislav/Documents/Unreal Projects/RGO/Content/Characters/Heroes/Mannequin/Textures/Shared/T_Detail_Normal.uasset" 979
"C:/Users/Stanislav/Documents/Unreal Projects/RGO/Content/Characters/Heroes/Mannequin/Textures/Shared/T_Detail_Normal.uexp" 980
"C:/Users/Stanislav/Documents/Unreal Projects/RGO/Content/Characters/PhysicsMaterials/PM_Character.uasset" 981
"C:/Users/Stanislav/Documents/Unreal Projects/RGO/Content/Characters/PhysicsMaterials/PM_Character.uexp" 982
"../../../Engine/Content/Functions/Engine_MaterialFunctions02/Utility/DitherTemporalAA.uasset" 983
"../../../Engine/Content/Functions/Engine_MaterialFunctions02/Utility/DitherTemporalAA.uexp" 984
"../../../Engine/Content/Functions/Engine_MaterialFunctions02/Utility/AppendMany.uasset" 985
"../../../Engine/Content/Functions/Engine_MaterialFunctions02/Utility/AppendMany.uexp" 986
"C:/Users/Stanislav/Documents/Unreal Projects/RGO/Content/Characters/Effects/MaterialFunctions/MF_MannequinHitMacro.uasset" 987
"C:/Users/Stanislav/Documents/Unreal Projects/RGO/Content/Characters/Effects/MaterialFunctions/MF_MannequinHitMacro.uexp" 988
"C:/Users/Stanislav/Documents/Unreal Projects/RGO/Content/Characters/Effects/Textures/General/squares.ubulk" 989
"C:/Users/Stanislav/Documents/Unreal Projects/RGO/Content/Characters/Effects/Textures/General/squares.uasset" 990
"C:/Users/Stanislav/Documents/Unreal Projects/RGO/Content/Characters/Effects/Textures/General/squares.uexp" 991
"C:/Users/Stanislav/Documents/Unreal Projects/RGO/Content/Characters/Effects/MaterialFunctions/MF_MannequinEdge.uasset" 992
"C:/Users/Stanislav/Documents/Unreal Projects/RGO/Content/Characters/Effects/MaterialFunctions/MF_MannequinEdge.uexp" 993
"C:/Users/Stanislav/Documents/Unreal Projects/RGO/Content/Characters/Effects/MaterialFunctions/MF_MannequinLaunchEdgeGlow.uasset" 994
"C:/Users/Stanislav/Documents/Unreal Projects/RGO/Content/Characters/Effects/MaterialFunctions/MF_MannequinLaunchEdgeGlow.uexp" 995
"C:/Users/Stanislav/Documents/Unreal Projects/RGO/Content/Characters/Heroes/Mannequin/Materials/Functions/ChromaticCurve2.uasset" 996
"C:/Users/Stanislav/Documents/Unreal Projects/RGO/Content/Characters/Heroes/Mannequin/Materials/Functions/ChromaticCurve2.uexp" 997
"C:/Users/Stanislav/Documents/Unreal Projects/RGO/Content/Characters/Heroes/Mannequin/Materials/Functions/CA_Mannequin_new.uasset" 998
"C:/Users/Stanislav/Documents/Unreal Projects/RGO/Content/Characters/Heroes/Mannequin/Materials/Functions/CA_Mannequin_new.uexp" 999
"C:/Users/Stanislav/Documents/Unreal Projects/RGO/Content/Characters/Heroes/Mannequin/Materials/Functions/MF_BaseColorFallOff.uasset" 1000
"C:/Users/Stanislav/Documents/Unreal Projects/RGO/Content/Characters/Heroes/Mannequin/Materials/Functions/MF_BaseColorFallOff.uexp" 1001
"C:/Users/Stanislav/Documents/Unreal Projects/RGO/Content/Characters/Heroes/Mannequin/Materials/Functions/MF_Diffraction.uasset" 1002
"C:/Users/Stanislav/Documents/Unreal Projects/RGO/Content/Characters/Heroes/Mannequin/Materials/Functions/MF_Diffraction.uexp" 1003
"C:/Users/Stanislav/Documents/Unreal Projects/RGO/Content/Characters/Heroes/Mannequin/Textures/Shared/T_UE_Logo_V2.uasset" 1004
"C:/Users/Stanislav/Documents/Unreal Projects/RGO/Content/Characters/Heroes/Mannequin/Textures/Shared/T_UE_Logo_V2.uexp" 1005
"C:/Users/Stanislav/Documents/Unreal Projects/RGO/Content/Characters/Heroes/Mannequin/Materials/Functions/MF_logo.uasset" 1006
"C:/Users/Stanislav/Documents/Unreal Projects/RGO/Content/Characters/Heroes/Mannequin/Materials/Functions/MF_logo.uexp" 1007
"C:/Users/Stanislav/Documents/Unreal Projects/RGO/Content/Characters/Heroes/Mannequin/Textures/Manny/T_Manny_01_D.ubulk" 1008
"C:/Users/Stanislav/Documents/Unreal Projects/RGO/Content/Characters/Heroes/Mannequin/Textures/Manny/T_Manny_01_D.uasset" 1009
"C:/Users/Stanislav/Documents/Unreal Projects/RGO/Content/Characters/Heroes/Mannequin/Textures/Manny/T_Manny_01_D.uexp" 1010
"C:/Users/Stanislav/Documents/Unreal Projects/RGO/Content/Characters/Heroes/Mannequin/Textures/Manny/T_Manny_01_MSK.ubulk" 1011
"C:/Users/Stanislav/Documents/Unreal Projects/RGO/Content/Characters/Heroes/Mannequin/Textures/Manny/T_Manny_01_MSK.uasset" 1012
"C:/Users/Stanislav/Documents/Unreal Projects/RGO/Content/Characters/Heroes/Mannequin/Textures/Manny/T_Manny_01_MSK.uexp" 1013
"C:/Users/Stanislav/Documents/Unreal Projects/RGO/Content/Characters/Heroes/Mannequin/Textures/Manny/T_Manny_01_N.ubulk" 1014
"C:/Users/Stanislav/Documents/Unreal Projects/RGO/Content/Characters/Heroes/Mannequin/Textures/Manny/T_Manny_01_N.uasset" 1015
"C:/Users/Stanislav/Documents/Unreal Projects/RGO/Content/Characters/Heroes/Mannequin/Textures/Manny/T_Manny_01_N.uexp" 1016
"C:/Users/Stanislav/Documents/Unreal Projects/RGO/Content/Characters/Heroes/Mannequin/Textures/Manny/T_Manny_01_MSK1.ubulk" 1017
"C:/Users/Stanislav/Documents/Unreal Projects/RGO/Content/Characters/Heroes/Mannequin/Textures/Manny/T_Manny_01_MSK1.uasset" 1018
"C:/Users/Stanislav/Documents/Unreal Projects/RGO/Content/Characters/Heroes/Mannequin/Textures/Manny/T_Manny_01_MSK1.uexp" 1019
"C:/Users/Stanislav/Documents/Unreal Projects/RGO/Content/Characters/Heroes/Mannequin/Textures/Manny/T_Manny_01_MSK2.ubulk" 1020
"C:/Users/Stanislav/Documents/Unreal Projects/RGO/Content/Characters/Heroes/Mannequin/Textures/Manny/T_Manny_01_MSK2.uasset" 1021
"C:/Users/Stanislav/Documents/Unreal Projects/RGO/Content/Characters/Heroes/Mannequin/Textures/Manny/T_Manny_01_MSK2.uexp" 1022
"C:/Users/Stanislav/Documents/Unreal Projects/RGO/Content/Characters/Heroes/Mannequin/Textures/Manny/T_Manny_01_MSK3.ubulk" 1023
"C:/Users/Stanislav/Documents/Unreal Projects/RGO/Content/Characters/Heroes/Mannequin/Textures/Manny/T_Manny_01_MSK3.uasset" 1024
"C:/Users/Stanislav/Documents/Unreal Projects/RGO/Content/Characters/Heroes/Mannequin/Textures/Manny/T_Manny_01_MSK3.uexp" 1025
"C:/Users/Stanislav/Documents/Unreal Projects/RGO/Content/Characters/Heroes/Mannequin/Textures/Shared/T_OrangePeel_N.ubulk" 1026
"C:/Users/Stanislav/Documents/Unreal Projects/RGO/Content/Characters/Heroes/Mannequin/Textures/Shared/T_OrangePeel_N.uasset" 1027
"C:/Users/Stanislav/Documents/Unreal Projects/RGO/Content/Characters/Heroes/Mannequin/Textures/Shared/T_OrangePeel_N.uexp" 1028
"C:/Users/Stanislav/Documents/Unreal Projects/RGO/Content/Characters/Heroes/Mannequin/Materials/M_Mannequin.uasset" 1029
"C:/Users/Stanislav/Documents/Unreal Projects/RGO/Content/Characters/Heroes/Mannequin/Materials/M_Mannequin.uexp" 1030
"C:/Users/Stanislav/Documents/Unreal Projects/RGO/Content/Characters/Heroes/Mannequin/Materials/Instances/Manny/MI_Manny_01_Blue.uasset" 1031
"C:/Users/Stanislav/Documents/Unreal Projects/RGO/Content/Characters/Heroes/Mannequin/Materials/Instances/Manny/MI_Manny_01_Blue.uexp" 1032
"C:/Users/Stanislav/Documents/Unreal Projects/RGO/Content/Characters/Heroes/Mannequin/Textures/Quinn/T_Quinn_01_D.ubulk" 1033
"C:/Users/Stanislav/Documents/Unreal Projects/RGO/Content/Characters/Heroes/Mannequin/Textures/Quinn/T_Quinn_01_D.uasset" 1034
"C:/Users/Stanislav/Documents/Unreal Projects/RGO/Content/Characters/Heroes/Mannequin/Textures/Quinn/T_Quinn_01_D.uexp" 1035
"C:/Users/Stanislav/Documents/Unreal Projects/RGO/Content/Characters/Heroes/Mannequin/Textures/Quinn/T_Quinn_01_MSK.ubulk" 1036
"C:/Users/Stanislav/Documents/Unreal Projects/RGO/Content/Characters/Heroes/Mannequin/Textures/Quinn/T_Quinn_01_MSK.uasset" 1037
"C:/Users/Stanislav/Documents/Unreal Projects/RGO/Content/Characters/Heroes/Mannequin/Textures/Quinn/T_Quinn_01_MSK.uexp" 1038
"C:/Users/Stanislav/Documents/Unreal Projects/RGO/Content/Characters/Heroes/Mannequin/Textures/Quinn/T_Quinn_01_MSK1.ubulk" 1039
"C:/Users/Stanislav/Documents/Unreal Projects/RGO/Content/Characters/Heroes/Mannequin/Textures/Quinn/T_Quinn_01_MSK1.uasset" 1040
"C:/Users/Stanislav/Documents/Unreal Projects/RGO/Content/Characters/Heroes/Mannequin/Textures/Quinn/T_Quinn_01_MSK1.uexp" 1041
"C:/Users/Stanislav/Documents/Unreal Projects/RGO/Content/Characters/Heroes/Mannequin/Textures/Quinn/T_Quinn_01_MSK2.ubulk" 1042
"C:/Users/Stanislav/Documents/Unreal Projects/RGO/Content/Characters/Heroes/Mannequin/Textures/Quinn/T_Quinn_01_MSK2.uasset" 1043
"C:/Users/Stanislav/Documents/Unreal Projects/RGO/Content/Characters/Heroes/Mannequin/Textures/Quinn/T_Quinn_01_MSK2.uexp" 1044
"C:/Users/Stanislav/Documents/Unreal Projects/RGO/Content/Characters/Heroes/Mannequin/Textures/Quinn/T_Quinn_01_MSK3.ubulk" 1045
"C:/Users/Stanislav/Documents/Unreal Projects/RGO/Content/Characters/Heroes/Mannequin/Textures/Quinn/T_Quinn_01_MSK3.uasset" 1046
"C:/Users/Stanislav/Documents/Unreal Projects/RGO/Content/Characters/Heroes/Mannequin/Textures/Quinn/T_Quinn_01_MSK3.uexp" 1047
"C:/Users/Stanislav/Documents/Unreal Projects/RGO/Content/Characters/Heroes/Mannequin/Textures/Quinn/T_Quinn_01_N.ubulk" 1048
"C:/Users/Stanislav/Documents/Unreal Projects/RGO/Content/Characters/Heroes/Mannequin/Textures/Quinn/T_Quinn_01_N.uasset" 1049
"C:/Users/Stanislav/Documents/Unreal Projects/RGO/Content/Characters/Heroes/Mannequin/Textures/Quinn/T_Quinn_01_N.uexp" 1050
"C:/Users/Stanislav/Documents/Unreal Projects/RGO/Content/Characters/Heroes/Mannequin/Materials/Instances/Quinn/MI_Quinn_01_Blue.uasset" 1051
"C:/Users/Stanislav/Documents/Unreal Projects/RGO/Content/Characters/Heroes/Mannequin/Materials/Instances/Quinn/MI_Quinn_01_Blue.uexp" 1052
"C:/Users/Stanislav/Documents/Unreal Projects/RGO/Content/Characters/Heroes/Mannequin/Textures/Quinn/T_Quinn_02_D.ubulk" 1053
"C:/Users/Stanislav/Documents/Unreal Projects/RGO/Content/Characters/Heroes/Mannequin/Textures/Quinn/T_Quinn_02_D.uasset" 1054
"C:/Users/Stanislav/Documents/Unreal Projects/RGO/Content/Characters/Heroes/Mannequin/Textures/Quinn/T_Quinn_02_D.uexp" 1055
"C:/Users/Stanislav/Documents/Unreal Projects/RGO/Content/Characters/Heroes/Mannequin/Textures/Quinn/T_Quinn_02_MSK.ubulk" 1056
"C:/Users/Stanislav/Documents/Unreal Projects/RGO/Content/Characters/Heroes/Mannequin/Textures/Quinn/T_Quinn_02_MSK.uasset" 1057
"C:/Users/Stanislav/Documents/Unreal Projects/RGO/Content/Characters/Heroes/Mannequin/Textures/Quinn/T_Quinn_02_MSK.uexp" 1058
"C:/Users/Stanislav/Documents/Unreal Projects/RGO/Content/Characters/Heroes/Mannequin/Textures/Quinn/T_Quinn_02_MSK1.ubulk" 1059
"C:/Users/Stanislav/Documents/Unreal Projects/RGO/Content/Characters/Heroes/Mannequin/Textures/Quinn/T_Quinn_02_MSK1.uasset" 1060
"C:/Users/Stanislav/Documents/Unreal Projects/RGO/Content/Characters/Heroes/Mannequin/Textures/Quinn/T_Quinn_02_MSK1.uexp" 1061
"C:/Users/Stanislav/Documents/Unreal Projects/RGO/Content/Characters/Heroes/Mannequin/Textures/Quinn/T_Quinn_02_MSK2.ubulk" 1062
"C:/Users/Stanislav/Documents/Unreal Projects/RGO/Content/Characters/Heroes/Mannequin/Textures/Quinn/T_Quinn_02_MSK2.uasset" 1063
"C:/Users/Stanislav/Documents/Unreal Projects/RGO/Content/Characters/Heroes/Mannequin/Textures/Quinn/T_Quinn_02_MSK2.uexp" 1064
"C:/Users/Stanislav/Documents/Unreal Projects/RGO/Content/Characters/Heroes/Mannequin/Textures/Quinn/T_Quinn_02_MSK3.ubulk" 1065
"C:/Users/Stanislav/Documents/Unreal Projects/RGO/Content/Characters/Heroes/Mannequin/Textures/Quinn/T_Quinn_02_MSK3.uasset" 1066
"C:/Users/Stanislav/Documents/Unreal Projects/RGO/Content/Characters/Heroes/Mannequin/Textures/Quinn/T_Quinn_02_MSK3.uexp" 1067
"C:/Users/Stanislav/Documents/Unreal Projects/RGO/Content/Characters/Heroes/Mannequin/Textures/Quinn/T_Quinn_02_N.ubulk" 1068
"C:/Users/Stanislav/Documents/Unreal Projects/RGO/Content/Characters/Heroes/Mannequin/Textures/Quinn/T_Quinn_02_N.uasset" 1069
"C:/Users/Stanislav/Documents/Unreal Projects/RGO/Content/Characters/Heroes/Mannequin/Textures/Quinn/T_Quinn_02_N.uexp" 1070
"C:/Users/Stanislav/Documents/Unreal Projects/RGO/Content/Characters/Heroes/Mannequin/Materials/Instances/Quinn/MI_Quinn_02_Blue.uasset" 1071
"C:/Users/Stanislav/Documents/Unreal Projects/RGO/Content/Characters/Heroes/Mannequin/Materials/Instances/Quinn/MI_Quinn_02_Blue.uexp" 1072
"C:/Users/Stanislav/Documents/Unreal Projects/RGO/Content/Characters/Heroes/Mannequin/Meshes/SKM_Quinn.ubulk" 1073
"C:/Users/Stanislav/Documents/Unreal Projects/RGO/Content/Characters/Heroes/Mannequin/Meshes/SKM_Quinn.uasset" 1074
"C:/Users/Stanislav/Documents/Unreal Projects/RGO/Content/Characters/Heroes/Mannequin/Meshes/SKM_Quinn.uexp" 1075
"../../../Engine/Content/Functions/Engine_MaterialFunctions02/ScreenResolution.uasset" 1076
"../../../Engine/Content/Functions/Engine_MaterialFunctions02/ScreenResolution.uexp" 1077
"../../../Engine/Content/Functions/Engine_MaterialFunctions02/Texturing/ScreenAlignedUVs.uasset" 1078
"../../../Engine/Content/Functions/Engine_MaterialFunctions02/Texturing/ScreenAlignedUVs.uexp" 1079
"../../../Engine/Content/Functions/Engine_MaterialFunctions01/Density/ExponentialDensity.uasset" 1080
"../../../Engine/Content/Functions/Engine_MaterialFunctions01/Density/ExponentialDensity.uexp" 1081
"../../../Engine/Content/Functions/Engine_MaterialFunctions01/Gradient/RadialGradientExponential.uasset" 1082
"../../../Engine/Content/Functions/Engine_MaterialFunctions01/Gradient/RadialGradientExponential.uexp" 1083
"../../../Engine/Content/Functions/Engine_MaterialFunctions01/ImageAdjustment/BlurSampleOffsets.uasset" 1084
"../../../Engine/Content/Functions/Engine_MaterialFunctions01/ImageAdjustment/BlurSampleOffsets.uexp" 1085
"../../../Engine/Content/Functions/Engine_MaterialFunctions01/ImageAdjustment/SceneTextureAverage.uasset" 1086
"../../../Engine/Content/Functions/Engine_MaterialFunctions01/ImageAdjustment/SceneTextureAverage.uexp" 1087
"../../../Engine/Content/Functions/Engine_MaterialFunctions01/Texturing/SpiralBlur-SceneTexture.uasset" 1088
"../../../Engine/Content/Functions/Engine_MaterialFunctions01/Texturing/SpiralBlur-SceneTexture.uexp" 1089
"C:/Users/Stanislav/Documents/Unreal Projects/RGO/Content/ModularSciFi/Textures/SharedTextures/T_WhiteBlank.ubulk" 1090
"C:/Users/Stanislav/Documents/Unreal Projects/RGO/Content/ModularSciFi/Textures/SharedTextures/T_WhiteBlank.uasset" 1091
"C:/Users/Stanislav/Documents/Unreal Projects/RGO/Content/ModularSciFi/Textures/SharedTextures/T_WhiteBlank.uexp" 1092
"C:/Users/Stanislav/Documents/Unreal Projects/RGO/Content/ModularSciFi/Textures/SharedTextures/T_GrungeMask.ubulk" 1093
"C:/Users/Stanislav/Documents/Unreal Projects/RGO/Content/ModularSciFi/Textures/SharedTextures/T_GrungeMask.uasset" 1094
"C:/Users/Stanislav/Documents/Unreal Projects/RGO/Content/ModularSciFi/Textures/SharedTextures/T_GrungeMask.uexp" 1095
"C:/Users/Stanislav/Documents/Unreal Projects/RGO/Content/ModularSciFi/Textures/SharedTextures/T_Glass_1.ubulk" 1096
"C:/Users/Stanislav/Documents/Unreal Projects/RGO/Content/ModularSciFi/Textures/SharedTextures/T_Glass_1.uasset" 1097
"C:/Users/Stanislav/Documents/Unreal Projects/RGO/Content/ModularSciFi/Textures/SharedTextures/T_Glass_1.uexp" 1098
"C:/Users/Stanislav/Documents/Unreal Projects/RGO/Content/ModularSciFi/Textures/SharedTextures/T_Glass_Roughness.ubulk" 1099
"C:/Users/Stanislav/Documents/Unreal Projects/RGO/Content/ModularSciFi/Textures/SharedTextures/T_Glass_Roughness.uasset" 1100
"C:/Users/Stanislav/Documents/Unreal Projects/RGO/Content/ModularSciFi/Textures/SharedTextures/T_Glass_Roughness.uexp" 1101
"C:/Users/Stanislav/Documents/Unreal Projects/RGO/Content/ModularSciFi/Materials/MasterMaterials/M_Glass.uasset" 1102
"C:/Users/Stanislav/Documents/Unreal Projects/RGO/Content/ModularSciFi/Materials/MasterMaterials/M_Glass.uexp" 1103
"C:/Users/Stanislav/Documents/Unreal Projects/RGO/Content/ModularSciFi/Textures/SharedTextures/T_Placeholder_Normal.uasset" 1104
"C:/Users/Stanislav/Documents/Unreal Projects/RGO/Content/ModularSciFi/Textures/SharedTextures/T_Placeholder_Normal.uexp" 1105
"C:/Users/Stanislav/Documents/Unreal Projects/RGO/Content/ModularSciFi/Materials/Glass/MI_Glass_Glossy.uasset" 1106
"C:/Users/Stanislav/Documents/Unreal Projects/RGO/Content/ModularSciFi/Materials/Glass/MI_Glass_Glossy.uexp" 1107
"C:/Users/Stanislav/Documents/Unreal Projects/RGO/Content/ModularSciFi/Textures/HardSurfaceDecals/T_HardDecals_Base_Color.ubulk" 1108
"C:/Users/Stanislav/Documents/Unreal Projects/RGO/Content/ModularSciFi/Textures/HardSurfaceDecals/T_HardDecals_Base_Color.uasset" 1109
"C:/Users/Stanislav/Documents/Unreal Projects/RGO/Content/ModularSciFi/Textures/HardSurfaceDecals/T_HardDecals_Base_Color.uexp" 1110
"C:/Users/Stanislav/Documents/Unreal Projects/RGO/Content/ModularSciFi/Textures/HardSurfaceDecals/T_HardDecals_Emissive.ubulk" 1111
"C:/Users/Stanislav/Documents/Unreal Projects/RGO/Content/ModularSciFi/Textures/HardSurfaceDecals/T_HardDecals_Emissive.uasset" 1112
"C:/Users/Stanislav/Documents/Unreal Projects/RGO/Content/ModularSciFi/Textures/HardSurfaceDecals/T_HardDecals_Emissive.uexp" 1113
"C:/Users/Stanislav/Documents/Unreal Projects/RGO/Content/ModularSciFi/Textures/HardSurfaceDecals/T_HardDecals_Metallic.ubulk" 1114
"C:/Users/Stanislav/Documents/Unreal Projects/RGO/Content/ModularSciFi/Textures/HardSurfaceDecals/T_HardDecals_Metallic.uasset" 1115
"C:/Users/Stanislav/Documents/Unreal Projects/RGO/Content/ModularSciFi/Textures/HardSurfaceDecals/T_HardDecals_Metallic.uexp" 1116
"C:/Users/Stanislav/Documents/Unreal Projects/RGO/Content/ModularSciFi/Textures/HardSurfaceDecals/T_HardDecals_Mixed_AO.ubulk" 1117
"C:/Users/Stanislav/Documents/Unreal Projects/RGO/Content/ModularSciFi/Textures/HardSurfaceDecals/T_HardDecals_Mixed_AO.uasset" 1118
"C:/Users/Stanislav/Documents/Unreal Projects/RGO/Content/ModularSciFi/Textures/HardSurfaceDecals/T_HardDecals_Mixed_AO.uexp" 1119
"C:/Users/Stanislav/Documents/Unreal Projects/RGO/Content/ModularSciFi/Textures/HardSurfaceDecals/T_HardDecals_Normal_OpenGL.ubulk" 1120
"C:/Users/Stanislav/Documents/Unreal Projects/RGO/Content/ModularSciFi/Textures/HardSurfaceDecals/T_HardDecals_Normal_OpenGL.uasset" 1121
"C:/Users/Stanislav/Documents/Unreal Projects/RGO/Content/ModularSciFi/Textures/HardSurfaceDecals/T_HardDecals_Normal_OpenGL.uexp" 1122
"C:/Users/Stanislav/Documents/Unreal Projects/RGO/Content/ModularSciFi/Textures/HardSurfaceDecals/T_HardDecals_Opacity.ubulk" 1123
"C:/Users/Stanislav/Documents/Unreal Projects/RGO/Content/ModularSciFi/Textures/HardSurfaceDecals/T_HardDecals_Opacity.uasset" 1124
"C:/Users/Stanislav/Documents/Unreal Projects/RGO/Content/ModularSciFi/Textures/HardSurfaceDecals/T_HardDecals_Opacity.uexp" 1125
"C:/Users/Stanislav/Documents/Unreal Projects/RGO/Content/ModularSciFi/Textures/HardSurfaceDecals/T_HardDecals_Roughness.ubulk" 1126
"C:/Users/Stanislav/Documents/Unreal Projects/RGO/Content/ModularSciFi/Textures/HardSurfaceDecals/T_HardDecals_Roughness.uasset" 1127
"C:/Users/Stanislav/Documents/Unreal Projects/RGO/Content/ModularSciFi/Textures/HardSurfaceDecals/T_HardDecals_Roughness.uexp" 1128
"C:/Users/Stanislav/Documents/Unreal Projects/RGO/Content/ModularSciFi/Materials/HardsurfaceDecals/M_Decals_FullPasses.uasset" 1129
"C:/Users/Stanislav/Documents/Unreal Projects/RGO/Content/ModularSciFi/Materials/HardsurfaceDecals/M_Decals_FullPasses.uexp" 1130
"C:/Users/Stanislav/Documents/Unreal Projects/RGO/Content/ModularSciFi/Materials/HardsurfaceDecals/MI_DecalsColor.uasset" 1131
"C:/Users/Stanislav/Documents/Unreal Projects/RGO/Content/ModularSciFi/Materials/HardsurfaceDecals/MI_DecalsColor.uexp" 1132
"C:/Users/Stanislav/Documents/Unreal Projects/RGO/Content/ModularSciFi/Materials/HardsurfaceDecals/MI_DecalsColor2.uasset" 1133
"C:/Users/Stanislav/Documents/Unreal Projects/RGO/Content/ModularSciFi/Materials/HardsurfaceDecals/MI_DecalsColor2.uexp" 1134
"../../../Engine/Content/Functions/Engine_MaterialFunctions01/Gradient/LinearGradient.uasset" 1135
"../../../Engine/Content/Functions/Engine_MaterialFunctions01/Gradient/LinearGradient.uexp" 1136
"../../../Engine/Content/Functions/Engine_MaterialFunctions01/ImageAdjustment/CheapContrast.uasset" 1137
"../../../Engine/Content/Functions/Engine_MaterialFunctions01/ImageAdjustment/CheapContrast.uexp" 1138
"../../../Engine/Content/EngineMaterials/T_Default_BaseColor.ubulk" 1139
"../../../Engine/Content/EngineMaterials/T_Default_BaseColor.uasset" 1140
"../../../Engine/Content/EngineMaterials/T_Default_BaseColor.uexp" 1141
"../../../Engine/Content/EngineMaterials/T_Default_Normal.ubulk" 1142
"../../../Engine/Content/EngineMaterials/T_Default_Normal.uasset" 1143
"../../../Engine/Content/EngineMaterials/T_Default_Normal.uexp" 1144
"C:/Users/Stanislav/Documents/Unreal Projects/RGO/Content/ModularSciFi/MaterialsFunctions/M_ObjectAlignedTexture.uasset" 1145
"C:/Users/Stanislav/Documents/Unreal Projects/RGO/Content/ModularSciFi/MaterialsFunctions/M_ObjectAlignedTexture.uexp" 1146
"C:/Users/Stanislav/Documents/Unreal Projects/RGO/Content/ModularSciFi/Textures/PaintedMetal/T_PaintedMetal_ambientocclusion.ubulk" 1147
"C:/Users/Stanislav/Documents/Unreal Projects/RGO/Content/ModularSciFi/Textures/PaintedMetal/T_PaintedMetal_ambientocclusion.uasset" 1148
"C:/Users/Stanislav/Documents/Unreal Projects/RGO/Content/ModularSciFi/Textures/PaintedMetal/T_PaintedMetal_ambientocclusion.uexp" 1149
"C:/Users/Stanislav/Documents/Unreal Projects/RGO/Content/ModularSciFi/Textures/PaintedMetal/T_PaintedMetal_basecolor.ubulk" 1150
"C:/Users/Stanislav/Documents/Unreal Projects/RGO/Content/ModularSciFi/Textures/PaintedMetal/T_PaintedMetal_basecolor.uasset" 1151
"C:/Users/Stanislav/Documents/Unreal Projects/RGO/Content/ModularSciFi/Textures/PaintedMetal/T_PaintedMetal_basecolor.uexp" 1152
"C:/Users/Stanislav/Documents/Unreal Projects/RGO/Content/ModularSciFi/Textures/PaintedMetal/T_PaintedMetal_metallic.ubulk" 1153
"C:/Users/Stanislav/Documents/Unreal Projects/RGO/Content/ModularSciFi/Textures/PaintedMetal/T_PaintedMetal_metallic.uasset" 1154
"C:/Users/Stanislav/Documents/Unreal Projects/RGO/Content/ModularSciFi/Textures/PaintedMetal/T_PaintedMetal_metallic.uexp" 1155
"C:/Users/Stanislav/Documents/Unreal Projects/RGO/Content/ModularSciFi/Textures/PaintedMetal/T_PaintedMetal_normal.ubulk" 1156
"C:/Users/Stanislav/Documents/Unreal Projects/RGO/Content/ModularSciFi/Textures/PaintedMetal/T_PaintedMetal_normal.uasset" 1157
"C:/Users/Stanislav/Documents/Unreal Projects/RGO/Content/ModularSciFi/Textures/PaintedMetal/T_PaintedMetal_normal.uexp" 1158
"C:/Users/Stanislav/Documents/Unreal Projects/RGO/Content/ModularSciFi/Textures/PaintedMetal/T_PaintedMetal_roughness.ubulk" 1159
"C:/Users/Stanislav/Documents/Unreal Projects/RGO/Content/ModularSciFi/Textures/PaintedMetal/T_PaintedMetal_roughness.uasset" 1160
"C:/Users/Stanislav/Documents/Unreal Projects/RGO/Content/ModularSciFi/Textures/PaintedMetal/T_PaintedMetal_roughness.uexp" 1161
"C:/Users/Stanislav/Documents/Unreal Projects/RGO/Content/ModularSciFi/Textures/SharedTextures/T_GrungeMask3.ubulk" 1162
"C:/Users/Stanislav/Documents/Unreal Projects/RGO/Content/ModularSciFi/Textures/SharedTextures/T_GrungeMask3.uasset" 1163
"C:/Users/Stanislav/Documents/Unreal Projects/RGO/Content/ModularSciFi/Textures/SharedTextures/T_GrungeMask3.uexp" 1164
"C:/Users/Stanislav/Documents/Unreal Projects/RGO/Content/ModularSciFi/Textures/SharedTextures/T_Grunge3.ubulk" 1165
"C:/Users/Stanislav/Documents/Unreal Projects/RGO/Content/ModularSciFi/Textures/SharedTextures/T_Grunge3.uasset" 1166
"C:/Users/Stanislav/Documents/Unreal Projects/RGO/Content/ModularSciFi/Textures/SharedTextures/T_Grunge3.uexp" 1167
"C:/Users/Stanislav/Documents/Unreal Projects/RGO/Content/ModularSciFi/Materials/PaintedMetal/M_PaintedMetalMasterMaterial.uasset" 1168
"C:/Users/Stanislav/Documents/Unreal Projects/RGO/Content/ModularSciFi/Materials/PaintedMetal/M_PaintedMetalMasterMaterial.uexp" 1169
"C:/Users/Stanislav/Documents/Unreal Projects/RGO/Content/ModularSciFi/Materials/PaintedMetal/MI_PaintedMetal1.uasset" 1170
"C:/Users/Stanislav/Documents/Unreal Projects/RGO/Content/ModularSciFi/Materials/PaintedMetal/MI_PaintedMetal1.uexp" 1171
"C:/Users/Stanislav/Documents/Unreal Projects/RGO/Content/ModularSciFi/Materials/PaintedMetal/MI_PaintedMetal2.uasset" 1172
"C:/Users/Stanislav/Documents/Unreal Projects/RGO/Content/ModularSciFi/Materials/PaintedMetal/MI_PaintedMetal2.uexp" 1173
"../../../Engine/Content/Functions/Engine_MaterialFunctions01/Texturing/WorldAlignedTexture.uasset" 1174
"../../../Engine/Content/Functions/Engine_MaterialFunctions01/Texturing/WorldAlignedTexture.uexp" 1175
"C:/Users/Stanislav/Documents/Unreal Projects/RGO/Content/ModularSciFi/Materials/MasterMaterials/M_DiffuseMasterMaterial.uasset" 1176
"C:/Users/Stanislav/Documents/Unreal Projects/RGO/Content/ModularSciFi/Materials/MasterMaterials/M_DiffuseMasterMaterial.uexp" 1177
"C:/Users/Stanislav/Documents/Unreal Projects/RGO/Content/ModularSciFi/Textures/Trimsheet/T_Trimsheet_Base_Color.ubulk" 1178
"C:/Users/Stanislav/Documents/Unreal Projects/RGO/Content/ModularSciFi/Textures/Trimsheet/T_Trimsheet_Base_Color.uasset" 1179
"C:/Users/Stanislav/Documents/Unreal Projects/RGO/Content/ModularSciFi/Textures/Trimsheet/T_Trimsheet_Base_Color.uexp" 1180
"C:/Users/Stanislav/Documents/Unreal Projects/RGO/Content/ModularSciFi/Textures/Trimsheet/T_Trimsheet_Emissive.ubulk" 1181
"C:/Users/Stanislav/Documents/Unreal Projects/RGO/Content/ModularSciFi/Textures/Trimsheet/T_Trimsheet_Emissive.uasset" 1182
"C:/Users/Stanislav/Documents/Unreal Projects/RGO/Content/ModularSciFi/Textures/Trimsheet/T_Trimsheet_Emissive.uexp" 1183
"C:/Users/Stanislav/Documents/Unreal Projects/RGO/Content/ModularSciFi/Textures/Trimsheet/T_Trimsheet_Metallic.ubulk" 1184
"C:/Users/Stanislav/Documents/Unreal Projects/RGO/Content/ModularSciFi/Textures/Trimsheet/T_Trimsheet_Metallic.uasset" 1185
"C:/Users/Stanislav/Documents/Unreal Projects/RGO/Content/ModularSciFi/Textures/Trimsheet/T_Trimsheet_Metallic.uexp" 1186
"C:/Users/Stanislav/Documents/Unreal Projects/RGO/Content/ModularSciFi/Textures/Trimsheet/T_Trimsheet_Mixed_AO.ubulk" 1187
"C:/Users/Stanislav/Documents/Unreal Projects/RGO/Content/ModularSciFi/Textures/Trimsheet/T_Trimsheet_Mixed_AO.uasset" 1188
"C:/Users/Stanislav/Documents/Unreal Projects/RGO/Content/ModularSciFi/Textures/Trimsheet/T_Trimsheet_Mixed_AO.uexp" 1189
"C:/Users/Stanislav/Documents/Unreal Projects/RGO/Content/ModularSciFi/Textures/Trimsheet/T_Trimsheet_Normal_OpenGL.ubulk" 1190
"C:/Users/Stanislav/Documents/Unreal Projects/RGO/Content/ModularSciFi/Textures/Trimsheet/T_Trimsheet_Normal_OpenGL.uasset" 1191
"C:/Users/Stanislav/Documents/Unreal Projects/RGO/Content/ModularSciFi/Textures/Trimsheet/T_Trimsheet_Normal_OpenGL.uexp" 1192
"C:/Users/Stanislav/Documents/Unreal Projects/RGO/Content/ModularSciFi/Textures/Trimsheet/T_Trimsheet_Roughness.ubulk" 1193
"C:/Users/Stanislav/Documents/Unreal Projects/RGO/Content/ModularSciFi/Textures/Trimsheet/T_Trimsheet_Roughness.uasset" 1194
"C:/Users/Stanislav/Documents/Unreal Projects/RGO/Content/ModularSciFi/Textures/Trimsheet/T_Trimsheet_Roughness.uexp" 1195
"C:/Users/Stanislav/Documents/Unreal Projects/RGO/Content/ModularSciFi/Materials/Trimsheet/MI_TrimMetallic.uasset" 1196
"C:/Users/Stanislav/Documents/Unreal Projects/RGO/Content/ModularSciFi/Materials/Trimsheet/MI_TrimMetallic.uexp" 1197
"C:/Users/Stanislav/Documents/Unreal Projects/RGO/Content/ModularSciFi/Materials/Trimsheet/MI_TrimBlack.uasset" 1198
"C:/Users/Stanislav/Documents/Unreal Projects/RGO/Content/ModularSciFi/Materials/Trimsheet/MI_TrimBlack.uexp" 1199
"C:/Users/Stanislav/Documents/Unreal Projects/RGO/Content/ModularSciFi/Textures/SignsDecals/T_Signs_Alpha.ubulk" 1200
"C:/Users/Stanislav/Documents/Unreal Projects/RGO/Content/ModularSciFi/Textures/SignsDecals/T_Signs_Alpha.uasset" 1201
"C:/Users/Stanislav/Documents/Unreal Projects/RGO/Content/ModularSciFi/Textures/SignsDecals/T_Signs_Alpha.uexp" 1202
"C:/Users/Stanislav/Documents/Unreal Projects/RGO/Content/ModularSciFi/Textures/SignsDecals/T_Signs_Color.ubulk" 1203
"C:/Users/Stanislav/Documents/Unreal Projects/RGO/Content/ModularSciFi/Textures/SignsDecals/T_Signs_Color.uasset" 1204
"C:/Users/Stanislav/Documents/Unreal Projects/RGO/Content/ModularSciFi/Textures/SignsDecals/T_Signs_Color.uexp" 1205
"C:/Users/Stanislav/Documents/Unreal Projects/RGO/Content/ModularSciFi/Materials/MasterMaterials/M_SignsDecals.uasset" 1206
"C:/Users/Stanislav/Documents/Unreal Projects/RGO/Content/ModularSciFi/Materials/MasterMaterials/M_SignsDecals.uexp" 1207
"C:/Users/Stanislav/Documents/Unreal Projects/RGO/Content/ModularSciFi/Materials/SignsDecals/MI_Signs_Decals.uasset" 1208
"C:/Users/Stanislav/Documents/Unreal Projects/RGO/Content/ModularSciFi/Materials/SignsDecals/MI_Signs_Decals.uexp" 1209
"C:/Users/Stanislav/Documents/Unreal Projects/RGO/Content/ModularSciFi/Textures/GraphicalDecals/T_GraphicDecals_1_basecolor.ubulk" 1210
"C:/Users/Stanislav/Documents/Unreal Projects/RGO/Content/ModularSciFi/Textures/GraphicalDecals/T_GraphicDecals_1_basecolor.uasset" 1211
"C:/Users/Stanislav/Documents/Unreal Projects/RGO/Content/ModularSciFi/Textures/GraphicalDecals/T_GraphicDecals_1_basecolor.uexp" 1212
"C:/Users/Stanislav/Documents/Unreal Projects/RGO/Content/ModularSciFi/Textures/GraphicalDecals/T_GraphicDecals_1_Curvature.ubulk" 1213
"C:/Users/Stanislav/Documents/Unreal Projects/RGO/Content/ModularSciFi/Textures/GraphicalDecals/T_GraphicDecals_1_Curvature.uasset" 1214
"C:/Users/Stanislav/Documents/Unreal Projects/RGO/Content/ModularSciFi/Textures/GraphicalDecals/T_GraphicDecals_1_Curvature.uexp" 1215
"C:/Users/Stanislav/Documents/Unreal Projects/RGO/Content/ModularSciFi/Textures/GraphicalDecals/T_GraphicDecals_1_normal.ubulk" 1216
"C:/Users/Stanislav/Documents/Unreal Projects/RGO/Content/ModularSciFi/Textures/GraphicalDecals/T_GraphicDecals_1_normal.uasset" 1217
"C:/Users/Stanislav/Documents/Unreal Projects/RGO/Content/ModularSciFi/Textures/GraphicalDecals/T_GraphicDecals_1_normal.uexp" 1218
"C:/Users/Stanislav/Documents/Unreal Projects/RGO/Content/ModularSciFi/Materials/MasterMaterials/M_DecalMasterMaterialGraphic.uasset" 1219
"C:/Users/Stanislav/Documents/Unreal Projects/RGO/Content/ModularSciFi/Materials/MasterMaterials/M_DecalMasterMaterialGraphic.uexp" 1220
"C:/Users/Stanislav/Documents/Unreal Projects/RGO/Content/ModularSciFi/Materials/GraphicalDecals/MI_GraphicalDecals.uasset" 1221
"C:/Users/Stanislav/Documents/Unreal Projects/RGO/Content/ModularSciFi/Materials/GraphicalDecals/MI_GraphicalDecals.uexp" 1222
"C:/Users/Stanislav/Documents/Unreal Projects/RGO/Content/ModularSciFi/Materials/MasterMaterials/M_Decals.uasset" 1223
"C:/Users/Stanislav/Documents/Unreal Projects/RGO/Content/ModularSciFi/Materials/MasterMaterials/M_Decals.uexp" 1224
"C:/Users/Stanislav/Documents/Unreal Projects/RGO/Content/ModularSciFi/Materials/HardsurfaceDecals/MI_Decals.uasset" 1225
"C:/Users/Stanislav/Documents/Unreal Projects/RGO/Content/ModularSciFi/Materials/HardsurfaceDecals/MI_Decals.uexp" 1226
"C:/Users/Stanislav/Documents/Unreal Projects/RGO/Content/ModularSciFi/Materials/PaintedMetal/MI_Metal.uasset" 1227
"C:/Users/Stanislav/Documents/Unreal Projects/RGO/Content/ModularSciFi/Materials/PaintedMetal/MI_Metal.uexp" 1228
"C:/Users/Stanislav/Documents/Unreal Projects/RGO/Content/ModularSciFi/StaticMeshes/HardSurfaceEnvironment/Door1/SM_Door_1_Merged.ubulk" 1229
"C:/Users/Stanislav/Documents/Unreal Projects/RGO/Content/ModularSciFi/StaticMeshes/HardSurfaceEnvironment/Door1/SM_Door_1_Merged.uasset" 1230
"C:/Users/Stanislav/Documents/Unreal Projects/RGO/Content/ModularSciFi/StaticMeshes/HardSurfaceEnvironment/Door1/SM_Door_1_Merged.uexp" 1231
"C:/Users/Stanislav/Documents/Unreal Projects/RGO/Content/Blueprints/BP_TEST_DoorActor.uasset" 1232
"C:/Users/Stanislav/Documents/Unreal Projects/RGO/Content/Blueprints/BP_TEST_DoorActor.uexp" 1233
"../../../Engine/Plugins/Interchange/Assets/Content/gltf/MaterialInstances/MI_Default_Opaque_DS.uasset" 1234
"../../../Engine/Plugins/Interchange/Assets/Content/gltf/MaterialInstances/MI_Default_Opaque_DS.uexp" 1235
"C:/Users/Stanislav/Documents/Unreal Projects/RGO/Content/FirstAidKit/the_medical_bag/scene/Textures/material_baseColor.ubulk" 1236
"C:/Users/Stanislav/Documents/Unreal Projects/RGO/Content/FirstAidKit/the_medical_bag/scene/Textures/material_baseColor.uasset" 1237
"C:/Users/Stanislav/Documents/Unreal Projects/RGO/Content/FirstAidKit/the_medical_bag/scene/Textures/material_baseColor.uexp" 1238
"C:/Users/Stanislav/Documents/Unreal Projects/RGO/Content/FirstAidKit/the_medical_bag/scene/Textures/material_emissive.ubulk" 1239
"C:/Users/Stanislav/Documents/Unreal Projects/RGO/Content/FirstAidKit/the_medical_bag/scene/Textures/material_emissive.uasset" 1240
"C:/Users/Stanislav/Documents/Unreal Projects/RGO/Content/FirstAidKit/the_medical_bag/scene/Textures/material_emissive.uexp" 1241
"C:/Users/Stanislav/Documents/Unreal Projects/RGO/Content/FirstAidKit/the_medical_bag/scene/Textures/material_metallicRoughness.ubulk" 1242
"C:/Users/Stanislav/Documents/Unreal Projects/RGO/Content/FirstAidKit/the_medical_bag/scene/Textures/material_metallicRoughness.uasset" 1243
"C:/Users/Stanislav/Documents/Unreal Projects/RGO/Content/FirstAidKit/the_medical_bag/scene/Textures/material_metallicRoughness.uexp" 1244
"C:/Users/Stanislav/Documents/Unreal Projects/RGO/Content/FirstAidKit/the_medical_bag/scene/Textures/material_normal.ubulk" 1245
"C:/Users/Stanislav/Documents/Unreal Projects/RGO/Content/FirstAidKit/the_medical_bag/scene/Textures/material_normal.uasset" 1246
"C:/Users/Stanislav/Documents/Unreal Projects/RGO/Content/FirstAidKit/the_medical_bag/scene/Textures/material_normal.uexp" 1247
"C:/Users/Stanislav/Documents/Unreal Projects/RGO/Content/FirstAidKit/the_medical_bag/scene/Materials/material.uasset" 1248
"C:/Users/Stanislav/Documents/Unreal Projects/RGO/Content/FirstAidKit/the_medical_bag/scene/Materials/material.uexp" 1249
"C:/Users/Stanislav/Documents/Unreal Projects/RGO/Content/FirstAidKit/the_medical_bag/scene/StaticMeshes/defaultMaterial_b5fd4b9af57eec06b6397f6bdde84c96.ubulk" 1250
"C:/Users/Stanislav/Documents/Unreal Projects/RGO/Content/FirstAidKit/the_medical_bag/scene/StaticMeshes/defaultMaterial_b5fd4b9af57eec06b6397f6bdde84c96.uasset" 1251
"C:/Users/Stanislav/Documents/Unreal Projects/RGO/Content/FirstAidKit/the_medical_bag/scene/StaticMeshes/defaultMaterial_b5fd4b9af57eec06b6397f6bdde84c96.uexp" 1252
"C:/Users/Stanislav/Documents/Unreal Projects/RGO/Content/Blueprints/BP_FirstAidKitActor.uasset" 1253
"C:/Users/Stanislav/Documents/Unreal Projects/RGO/Content/Blueprints/BP_FirstAidKitActor.uexp" 1254
"C:/Users/Stanislav/Documents/Unreal Projects/RGO/Content/DataTable/NewDataTable.uasset" 1255
"C:/Users/Stanislav/Documents/Unreal Projects/RGO/Content/DataTable/NewDataTable.uexp" 1256
"../../../Engine/Content/Animation/DefaultAnimBoneCompressionSettings.uasset" 1257
"../../../Engine/Content/Animation/DefaultAnimBoneCompressionSettings.uexp" 1258
"../../../Engine/Content/Animation/DefaultAnimCurveCompressionSettings.uasset" 1259
"../../../Engine/Content/Animation/DefaultAnimCurveCompressionSettings.uexp" 1260
"../../../Engine/Content/Animation/DefaultVariableFrameStrippingSettings.uasset" 1261
"../../../Engine/Content/Animation/DefaultVariableFrameStrippingSettings.uexp" 1262
"C:/Users/Stanislav/Documents/Unreal Projects/RGO/Content/Characters/Heroes/Mannequin/Animations/Locomotion/Rifle/MF_Rifle_Idle_ADS.uasset" 1263
"C:/Users/Stanislav/Documents/Unreal Projects/RGO/Content/Characters/Heroes/Mannequin/Animations/Locomotion/Rifle/MF_Rifle_Idle_ADS.uexp" 1264
"C:/Users/Stanislav/Documents/Unreal Projects/RGO/Content/Characters/Heroes/Mannequin/Animations/Locomotion/Rifle/MF_Rifle_Jog_Bwd.uasset" 1265
"C:/Users/Stanislav/Documents/Unreal Projects/RGO/Content/Characters/Heroes/Mannequin/Animations/Locomotion/Rifle/MF_Rifle_Jog_Bwd.uexp" 1266
"C:/Users/Stanislav/Documents/Unreal Projects/RGO/Content/Characters/Heroes/Mannequin/Animations/Locomotion/Rifle/MF_Rifle_Jog_Fwd.uasset" 1267
"C:/Users/Stanislav/Documents/Unreal Projects/RGO/Content/Characters/Heroes/Mannequin/Animations/Locomotion/Rifle/MF_Rifle_Jog_Fwd.uexp" 1268
"C:/Users/Stanislav/Documents/Unreal Projects/RGO/Content/Characters/Heroes/Mannequin/Animations/Locomotion/Rifle/MF_Rifle_Jog_Left.uasset" 1269
"C:/Users/Stanislav/Documents/Unreal Projects/RGO/Content/Characters/Heroes/Mannequin/Animations/Locomotion/Rifle/MF_Rifle_Jog_Left.uexp" 1270
"C:/Users/Stanislav/Documents/Unreal Projects/RGO/Content/Characters/Heroes/Mannequin/Animations/Locomotion/Rifle/MF_Rifle_Jog_Right.uasset" 1271
"C:/Users/Stanislav/Documents/Unreal Projects/RGO/Content/Characters/Heroes/Mannequin/Animations/Locomotion/Rifle/MF_Rifle_Jog_Right.uexp" 1272
"C:/Users/Stanislav/Documents/Unreal Projects/RGO/Content/Characters/Heroes/Mannequin/Animations/Locomotion/Rifle/MF_Rifle_Walk_Bwd.uasset" 1273
"C:/Users/Stanislav/Documents/Unreal Projects/RGO/Content/Characters/Heroes/Mannequin/Animations/Locomotion/Rifle/MF_Rifle_Walk_Bwd.uexp" 1274
"C:/Users/Stanislav/Documents/Unreal Projects/RGO/Content/Characters/Heroes/Mannequin/Animations/Locomotion/Rifle/MF_Rifle_Walk_Fwd.uasset" 1275
"C:/Users/Stanislav/Documents/Unreal Projects/RGO/Content/Characters/Heroes/Mannequin/Animations/Locomotion/Rifle/MF_Rifle_Walk_Fwd.uexp" 1276
"C:/Users/Stanislav/Documents/Unreal Projects/RGO/Content/Characters/Heroes/Mannequin/Animations/Locomotion/Rifle/MF_Rifle_Walk_Left.uasset" 1277
"C:/Users/Stanislav/Documents/Unreal Projects/RGO/Content/Characters/Heroes/Mannequin/Animations/Locomotion/Rifle/MF_Rifle_Walk_Left.uexp" 1278
"C:/Users/Stanislav/Documents/Unreal Projects/RGO/Content/Characters/Heroes/Mannequin/Animations/Locomotion/Rifle/MF_Rifle_Walk_Right.uasset" 1279
"C:/Users/Stanislav/Documents/Unreal Projects/RGO/Content/Characters/Heroes/Mannequin/Animations/Locomotion/Rifle/MF_Rifle_Walk_Right.uexp" 1280
"C:/Users/Stanislav/Documents/Unreal Projects/RGO/Content/Animations/BS_Rifle.uasset" 1281
"C:/Users/Stanislav/Documents/Unreal Projects/RGO/Content/Animations/BS_Rifle.uexp" 1282
"C:/Users/Stanislav/Documents/Unreal Projects/RGO/Content/Characters/Heroes/Mannequin/Animations/Locomotion/Unarmed/MM_Unarmed_Idle_Ready.uasset" 1283
"C:/Users/Stanislav/Documents/Unreal Projects/RGO/Content/Characters/Heroes/Mannequin/Animations/Locomotion/Unarmed/MM_Unarmed_Idle_Ready.uexp" 1284
"C:/Users/Stanislav/Documents/Unreal Projects/RGO/Content/Characters/Heroes/Mannequin/Animations/Locomotion/Unarmed/MM_Unarmed_Jog_Bwd.uasset" 1285
"C:/Users/Stanislav/Documents/Unreal Projects/RGO/Content/Characters/Heroes/Mannequin/Animations/Locomotion/Unarmed/MM_Unarmed_Jog_Bwd.uexp" 1286
"C:/Users/Stanislav/Documents/Unreal Projects/RGO/Content/Characters/Heroes/Mannequin/Animations/Locomotion/Unarmed/MM_Unarmed_Jog_Fwd.uasset" 1287
"C:/Users/Stanislav/Documents/Unreal Projects/RGO/Content/Characters/Heroes/Mannequin/Animations/Locomotion/Unarmed/MM_Unarmed_Jog_Fwd.uexp" 1288
"C:/Users/Stanislav/Documents/Unreal Projects/RGO/Content/Characters/Heroes/Mannequin/Animations/Locomotion/Unarmed/MM_Unarmed_Jog_Left.uasset" 1289
"C:/Users/Stanislav/Documents/Unreal Projects/RGO/Content/Characters/Heroes/Mannequin/Animations/Locomotion/Unarmed/MM_Unarmed_Jog_Left.uexp" 1290
"C:/Users/Stanislav/Documents/Unreal Projects/RGO/Content/Characters/Heroes/Mannequin/Animations/Locomotion/Unarmed/MM_Unarmed_Jog_Right.uasset" 1291
"C:/Users/Stanislav/Documents/Unreal Projects/RGO/Content/Characters/Heroes/Mannequin/Animations/Locomotion/Unarmed/MM_Unarmed_Jog_Right.uexp" 1292
"C:/Users/Stanislav/Documents/Unreal Projects/RGO/Content/Characters/Heroes/Mannequin/Animations/Locomotion/Unarmed/MM_Unarmed_Walk_Bwd.uasset" 1293
"C:/Users/Stanislav/Documents/Unreal Projects/RGO/Content/Characters/Heroes/Mannequin/Animations/Locomotion/Unarmed/MM_Unarmed_Walk_Bwd.uexp" 1294
"C:/Users/Stanislav/Documents/Unreal Projects/RGO/Content/Characters/Heroes/Mannequin/Animations/Locomotion/Unarmed/MM_Unarmed_Walk_Fwd.uasset" 1295
"C:/Users/Stanislav/Documents/Unreal Projects/RGO/Content/Characters/Heroes/Mannequin/Animations/Locomotion/Unarmed/MM_Unarmed_Walk_Fwd.uexp" 1296
"C:/Users/Stanislav/Documents/Unreal Projects/RGO/Content/Characters/Heroes/Mannequin/Animations/Locomotion/Unarmed/MM_Unarmed_Walk_Left.uasset" 1297
"C:/Users/Stanislav/Documents/Unreal Projects/RGO/Content/Characters/Heroes/Mannequin/Animations/Locomotion/Unarmed/MM_Unarmed_Walk_Left.uexp" 1298
"C:/Users/Stanislav/Documents/Unreal Projects/RGO/Content/Characters/Heroes/Mannequin/Animations/Locomotion/Unarmed/MM_Unarmed_Walk_Right.uasset" 1299
"C:/Users/Stanislav/Documents/Unreal Projects/RGO/Content/Characters/Heroes/Mannequin/Animations/Locomotion/Unarmed/MM_Unarmed_Walk_Right.uexp" 1300
"C:/Users/Stanislav/Documents/Unreal Projects/RGO/Content/Animations/BS_Unarmed.uasset" 1301
"C:/Users/Stanislav/Documents/Unreal Projects/RGO/Content/Animations/BS_Unarmed.uexp" 1302
"C:/Users/Stanislav/Documents/Unreal Projects/RGO/Content/Animations/ABP_DefaultSkeleton.uasset" 1303
"C:/Users/Stanislav/Documents/Unreal Projects/RGO/Content/Animations/ABP_DefaultSkeleton.uexp" 1304
"C:/Users/Stanislav/Documents/Unreal Projects/RGO/Content/Widgets/BP_UW_BarBase.uasset" 1305
"C:/Users/Stanislav/Documents/Unreal Projects/RGO/Content/Widgets/BP_UW_BarBase.uexp" 1306
"C:/Users/Stanislav/Documents/Unreal Projects/RGO/Content/Characters/Heroes/Mannequin/Rig/Poses/Manny/Manny_calf_l_pose.uasset" 1307
"C:/Users/Stanislav/Documents/Unreal Projects/RGO/Content/Characters/Heroes/Mannequin/Rig/Poses/Manny/Manny_calf_l_pose.uexp" 1308
"C:/Users/Stanislav/Documents/Unreal Projects/RGO/Content/Characters/Heroes/Mannequin/Rig/Poses/Manny/Manny_calf_r_pose.uasset" 1309
"C:/Users/Stanislav/Documents/Unreal Projects/RGO/Content/Characters/Heroes/Mannequin/Rig/Poses/Manny/Manny_calf_r_pose.uexp" 1310
"C:/Users/Stanislav/Documents/Unreal Projects/RGO/Content/Characters/Heroes/Mannequin/Rig/Poses/Manny/Manny_clavicle_l_pose.uasset" 1311
"C:/Users/Stanislav/Documents/Unreal Projects/RGO/Content/Characters/Heroes/Mannequin/Rig/Poses/Manny/Manny_clavicle_l_pose.uexp" 1312
"C:/Users/Stanislav/Documents/Unreal Projects/RGO/Content/Characters/Heroes/Mannequin/Rig/Poses/Manny/Manny_clavicle_r_pose.uasset" 1313
"C:/Users/Stanislav/Documents/Unreal Projects/RGO/Content/Characters/Heroes/Mannequin/Rig/Poses/Manny/Manny_clavicle_r_pose.uexp" 1314
"C:/Users/Stanislav/Documents/Unreal Projects/RGO/Content/Characters/Heroes/Mannequin/Rig/Poses/Manny/Manny_foot_l_pose.uasset" 1315
"C:/Users/Stanislav/Documents/Unreal Projects/RGO/Content/Characters/Heroes/Mannequin/Rig/Poses/Manny/Manny_foot_l_pose.uexp" 1316
"C:/Users/Stanislav/Documents/Unreal Projects/RGO/Content/Characters/Heroes/Mannequin/Rig/Poses/Manny/Manny_foot_r_pose.uasset" 1317
"C:/Users/Stanislav/Documents/Unreal Projects/RGO/Content/Characters/Heroes/Mannequin/Rig/Poses/Manny/Manny_foot_r_pose.uexp" 1318
"C:/Users/Stanislav/Documents/Unreal Projects/RGO/Content/Characters/Heroes/Mannequin/Rig/Poses/Manny/Manny_hand_l_pose.uasset" 1319
"C:/Users/Stanislav/Documents/Unreal Projects/RGO/Content/Characters/Heroes/Mannequin/Rig/Poses/Manny/Manny_hand_l_pose.uexp" 1320
"C:/Users/Stanislav/Documents/Unreal Projects/RGO/Content/Characters/Heroes/Mannequin/Rig/Poses/Manny/Manny_hand_r_pose.uasset" 1321
"C:/Users/Stanislav/Documents/Unreal Projects/RGO/Content/Characters/Heroes/Mannequin/Rig/Poses/Manny/Manny_hand_r_pose.uexp" 1322
"C:/Users/Stanislav/Documents/Unreal Projects/RGO/Content/Characters/Heroes/Mannequin/Rig/Poses/Manny/Manny_lowerarm_l_pose.uasset" 1323
"C:/Users/Stanislav/Documents/Unreal Projects/RGO/Content/Characters/Heroes/Mannequin/Rig/Poses/Manny/Manny_lowerarm_l_pose.uexp" 1324
"C:/Users/Stanislav/Documents/Unreal Projects/RGO/Content/Characters/Heroes/Mannequin/Rig/Poses/Manny/Manny_lowerarm_r_pose.uasset" 1325
"C:/Users/Stanislav/Documents/Unreal Projects/RGO/Content/Characters/Heroes/Mannequin/Rig/Poses/Manny/Manny_lowerarm_r_pose.uexp" 1326
"C:/Users/Stanislav/Documents/Unreal Projects/RGO/Content/Characters/Heroes/Mannequin/Rig/Poses/Manny/Manny_thigh_l_pose.uasset" 1327
"C:/Users/Stanislav/Documents/Unreal Projects/RGO/Content/Characters/Heroes/Mannequin/Rig/Poses/Manny/Manny_thigh_l_pose.uexp" 1328
"C:/Users/Stanislav/Documents/Unreal Projects/RGO/Content/Characters/Heroes/Mannequin/Rig/Poses/Manny/Manny_thigh_r_pose.uasset" 1329
"C:/Users/Stanislav/Documents/Unreal Projects/RGO/Content/Characters/Heroes/Mannequin/Rig/Poses/Manny/Manny_thigh_r_pose.uexp" 1330
"C:/Users/Stanislav/Documents/Unreal Projects/RGO/Content/Characters/Heroes/Mannequin/Rig/Poses/Manny/Manny_upperarm_l_pose.uasset" 1331
"C:/Users/Stanislav/Documents/Unreal Projects/RGO/Content/Characters/Heroes/Mannequin/Rig/Poses/Manny/Manny_upperarm_l_pose.uexp" 1332
"C:/Users/Stanislav/Documents/Unreal Projects/RGO/Content/Characters/Heroes/Mannequin/Rig/Poses/Manny/Manny_upperarm_r_pose.uasset" 1333
"C:/Users/Stanislav/Documents/Unreal Projects/RGO/Content/Characters/Heroes/Mannequin/Rig/Poses/Manny/Manny_upperarm_r_pose.uexp" 1334
"C:/Users/Stanislav/Documents/Unreal Projects/RGO/Content/Characters/Heroes/Mannequin/Rig/ABP_Manny_PostProcess.uasset" 1335
"C:/Users/Stanislav/Documents/Unreal Projects/RGO/Content/Characters/Heroes/Mannequin/Rig/ABP_Manny_PostProcess.uexp" 1336
"C:/Users/Stanislav/Documents/Unreal Projects/RGO/Content/Characters/Heroes/Mannequin/Textures/Manny/T_Manny_02_D.ubulk" 1337
"C:/Users/Stanislav/Documents/Unreal Projects/RGO/Content/Characters/Heroes/Mannequin/Textures/Manny/T_Manny_02_D.uasset" 1338
"C:/Users/Stanislav/Documents/Unreal Projects/RGO/Content/Characters/Heroes/Mannequin/Textures/Manny/T_Manny_02_D.uexp" 1339
"C:/Users/Stanislav/Documents/Unreal Projects/RGO/Content/Characters/Heroes/Mannequin/Textures/Manny/T_Manny_02_MSK.ubulk" 1340
"C:/Users/Stanislav/Documents/Unreal Projects/RGO/Content/Characters/Heroes/Mannequin/Textures/Manny/T_Manny_02_MSK.uasset" 1341
"C:/Users/Stanislav/Documents/Unreal Projects/RGO/Content/Characters/Heroes/Mannequin/Textures/Manny/T_Manny_02_MSK.uexp" 1342
"C:/Users/Stanislav/Documents/Unreal Projects/RGO/Content/Characters/Heroes/Mannequin/Textures/Manny/T_Manny_02_N.ubulk" 1343
"C:/Users/Stanislav/Documents/Unreal Projects/RGO/Content/Characters/Heroes/Mannequin/Textures/Manny/T_Manny_02_N.uasset" 1344
"C:/Users/Stanislav/Documents/Unreal Projects/RGO/Content/Characters/Heroes/Mannequin/Textures/Manny/T_Manny_02_N.uexp" 1345
"C:/Users/Stanislav/Documents/Unreal Projects/RGO/Content/Characters/Heroes/Mannequin/Textures/Manny/T_Manny_02_MSK1.ubulk" 1346
"C:/Users/Stanislav/Documents/Unreal Projects/RGO/Content/Characters/Heroes/Mannequin/Textures/Manny/T_Manny_02_MSK1.uasset" 1347
"C:/Users/Stanislav/Documents/Unreal Projects/RGO/Content/Characters/Heroes/Mannequin/Textures/Manny/T_Manny_02_MSK1.uexp" 1348
"C:/Users/Stanislav/Documents/Unreal Projects/RGO/Content/Characters/Heroes/Mannequin/Textures/Manny/T_Manny_02_MSK2.ubulk" 1349
"C:/Users/Stanislav/Documents/Unreal Projects/RGO/Content/Characters/Heroes/Mannequin/Textures/Manny/T_Manny_02_MSK2.uasset" 1350
"C:/Users/Stanislav/Documents/Unreal Projects/RGO/Content/Characters/Heroes/Mannequin/Textures/Manny/T_Manny_02_MSK2.uexp" 1351
"C:/Users/Stanislav/Documents/Unreal Projects/RGO/Content/Characters/Heroes/Mannequin/Textures/Manny/T_Manny_02_MSK3.ubulk" 1352
"C:/Users/Stanislav/Documents/Unreal Projects/RGO/Content/Characters/Heroes/Mannequin/Textures/Manny/T_Manny_02_MSK3.uasset" 1353
"C:/Users/Stanislav/Documents/Unreal Projects/RGO/Content/Characters/Heroes/Mannequin/Textures/Manny/T_Manny_02_MSK3.uexp" 1354
"C:/Users/Stanislav/Documents/Unreal Projects/RGO/Content/Characters/Heroes/Mannequin/Materials/Instances/Manny/MI_Manny_02_Blue.uasset" 1355
"C:/Users/Stanislav/Documents/Unreal Projects/RGO/Content/Characters/Heroes/Mannequin/Materials/Instances/Manny/MI_Manny_02_Blue.uexp" 1356
"C:/Users/Stanislav/Documents/Unreal Projects/RGO/Content/Characters/Heroes/Mannequin/Meshes/SKM_Manny.ubulk" 1357
"C:/Users/Stanislav/Documents/Unreal Projects/RGO/Content/Characters/Heroes/Mannequin/Meshes/SKM_Manny.uasset" 1358
"C:/Users/Stanislav/Documents/Unreal Projects/RGO/Content/Characters/Heroes/Mannequin/Meshes/SKM_Manny.uexp" 1359
"C:/Users/Stanislav/Documents/Unreal Projects/RGO/Content/Characters/Heroes/Mannequin/Materials/Instances/Manny/MI_Manny_01_Red.uasset" 1360
"C:/Users/Stanislav/Documents/Unreal Projects/RGO/Content/Characters/Heroes/Mannequin/Materials/Instances/Manny/MI_Manny_01_Red.uexp" 1361
"C:/Users/Stanislav/Documents/Unreal Projects/RGO/Content/Characters/Heroes/Mannequin/Materials/Instances/Manny/MI_Manny_02_Red.uasset" 1362
"C:/Users/Stanislav/Documents/Unreal Projects/RGO/Content/Characters/Heroes/Mannequin/Materials/Instances/Manny/MI_Manny_02_Red.uexp" 1363
"C:/Users/Stanislav/Documents/Unreal Projects/RGO/Content/AI/BBD_Base.uasset" 1364
"C:/Users/Stanislav/Documents/Unreal Projects/RGO/Content/AI/BBD_Base.uexp" 1365
"C:/Users/Stanislav/Documents/Unreal Projects/RGO/Content/Blueprints/BP_ThirdPersonCharacter.uasset" 1366
"C:/Users/Stanislav/Documents/Unreal Projects/RGO/Content/Blueprints/BP_ThirdPersonCharacter.uexp" 1367
"C:/Users/Stanislav/Documents/Unreal Projects/RGO/Content/AI/BTS_SearchEnemie.uasset" 1368
"C:/Users/Stanislav/Documents/Unreal Projects/RGO/Content/AI/BTS_SearchEnemie.uexp" 1369
"C:/Users/Stanislav/Documents/Unreal Projects/RGO/Content/AI/BTS_Shoot.uasset" 1370
"C:/Users/Stanislav/Documents/Unreal Projects/RGO/Content/AI/BTS_Shoot.uexp" 1371
"C:/Users/Stanislav/Documents/Unreal Projects/RGO/Content/AI/BTS_TurnTarget.uasset" 1372
"C:/Users/Stanislav/Documents/Unreal Projects/RGO/Content/AI/BTS_TurnTarget.uexp" 1373
"C:/Users/Stanislav/Documents/Unreal Projects/RGO/Content/AI/EQS_FindingShelter.uasset" 1374
"C:/Users/Stanislav/Documents/Unreal Projects/RGO/Content/AI/EQS_FindingShelter.uexp" 1375
"C:/Users/Stanislav/Documents/Unreal Projects/RGO/Content/AI/BTT_FindingShelter.uasset" 1376
"C:/Users/Stanislav/Documents/Unreal Projects/RGO/Content/AI/BTT_FindingShelter.uexp" 1377
"C:/Users/Stanislav/Documents/Unreal Projects/RGO/Content/AI/BTT_RandomLocation.uasset" 1378
"C:/Users/Stanislav/Documents/Unreal Projects/RGO/Content/AI/BTT_RandomLocation.uexp" 1379
"C:/Users/Stanislav/Documents/Unreal Projects/RGO/Content/AI/BTT_SetTarget.uasset" 1380
"C:/Users/Stanislav/Documents/Unreal Projects/RGO/Content/AI/BTT_SetTarget.uexp" 1381
"C:/Users/Stanislav/Documents/Unreal Projects/RGO/Content/AI/BT_Base.uasset" 1382
"C:/Users/Stanislav/Documents/Unreal Projects/RGO/Content/AI/BT_Base.uexp" 1383
"C:/Users/Stanislav/Documents/Unreal Projects/RGO/Content/AI/BP_AIC_Base.uasset" 1384
"C:/Users/Stanislav/Documents/Unreal Projects/RGO/Content/AI/BP_AIC_Base.uexp" 1385
"C:/Users/Stanislav/Documents/Unreal Projects/RGO/Content/AI/BP_SoldierBotCharacter.uasset" 1386
"C:/Users/Stanislav/Documents/Unreal Projects/RGO/Content/AI/BP_SoldierBotCharacter.uexp" 1387
"C:/Users/Stanislav/Documents/Unreal Projects/RGO/Content/DataTable/NewDataTable1.uasset" 1388
"C:/Users/Stanislav/Documents/Unreal Projects/RGO/Content/DataTable/NewDataTable1.uexp" 1389
"../../../Engine/Plugins/FX/Niagara/Content/DefaultAssets/DefaultRIbbonMaterial.uasset" 1390
"../../../Engine/Plugins/FX/Niagara/Content/DefaultAssets/DefaultRIbbonMaterial.uexp" 1391
"C:/Users/Stanislav/Documents/Unreal Projects/RGO/Content/FX/FX_Bullet.uasset" 1392
"C:/Users/Stanislav/Documents/Unreal Projects/RGO/Content/FX/FX_Bullet.uexp" 1393
"C:/Users/Stanislav/Documents/Unreal Projects/RGO/Content/Characters/Heroes/Mannequin/Animations/Actions/MM_Rifle_Fire.uasset" 1394
"C:/Users/Stanislav/Documents/Unreal Projects/RGO/Content/Characters/Heroes/Mannequin/Animations/Actions/MM_Rifle_Fire.uexp" 1395
"C:/Users/Stanislav/Documents/Unreal Projects/RGO/Content/Characters/Heroes/Mannequin/Animations/Actions/MM_Rifle_Fire_Montage.uasset" 1396
"C:/Users/Stanislav/Documents/Unreal Projects/RGO/Content/Characters/Heroes/Mannequin/Animations/Actions/MM_Rifle_Fire_Montage.uexp" 1397
"C:/Users/Stanislav/Documents/Unreal Projects/RGO/Content/Characters/Heroes/Mannequin/Animations/Actions/MM_Rifle_Reload.uasset" 1398
"C:/Users/Stanislav/Documents/Unreal Projects/RGO/Content/Characters/Heroes/Mannequin/Animations/Actions/MM_Rifle_Reload.uexp" 1399
"C:/Users/Stanislav/Documents/Unreal Projects/RGO/Content/Characters/Heroes/Mannequin/Animations/Actions/MM_Rifle_Reload_Montage.uasset" 1400
"C:/Users/Stanislav/Documents/Unreal Projects/RGO/Content/Characters/Heroes/Mannequin/Animations/Actions/MM_Rifle_Reload_Montage.uexp" 1401
"C:/Users/Stanislav/Documents/Unreal Projects/RGO/Content/Blueprints/Weapon/BP_WeaponLogic.uasset" 1402
"C:/Users/Stanislav/Documents/Unreal Projects/RGO/Content/Blueprints/Weapon/BP_WeaponLogic.uexp" 1403
"C:/Users/Stanislav/Documents/Unreal Projects/RGO/Content/FPS_Weapon_Bundle/Weapons/Textures/KA74U/T_KA74U_ALB.ubulk" 1404
"C:/Users/Stanislav/Documents/Unreal Projects/RGO/Content/FPS_Weapon_Bundle/Weapons/Textures/KA74U/T_KA74U_ALB.uasset" 1405
"C:/Users/Stanislav/Documents/Unreal Projects/RGO/Content/FPS_Weapon_Bundle/Weapons/Textures/KA74U/T_KA74U_ALB.uexp" 1406
"C:/Users/Stanislav/Documents/Unreal Projects/RGO/Content/FPS_Weapon_Bundle/Weapons/Textures/KA74U/T_KA74U_M_MSK.ubulk" 1407
"C:/Users/Stanislav/Documents/Unreal Projects/RGO/Content/FPS_Weapon_Bundle/Weapons/Textures/KA74U/T_KA74U_M_MSK.uasset" 1408
"C:/Users/Stanislav/Documents/Unreal Projects/RGO/Content/FPS_Weapon_Bundle/Weapons/Textures/KA74U/T_KA74U_M_MSK.uexp" 1409
"C:/Users/Stanislav/Documents/Unreal Projects/RGO/Content/FPS_Weapon_Bundle/Weapons/Textures/KA74U/T_KA74U_NRM.ubulk" 1410
"C:/Users/Stanislav/Documents/Unreal Projects/RGO/Content/FPS_Weapon_Bundle/Weapons/Textures/KA74U/T_KA74U_NRM.uasset" 1411
"C:/Users/Stanislav/Documents/Unreal Projects/RGO/Content/FPS_Weapon_Bundle/Weapons/Textures/KA74U/T_KA74U_NRM.uexp" 1412
"C:/Users/Stanislav/Documents/Unreal Projects/RGO/Content/FPS_Weapon_Bundle/Weapons/Textures/Patterns/T_Stripes__Pattern.ubulk" 1413
"C:/Users/Stanislav/Documents/Unreal Projects/RGO/Content/FPS_Weapon_Bundle/Weapons/Textures/Patterns/T_Stripes__Pattern.uasset" 1414
"C:/Users/Stanislav/Documents/Unreal Projects/RGO/Content/FPS_Weapon_Bundle/Weapons/Textures/Patterns/T_Stripes__Pattern.uexp" 1415
"C:/Users/Stanislav/Documents/Unreal Projects/RGO/Content/FPS_Weapon_Bundle/Weapons/Materials/Master_Material/M_Weapon_Master_USE.uasset" 1416
"C:/Users/Stanislav/Documents/Unreal Projects/RGO/Content/FPS_Weapon_Bundle/Weapons/Materials/Master_Material/M_Weapon_Master_USE.uexp" 1417
"C:/Users/Stanislav/Documents/Unreal Projects/RGO/Content/FPS_Weapon_Bundle/Weapons/Textures/Ammunition/T_762x39_ALB.ubulk" 1418
"C:/Users/Stanislav/Documents/Unreal Projects/RGO/Content/FPS_Weapon_Bundle/Weapons/Textures/Ammunition/T_762x39_ALB.uasset" 1419
"C:/Users/Stanislav/Documents/Unreal Projects/RGO/Content/FPS_Weapon_Bundle/Weapons/Textures/Ammunition/T_762x39_ALB.uexp" 1420
"C:/Users/Stanislav/Documents/Unreal Projects/RGO/Content/FPS_Weapon_Bundle/Weapons/Textures/Ammunition/T_762x39_M_MSK.ubulk" 1421
"C:/Users/Stanislav/Documents/Unreal Projects/RGO/Content/FPS_Weapon_Bundle/Weapons/Textures/Ammunition/T_762x39_M_MSK.uasset" 1422
"C:/Users/Stanislav/Documents/Unreal Projects/RGO/Content/FPS_Weapon_Bundle/Weapons/Textures/Ammunition/T_762x39_M_MSK.uexp" 1423
"C:/Users/Stanislav/Documents/Unreal Projects/RGO/Content/FPS_Weapon_Bundle/Weapons/Textures/Ammunition/T_762x39_NRM.ubulk" 1424
"C:/Users/Stanislav/Documents/Unreal Projects/RGO/Content/FPS_Weapon_Bundle/Weapons/Textures/Ammunition/T_762x39_NRM.uasset" 1425
"C:/Users/Stanislav/Documents/Unreal Projects/RGO/Content/FPS_Weapon_Bundle/Weapons/Textures/Ammunition/T_762x39_NRM.uexp" 1426
"C:/Users/Stanislav/Documents/Unreal Projects/RGO/Content/FPS_Weapon_Bundle/Weapons/Materials/Ammunition/M_762x39_Empty.uasset" 1427
"C:/Users/Stanislav/Documents/Unreal Projects/RGO/Content/FPS_Weapon_Bundle/Weapons/Materials/Ammunition/M_762x39_Empty.uexp" 1428
"C:/Users/Stanislav/Documents/Unreal Projects/RGO/Content/FPS_Weapon_Bundle/Weapons/Textures/KA47/T_KA47_ALB.ubulk" 1429
"C:/Users/Stanislav/Documents/Unreal Projects/RGO/Content/FPS_Weapon_Bundle/Weapons/Textures/KA47/T_KA47_ALB.uasset" 1430
"C:/Users/Stanislav/Documents/Unreal Projects/RGO/Content/FPS_Weapon_Bundle/Weapons/Textures/KA47/T_KA47_ALB.uexp" 1431
"C:/Users/Stanislav/Documents/Unreal Projects/RGO/Content/FPS_Weapon_Bundle/Weapons/Textures/KA47/T_KA47_M_MSK.ubulk" 1432
"C:/Users/Stanislav/Documents/Unreal Projects/RGO/Content/FPS_Weapon_Bundle/Weapons/Textures/KA47/T_KA47_M_MSK.uasset" 1433
"C:/Users/Stanislav/Documents/Unreal Projects/RGO/Content/FPS_Weapon_Bundle/Weapons/Textures/KA47/T_KA47_M_MSK.uexp" 1434
"C:/Users/Stanislav/Documents/Unreal Projects/RGO/Content/FPS_Weapon_Bundle/Weapons/Textures/KA47/T_KA47_NRM.ubulk" 1435
"C:/Users/Stanislav/Documents/Unreal Projects/RGO/Content/FPS_Weapon_Bundle/Weapons/Textures/KA47/T_KA47_NRM.uasset" 1436
"C:/Users/Stanislav/Documents/Unreal Projects/RGO/Content/FPS_Weapon_Bundle/Weapons/Textures/KA47/T_KA47_NRM.uexp" 1437
"C:/Users/Stanislav/Documents/Unreal Projects/RGO/Content/FPS_Weapon_Bundle/Weapons/Materials/Ka47/M_KA47.uasset" 1438
"C:/Users/Stanislav/Documents/Unreal Projects/RGO/Content/FPS_Weapon_Bundle/Weapons/Materials/Ka47/M_KA47.uexp" 1439
"C:/Users/Stanislav/Documents/Unreal Projects/RGO/Content/FPS_Weapon_Bundle/Weapons/Meshes/Ka47/SK_KA47_X_Physics.uasset" 1440
"C:/Users/Stanislav/Documents/Unreal Projects/RGO/Content/FPS_Weapon_Bundle/Weapons/Meshes/Ka47/SK_KA47_X_Physics.uexp" 1441
"C:/Users/Stanislav/Documents/Unreal Projects/RGO/Content/FPS_Weapon_Bundle/Weapons/Meshes/Ka47/SK_KA47_X_Skeleton.uasset" 1442
"C:/Users/Stanislav/Documents/Unreal Projects/RGO/Content/FPS_Weapon_Bundle/Weapons/Meshes/Ka47/SK_KA47_X_Skeleton.uexp" 1443
"C:/Users/Stanislav/Documents/Unreal Projects/RGO/Content/FPS_Weapon_Bundle/Weapons/Meshes/Ka47/SK_KA47_X.uasset" 1444
"C:/Users/Stanislav/Documents/Unreal Projects/RGO/Content/FPS_Weapon_Bundle/Weapons/Meshes/Ka47/SK_KA47_X.uexp" 1445
"C:/Users/Stanislav/Documents/Unreal Projects/RGO/Content/Blueprints/Weapon/BP_AK-47.uasset" 1446
"C:/Users/Stanislav/Documents/Unreal Projects/RGO/Content/Blueprints/Weapon/BP_AK-47.uexp" 1447
"C:/Users/Stanislav/Documents/Unreal Projects/RGO/Content/FPS_Weapon_Bundle/Weapons/Textures/AR4/T_AR4_ALB.ubulk" 1448
"C:/Users/Stanislav/Documents/Unreal Projects/RGO/Content/FPS_Weapon_Bundle/Weapons/Textures/AR4/T_AR4_ALB.uasset" 1449
"C:/Users/Stanislav/Documents/Unreal Projects/RGO/Content/FPS_Weapon_Bundle/Weapons/Textures/AR4/T_AR4_ALB.uexp" 1450
"C:/Users/Stanislav/Documents/Unreal Projects/RGO/Content/FPS_Weapon_Bundle/Weapons/Textures/AR4/T_AR4_M_MSK.ubulk" 1451
"C:/Users/Stanislav/Documents/Unreal Projects/RGO/Content/FPS_Weapon_Bundle/Weapons/Textures/AR4/T_AR4_M_MSK.uasset" 1452
"C:/Users/Stanislav/Documents/Unreal Projects/RGO/Content/FPS_Weapon_Bundle/Weapons/Textures/AR4/T_AR4_M_MSK.uexp" 1453
"C:/Users/Stanislav/Documents/Unreal Projects/RGO/Content/FPS_Weapon_Bundle/Weapons/Textures/AR4/T_AR4_NRM.ubulk" 1454
"C:/Users/Stanislav/Documents/Unreal Projects/RGO/Content/FPS_Weapon_Bundle/Weapons/Textures/AR4/T_AR4_NRM.uasset" 1455
"C:/Users/Stanislav/Documents/Unreal Projects/RGO/Content/FPS_Weapon_Bundle/Weapons/Textures/AR4/T_AR4_NRM.uexp" 1456
"C:/Users/Stanislav/Documents/Unreal Projects/RGO/Content/FPS_Weapon_Bundle/Weapons/Materials/AR4/M_AR4.uasset" 1457
"C:/Users/Stanislav/Documents/Unreal Projects/RGO/Content/FPS_Weapon_Bundle/Weapons/Materials/AR4/M_AR4.uexp" 1458
"C:/Users/Stanislav/Documents/Unreal Projects/RGO/Content/FPS_Weapon_Bundle/Weapons/Meshes/AR4/SK_AR4_X_Physics.uasset" 1459
"C:/Users/Stanislav/Documents/Unreal Projects/RGO/Content/FPS_Weapon_Bundle/Weapons/Meshes/AR4/SK_AR4_X_Physics.uexp" 1460
"C:/Users/Stanislav/Documents/Unreal Projects/RGO/Content/FPS_Weapon_Bundle/Weapons/Meshes/AR4/SK_AR4_X_Skeleton.uasset" 1461
"C:/Users/Stanislav/Documents/Unreal Projects/RGO/Content/FPS_Weapon_Bundle/Weapons/Meshes/AR4/SK_AR4_X_Skeleton.uexp" 1462
"C:/Users/Stanislav/Documents/Unreal Projects/RGO/Content/FPS_Weapon_Bundle/Weapons/Meshes/AR4/SK_AR4_X.uasset" 1463
"C:/Users/Stanislav/Documents/Unreal Projects/RGO/Content/FPS_Weapon_Bundle/Weapons/Meshes/AR4/SK_AR4_X.uexp" 1464
"C:/Users/Stanislav/Documents/Unreal Projects/RGO/Content/Blueprints/Weapon/BP_M4A1.uasset" 1465
"C:/Users/Stanislav/Documents/Unreal Projects/RGO/Content/Blueprints/Weapon/BP_M4A1.uexp" 1466
"C:/Users/Stanislav/Documents/Unreal Projects/RGO/Content/FPS_Weapon_Bundle/Weapons/Textures/KA_Val/T_KA_Val_ALB.ubulk" 1467
"C:/Users/Stanislav/Documents/Unreal Projects/RGO/Content/FPS_Weapon_Bundle/Weapons/Textures/KA_Val/T_KA_Val_ALB.uasset" 1468
"C:/Users/Stanislav/Documents/Unreal Projects/RGO/Content/FPS_Weapon_Bundle/Weapons/Textures/KA_Val/T_KA_Val_ALB.uexp" 1469
"C:/Users/Stanislav/Documents/Unreal Projects/RGO/Content/FPS_Weapon_Bundle/Weapons/Textures/KA_Val/T_KA_Val_M_MSK.ubulk" 1470
"C:/Users/Stanislav/Documents/Unreal Projects/RGO/Content/FPS_Weapon_Bundle/Weapons/Textures/KA_Val/T_KA_Val_M_MSK.uasset" 1471
"C:/Users/Stanislav/Documents/Unreal Projects/RGO/Content/FPS_Weapon_Bundle/Weapons/Textures/KA_Val/T_KA_Val_M_MSK.uexp" 1472
"C:/Users/Stanislav/Documents/Unreal Projects/RGO/Content/FPS_Weapon_Bundle/Weapons/Textures/KA_Val/T_KA_Val_NRM.ubulk" 1473
"C:/Users/Stanislav/Documents/Unreal Projects/RGO/Content/FPS_Weapon_Bundle/Weapons/Textures/KA_Val/T_KA_Val_NRM.uasset" 1474
"C:/Users/Stanislav/Documents/Unreal Projects/RGO/Content/FPS_Weapon_Bundle/Weapons/Textures/KA_Val/T_KA_Val_NRM.uexp" 1475
"C:/Users/Stanislav/Documents/Unreal Projects/RGO/Content/FPS_Weapon_Bundle/Weapons/Materials/KA_Val/M_KA_Val.uasset" 1476
"C:/Users/Stanislav/Documents/Unreal Projects/RGO/Content/FPS_Weapon_Bundle/Weapons/Materials/KA_Val/M_KA_Val.uexp" 1477
"C:/Users/Stanislav/Documents/Unreal Projects/RGO/Content/FPS_Weapon_Bundle/Weapons/Meshes/KA_Val/SK_KA_Val_X_Physics.uasset" 1478
"C:/Users/Stanislav/Documents/Unreal Projects/RGO/Content/FPS_Weapon_Bundle/Weapons/Meshes/KA_Val/SK_KA_Val_X_Physics.uexp" 1479
"C:/Users/Stanislav/Documents/Unreal Projects/RGO/Content/FPS_Weapon_Bundle/Weapons/Meshes/KA_Val/SK_KA_Val_X_Skeleton.uasset" 1480
"C:/Users/Stanislav/Documents/Unreal Projects/RGO/Content/FPS_Weapon_Bundle/Weapons/Meshes/KA_Val/SK_KA_Val_X_Skeleton.uexp" 1481
"C:/Users/Stanislav/Documents/Unreal Projects/RGO/Content/FPS_Weapon_Bundle/Weapons/Meshes/KA_Val/SK_KA_Val_X.uasset" 1482
"C:/Users/Stanislav/Documents/Unreal Projects/RGO/Content/FPS_Weapon_Bundle/Weapons/Meshes/KA_Val/SK_KA_Val_X.uexp" 1483
"C:/Users/Stanislav/Documents/Unreal Projects/RGO/Content/Blueprints/Weapon/BP_VAL.uasset" 1484
"C:/Users/Stanislav/Documents/Unreal Projects/RGO/Content/Blueprints/Weapon/BP_VAL.uexp" 1485
"C:/Users/Stanislav/Documents/Unreal Projects/RGO/Content/FX/FX_Bullet_AK-47.uasset" 1486
"C:/Users/Stanislav/Documents/Unreal Projects/RGO/Content/FX/FX_Bullet_AK-47.uexp" 1487
"C:/Users/Stanislav/Documents/Unreal Projects/RGO/Content/FX/FX_Bullet_M4A1.uasset" 1488
"C:/Users/Stanislav/Documents/Unreal Projects/RGO/Content/FX/FX_Bullet_M4A1.uexp" 1489
"C:/Users/Stanislav/Documents/Unreal Projects/RGO/Content/FX/FX_Bullet_VAL.uasset" 1490
"C:/Users/Stanislav/Documents/Unreal Projects/RGO/Content/FX/FX_Bullet_VAL.uexp" 1491
"C:/Users/Stanislav/Documents/Unreal Projects/RGO/Content/DataTable/NewDataTable2.uasset" 1492
"C:/Users/Stanislav/Documents/Unreal Projects/RGO/Content/DataTable/NewDataTable2.uexp" 1493
"C:/Users/Stanislav/Documents/Unreal Projects/RGO/Content/Blueprints/BP_GameInstance_Main.uasset" 1494
"C:/Users/Stanislav/Documents/Unreal Projects/RGO/Content/Blueprints/BP_GameInstance_Main.uexp" 1495
"../../../Engine/Plugins/Interchange/Runtime/Content/Pipelines/DefaultAssetsPipeline.uasset" 1496
"../../../Engine/Plugins/Interchange/Runtime/Content/Pipelines/DefaultAssetsPipeline.uexp" 1497
"../../../Engine/Plugins/Interchange/Runtime/Content/Pipelines/DefaultAudioPipeline.uasset" 1498
"../../../Engine/Plugins/Interchange/Runtime/Content/Pipelines/DefaultAudioPipeline.uexp" 1499
"../../../Engine/Plugins/Interchange/Runtime/Content/Pipelines/DefaultGLTFAssetsPipeline.uasset" 1500
"../../../Engine/Plugins/Interchange/Runtime/Content/Pipelines/DefaultGLTFAssetsPipeline.uexp" 1501
"../../../Engine/Plugins/Interchange/Runtime/Content/Pipelines/DefaultGLTFPipeline.uasset" 1502
"../../../Engine/Plugins/Interchange/Runtime/Content/Pipelines/DefaultGLTFPipeline.uexp" 1503
"../../../Engine/Plugins/Interchange/Runtime/Content/Pipelines/DefaultGLTFSceneAssetsPipeline.uasset" 1504
"../../../Engine/Plugins/Interchange/Runtime/Content/Pipelines/DefaultGLTFSceneAssetsPipeline.uexp" 1505
"../../../Engine/Plugins/Interchange/Runtime/Content/Pipelines/DefaultMaterialPipeline.uasset" 1506
"../../../Engine/Plugins/Interchange/Runtime/Content/Pipelines/DefaultMaterialPipeline.uexp" 1507
"../../../Engine/Plugins/Interchange/Runtime/Content/Pipelines/DefaultMaterialXPipeline.uasset" 1508
"../../../Engine/Plugins/Interchange/Runtime/Content/Pipelines/DefaultMaterialXPipeline.uexp" 1509
"../../../Engine/Plugins/Interchange/Runtime/Content/Pipelines/DefaultSceneAssetsPipeline.uasset" 1510
"../../../Engine/Plugins/Interchange/Runtime/Content/Pipelines/DefaultSceneAssetsPipeline.uexp" 1511
"../../../Engine/Plugins/Interchange/Runtime/Content/Pipelines/DefaultSceneLevelPipeline.uasset" 1512
"../../../Engine/Plugins/Interchange/Runtime/Content/Pipelines/DefaultSceneLevelPipeline.uexp" 1513
"../../../Engine/Plugins/Interchange/Runtime/Content/Pipelines/DefaultTexturePipeline.uasset" 1514
"../../../Engine/Plugins/Interchange/Runtime/Content/Pipelines/DefaultTexturePipeline.uexp" 1515
"../../../Engine/Content/Maps/Entry_BuiltData.uasset" 1516
"../../../Engine/Content/Maps/Entry_BuiltData.uexp" 1517
"../../../Engine/Content/Maps/Entry.uexp" 1518
"../../../Engine/Content/Maps/Entry.umap" 1519
"../../../Engine/Content/BasicShapes/Cube.ubulk" 1520
"../../../Engine/Content/BasicShapes/Cube.uasset" 1521
"../../../Engine/Content/BasicShapes/Cube.uexp" 1522
"../../../Engine/Content/BasicShapes/Sphere.ubulk" 1523
"../../../Engine/Content/BasicShapes/Sphere.uasset" 1524
"../../../Engine/Content/BasicShapes/Sphere.uexp" 1525
"../../../Engine/Content/EngineMaterials/DefaultPhysicalMaterial.uasset" 1526
"../../../Engine/Content/EngineMaterials/DefaultPhysicalMaterial.uexp" 1527
"C:/Users/Stanislav/Documents/Unreal Projects/RGO/Content/Widgets/BP_UW_Menu.uasset" 1528
"C:/Users/Stanislav/Documents/Unreal Projects/RGO/Content/Widgets/BP_UW_Menu.uexp" 1529
"C:/Users/Stanislav/Documents/Unreal Projects/RGO/Content/ModularSciFi/Landscape/BedRock_LayerInfo.uasset" 1530
"C:/Users/Stanislav/Documents/Unreal Projects/RGO/Content/ModularSciFi/Landscape/BedRock_LayerInfo.uexp" 1531
"C:/Users/Stanislav/Documents/Unreal Projects/RGO/Content/ModularSciFi/Landscape/Sand_LayerInfo.uasset" 1532
"C:/Users/Stanislav/Documents/Unreal Projects/RGO/Content/ModularSciFi/Landscape/Sand_LayerInfo.uexp" 1533
"C:/Users/Stanislav/Documents/Unreal Projects/RGO/Content/ModularSciFi/Landscape/Soil_LayerInfo.uasset" 1534
"C:/Users/Stanislav/Documents/Unreal Projects/RGO/Content/ModularSciFi/Landscape/Soil_LayerInfo.uexp" 1535
"C:/Users/Stanislav/Documents/Unreal Projects/RGO/Content/ModularSciFi/Textures/Bubbles/T_Bubble.ubulk" 1536
"C:/Users/Stanislav/Documents/Unreal Projects/RGO/Content/ModularSciFi/Textures/Bubbles/T_Bubble.uasset" 1537
"C:/Users/Stanislav/Documents/Unreal Projects/RGO/Content/ModularSciFi/Textures/Bubbles/T_Bubble.uexp" 1538
"C:/Users/Stanislav/Documents/Unreal Projects/RGO/Content/ModularSciFi/Textures/Bubbles/T_BubbleNormal.ubulk" 1539
"C:/Users/Stanislav/Documents/Unreal Projects/RGO/Content/ModularSciFi/Textures/Bubbles/T_BubbleNormal.uasset" 1540
"C:/Users/Stanislav/Documents/Unreal Projects/RGO/Content/ModularSciFi/Textures/Bubbles/T_BubbleNormal.uexp" 1541
"C:/Users/Stanislav/Documents/Unreal Projects/RGO/Content/ModularSciFi/Materials/VFX/Bubbles/M_BubbleParticle.uasset" 1542
"C:/Users/Stanislav/Documents/Unreal Projects/RGO/Content/ModularSciFi/Materials/VFX/Bubbles/M_BubbleParticle.uexp" 1543
"C:/Users/Stanislav/Documents/Unreal Projects/RGO/Content/ModularSciFi/Materials/VFX/Bubbles/MI_BubbleParticle.uasset" 1544
"C:/Users/Stanislav/Documents/Unreal Projects/RGO/Content/ModularSciFi/Materials/VFX/Bubbles/MI_BubbleParticle.uexp" 1545
"C:/Users/Stanislav/Documents/Unreal Projects/RGO/Content/ModularSciFi/FX/Bubbles/FXS_BubblesEmitter_System.uasset" 1546
"C:/Users/Stanislav/Documents/Unreal Projects/RGO/Content/ModularSciFi/FX/Bubbles/FXS_BubblesEmitter_System.uexp" 1547
"C:/Users/Stanislav/Documents/Unreal Projects/RGO/Content/ModularSciFi/Textures/Particles/T_Particle.ubulk" 1548
"C:/Users/Stanislav/Documents/Unreal Projects/RGO/Content/ModularSciFi/Textures/Particles/T_Particle.uasset" 1549
"C:/Users/Stanislav/Documents/Unreal Projects/RGO/Content/ModularSciFi/Textures/Particles/T_Particle.uexp" 1550
"C:/Users/Stanislav/Documents/Unreal Projects/RGO/Content/ModularSciFi/Materials/VFX/Dust/M_Dust_Particle.uasset" 1551
"C:/Users/Stanislav/Documents/Unreal Projects/RGO/Content/ModularSciFi/Materials/VFX/Dust/M_Dust_Particle.uexp" 1552
"C:/Users/Stanislav/Documents/Unreal Projects/RGO/Content/ModularSciFi/FX/Dust/FXS_Dust.uasset" 1553
"C:/Users/Stanislav/Documents/Unreal Projects/RGO/Content/ModularSciFi/FX/Dust/FXS_Dust.uexp" 1554
"../../../Engine/Content/EngineMaterials/BlendFunc_DefBase.uasset" 1555
"../../../Engine/Content/EngineMaterials/BlendFunc_DefBase.uexp" 1556
"../../../Engine/Content/EngineMaterials/BlendFunc_DefBlend.uasset" 1557
"../../../Engine/Content/EngineMaterials/BlendFunc_DefBlend.uexp" 1558
"../../../Engine/Content/Functions/Engine_MaterialFunctions03/Blends/Blend_Overlay.uasset" 1559
"../../../Engine/Content/Functions/Engine_MaterialFunctions03/Blends/Blend_Overlay.uexp" 1560
"../../../Engine/Content/EngineMaterials/DefaultNormal_Uncompressed.ubulk" 1561
"../../../Engine/Content/EngineMaterials/DefaultNormal_Uncompressed.uasset" 1562
"../../../Engine/Content/EngineMaterials/DefaultNormal_Uncompressed.uexp" 1563
"../../../Engine/Content/Functions/Engine_MaterialFunctions02/Math/CreateThirdOrthogonalVector.uasset" 1564
"../../../Engine/Content/Functions/Engine_MaterialFunctions02/Math/CreateThirdOrthogonalVector.uexp" 1565
"../../../Engine/Content/Functions/Engine_MaterialFunctions02/WorldAlignedNormals_HighQuality.uasset" 1566
"../../../Engine/Content/Functions/Engine_MaterialFunctions02/WorldAlignedNormals_HighQuality.uexp" 1567
"../../../Engine/Content/Functions/Engine_MaterialFunctions01/Texturing/WorldAlignedNormal.uasset" 1568
"../../../Engine/Content/Functions/Engine_MaterialFunctions01/Texturing/WorldAlignedNormal.uexp" 1569
"C:/Users/Stanislav/Documents/Unreal Projects/RGO/Content/ModularSciFi/Textures/Soil/T_Soil_normal.ubulk" 1570
"C:/Users/Stanislav/Documents/Unreal Projects/RGO/Content/ModularSciFi/Textures/Soil/T_Soil_normal.uasset" 1571
"C:/Users/Stanislav/Documents/Unreal Projects/RGO/Content/ModularSciFi/Textures/Soil/T_Soil_normal.uexp" 1572
"C:/Users/Stanislav/Documents/Unreal Projects/RGO/Content/ModularSciFi/Textures/Mud/T_Mud1_Normal.ubulk" 1573
"C:/Users/Stanislav/Documents/Unreal Projects/RGO/Content/ModularSciFi/Textures/Mud/T_Mud1_Normal.uasset" 1574
"C:/Users/Stanislav/Documents/Unreal Projects/RGO/Content/ModularSciFi/Textures/Mud/T_Mud1_Normal.uexp" 1575
"C:/Users/Stanislav/Documents/Unreal Projects/RGO/Content/ModularSciFi/Textures/Mud/T_Mud1_Overlay.ubulk" 1576
"C:/Users/Stanislav/Documents/Unreal Projects/RGO/Content/ModularSciFi/Textures/Mud/T_Mud1_Overlay.uasset" 1577
"C:/Users/Stanislav/Documents/Unreal Projects/RGO/Content/ModularSciFi/Textures/Mud/T_Mud1_Overlay.uexp" 1578
"C:/Users/Stanislav/Documents/Unreal Projects/RGO/Content/ModularSciFi/Textures/Landscape/T_Terrain_Curvature.uasset" 1579
"C:/Users/Stanislav/Documents/Unreal Projects/RGO/Content/ModularSciFi/Textures/Landscape/T_Terrain_Curvature.uexp" 1580
"C:/Users/Stanislav/Documents/Unreal Projects/RGO/Content/ModularSciFi/Textures/Soil/T_Soil_ambientocclusion.ubulk" 1581
"C:/Users/Stanislav/Documents/Unreal Projects/RGO/Content/ModularSciFi/Textures/Soil/T_Soil_ambientocclusion.uasset" 1582
"C:/Users/Stanislav/Documents/Unreal Projects/RGO/Content/ModularSciFi/Textures/Soil/T_Soil_ambientocclusion.uexp" 1583
"C:/Users/Stanislav/Documents/Unreal Projects/RGO/Content/ModularSciFi/Textures/Soil/T_Soil_basecolor.ubulk" 1584
"C:/Users/Stanislav/Documents/Unreal Projects/RGO/Content/ModularSciFi/Textures/Soil/T_Soil_basecolor.uasset" 1585
"C:/Users/Stanislav/Documents/Unreal Projects/RGO/Content/ModularSciFi/Textures/Soil/T_Soil_basecolor.uexp" 1586
"C:/Users/Stanislav/Documents/Unreal Projects/RGO/Content/ModularSciFi/Textures/Soil/T_Soil_height.ubulk" 1587
"C:/Users/Stanislav/Documents/Unreal Projects/RGO/Content/ModularSciFi/Textures/Soil/T_Soil_height.uasset" 1588
"C:/Users/Stanislav/Documents/Unreal Projects/RGO/Content/ModularSciFi/Textures/Soil/T_Soil_height.uexp" 1589
"C:/Users/Stanislav/Documents/Unreal Projects/RGO/Content/ModularSciFi/Textures/Soil/T_Soil_roughness.ubulk" 1590
"C:/Users/Stanislav/Documents/Unreal Projects/RGO/Content/ModularSciFi/Textures/Soil/T_Soil_roughness.uasset" 1591
"C:/Users/Stanislav/Documents/Unreal Projects/RGO/Content/ModularSciFi/Textures/Soil/T_Soil_roughness.uexp" 1592
"C:/Users/Stanislav/Documents/Unreal Projects/RGO/Content/ModularSciFi/Materials/MasterMaterials/M_WorldAlignedMasterMaterial.uasset" 1593
"C:/Users/Stanislav/Documents/Unreal Projects/RGO/Content/ModularSciFi/Materials/MasterMaterials/M_WorldAlignedMasterMaterial.uexp" 1594
"C:/Users/Stanislav/Documents/Unreal Projects/RGO/Content/ModularSciFi/Materials/DirtPiles/MI_DirtPile_1.uasset" 1595
"C:/Users/Stanislav/Documents/Unreal Projects/RGO/Content/ModularSciFi/Materials/DirtPiles/MI_DirtPile_1.uexp" 1596
"C:/Users/Stanislav/Documents/Unreal Projects/RGO/Content/ModularSciFi/Materials/Display/M_Display.uasset" 1597
"C:/Users/Stanislav/Documents/Unreal Projects/RGO/Content/ModularSciFi/Materials/Display/M_Display.uexp" 1598
"C:/Users/Stanislav/Documents/Unreal Projects/RGO/Content/ModularSciFi/Materials/Display/MI_Dispaly_Off.uasset" 1599
"C:/Users/Stanislav/Documents/Unreal Projects/RGO/Content/ModularSciFi/Materials/Display/MI_Dispaly_Off.uexp" 1600
"C:/Users/Stanislav/Documents/Unreal Projects/RGO/Content/ModularSciFi/Materials/Display/MI_Display_Yellow.uasset" 1601
"C:/Users/Stanislav/Documents/Unreal Projects/RGO/Content/ModularSciFi/Materials/Display/MI_Display_Yellow.uexp" 1602
"C:/Users/Stanislav/Documents/Unreal Projects/RGO/Content/ModularSciFi/Materials/Emission/M_SimpleEmissionMasterMaterial.uasset" 1603
"C:/Users/Stanislav/Documents/Unreal Projects/RGO/Content/ModularSciFi/Materials/Emission/M_SimpleEmissionMasterMaterial.uexp" 1604
"C:/Users/Stanislav/Documents/Unreal Projects/RGO/Content/ModularSciFi/Materials/Emission/MI_Emission_Common.uasset" 1605
"C:/Users/Stanislav/Documents/Unreal Projects/RGO/Content/ModularSciFi/Materials/Emission/MI_Emission_Common.uexp" 1606
"C:/Users/Stanislav/Documents/Unreal Projects/RGO/Content/ModularSciFi/Materials/Emission/MI_Emission_Common_2.uasset" 1607
"C:/Users/Stanislav/Documents/Unreal Projects/RGO/Content/ModularSciFi/Materials/Emission/MI_Emission_Common_2.uexp" 1608
"C:/Users/Stanislav/Documents/Unreal Projects/RGO/Content/ModularSciFi/Materials/Emission/MI_Emission_Common_3.uasset" 1609
"C:/Users/Stanislav/Documents/Unreal Projects/RGO/Content/ModularSciFi/Materials/Emission/MI_Emission_Common_3.uexp" 1610
"C:/Users/Stanislav/Documents/Unreal Projects/RGO/Content/ModularSciFi/Materials/HardsurfaceDecals/MI_DecalsColor2_Flicker.uasset" 1611
"C:/Users/Stanislav/Documents/Unreal Projects/RGO/Content/ModularSciFi/Materials/HardsurfaceDecals/MI_DecalsColor2_Flicker.uexp" 1612
"C:/Users/Stanislav/Documents/Unreal Projects/RGO/Content/ModularSciFi/Materials/HardsurfaceDecals/MI_DecalsColor3.uasset" 1613
"C:/Users/Stanislav/Documents/Unreal Projects/RGO/Content/ModularSciFi/Materials/HardsurfaceDecals/MI_DecalsColor3.uexp" 1614
"C:/Users/Stanislav/Documents/Unreal Projects/RGO/Content/ModularSciFi/Materials/HardsurfaceDecals/MI_DecalsColor3_Flicker.uasset" 1615
"C:/Users/Stanislav/Documents/Unreal Projects/RGO/Content/ModularSciFi/Materials/HardsurfaceDecals/MI_DecalsColor3_Flicker.uexp" 1616
"C:/Users/Stanislav/Documents/Unreal Projects/RGO/Content/ModularSciFi/Materials/HardsurfaceDecals/MI_DecalsColor_Flicker.uasset" 1617
"C:/Users/Stanislav/Documents/Unreal Projects/RGO/Content/ModularSciFi/Materials/HardsurfaceDecals/MI_DecalsColor_Flicker.uexp" 1618
"../../../Engine/Content/Functions/Engine_MaterialFunctions02/ExampleContent/Gradient.ubulk" 1619
"../../../Engine/Content/Functions/Engine_MaterialFunctions02/ExampleContent/Gradient.uasset" 1620
"../../../Engine/Content/Functions/Engine_MaterialFunctions02/ExampleContent/Gradient.uexp" 1621
"../../../Engine/Content/Functions/Engine_MaterialFunctions02/ExampleContent/Greyscale.ubulk" 1622
"../../../Engine/Content/Functions/Engine_MaterialFunctions02/ExampleContent/Greyscale.uasset" 1623
"../../../Engine/Content/Functions/Engine_MaterialFunctions02/ExampleContent/Greyscale.uexp" 1624
"../../../Engine/Content/Functions/Engine_MaterialFunctions02/Gradients/GradientMap_Multi.uasset" 1625
"../../../Engine/Content/Functions/Engine_MaterialFunctions02/Gradients/GradientMap_Multi.uexp" 1626
"../../../Engine/Content/Functions/Engine_MaterialFunctions02/Math/MultiplyAdd.uasset" 1627
"../../../Engine/Content/Functions/Engine_MaterialFunctions02/Math/MultiplyAdd.uexp" 1628
"C:/Users/Stanislav/Documents/Unreal Projects/RGO/Content/ModularSciFi/Textures/Bedrock/T_Bedrock_ambientocclusion.ubulk" 1629
"C:/Users/Stanislav/Documents/Unreal Projects/RGO/Content/ModularSciFi/Textures/Bedrock/T_Bedrock_ambientocclusion.uasset" 1630
"C:/Users/Stanislav/Documents/Unreal Projects/RGO/Content/ModularSciFi/Textures/Bedrock/T_Bedrock_ambientocclusion.uexp" 1631
"C:/Users/Stanislav/Documents/Unreal Projects/RGO/Content/ModularSciFi/Textures/Bedrock/T_Bedrock_basecolor.ubulk" 1632
"C:/Users/Stanislav/Documents/Unreal Projects/RGO/Content/ModularSciFi/Textures/Bedrock/T_Bedrock_basecolor.uasset" 1633
"C:/Users/Stanislav/Documents/Unreal Projects/RGO/Content/ModularSciFi/Textures/Bedrock/T_Bedrock_basecolor.uexp" 1634
"C:/Users/Stanislav/Documents/Unreal Projects/RGO/Content/ModularSciFi/Textures/Bedrock/T_Bedrock_normal.ubulk" 1635
"C:/Users/Stanislav/Documents/Unreal Projects/RGO/Content/ModularSciFi/Textures/Bedrock/T_Bedrock_normal.uasset" 1636
"C:/Users/Stanislav/Documents/Unreal Projects/RGO/Content/ModularSciFi/Textures/Bedrock/T_Bedrock_normal.uexp" 1637
"C:/Users/Stanislav/Documents/Unreal Projects/RGO/Content/ModularSciFi/Textures/Bedrock/T_Bedrock_roughness.ubulk" 1638
"C:/Users/Stanislav/Documents/Unreal Projects/RGO/Content/ModularSciFi/Textures/Bedrock/T_Bedrock_roughness.uasset" 1639
"C:/Users/Stanislav/Documents/Unreal Projects/RGO/Content/ModularSciFi/Textures/Bedrock/T_Bedrock_roughness.uexp" 1640
"C:/Users/Stanislav/Documents/Unreal Projects/RGO/Content/ModularSciFi/Textures/Bedrock/T_Bedrock_height.ubulk" 1641
"C:/Users/Stanislav/Documents/Unreal Projects/RGO/Content/ModularSciFi/Textures/Bedrock/T_Bedrock_height.uasset" 1642
"C:/Users/Stanislav/Documents/Unreal Projects/RGO/Content/ModularSciFi/Textures/Bedrock/T_Bedrock_height.uexp" 1643
"C:/Users/Stanislav/Documents/Unreal Projects/RGO/Content/ModularSciFi/Textures/Graysand/T_Graysand_height.ubulk" 1644
"C:/Users/Stanislav/Documents/Unreal Projects/RGO/Content/ModularSciFi/Textures/Graysand/T_Graysand_height.uasset" 1645
"C:/Users/Stanislav/Documents/Unreal Projects/RGO/Content/ModularSciFi/Textures/Graysand/T_Graysand_height.uexp" 1646
"C:/Users/Stanislav/Documents/Unreal Projects/RGO/Content/ModularSciFi/Textures/Landscape/T_RocksDecal_ambientocclusion.ubulk" 1647
"C:/Users/Stanislav/Documents/Unreal Projects/RGO/Content/ModularSciFi/Textures/Landscape/T_RocksDecal_ambientocclusion.uasset" 1648
"C:/Users/Stanislav/Documents/Unreal Projects/RGO/Content/ModularSciFi/Textures/Landscape/T_RocksDecal_ambientocclusion.uexp" 1649
"C:/Users/Stanislav/Documents/Unreal Projects/RGO/Content/ModularSciFi/Textures/Landscape/T_RocksDecal_basecolor.ubulk" 1650
"C:/Users/Stanislav/Documents/Unreal Projects/RGO/Content/ModularSciFi/Textures/Landscape/T_RocksDecal_basecolor.uasset" 1651
"C:/Users/Stanislav/Documents/Unreal Projects/RGO/Content/ModularSciFi/Textures/Landscape/T_RocksDecal_basecolor.uexp" 1652
"C:/Users/Stanislav/Documents/Unreal Projects/RGO/Content/ModularSciFi/Textures/Landscape/T_RocksDecal_height.ubulk" 1653
"C:/Users/Stanislav/Documents/Unreal Projects/RGO/Content/ModularSciFi/Textures/Landscape/T_RocksDecal_height.uasset" 1654
"C:/Users/Stanislav/Documents/Unreal Projects/RGO/Content/ModularSciFi/Textures/Landscape/T_RocksDecal_height.uexp" 1655
"C:/Users/Stanislav/Documents/Unreal Projects/RGO/Content/ModularSciFi/Textures/Landscape/T_RocksDecal_normal.ubulk" 1656
"C:/Users/Stanislav/Documents/Unreal Projects/RGO/Content/ModularSciFi/Textures/Landscape/T_RocksDecal_normal.uasset" 1657
"C:/Users/Stanislav/Documents/Unreal Projects/RGO/Content/ModularSciFi/Textures/Landscape/T_RocksDecal_normal.uexp" 1658
"C:/Users/Stanislav/Documents/Unreal Projects/RGO/Content/ModularSciFi/Textures/Graysand/T_Graysand_ambientocclusion.ubulk" 1659
"C:/Users/Stanislav/Documents/Unreal Projects/RGO/Content/ModularSciFi/Textures/Graysand/T_Graysand_ambientocclusion.uasset" 1660
"C:/Users/Stanislav/Documents/Unreal Projects/RGO/Content/ModularSciFi/Textures/Graysand/T_Graysand_ambientocclusion.uexp" 1661
"C:/Users/Stanislav/Documents/Unreal Projects/RGO/Content/ModularSciFi/Textures/Graysand/T_Graysand_basecolor.ubulk" 1662
"C:/Users/Stanislav/Documents/Unreal Projects/RGO/Content/ModularSciFi/Textures/Graysand/T_Graysand_basecolor.uasset" 1663
"C:/Users/Stanislav/Documents/Unreal Projects/RGO/Content/ModularSciFi/Textures/Graysand/T_Graysand_basecolor.uexp" 1664
"C:/Users/Stanislav/Documents/Unreal Projects/RGO/Content/ModularSciFi/Textures/Graysand/T_Graysand_normal.ubulk" 1665
"C:/Users/Stanislav/Documents/Unreal Projects/RGO/Content/ModularSciFi/Textures/Graysand/T_Graysand_normal.uasset" 1666
"C:/Users/Stanislav/Documents/Unreal Projects/RGO/Content/ModularSciFi/Textures/Graysand/T_Graysand_normal.uexp" 1667
"C:/Users/Stanislav/Documents/Unreal Projects/RGO/Content/ModularSciFi/Textures/Graysand/T_Graysand_roughness.ubulk" 1668
"C:/Users/Stanislav/Documents/Unreal Projects/RGO/Content/ModularSciFi/Textures/Graysand/T_Graysand_roughness.uasset" 1669
"C:/Users/Stanislav/Documents/Unreal Projects/RGO/Content/ModularSciFi/Textures/Graysand/T_Graysand_roughness.uexp" 1670
"C:/Users/Stanislav/Documents/Unreal Projects/RGO/Content/ModularSciFi/Textures/Landscape/T_TerrainNormals_CurvatureMap.ubulk" 1671
"C:/Users/Stanislav/Documents/Unreal Projects/RGO/Content/ModularSciFi/Textures/Landscape/T_TerrainNormals_CurvatureMap.uasset" 1672
"C:/Users/Stanislav/Documents/Unreal Projects/RGO/Content/ModularSciFi/Textures/Landscape/T_TerrainNormals_CurvatureMap.uexp" 1673
"C:/Users/Stanislav/Documents/Unreal Projects/RGO/Content/ModularSciFi/Textures/Landscape/T_TerrainNormals_Maskp.ubulk" 1674
"C:/Users/Stanislav/Documents/Unreal Projects/RGO/Content/ModularSciFi/Textures/Landscape/T_TerrainNormals_Maskp.uasset" 1675
"C:/Users/Stanislav/Documents/Unreal Projects/RGO/Content/ModularSciFi/Textures/Landscape/T_TerrainNormals_Maskp.uexp" 1676
"C:/Users/Stanislav/Documents/Unreal Projects/RGO/Content/ModularSciFi/Textures/Landscape/T_TerrainNormals_normal.ubulk" 1677
"C:/Users/Stanislav/Documents/Unreal Projects/RGO/Content/ModularSciFi/Textures/Landscape/T_TerrainNormals_normal.uasset" 1678
"C:/Users/Stanislav/Documents/Unreal Projects/RGO/Content/ModularSciFi/Textures/Landscape/T_TerrainNormals_normal.uexp" 1679
"C:/Users/Stanislav/Documents/Unreal Projects/RGO/Content/ModularSciFi/Textures/Landscape/T_Terrain_Normal_2.ubulk" 1680
"C:/Users/Stanislav/Documents/Unreal Projects/RGO/Content/ModularSciFi/Textures/Landscape/T_Terrain_Normal_2.uasset" 1681
"C:/Users/Stanislav/Documents/Unreal Projects/RGO/Content/ModularSciFi/Textures/Landscape/T_Terrain_Normal_2.uexp" 1682
"C:/Users/Stanislav/Documents/Unreal Projects/RGO/Content/ModularSciFi/Textures/SharedTextures/T_GradientMap.ubulk" 1683
"C:/Users/Stanislav/Documents/Unreal Projects/RGO/Content/ModularSciFi/Textures/SharedTextures/T_GradientMap.uasset" 1684
"C:/Users/Stanislav/Documents/Unreal Projects/RGO/Content/ModularSciFi/Textures/SharedTextures/T_GradientMap.uexp" 1685
"C:/Users/Stanislav/Documents/Unreal Projects/RGO/Content/ModularSciFi/Materials/Landscape/M_LandScapeMaterial.uasset" 1686
"C:/Users/Stanislav/Documents/Unreal Projects/RGO/Content/ModularSciFi/Materials/Landscape/M_LandScapeMaterial.uexp" 1687
"C:/Users/Stanislav/Documents/Unreal Projects/RGO/Content/ModularSciFi/Materials/Landscape/MI_LandScapeMaterial_Inst.uasset" 1688
"C:/Users/Stanislav/Documents/Unreal Projects/RGO/Content/ModularSciFi/Materials/Landscape/MI_LandScapeMaterial_Inst.uexp" 1689
"C:/Users/Stanislav/Documents/Unreal Projects/RGO/Content/ModularSciFi/Textures/Offroad/T_Offroad_Curvature.ubulk" 1690
"C:/Users/Stanislav/Documents/Unreal Projects/RGO/Content/ModularSciFi/Textures/Offroad/T_Offroad_Curvature.uasset" 1691
"C:/Users/Stanislav/Documents/Unreal Projects/RGO/Content/ModularSciFi/Textures/Offroad/T_Offroad_Curvature.uexp" 1692
"C:/Users/Stanislav/Documents/Unreal Projects/RGO/Content/ModularSciFi/Textures/Offroad/T_Offroad_Normal.ubulk" 1693
"C:/Users/Stanislav/Documents/Unreal Projects/RGO/Content/ModularSciFi/Textures/Offroad/T_Offroad_Normal.uasset" 1694
"C:/Users/Stanislav/Documents/Unreal Projects/RGO/Content/ModularSciFi/Textures/Offroad/T_Offroad_Normal.uexp" 1695
"C:/Users/Stanislav/Documents/Unreal Projects/RGO/Content/ModularSciFi/Textures/Offroad/T_Offroad_Mask.ubulk" 1696
"C:/Users/Stanislav/Documents/Unreal Projects/RGO/Content/ModularSciFi/Textures/Offroad/T_Offroad_Mask.uasset" 1697
"C:/Users/Stanislav/Documents/Unreal Projects/RGO/Content/ModularSciFi/Textures/Offroad/T_Offroad_Mask.uexp" 1698
"C:/Users/Stanislav/Documents/Unreal Projects/RGO/Content/ModularSciFi/Materials/OffroadDecal/M_OffroadDecal.uasset" 1699
"C:/Users/Stanislav/Documents/Unreal Projects/RGO/Content/ModularSciFi/Materials/OffroadDecal/M_OffroadDecal.uexp" 1700
"C:/Users/Stanislav/Documents/Unreal Projects/RGO/Content/ModularSciFi/Materials/OffroadDecal/MI_OffroadDecal.uasset" 1701
"C:/Users/Stanislav/Documents/Unreal Projects/RGO/Content/ModularSciFi/Materials/OffroadDecal/MI_OffroadDecal.uexp" 1702
"C:/Users/Stanislav/Documents/Unreal Projects/RGO/Content/ModularSciFi/Materials/PaintedMetal/MI_PaintedMetal1Indoor.uasset" 1703
"C:/Users/Stanislav/Documents/Unreal Projects/RGO/Content/ModularSciFi/Materials/PaintedMetal/MI_PaintedMetal1Indoor.uexp" 1704
"C:/Users/Stanislav/Documents/Unreal Projects/RGO/Content/ModularSciFi/Materials/PaintedMetal/MI_PaintedMetal2Indoor.uasset" 1705
"C:/Users/Stanislav/Documents/Unreal Projects/RGO/Content/ModularSciFi/Materials/PaintedMetal/MI_PaintedMetal2Indoor.uexp" 1706
"C:/Users/Stanislav/Documents/Unreal Projects/RGO/Content/ModularSciFi/Materials/PaintedMetal/MI_PaintedMetal3.uasset" 1707
"C:/Users/Stanislav/Documents/Unreal Projects/RGO/Content/ModularSciFi/Materials/PaintedMetal/MI_PaintedMetal3.uexp" 1708
"../../../Engine/Content/Functions/Engine_MaterialFunctions02/Math/TimeWithSpeedVariable.uasset" 1709
"../../../Engine/Content/Functions/Engine_MaterialFunctions02/Math/TimeWithSpeedVariable.uexp" 1710
"../../../Engine/Content/Functions/Engine_MaterialFunctions02/Lerp_Multiple_Float3.uasset" 1711
"../../../Engine/Content/Functions/Engine_MaterialFunctions02/Lerp_Multiple_Float3.uexp" 1712
"C:/Users/Stanislav/Documents/Unreal Projects/RGO/Content/ModularSciFi/Textures/Puddles/T_Puddle_1.ubulk" 1713
"C:/Users/Stanislav/Documents/Unreal Projects/RGO/Content/ModularSciFi/Textures/Puddles/T_Puddle_1.uasset" 1714
"C:/Users/Stanislav/Documents/Unreal Projects/RGO/Content/ModularSciFi/Textures/Puddles/T_Puddle_1.uexp" 1715
"C:/Users/Stanislav/Documents/Unreal Projects/RGO/Content/ModularSciFi/Textures/Puddles/T_Puddle_1_Mask.ubulk" 1716
"C:/Users/Stanislav/Documents/Unreal Projects/RGO/Content/ModularSciFi/Textures/Puddles/T_Puddle_1_Mask.uasset" 1717
"C:/Users/Stanislav/Documents/Unreal Projects/RGO/Content/ModularSciFi/Textures/Puddles/T_Puddle_1_Mask.uexp" 1718
"C:/Users/Stanislav/Documents/Unreal Projects/RGO/Content/ModularSciFi/Materials/Puddles/M_PuddleDecal_NoNormal.uasset" 1719
"C:/Users/Stanislav/Documents/Unreal Projects/RGO/Content/ModularSciFi/Materials/Puddles/M_PuddleDecal_NoNormal.uexp" 1720
"C:/Users/Stanislav/Documents/Unreal Projects/RGO/Content/ModularSciFi/Materials/Puddles/MI_Puddle_1.uasset" 1721
"C:/Users/Stanislav/Documents/Unreal Projects/RGO/Content/ModularSciFi/Materials/Puddles/MI_Puddle_1.uexp" 1722
"C:/Users/Stanislav/Documents/Unreal Projects/RGO/Content/ModularSciFi/Materials/Puddles/M_PuddleDecal.uasset" 1723
"C:/Users/Stanislav/Documents/Unreal Projects/RGO/Content/ModularSciFi/Materials/Puddles/M_PuddleDecal.uexp" 1724
"C:/Users/Stanislav/Documents/Unreal Projects/RGO/Content/ModularSciFi/Materials/Puddles/MI_Puddle_1_Wet.uasset" 1725
"C:/Users/Stanislav/Documents/Unreal Projects/RGO/Content/ModularSciFi/Materials/Puddles/MI_Puddle_1_Wet.uexp" 1726
"C:/Users/Stanislav/Documents/Unreal Projects/RGO/Content/ModularSciFi/Textures/Puddles/T_Puddle_2.ubulk" 1727
"C:/Users/Stanislav/Documents/Unreal Projects/RGO/Content/ModularSciFi/Textures/Puddles/T_Puddle_2.uasset" 1728
"C:/Users/Stanislav/Documents/Unreal Projects/RGO/Content/ModularSciFi/Textures/Puddles/T_Puddle_2.uexp" 1729
"C:/Users/Stanislav/Documents/Unreal Projects/RGO/Content/ModularSciFi/Textures/Puddles/T_Puddle_2_Mask.ubulk" 1730
"C:/Users/Stanislav/Documents/Unreal Projects/RGO/Content/ModularSciFi/Textures/Puddles/T_Puddle_2_Mask.uasset" 1731
"C:/Users/Stanislav/Documents/Unreal Projects/RGO/Content/ModularSciFi/Textures/Puddles/T_Puddle_2_Mask.uexp" 1732
"C:/Users/Stanislav/Documents/Unreal Projects/RGO/Content/ModularSciFi/Materials/Puddles/MI_Puddle_2_Wet.uasset" 1733
"C:/Users/Stanislav/Documents/Unreal Projects/RGO/Content/ModularSciFi/Materials/Puddles/MI_Puddle_2_Wet.uexp" 1734
"C:/Users/Stanislav/Documents/Unreal Projects/RGO/Content/ModularSciFi/Textures/Puddles/T_Puddle_3.ubulk" 1735
"C:/Users/Stanislav/Documents/Unreal Projects/RGO/Content/ModularSciFi/Textures/Puddles/T_Puddle_3.uasset" 1736
"C:/Users/Stanislav/Documents/Unreal Projects/RGO/Content/ModularSciFi/Textures/Puddles/T_Puddle_3.uexp" 1737
"C:/Users/Stanislav/Documents/Unreal Projects/RGO/Content/ModularSciFi/Textures/Puddles/T_Puddle_3_Mask.ubulk" 1738
"C:/Users/Stanislav/Documents/Unreal Projects/RGO/Content/ModularSciFi/Textures/Puddles/T_Puddle_3_Mask.uasset" 1739
"C:/Users/Stanislav/Documents/Unreal Projects/RGO/Content/ModularSciFi/Textures/Puddles/T_Puddle_3_Mask.uexp" 1740
"C:/Users/Stanislav/Documents/Unreal Projects/RGO/Content/ModularSciFi/Materials/Puddles/MI_Puddle_3_Wet.uasset" 1741
"C:/Users/Stanislav/Documents/Unreal Projects/RGO/Content/ModularSciFi/Materials/Puddles/MI_Puddle_3_Wet.uexp" 1742
"C:/Users/Stanislav/Documents/Unreal Projects/RGO/Content/ModularSciFi/Materials/Puddles/MI_Puddle_3_Wet_Toxic.uasset" 1743
"C:/Users/Stanislav/Documents/Unreal Projects/RGO/Content/ModularSciFi/Materials/Puddles/MI_Puddle_3_Wet_Toxic.uexp" 1744
"../../../Engine/Content/EngineDebugMaterials/HeatmapGradient.ubulk" 1745
"../../../Engine/Content/EngineDebugMaterials/HeatmapGradient.uasset" 1746
"../../../Engine/Content/EngineDebugMaterials/HeatmapGradient.uexp" 1747
"../../../Engine/Content/Functions/Engine_MaterialFunctions01/ImageAdjustment/CheapContrast_RGB.uasset" 1748
"../../../Engine/Content/Functions/Engine_MaterialFunctions01/ImageAdjustment/CheapContrast_RGB.uexp" 1749
"C:/Users/Stanislav/Documents/Unreal Projects/RGO/Content/ModularSciFi/Textures/CloudNoise/T_CloudNoise.ubulk" 1750
"C:/Users/Stanislav/Documents/Unreal Projects/RGO/Content/ModularSciFi/Textures/CloudNoise/T_CloudNoise.uasset" 1751
"C:/Users/Stanislav/Documents/Unreal Projects/RGO/Content/ModularSciFi/Textures/CloudNoise/T_CloudNoise.uexp" 1752
"C:/Users/Stanislav/Documents/Unreal Projects/RGO/Content/ModularSciFi/Textures/Skybox/T_SkyboxTexture.uasset" 1753
"C:/Users/Stanislav/Documents/Unreal Projects/RGO/Content/ModularSciFi/Textures/Skybox/T_SkyboxTexture.uexp" 1754
"C:/Users/Stanislav/Documents/Unreal Projects/RGO/Content/ModularSciFi/Materials/Skybox/M_Skybox.uasset" 1755
"C:/Users/Stanislav/Documents/Unreal Projects/RGO/Content/ModularSciFi/Materials/Skybox/M_Skybox.uexp" 1756
"C:/Users/Stanislav/Documents/Unreal Projects/RGO/Content/ModularSciFi/Materials/Skybox/MI_Skybox_Inst.uasset" 1757
"C:/Users/Stanislav/Documents/Unreal Projects/RGO/Content/ModularSciFi/Materials/Skybox/MI_Skybox_Inst.uexp" 1758
"C:/Users/Stanislav/Documents/Unreal Projects/RGO/Content/ModularSciFi/Textures/SharedTextures/T_BlackBlank.ubulk" 1759
"C:/Users/Stanislav/Documents/Unreal Projects/RGO/Content/ModularSciFi/Textures/SharedTextures/T_BlackBlank.uasset" 1760
"C:/Users/Stanislav/Documents/Unreal Projects/RGO/Content/ModularSciFi/Textures/SharedTextures/T_BlackBlank.uexp" 1761
"C:/Users/Stanislav/Documents/Unreal Projects/RGO/Content/ModularSciFi/Textures/TubesTrim/T_TubesTrim_Mixed_AO.ubulk" 1762
"C:/Users/Stanislav/Documents/Unreal Projects/RGO/Content/ModularSciFi/Textures/TubesTrim/T_TubesTrim_Mixed_AO.uasset" 1763
"C:/Users/Stanislav/Documents/Unreal Projects/RGO/Content/ModularSciFi/Textures/TubesTrim/T_TubesTrim_Mixed_AO.uexp" 1764
"C:/Users/Stanislav/Documents/Unreal Projects/RGO/Content/ModularSciFi/Textures/TubesTrim/T_TubesTrim_Normal_OpenGL.ubulk" 1765
"C:/Users/Stanislav/Documents/Unreal Projects/RGO/Content/ModularSciFi/Textures/TubesTrim/T_TubesTrim_Normal_OpenGL.uasset" 1766
"C:/Users/Stanislav/Documents/Unreal Projects/RGO/Content/ModularSciFi/Textures/TubesTrim/T_TubesTrim_Normal_OpenGL.uexp" 1767
"C:/Users/Stanislav/Documents/Unreal Projects/RGO/Content/ModularSciFi/Textures/TubesTrim/T_TubesTrim_Base_Color.ubulk" 1768
"C:/Users/Stanislav/Documents/Unreal Projects/RGO/Content/ModularSciFi/Textures/TubesTrim/T_TubesTrim_Base_Color.uasset" 1769
"C:/Users/Stanislav/Documents/Unreal Projects/RGO/Content/ModularSciFi/Textures/TubesTrim/T_TubesTrim_Base_Color.uexp" 1770
"C:/Users/Stanislav/Documents/Unreal Projects/RGO/Content/ModularSciFi/Textures/TubesTrim/T_TubesTrim_Metallic.ubulk" 1771
"C:/Users/Stanislav/Documents/Unreal Projects/RGO/Content/ModularSciFi/Textures/TubesTrim/T_TubesTrim_Metallic.uasset" 1772
"C:/Users/Stanislav/Documents/Unreal Projects/RGO/Content/ModularSciFi/Textures/TubesTrim/T_TubesTrim_Metallic.uexp" 1773
"C:/Users/Stanislav/Documents/Unreal Projects/RGO/Content/ModularSciFi/Textures/TubesTrim/T_TubesTrim_Roughness.ubulk" 1774
"C:/Users/Stanislav/Documents/Unreal Projects/RGO/Content/ModularSciFi/Textures/TubesTrim/T_TubesTrim_Roughness.uasset" 1775
"C:/Users/Stanislav/Documents/Unreal Projects/RGO/Content/ModularSciFi/Textures/TubesTrim/T_TubesTrim_Roughness.uexp" 1776
"C:/Users/Stanislav/Documents/Unreal Projects/RGO/Content/ModularSciFi/Materials/TubesTrim/MI_TubeTrim1.uasset" 1777
"C:/Users/Stanislav/Documents/Unreal Projects/RGO/Content/ModularSciFi/Materials/TubesTrim/MI_TubeTrim1.uexp" 1778
"C:/Users/Stanislav/Documents/Unreal Projects/RGO/Content/ModularSciFi/Textures/Bubbles/T_BubblesNormal.ubulk" 1779
"C:/Users/Stanislav/Documents/Unreal Projects/RGO/Content/ModularSciFi/Textures/Bubbles/T_BubblesNormal.uasset" 1780
"C:/Users/Stanislav/Documents/Unreal Projects/RGO/Content/ModularSciFi/Textures/Bubbles/T_BubblesNormal.uexp" 1781
"C:/Users/Stanislav/Documents/Unreal Projects/RGO/Content/ModularSciFi/Textures/SharedTextures/T_CloudNoise_2.ubulk" 1782
"C:/Users/Stanislav/Documents/Unreal Projects/RGO/Content/ModularSciFi/Textures/SharedTextures/T_CloudNoise_2.uasset" 1783
"C:/Users/Stanislav/Documents/Unreal Projects/RGO/Content/ModularSciFi/Textures/SharedTextures/T_CloudNoise_2.uexp" 1784
"C:/Users/Stanislav/Documents/Unreal Projects/RGO/Content/ModularSciFi/Textures/SharedTextures/T_PerlinGradientMap.ubulk" 1785
"C:/Users/Stanislav/Documents/Unreal Projects/RGO/Content/ModularSciFi/Textures/SharedTextures/T_PerlinGradientMap.uasset" 1786
"C:/Users/Stanislav/Documents/Unreal Projects/RGO/Content/ModularSciFi/Textures/SharedTextures/T_PerlinGradientMap.uexp" 1787
"C:/Users/Stanislav/Documents/Unreal Projects/RGO/Content/ModularSciFi/Textures/SharedTextures/T_PerlinGradientMapNormal.ubulk" 1788
"C:/Users/Stanislav/Documents/Unreal Projects/RGO/Content/ModularSciFi/Textures/SharedTextures/T_PerlinGradientMapNormal.uasset" 1789
"C:/Users/Stanislav/Documents/Unreal Projects/RGO/Content/ModularSciFi/Textures/SharedTextures/T_PerlinGradientMapNormal.uexp" 1790
"C:/Users/Stanislav/Documents/Unreal Projects/RGO/Content/ModularSciFi/Textures/Water/T_WaterDirt_ambientocclusion.ubulk" 1791
"C:/Users/Stanislav/Documents/Unreal Projects/RGO/Content/ModularSciFi/Textures/Water/T_WaterDirt_ambientocclusion.uasset" 1792
"C:/Users/Stanislav/Documents/Unreal Projects/RGO/Content/ModularSciFi/Textures/Water/T_WaterDirt_ambientocclusion.uexp" 1793
"C:/Users/Stanislav/Documents/Unreal Projects/RGO/Content/ModularSciFi/Textures/Water/T_WaterDirt_basecolor.ubulk" 1794
"C:/Users/Stanislav/Documents/Unreal Projects/RGO/Content/ModularSciFi/Textures/Water/T_WaterDirt_basecolor.uasset" 1795
"C:/Users/Stanislav/Documents/Unreal Projects/RGO/Content/ModularSciFi/Textures/Water/T_WaterDirt_basecolor.uexp" 1796
"C:/Users/Stanislav/Documents/Unreal Projects/RGO/Content/ModularSciFi/Textures/Water/T_WaterDirt_height.ubulk" 1797
"C:/Users/Stanislav/Documents/Unreal Projects/RGO/Content/ModularSciFi/Textures/Water/T_WaterDirt_height.uasset" 1798
"C:/Users/Stanislav/Documents/Unreal Projects/RGO/Content/ModularSciFi/Textures/Water/T_WaterDirt_height.uexp" 1799
"C:/Users/Stanislav/Documents/Unreal Projects/RGO/Content/ModularSciFi/Textures/Water/T_WaterDirt_normal.ubulk" 1800
"C:/Users/Stanislav/Documents/Unreal Projects/RGO/Content/ModularSciFi/Textures/Water/T_WaterDirt_normal.uasset" 1801
"C:/Users/Stanislav/Documents/Unreal Projects/RGO/Content/ModularSciFi/Textures/Water/T_WaterDirt_normal.uexp" 1802
"C:/Users/Stanislav/Documents/Unreal Projects/RGO/Content/ModularSciFi/Textures/Water/T_WaterDirt_roughness.ubulk" 1803
"C:/Users/Stanislav/Documents/Unreal Projects/RGO/Content/ModularSciFi/Textures/Water/T_WaterDirt_roughness.uasset" 1804
"C:/Users/Stanislav/Documents/Unreal Projects/RGO/Content/ModularSciFi/Textures/Water/T_WaterDirt_roughness.uexp" 1805
"C:/Users/Stanislav/Documents/Unreal Projects/RGO/Content/ModularSciFi/Textures/Water/T_WaterFoam.ubulk" 1806
"C:/Users/Stanislav/Documents/Unreal Projects/RGO/Content/ModularSciFi/Textures/Water/T_WaterFoam.uasset" 1807
"C:/Users/Stanislav/Documents/Unreal Projects/RGO/Content/ModularSciFi/Textures/Water/T_WaterFoam.uexp" 1808
"C:/Users/Stanislav/Documents/Unreal Projects/RGO/Content/ModularSciFi/Materials/WaterPlane/M_WaterPlane.uasset" 1809
"C:/Users/Stanislav/Documents/Unreal Projects/RGO/Content/ModularSciFi/Materials/WaterPlane/M_WaterPlane.uexp" 1810
"C:/Users/Stanislav/Documents/Unreal Projects/RGO/Content/ModularSciFi/Materials/WaterPlane/MI_WaterPlane_Inst.uasset" 1811
"C:/Users/Stanislav/Documents/Unreal Projects/RGO/Content/ModularSciFi/Materials/WaterPlane/MI_WaterPlane_Inst.uexp" 1812
"C:/Users/Stanislav/Documents/Unreal Projects/RGO/Content/ModularSciFi/Textures/SharedTextures/T_Wave.ubulk" 1813
"C:/Users/Stanislav/Documents/Unreal Projects/RGO/Content/ModularSciFi/Textures/SharedTextures/T_Wave.uasset" 1814
"C:/Users/Stanislav/Documents/Unreal Projects/RGO/Content/ModularSciFi/Textures/SharedTextures/T_Wave.uexp" 1815
"C:/Users/Stanislav/Documents/Unreal Projects/RGO/Content/ModularSciFi/Textures/SharedTextures/T_Waves.ubulk" 1816
"C:/Users/Stanislav/Documents/Unreal Projects/RGO/Content/ModularSciFi/Textures/SharedTextures/T_Waves.uasset" 1817
"C:/Users/Stanislav/Documents/Unreal Projects/RGO/Content/ModularSciFi/Textures/SharedTextures/T_Waves.uexp" 1818
"C:/Users/Stanislav/Documents/Unreal Projects/RGO/Content/ModularSciFi/Materials/WaterPlane/M_WaterWaves.uasset" 1819
"C:/Users/Stanislav/Documents/Unreal Projects/RGO/Content/ModularSciFi/Materials/WaterPlane/M_WaterWaves.uexp" 1820
"C:/Users/Stanislav/Documents/Unreal Projects/RGO/Content/ModularSciFi/Materials/WaterPlane/MI_WaterWaves.uasset" 1821
"C:/Users/Stanislav/Documents/Unreal Projects/RGO/Content/ModularSciFi/Materials/WaterPlane/MI_WaterWaves.uexp" 1822
"C:/Users/Stanislav/Documents/Unreal Projects/RGO/Content/ModularSciFi/Textures/Rocks/T_Rocks_ao.ubulk" 1823
"C:/Users/Stanislav/Documents/Unreal Projects/RGO/Content/ModularSciFi/Textures/Rocks/T_Rocks_ao.uasset" 1824
"C:/Users/Stanislav/Documents/Unreal Projects/RGO/Content/ModularSciFi/Textures/Rocks/T_Rocks_ao.uexp" 1825
"C:/Users/Stanislav/Documents/Unreal Projects/RGO/Content/ModularSciFi/Textures/Rocks/T_Rocks_curve.ubulk" 1826
"C:/Users/Stanislav/Documents/Unreal Projects/RGO/Content/ModularSciFi/Textures/Rocks/T_Rocks_curve.uasset" 1827
"C:/Users/Stanislav/Documents/Unreal Projects/RGO/Content/ModularSciFi/Textures/Rocks/T_Rocks_curve.uexp" 1828
"C:/Users/Stanislav/Documents/Unreal Projects/RGO/Content/ModularSciFi/Textures/Rocks/T_Rocks_normal.ubulk" 1829
"C:/Users/Stanislav/Documents/Unreal Projects/RGO/Content/ModularSciFi/Textures/Rocks/T_Rocks_normal.uasset" 1830
"C:/Users/Stanislav/Documents/Unreal Projects/RGO/Content/ModularSciFi/Textures/Rocks/T_Rocks_normal.uexp" 1831
"C:/Users/Stanislav/Documents/Unreal Projects/RGO/Content/ModularSciFi/Materials/MasterMaterials/M_RocksMasterMaterial.uasset" 1832
"C:/Users/Stanislav/Documents/Unreal Projects/RGO/Content/ModularSciFi/Materials/MasterMaterials/M_RocksMasterMaterial.uexp" 1833
"C:/Users/Stanislav/Documents/Unreal Projects/RGO/Content/ModularSciFi/Textures/Bedrock/T_BedrockSmall_ambientocclusion.ubulk" 1834
"C:/Users/Stanislav/Documents/Unreal Projects/RGO/Content/ModularSciFi/Textures/Bedrock/T_BedrockSmall_ambientocclusion.uasset" 1835
"C:/Users/Stanislav/Documents/Unreal Projects/RGO/Content/ModularSciFi/Textures/Bedrock/T_BedrockSmall_ambientocclusion.uexp" 1836
"C:/Users/Stanislav/Documents/Unreal Projects/RGO/Content/ModularSciFi/Textures/Bedrock/T_BedrockSmall_basecolor.ubulk" 1837
"C:/Users/Stanislav/Documents/Unreal Projects/RGO/Content/ModularSciFi/Textures/Bedrock/T_BedrockSmall_basecolor.uasset" 1838
"C:/Users/Stanislav/Documents/Unreal Projects/RGO/Content/ModularSciFi/Textures/Bedrock/T_BedrockSmall_basecolor.uexp" 1839
"C:/Users/Stanislav/Documents/Unreal Projects/RGO/Content/ModularSciFi/Textures/Bedrock/T_BedrockSmall_height.ubulk" 1840
"C:/Users/Stanislav/Documents/Unreal Projects/RGO/Content/ModularSciFi/Textures/Bedrock/T_BedrockSmall_height.uasset" 1841
"C:/Users/Stanislav/Documents/Unreal Projects/RGO/Content/ModularSciFi/Textures/Bedrock/T_BedrockSmall_height.uexp" 1842
"C:/Users/Stanislav/Documents/Unreal Projects/RGO/Content/ModularSciFi/Textures/Bedrock/T_BedrockSmall_normal.ubulk" 1843
"C:/Users/Stanislav/Documents/Unreal Projects/RGO/Content/ModularSciFi/Textures/Bedrock/T_BedrockSmall_normal.uasset" 1844
"C:/Users/Stanislav/Documents/Unreal Projects/RGO/Content/ModularSciFi/Textures/Bedrock/T_BedrockSmall_normal.uexp" 1845
"C:/Users/Stanislav/Documents/Unreal Projects/RGO/Content/ModularSciFi/Textures/Bedrock/T_BedrockSmall_roughness.ubulk" 1846
"C:/Users/Stanislav/Documents/Unreal Projects/RGO/Content/ModularSciFi/Textures/Bedrock/T_BedrockSmall_roughness.uasset" 1847
"C:/Users/Stanislav/Documents/Unreal Projects/RGO/Content/ModularSciFi/Textures/Bedrock/T_BedrockSmall_roughness.uexp" 1848
"C:/Users/Stanislav/Documents/Unreal Projects/RGO/Content/ModularSciFi/Textures/Cliffs/T_Cliffs_ao.ubulk" 1849
"C:/Users/Stanislav/Documents/Unreal Projects/RGO/Content/ModularSciFi/Textures/Cliffs/T_Cliffs_ao.uasset" 1850
"C:/Users/Stanislav/Documents/Unreal Projects/RGO/Content/ModularSciFi/Textures/Cliffs/T_Cliffs_ao.uexp" 1851
"C:/Users/Stanislav/Documents/Unreal Projects/RGO/Content/ModularSciFi/Textures/Cliffs/T_Cliffs_curve.ubulk" 1852
"C:/Users/Stanislav/Documents/Unreal Projects/RGO/Content/ModularSciFi/Textures/Cliffs/T_Cliffs_curve.uasset" 1853
"C:/Users/Stanislav/Documents/Unreal Projects/RGO/Content/ModularSciFi/Textures/Cliffs/T_Cliffs_curve.uexp" 1854
"C:/Users/Stanislav/Documents/Unreal Projects/RGO/Content/ModularSciFi/Textures/Cliffs/T_Cliffs_normal.ubulk" 1855
"C:/Users/Stanislav/Documents/Unreal Projects/RGO/Content/ModularSciFi/Textures/Cliffs/T_Cliffs_normal.uasset" 1856
"C:/Users/Stanislav/Documents/Unreal Projects/RGO/Content/ModularSciFi/Textures/Cliffs/T_Cliffs_normal.uexp" 1857
"C:/Users/Stanislav/Documents/Unreal Projects/RGO/Content/ModularSciFi/Materials/Cliffs/MI_Cliffs1.uasset" 1858
"C:/Users/Stanislav/Documents/Unreal Projects/RGO/Content/ModularSciFi/Materials/Cliffs/MI_Cliffs1.uexp" 1859
"C:/Users/Stanislav/Documents/Unreal Projects/RGO/Content/ModularSciFi/StaticMeshes/Cliffs/SM_Cliff_1.ubulk" 1860
"C:/Users/Stanislav/Documents/Unreal Projects/RGO/Content/ModularSciFi/StaticMeshes/Cliffs/SM_Cliff_1.uasset" 1861
"C:/Users/Stanislav/Documents/Unreal Projects/RGO/Content/ModularSciFi/StaticMeshes/Cliffs/SM_Cliff_1.uexp" 1862
"C:/Users/Stanislav/Documents/Unreal Projects/RGO/Content/ModularSciFi/StaticMeshes/Cliffs/SM_Cliff_2.ubulk" 1863
"C:/Users/Stanislav/Documents/Unreal Projects/RGO/Content/ModularSciFi/StaticMeshes/Cliffs/SM_Cliff_2.uasset" 1864
"C:/Users/Stanislav/Documents/Unreal Projects/RGO/Content/ModularSciFi/StaticMeshes/Cliffs/SM_Cliff_2.uexp" 1865
"C:/Users/Stanislav/Documents/Unreal Projects/RGO/Content/ModularSciFi/StaticMeshes/Cliffs/SM_Cliff_3.ubulk" 1866
"C:/Users/Stanislav/Documents/Unreal Projects/RGO/Content/ModularSciFi/StaticMeshes/Cliffs/SM_Cliff_3.uasset" 1867
"C:/Users/Stanislav/Documents/Unreal Projects/RGO/Content/ModularSciFi/StaticMeshes/Cliffs/SM_Cliff_3.uexp" 1868
"C:/Users/Stanislav/Documents/Unreal Projects/RGO/Content/ModularSciFi/Textures/TechProps/T_Props_Emissive.ubulk" 1869
"C:/Users/Stanislav/Documents/Unreal Projects/RGO/Content/ModularSciFi/Textures/TechProps/T_Props_Emissive.uasset" 1870
"C:/Users/Stanislav/Documents/Unreal Projects/RGO/Content/ModularSciFi/Textures/TechProps/T_Props_Emissive.uexp" 1871
"C:/Users/Stanislav/Documents/Unreal Projects/RGO/Content/ModularSciFi/Textures/TechProps/T_Props_Metallic.ubulk" 1872
"C:/Users/Stanislav/Documents/Unreal Projects/RGO/Content/ModularSciFi/Textures/TechProps/T_Props_Metallic.uasset" 1873
"C:/Users/Stanislav/Documents/Unreal Projects/RGO/Content/ModularSciFi/Textures/TechProps/T_Props_Metallic.uexp" 1874
"C:/Users/Stanislav/Documents/Unreal Projects/RGO/Content/ModularSciFi/Textures/TechProps/T_Props_Mixed_AO.ubulk" 1875
"C:/Users/Stanislav/Documents/Unreal Projects/RGO/Content/ModularSciFi/Textures/TechProps/T_Props_Mixed_AO.uasset" 1876
"C:/Users/Stanislav/Documents/Unreal Projects/RGO/Content/ModularSciFi/Textures/TechProps/T_Props_Mixed_AO.uexp" 1877
"C:/Users/Stanislav/Documents/Unreal Projects/RGO/Content/ModularSciFi/Textures/TechProps/T_Props_Normal_OpenGL.ubulk" 1878
"C:/Users/Stanislav/Documents/Unreal Projects/RGO/Content/ModularSciFi/Textures/TechProps/T_Props_Normal_OpenGL.uasset" 1879
"C:/Users/Stanislav/Documents/Unreal Projects/RGO/Content/ModularSciFi/Textures/TechProps/T_Props_Normal_OpenGL.uexp" 1880
"C:/Users/Stanislav/Documents/Unreal Projects/RGO/Content/ModularSciFi/Textures/TechProps/T_Props_Roughness.ubulk" 1881
"C:/Users/Stanislav/Documents/Unreal Projects/RGO/Content/ModularSciFi/Textures/TechProps/T_Props_Roughness.uasset" 1882
"C:/Users/Stanislav/Documents/Unreal Projects/RGO/Content/ModularSciFi/Textures/TechProps/T_Props_Roughness.uexp" 1883
"C:/Users/Stanislav/Documents/Unreal Projects/RGO/Content/ModularSciFi/Textures/TechProps/T_Props_Base_Color.ubulk" 1884
"C:/Users/Stanislav/Documents/Unreal Projects/RGO/Content/ModularSciFi/Textures/TechProps/T_Props_Base_Color.uasset" 1885
"C:/Users/Stanislav/Documents/Unreal Projects/RGO/Content/ModularSciFi/Textures/TechProps/T_Props_Base_Color.uexp" 1886
"C:/Users/Stanislav/Documents/Unreal Projects/RGO/Content/ModularSciFi/Materials/MasterMaterials/M_DiffuseMasterMaterialProps.uasset" 1887
"C:/Users/Stanislav/Documents/Unreal Projects/RGO/Content/ModularSciFi/Materials/MasterMaterials/M_DiffuseMasterMaterialProps.uexp" 1888
"C:/Users/Stanislav/Documents/Unreal Projects/RGO/Content/ModularSciFi/Textures/Contrainers/T_Props_Base_Color.ubulk" 1889
"C:/Users/Stanislav/Documents/Unreal Projects/RGO/Content/ModularSciFi/Textures/Contrainers/T_Props_Base_Color.uasset" 1890
"C:/Users/Stanislav/Documents/Unreal Projects/RGO/Content/ModularSciFi/Textures/Contrainers/T_Props_Base_Color.uexp" 1891
"C:/Users/Stanislav/Documents/Unreal Projects/RGO/Content/ModularSciFi/Materials/Containers/MI_Containers.uasset" 1892
"C:/Users/Stanislav/Documents/Unreal Projects/RGO/Content/ModularSciFi/Materials/Containers/MI_Containers.uexp" 1893
"C:/Users/Stanislav/Documents/Unreal Projects/RGO/Content/ModularSciFi/StaticMeshes/Containers/SM_Barrel_1.ubulk" 1894
"C:/Users/Stanislav/Documents/Unreal Projects/RGO/Content/ModularSciFi/StaticMeshes/Containers/SM_Barrel_1.uasset" 1895
"C:/Users/Stanislav/Documents/Unreal Projects/RGO/Content/ModularSciFi/StaticMeshes/Containers/SM_Barrel_1.uexp" 1896
"C:/Users/Stanislav/Documents/Unreal Projects/RGO/Content/ModularSciFi/StaticMeshes/Containers/SM_Barrel_2.ubulk" 1897
"C:/Users/Stanislav/Documents/Unreal Projects/RGO/Content/ModularSciFi/StaticMeshes/Containers/SM_Barrel_2.uasset" 1898
"C:/Users/Stanislav/Documents/Unreal Projects/RGO/Content/ModularSciFi/StaticMeshes/Containers/SM_Barrel_2.uexp" 1899
"C:/Users/Stanislav/Documents/Unreal Projects/RGO/Content/ModularSciFi/StaticMeshes/Containers/SM_Box_1.ubulk" 1900
"C:/Users/Stanislav/Documents/Unreal Projects/RGO/Content/ModularSciFi/StaticMeshes/Containers/SM_Box_1.uasset" 1901
"C:/Users/Stanislav/Documents/Unreal Projects/RGO/Content/ModularSciFi/StaticMeshes/Containers/SM_Box_1.uexp" 1902
"C:/Users/Stanislav/Documents/Unreal Projects/RGO/Content/ModularSciFi/StaticMeshes/Containers/SM_Box_2.ubulk" 1903
"C:/Users/Stanislav/Documents/Unreal Projects/RGO/Content/ModularSciFi/StaticMeshes/Containers/SM_Box_2.uasset" 1904
"C:/Users/Stanislav/Documents/Unreal Projects/RGO/Content/ModularSciFi/StaticMeshes/Containers/SM_Box_2.uexp" 1905
"C:/Users/Stanislav/Documents/Unreal Projects/RGO/Content/ModularSciFi/StaticMeshes/Containers/SM_Connector_1.ubulk" 1906
"C:/Users/Stanislav/Documents/Unreal Projects/RGO/Content/ModularSciFi/StaticMeshes/Containers/SM_Connector_1.uasset" 1907
"C:/Users/Stanislav/Documents/Unreal Projects/RGO/Content/ModularSciFi/StaticMeshes/Containers/SM_Connector_1.uexp" 1908
"C:/Users/Stanislav/Documents/Unreal Projects/RGO/Content/ModularSciFi/StaticMeshes/DirtPile_1/SM_DirtPile_1.ubulk" 1909
"C:/Users/Stanislav/Documents/Unreal Projects/RGO/Content/ModularSciFi/StaticMeshes/DirtPile_1/SM_DirtPile_1.uasset" 1910
"C:/Users/Stanislav/Documents/Unreal Projects/RGO/Content/ModularSciFi/StaticMeshes/DirtPile_1/SM_DirtPile_1.uexp" 1911
"C:/Users/Stanislav/Documents/Unreal Projects/RGO/Content/ModularSciFi/Textures/Mud/T_Mud2_normal.ubulk" 1912
"C:/Users/Stanislav/Documents/Unreal Projects/RGO/Content/ModularSciFi/Textures/Mud/T_Mud2_normal.uasset" 1913
"C:/Users/Stanislav/Documents/Unreal Projects/RGO/Content/ModularSciFi/Textures/Mud/T_Mud2_normal.uexp" 1914
"C:/Users/Stanislav/Documents/Unreal Projects/RGO/Content/ModularSciFi/Textures/Mud/T_Mud2_Overlay.ubulk" 1915
"C:/Users/Stanislav/Documents/Unreal Projects/RGO/Content/ModularSciFi/Textures/Mud/T_Mud2_Overlay.uasset" 1916
"C:/Users/Stanislav/Documents/Unreal Projects/RGO/Content/ModularSciFi/Textures/Mud/T_Mud2_Overlay.uexp" 1917
"C:/Users/Stanislav/Documents/Unreal Projects/RGO/Content/ModularSciFi/Materials/DirtPiles/MI_DirtPile2.uasset" 1918
"C:/Users/Stanislav/Documents/Unreal Projects/RGO/Content/ModularSciFi/Materials/DirtPiles/MI_DirtPile2.uexp" 1919
"C:/Users/Stanislav/Documents/Unreal Projects/RGO/Content/ModularSciFi/StaticMeshes/DirtPile_2/SM_DirtPile_2.ubulk" 1920
"C:/Users/Stanislav/Documents/Unreal Projects/RGO/Content/ModularSciFi/StaticMeshes/DirtPile_2/SM_DirtPile_2.uasset" 1921
"C:/Users/Stanislav/Documents/Unreal Projects/RGO/Content/ModularSciFi/StaticMeshes/DirtPile_2/SM_DirtPile_2.uexp" 1922
"../../../Engine/Content/Functions/Engine_MaterialFunctions01/WorldPositionOffset/SimpleGrassWind.uasset" 1923
"../../../Engine/Content/Functions/Engine_MaterialFunctions01/WorldPositionOffset/SimpleGrassWind.uexp" 1924
"C:/Users/Stanislav/Documents/Unreal Projects/RGO/Content/ModularSciFi/Textures/Grass/T_Grass_normal.ubulk" 1925
"C:/Users/Stanislav/Documents/Unreal Projects/RGO/Content/ModularSciFi/Textures/Grass/T_Grass_normal.uasset" 1926
"C:/Users/Stanislav/Documents/Unreal Projects/RGO/Content/ModularSciFi/Textures/Grass/T_Grass_normal.uexp" 1927
"C:/Users/Stanislav/Documents/Unreal Projects/RGO/Content/ModularSciFi/Textures/Grass/T_Grass_alpha.ubulk" 1928
"C:/Users/Stanislav/Documents/Unreal Projects/RGO/Content/ModularSciFi/Textures/Grass/T_Grass_alpha.uasset" 1929
"C:/Users/Stanislav/Documents/Unreal Projects/RGO/Content/ModularSciFi/Textures/Grass/T_Grass_alpha.uexp" 1930
"C:/Users/Stanislav/Documents/Unreal Projects/RGO/Content/ModularSciFi/Textures/Grass/T_Grass_ambientocclusion.ubulk" 1931
"C:/Users/Stanislav/Documents/Unreal Projects/RGO/Content/ModularSciFi/Textures/Grass/T_Grass_ambientocclusion.uasset" 1932
"C:/Users/Stanislav/Documents/Unreal Projects/RGO/Content/ModularSciFi/Textures/Grass/T_Grass_ambientocclusion.uexp" 1933
"C:/Users/Stanislav/Documents/Unreal Projects/RGO/Content/ModularSciFi/Textures/Grass/T_Grass_basecolor.ubulk" 1934
"C:/Users/Stanislav/Documents/Unreal Projects/RGO/Content/ModularSciFi/Textures/Grass/T_Grass_basecolor.uasset" 1935
"C:/Users/Stanislav/Documents/Unreal Projects/RGO/Content/ModularSciFi/Textures/Grass/T_Grass_basecolor.uexp" 1936
"C:/Users/Stanislav/Documents/Unreal Projects/RGO/Content/ModularSciFi/Textures/Grass/T_Grass_roughness.ubulk" 1937
"C:/Users/Stanislav/Documents/Unreal Projects/RGO/Content/ModularSciFi/Textures/Grass/T_Grass_roughness.uasset" 1938
"C:/Users/Stanislav/Documents/Unreal Projects/RGO/Content/ModularSciFi/Textures/Grass/T_Grass_roughness.uexp" 1939
"C:/Users/Stanislav/Documents/Unreal Projects/RGO/Content/ModularSciFi/Materials/Glass/M_Grass_Simple.uasset" 1940
"C:/Users/Stanislav/Documents/Unreal Projects/RGO/Content/ModularSciFi/Materials/Glass/M_Grass_Simple.uexp" 1941
"C:/Users/Stanislav/Documents/Unreal Projects/RGO/Content/ModularSciFi/Materials/Glass/MI_Grass.uasset" 1942
"C:/Users/Stanislav/Documents/Unreal Projects/RGO/Content/ModularSciFi/Materials/Glass/MI_Grass.uexp" 1943
"C:/Users/Stanislav/Documents/Unreal Projects/RGO/Content/ModularSciFi/StaticMeshes/Grass/SM_GrassSingle_1.ubulk" 1944
"C:/Users/Stanislav/Documents/Unreal Projects/RGO/Content/ModularSciFi/StaticMeshes/Grass/SM_GrassSingle_1.uasset" 1945
"C:/Users/Stanislav/Documents/Unreal Projects/RGO/Content/ModularSciFi/StaticMeshes/Grass/SM_GrassSingle_1.uexp" 1946
"C:/Users/Stanislav/Documents/Unreal Projects/RGO/Content/ModularSciFi/StaticMeshes/Grass/SM_GrassSingle_2.ubulk" 1947
"C:/Users/Stanislav/Documents/Unreal Projects/RGO/Content/ModularSciFi/StaticMeshes/Grass/SM_GrassSingle_2.uasset" 1948
"C:/Users/Stanislav/Documents/Unreal Projects/RGO/Content/ModularSciFi/StaticMeshes/Grass/SM_GrassSingle_2.uexp" 1949
"C:/Users/Stanislav/Documents/Unreal Projects/RGO/Content/ModularSciFi/StaticMeshes/Grass/SM_GrassSingle_3.ubulk" 1950
"C:/Users/Stanislav/Documents/Unreal Projects/RGO/Content/ModularSciFi/StaticMeshes/Grass/SM_GrassSingle_3.uasset" 1951
"C:/Users/Stanislav/Documents/Unreal Projects/RGO/Content/ModularSciFi/StaticMeshes/Grass/SM_GrassSingle_3.uexp" 1952
"C:/Users/Stanislav/Documents/Unreal Projects/RGO/Content/ModularSciFi/StaticMeshes/Grass/SM_Plant_3.ubulk" 1953
"C:/Users/Stanislav/Documents/Unreal Projects/RGO/Content/ModularSciFi/StaticMeshes/Grass/SM_Plant_3.uasset" 1954
"C:/Users/Stanislav/Documents/Unreal Projects/RGO/Content/ModularSciFi/StaticMeshes/Grass/SM_Plant_3.uexp" 1955
"C:/Users/Stanislav/Documents/Unreal Projects/RGO/Content/ModularSciFi/StaticMeshes/Grass/SM_Plant_4.ubulk" 1956
"C:/Users/Stanislav/Documents/Unreal Projects/RGO/Content/ModularSciFi/StaticMeshes/Grass/SM_Plant_4.uasset" 1957
"C:/Users/Stanislav/Documents/Unreal Projects/RGO/Content/ModularSciFi/StaticMeshes/Grass/SM_Plant_4.uexp" 1958
"C:/Users/Stanislav/Documents/Unreal Projects/RGO/Content/ModularSciFi/StaticMeshes/Grass/SM_Plant_5.ubulk" 1959
"C:/Users/Stanislav/Documents/Unreal Projects/RGO/Content/ModularSciFi/StaticMeshes/Grass/SM_Plant_5.uasset" 1960
"C:/Users/Stanislav/Documents/Unreal Projects/RGO/Content/ModularSciFi/StaticMeshes/Grass/SM_Plant_5.uexp" 1961
"C:/Users/Stanislav/Documents/Unreal Projects/RGO/Content/ModularSciFi/StaticMeshes/Grass/SM_Plant_6.ubulk" 1962
"C:/Users/Stanislav/Documents/Unreal Projects/RGO/Content/ModularSciFi/StaticMeshes/Grass/SM_Plant_6.uasset" 1963
"C:/Users/Stanislav/Documents/Unreal Projects/RGO/Content/ModularSciFi/StaticMeshes/Grass/SM_Plant_6.uexp" 1964
"C:/Users/Stanislav/Documents/Unreal Projects/RGO/Content/ModularSciFi/Textures/Lamps/T_Lamps_Base_Color.ubulk" 1965
"C:/Users/Stanislav/Documents/Unreal Projects/RGO/Content/ModularSciFi/Textures/Lamps/T_Lamps_Base_Color.uasset" 1966
"C:/Users/Stanislav/Documents/Unreal Projects/RGO/Content/ModularSciFi/Textures/Lamps/T_Lamps_Base_Color.uexp" 1967
"C:/Users/Stanislav/Documents/Unreal Projects/RGO/Content/ModularSciFi/Textures/Lamps/T_Lamps_Emissive.ubulk" 1968
"C:/Users/Stanislav/Documents/Unreal Projects/RGO/Content/ModularSciFi/Textures/Lamps/T_Lamps_Emissive.uasset" 1969
"C:/Users/Stanislav/Documents/Unreal Projects/RGO/Content/ModularSciFi/Textures/Lamps/T_Lamps_Emissive.uexp" 1970
"C:/Users/Stanislav/Documents/Unreal Projects/RGO/Content/ModularSciFi/Textures/Lamps/T_Lamps_Metallic.ubulk" 1971
"C:/Users/Stanislav/Documents/Unreal Projects/RGO/Content/ModularSciFi/Textures/Lamps/T_Lamps_Metallic.uasset" 1972
"C:/Users/Stanislav/Documents/Unreal Projects/RGO/Content/ModularSciFi/Textures/Lamps/T_Lamps_Metallic.uexp" 1973
"C:/Users/Stanislav/Documents/Unreal Projects/RGO/Content/ModularSciFi/Textures/Lamps/T_Lamps_Mixed_AO.ubulk" 1974
"C:/Users/Stanislav/Documents/Unreal Projects/RGO/Content/ModularSciFi/Textures/Lamps/T_Lamps_Mixed_AO.uasset" 1975
"C:/Users/Stanislav/Documents/Unreal Projects/RGO/Content/ModularSciFi/Textures/Lamps/T_Lamps_Mixed_AO.uexp" 1976
"C:/Users/Stanislav/Documents/Unreal Projects/RGO/Content/ModularSciFi/Textures/Lamps/T_Lamps_Normal_OpenGL.ubulk" 1977
"C:/Users/Stanislav/Documents/Unreal Projects/RGO/Content/ModularSciFi/Textures/Lamps/T_Lamps_Normal_OpenGL.uasset" 1978
"C:/Users/Stanislav/Documents/Unreal Projects/RGO/Content/ModularSciFi/Textures/Lamps/T_Lamps_Normal_OpenGL.uexp" 1979
"C:/Users/Stanislav/Documents/Unreal Projects/RGO/Content/ModularSciFi/Textures/Lamps/T_Lamps_Roughness.ubulk" 1980
"C:/Users/Stanislav/Documents/Unreal Projects/RGO/Content/ModularSciFi/Textures/Lamps/T_Lamps_Roughness.uasset" 1981
"C:/Users/Stanislav/Documents/Unreal Projects/RGO/Content/ModularSciFi/Textures/Lamps/T_Lamps_Roughness.uexp" 1982
"C:/Users/Stanislav/Documents/Unreal Projects/RGO/Content/ModularSciFi/Materials/Lamps/MI_Lamps.uasset" 1983
"C:/Users/Stanislav/Documents/Unreal Projects/RGO/Content/ModularSciFi/Materials/Lamps/MI_Lamps.uexp" 1984
"C:/Users/Stanislav/Documents/Unreal Projects/RGO/Content/ModularSciFi/StaticMeshes/Lamps/SM_Lamp_1.ubulk" 1985
"C:/Users/Stanislav/Documents/Unreal Projects/RGO/Content/ModularSciFi/StaticMeshes/Lamps/SM_Lamp_1.uasset" 1986
"C:/Users/Stanislav/Documents/Unreal Projects/RGO/Content/ModularSciFi/StaticMeshes/Lamps/SM_Lamp_1.uexp" 1987
"C:/Users/Stanislav/Documents/Unreal Projects/RGO/Content/ModularSciFi/Materials/Emission/MI_Emission_Common_Lamp.uasset" 1988
"C:/Users/Stanislav/Documents/Unreal Projects/RGO/Content/ModularSciFi/Materials/Emission/MI_Emission_Common_Lamp.uexp" 1989
"C:/Users/Stanislav/Documents/Unreal Projects/RGO/Content/ModularSciFi/Textures/SharedTextures/T_Glass_3.ubulk" 1990
"C:/Users/Stanislav/Documents/Unreal Projects/RGO/Content/ModularSciFi/Textures/SharedTextures/T_Glass_3.uasset" 1991
"C:/Users/Stanislav/Documents/Unreal Projects/RGO/Content/ModularSciFi/Textures/SharedTextures/T_Glass_3.uexp" 1992
"C:/Users/Stanislav/Documents/Unreal Projects/RGO/Content/ModularSciFi/Materials/Glass/M_Glass.uasset" 1993
"C:/Users/Stanislav/Documents/Unreal Projects/RGO/Content/ModularSciFi/Materials/Glass/M_Glass.uexp" 1994
"C:/Users/Stanislav/Documents/Unreal Projects/RGO/Content/ModularSciFi/StaticMeshes/Lamps/SM_Lamp_3.ubulk" 1995
"C:/Users/Stanislav/Documents/Unreal Projects/RGO/Content/ModularSciFi/StaticMeshes/Lamps/SM_Lamp_3.uasset" 1996
"C:/Users/Stanislav/Documents/Unreal Projects/RGO/Content/ModularSciFi/StaticMeshes/Lamps/SM_Lamp_3.uexp" 1997
"C:/Users/Stanislav/Documents/Unreal Projects/RGO/Content/ModularSciFi/StaticMeshes/Lamps/SM_Lamp_4.ubulk" 1998
"C:/Users/Stanislav/Documents/Unreal Projects/RGO/Content/ModularSciFi/StaticMeshes/Lamps/SM_Lamp_4.uasset" 1999
"C:/Users/Stanislav/Documents/Unreal Projects/RGO/Content/ModularSciFi/StaticMeshes/Lamps/SM_Lamp_4.uexp" 2000
"C:/Users/Stanislav/Documents/Unreal Projects/RGO/Content/ModularSciFi/StaticMeshes/Lamps/SM_Lamp_5.ubulk" 2001
"C:/Users/Stanislav/Documents/Unreal Projects/RGO/Content/ModularSciFi/StaticMeshes/Lamps/SM_Lamp_5.uasset" 2002
"C:/Users/Stanislav/Documents/Unreal Projects/RGO/Content/ModularSciFi/StaticMeshes/Lamps/SM_Lamp_5.uexp" 2003
"C:/Users/Stanislav/Documents/Unreal Projects/RGO/Content/ModularSciFi/Textures/Mineral/T_Mineral_ao.ubulk" 2004
"C:/Users/Stanislav/Documents/Unreal Projects/RGO/Content/ModularSciFi/Textures/Mineral/T_Mineral_ao.uasset" 2005
"C:/Users/Stanislav/Documents/Unreal Projects/RGO/Content/ModularSciFi/Textures/Mineral/T_Mineral_ao.uexp" 2006
"C:/Users/Stanislav/Documents/Unreal Projects/RGO/Content/ModularSciFi/Textures/Mineral/T_Mineral_curve.ubulk" 2007
"C:/Users/Stanislav/Documents/Unreal Projects/RGO/Content/ModularSciFi/Textures/Mineral/T_Mineral_curve.uasset" 2008
"C:/Users/Stanislav/Documents/Unreal Projects/RGO/Content/ModularSciFi/Textures/Mineral/T_Mineral_curve.uexp" 2009
"C:/Users/Stanislav/Documents/Unreal Projects/RGO/Content/ModularSciFi/Textures/Mineral/T_Mineral_normal.ubulk" 2010
"C:/Users/Stanislav/Documents/Unreal Projects/RGO/Content/ModularSciFi/Textures/Mineral/T_Mineral_normal.uasset" 2011
"C:/Users/Stanislav/Documents/Unreal Projects/RGO/Content/ModularSciFi/Textures/Mineral/T_Mineral_normal.uexp" 2012
"C:/Users/Stanislav/Documents/Unreal Projects/RGO/Content/ModularSciFi/Materials/Mineral/MI_Mineral_1.uasset" 2013
"C:/Users/Stanislav/Documents/Unreal Projects/RGO/Content/ModularSciFi/Materials/Mineral/MI_Mineral_1.uexp" 2014
"C:/Users/Stanislav/Documents/Unreal Projects/RGO/Content/ModularSciFi/StaticMeshes/Mineral/SM_Mineral_1.ubulk" 2015
"C:/Users/Stanislav/Documents/Unreal Projects/RGO/Content/ModularSciFi/StaticMeshes/Mineral/SM_Mineral_1.uasset" 2016
"C:/Users/Stanislav/Documents/Unreal Projects/RGO/Content/ModularSciFi/StaticMeshes/Mineral/SM_Mineral_1.uexp" 2017
"C:/Users/Stanislav/Documents/Unreal Projects/RGO/Content/ModularSciFi/StaticMeshes/Mineral/SM_Mineral_2.ubulk" 2018
"C:/Users/Stanislav/Documents/Unreal Projects/RGO/Content/ModularSciFi/StaticMeshes/Mineral/SM_Mineral_2.uasset" 2019
"C:/Users/Stanislav/Documents/Unreal Projects/RGO/Content/ModularSciFi/StaticMeshes/Mineral/SM_Mineral_2.uexp" 2020
"C:/Users/Stanislav/Documents/Unreal Projects/RGO/Content/ModularSciFi/StaticMeshes/Mineral/SM_Mineral_3.ubulk" 2021
"C:/Users/Stanislav/Documents/Unreal Projects/RGO/Content/ModularSciFi/StaticMeshes/Mineral/SM_Mineral_3.uasset" 2022
"C:/Users/Stanislav/Documents/Unreal Projects/RGO/Content/ModularSciFi/StaticMeshes/Mineral/SM_Mineral_3.uexp" 2023
"C:/Users/Stanislav/Documents/Unreal Projects/RGO/Content/ModularSciFi/StaticMeshes/ProceduralStaticMesh/SM_OffRoad_6.ubulk" 2024
"C:/Users/Stanislav/Documents/Unreal Projects/RGO/Content/ModularSciFi/StaticMeshes/ProceduralStaticMesh/SM_OffRoad_6.uasset" 2025
"C:/Users/Stanislav/Documents/Unreal Projects/RGO/Content/ModularSciFi/StaticMeshes/ProceduralStaticMesh/SM_OffRoad_6.uexp" 2026
"C:/Users/Stanislav/Documents/Unreal Projects/RGO/Content/ModularSciFi/StaticMeshes/ProceduralStaticMesh/SM_OffRoad_7.ubulk" 2027
"C:/Users/Stanislav/Documents/Unreal Projects/RGO/Content/ModularSciFi/StaticMeshes/ProceduralStaticMesh/SM_OffRoad_7.uasset" 2028
"C:/Users/Stanislav/Documents/Unreal Projects/RGO/Content/ModularSciFi/StaticMeshes/ProceduralStaticMesh/SM_OffRoad_7.uexp" 2029
"C:/Users/Stanislav/Documents/Unreal Projects/RGO/Content/ModularSciFi/StaticMeshes/ProceduralStaticMesh/SM_OffRoad_8.ubulk" 2030
"C:/Users/Stanislav/Documents/Unreal Projects/RGO/Content/ModularSciFi/StaticMeshes/ProceduralStaticMesh/SM_OffRoad_8.uasset" 2031
"C:/Users/Stanislav/Documents/Unreal Projects/RGO/Content/ModularSciFi/StaticMeshes/ProceduralStaticMesh/SM_OffRoad_8.uexp" 2032
"C:/Users/Stanislav/Documents/Unreal Projects/RGO/Content/ModularSciFi/StaticMeshes/ProceduralStaticMesh/SM_OffRoad_9.ubulk" 2033
"C:/Users/Stanislav/Documents/Unreal Projects/RGO/Content/ModularSciFi/StaticMeshes/ProceduralStaticMesh/SM_OffRoad_9.uasset" 2034
"C:/Users/Stanislav/Documents/Unreal Projects/RGO/Content/ModularSciFi/StaticMeshes/ProceduralStaticMesh/SM_OffRoad_9.uexp" 2035
"C:/Users/Stanislav/Documents/Unreal Projects/RGO/Content/ModularSciFi/StaticMeshes/ProceduralStaticMesh/SM_OffRoad_11.ubulk" 2036
"C:/Users/Stanislav/Documents/Unreal Projects/RGO/Content/ModularSciFi/StaticMeshes/ProceduralStaticMesh/SM_OffRoad_11.uasset" 2037
"C:/Users/Stanislav/Documents/Unreal Projects/RGO/Content/ModularSciFi/StaticMeshes/ProceduralStaticMesh/SM_OffRoad_11.uexp" 2038
"C:/Users/Stanislav/Documents/Unreal Projects/RGO/Content/ModularSciFi/StaticMeshes/ProceduralStaticMesh/SM_OffRoad_12.ubulk" 2039
"C:/Users/Stanislav/Documents/Unreal Projects/RGO/Content/ModularSciFi/StaticMeshes/ProceduralStaticMesh/SM_OffRoad_12.uasset" 2040
"C:/Users/Stanislav/Documents/Unreal Projects/RGO/Content/ModularSciFi/StaticMeshes/ProceduralStaticMesh/SM_OffRoad_12.uexp" 2041
"C:/Users/Stanislav/Documents/Unreal Projects/RGO/Content/ModularSciFi/StaticMeshes/ProceduralStaticMesh/SM_OffRoad_13.ubulk" 2042
"C:/Users/Stanislav/Documents/Unreal Projects/RGO/Content/ModularSciFi/StaticMeshes/ProceduralStaticMesh/SM_OffRoad_13.uasset" 2043
"C:/Users/Stanislav/Documents/Unreal Projects/RGO/Content/ModularSciFi/StaticMeshes/ProceduralStaticMesh/SM_OffRoad_13.uexp" 2044
"C:/Users/Stanislav/Documents/Unreal Projects/RGO/Content/ModularSciFi/StaticMeshes/ProceduralStaticMesh/SM_OffRoad_15.ubulk" 2045
"C:/Users/Stanislav/Documents/Unreal Projects/RGO/Content/ModularSciFi/StaticMeshes/ProceduralStaticMesh/SM_OffRoad_15.uasset" 2046
"C:/Users/Stanislav/Documents/Unreal Projects/RGO/Content/ModularSciFi/StaticMeshes/ProceduralStaticMesh/SM_OffRoad_15.uexp" 2047
"C:/Users/Stanislav/Documents/Unreal Projects/RGO/Content/ModularSciFi/StaticMeshes/ProceduralStaticMesh/SM_OffRoad_17.ubulk" 2048
"C:/Users/Stanislav/Documents/Unreal Projects/RGO/Content/ModularSciFi/StaticMeshes/ProceduralStaticMesh/SM_OffRoad_17.uasset" 2049
"C:/Users/Stanislav/Documents/Unreal Projects/RGO/Content/ModularSciFi/StaticMeshes/ProceduralStaticMesh/SM_OffRoad_17.uexp" 2050
"C:/Users/Stanislav/Documents/Unreal Projects/RGO/Content/ModularSciFi/StaticMeshes/ProceduralStaticMesh/SM_OffRoad_18.ubulk" 2051
"C:/Users/Stanislav/Documents/Unreal Projects/RGO/Content/ModularSciFi/StaticMeshes/ProceduralStaticMesh/SM_OffRoad_18.uasset" 2052
"C:/Users/Stanislav/Documents/Unreal Projects/RGO/Content/ModularSciFi/StaticMeshes/ProceduralStaticMesh/SM_OffRoad_18.uexp" 2053
"C:/Users/Stanislav/Documents/Unreal Projects/RGO/Content/ModularSciFi/Materials/Rocks/MI_Rocks.uasset" 2054
"C:/Users/Stanislav/Documents/Unreal Projects/RGO/Content/ModularSciFi/Materials/Rocks/MI_Rocks.uexp" 2055
"C:/Users/Stanislav/Documents/Unreal Projects/RGO/Content/ModularSciFi/StaticMeshes/Rocks/SM_Rock_1.ubulk" 2056
"C:/Users/Stanislav/Documents/Unreal Projects/RGO/Content/ModularSciFi/StaticMeshes/Rocks/SM_Rock_1.uasset" 2057
"C:/Users/Stanislav/Documents/Unreal Projects/RGO/Content/ModularSciFi/StaticMeshes/Rocks/SM_Rock_1.uexp" 2058
"C:/Users/Stanislav/Documents/Unreal Projects/RGO/Content/ModularSciFi/StaticMeshes/Rocks/SM_Rock_2.ubulk" 2059
"C:/Users/Stanislav/Documents/Unreal Projects/RGO/Content/ModularSciFi/StaticMeshes/Rocks/SM_Rock_2.uasset" 2060
"C:/Users/Stanislav/Documents/Unreal Projects/RGO/Content/ModularSciFi/StaticMeshes/Rocks/SM_Rock_2.uexp" 2061
"C:/Users/Stanislav/Documents/Unreal Projects/RGO/Content/ModularSciFi/StaticMeshes/Rocks/SM_Rock_3.ubulk" 2062
"C:/Users/Stanislav/Documents/Unreal Projects/RGO/Content/ModularSciFi/StaticMeshes/Rocks/SM_Rock_3.uasset" 2063
"C:/Users/Stanislav/Documents/Unreal Projects/RGO/Content/ModularSciFi/StaticMeshes/Rocks/SM_Rock_3.uexp" 2064
"C:/Users/Stanislav/Documents/Unreal Projects/RGO/Content/ModularSciFi/StaticMeshes/Rocks/SM_Rock_4.ubulk" 2065
"C:/Users/Stanislav/Documents/Unreal Projects/RGO/Content/ModularSciFi/StaticMeshes/Rocks/SM_Rock_4.uasset" 2066
"C:/Users/Stanislav/Documents/Unreal Projects/RGO/Content/ModularSciFi/StaticMeshes/Rocks/SM_Rock_4.uexp" 2067
"C:/Users/Stanislav/Documents/Unreal Projects/RGO/Content/ModularSciFi/StaticMeshes/Rocks/SM_Rock_5.ubulk" 2068
"C:/Users/Stanislav/Documents/Unreal Projects/RGO/Content/ModularSciFi/StaticMeshes/Rocks/SM_Rock_5.uasset" 2069
"C:/Users/Stanislav/Documents/Unreal Projects/RGO/Content/ModularSciFi/StaticMeshes/Rocks/SM_Rock_5.uexp" 2070
"C:/Users/Stanislav/Documents/Unreal Projects/RGO/Content/ModularSciFi/StaticMeshes/Rocks/SM_Rock_6.ubulk" 2071
"C:/Users/Stanislav/Documents/Unreal Projects/RGO/Content/ModularSciFi/StaticMeshes/Rocks/SM_Rock_6.uasset" 2072
"C:/Users/Stanislav/Documents/Unreal Projects/RGO/Content/ModularSciFi/StaticMeshes/Rocks/SM_Rock_6.uexp" 2073
"C:/Users/Stanislav/Documents/Unreal Projects/RGO/Content/ModularSciFi/StaticMeshes/Rocks/SM_Rock_7.ubulk" 2074
"C:/Users/Stanislav/Documents/Unreal Projects/RGO/Content/ModularSciFi/StaticMeshes/Rocks/SM_Rock_7.uasset" 2075
"C:/Users/Stanislav/Documents/Unreal Projects/RGO/Content/ModularSciFi/StaticMeshes/Rocks/SM_Rock_7.uexp" 2076
"C:/Users/Stanislav/Documents/Unreal Projects/RGO/Content/ModularSciFi/StaticMeshes/Rocks/SM_Rock_8.ubulk" 2077
"C:/Users/Stanislav/Documents/Unreal Projects/RGO/Content/ModularSciFi/StaticMeshes/Rocks/SM_Rock_8.uasset" 2078
"C:/Users/Stanislav/Documents/Unreal Projects/RGO/Content/ModularSciFi/StaticMeshes/Rocks/SM_Rock_8.uexp" 2079
"C:/Users/Stanislav/Documents/Unreal Projects/RGO/Content/ModularSciFi/StaticMeshes/Rocks/SM_Rock_9.ubulk" 2080
"C:/Users/Stanislav/Documents/Unreal Projects/RGO/Content/ModularSciFi/StaticMeshes/Rocks/SM_Rock_9.uasset" 2081
"C:/Users/Stanislav/Documents/Unreal Projects/RGO/Content/ModularSciFi/StaticMeshes/Rocks/SM_Rock_9.uexp" 2082
"C:/Users/Stanislav/Documents/Unreal Projects/RGO/Content/ModularSciFi/StaticMeshes/ShareMeshes/SM_SkyboxSphere.ubulk" 2083
"C:/Users/Stanislav/Documents/Unreal Projects/RGO/Content/ModularSciFi/StaticMeshes/ShareMeshes/SM_SkyboxSphere.uasset" 2084
"C:/Users/Stanislav/Documents/Unreal Projects/RGO/Content/ModularSciFi/StaticMeshes/ShareMeshes/SM_SkyboxSphere.uexp" 2085
"C:/Users/Stanislav/Documents/Unreal Projects/RGO/Content/ModularSciFi/StaticMeshes/ShareMeshes/SM_Spline.ubulk" 2086
"C:/Users/Stanislav/Documents/Unreal Projects/RGO/Content/ModularSciFi/StaticMeshes/ShareMeshes/SM_Spline.uasset" 2087
"C:/Users/Stanislav/Documents/Unreal Projects/RGO/Content/ModularSciFi/StaticMeshes/ShareMeshes/SM_Spline.uexp" 2088
"C:/Users/Stanislav/Documents/Unreal Projects/RGO/Content/ModularSciFi/StaticMeshes/ShareMeshes/SM_WaterPlane.ubulk" 2089
"C:/Users/Stanislav/Documents/Unreal Projects/RGO/Content/ModularSciFi/StaticMeshes/ShareMeshes/SM_WaterPlane.uasset" 2090
"C:/Users/Stanislav/Documents/Unreal Projects/RGO/Content/ModularSciFi/StaticMeshes/ShareMeshes/SM_WaterPlane.uexp" 2091
"C:/Users/Stanislav/Documents/Unreal Projects/RGO/Content/ModularSciFi/Materials/TechProps/MI_TechProps.uasset" 2092
"C:/Users/Stanislav/Documents/Unreal Projects/RGO/Content/ModularSciFi/Materials/TechProps/MI_TechProps.uexp" 2093
"C:/Users/Stanislav/Documents/Unreal Projects/RGO/Content/ModularSciFi/StaticMeshes/TechProps/SM_Switch_3.ubulk" 2094
"C:/Users/Stanislav/Documents/Unreal Projects/RGO/Content/ModularSciFi/StaticMeshes/TechProps/SM_Switch_3.uasset" 2095
"C:/Users/Stanislav/Documents/Unreal Projects/RGO/Content/ModularSciFi/StaticMeshes/TechProps/SM_Switch_3.uexp" 2096
"C:/Users/Stanislav/Documents/Unreal Projects/RGO/Content/ModularSciFi/Materials/Display/MI_Dispalay_Red.uasset" 2097
"C:/Users/Stanislav/Documents/Unreal Projects/RGO/Content/ModularSciFi/Materials/Display/MI_Dispalay_Red.uexp" 2098
"C:/Users/Stanislav/Documents/Unreal Projects/RGO/Content/ModularSciFi/StaticMeshes/TechProps/SM_Terminal_1.ubulk" 2099
"C:/Users/Stanislav/Documents/Unreal Projects/RGO/Content/ModularSciFi/StaticMeshes/TechProps/SM_Terminal_1.uasset" 2100
"C:/Users/Stanislav/Documents/Unreal Projects/RGO/Content/ModularSciFi/StaticMeshes/TechProps/SM_Terminal_1.uexp" 2101
"C:/Users/Stanislav/Documents/Unreal Projects/RGO/Content/ModularSciFi/StaticMeshes/TechProps/SM_Terminal_2.ubulk" 2102
"C:/Users/Stanislav/Documents/Unreal Projects/RGO/Content/ModularSciFi/StaticMeshes/TechProps/SM_Terminal_2.uasset" 2103
"C:/Users/Stanislav/Documents/Unreal Projects/RGO/Content/ModularSciFi/StaticMeshes/TechProps/SM_Terminal_2.uexp" 2104
"C:/Users/Stanislav/Documents/Unreal Projects/RGO/Content/ModularSciFi/Textures/FogClouds/T_CloudAO_2.ubulk" 2105
"C:/Users/Stanislav/Documents/Unreal Projects/RGO/Content/ModularSciFi/Textures/FogClouds/T_CloudAO_2.uasset" 2106
"C:/Users/Stanislav/Documents/Unreal Projects/RGO/Content/ModularSciFi/Textures/FogClouds/T_CloudAO_2.uexp" 2107
"C:/Users/Stanislav/Documents/Unreal Projects/RGO/Content/ModularSciFi/Textures/FogClouds/T_CloudShadow_1.ubulk" 2108
"C:/Users/Stanislav/Documents/Unreal Projects/RGO/Content/ModularSciFi/Textures/FogClouds/T_CloudShadow_1.uasset" 2109
"C:/Users/Stanislav/Documents/Unreal Projects/RGO/Content/ModularSciFi/Textures/FogClouds/T_CloudShadow_1.uexp" 2110
"C:/Users/Stanislav/Documents/Unreal Projects/RGO/Content/ModularSciFi/Textures/FogClouds/T_FogCloud_basecolor.ubulk" 2111
"C:/Users/Stanislav/Documents/Unreal Projects/RGO/Content/ModularSciFi/Textures/FogClouds/T_FogCloud_basecolor.uasset" 2112
"C:/Users/Stanislav/Documents/Unreal Projects/RGO/Content/ModularSciFi/Textures/FogClouds/T_FogCloud_basecolor.uexp" 2113
"C:/Users/Stanislav/Documents/Unreal Projects/RGO/Content/ModularSciFi/Textures/FogClouds/T_FogCloud_normal.ubulk" 2114
"C:/Users/Stanislav/Documents/Unreal Projects/RGO/Content/ModularSciFi/Textures/FogClouds/T_FogCloud_normal.uasset" 2115
"C:/Users/Stanislav/Documents/Unreal Projects/RGO/Content/ModularSciFi/Textures/FogClouds/T_FogCloud_normal.uexp" 2116
"C:/Users/Stanislav/Documents/Unreal Projects/RGO/Content/ModularSciFi/Materials/VFX/FogCloud/M_FogCloud.uasset" 2117
"C:/Users/Stanislav/Documents/Unreal Projects/RGO/Content/ModularSciFi/Materials/VFX/FogCloud/M_FogCloud.uexp" 2118
"C:/Users/Stanislav/Documents/Unreal Projects/RGO/Content/ModularSciFi/Materials/VFX/FogCloud/MI_FogCloud.uasset" 2119
"C:/Users/Stanislav/Documents/Unreal Projects/RGO/Content/ModularSciFi/Materials/VFX/FogCloud/MI_FogCloud.uexp" 2120
"C:/Users/Stanislav/Documents/Unreal Projects/RGO/Content/ModularSciFi/Textures/FogClouds/T_CloudAO_1.ubulk" 2121
"C:/Users/Stanislav/Documents/Unreal Projects/RGO/Content/ModularSciFi/Textures/FogClouds/T_CloudAO_1.uasset" 2122
"C:/Users/Stanislav/Documents/Unreal Projects/RGO/Content/ModularSciFi/Textures/FogClouds/T_CloudAO_1.uexp" 2123
"C:/Users/Stanislav/Documents/Unreal Projects/RGO/Content/ModularSciFi/Textures/FogClouds/T_CloudShadow_2.ubulk" 2124
"C:/Users/Stanislav/Documents/Unreal Projects/RGO/Content/ModularSciFi/Textures/FogClouds/T_CloudShadow_2.uasset" 2125
"C:/Users/Stanislav/Documents/Unreal Projects/RGO/Content/ModularSciFi/Textures/FogClouds/T_CloudShadow_2.uexp" 2126
"C:/Users/Stanislav/Documents/Unreal Projects/RGO/Content/ModularSciFi/Textures/FogClouds/T_FogCloud_basecolor2.ubulk" 2127
"C:/Users/Stanislav/Documents/Unreal Projects/RGO/Content/ModularSciFi/Textures/FogClouds/T_FogCloud_basecolor2.uasset" 2128
"C:/Users/Stanislav/Documents/Unreal Projects/RGO/Content/ModularSciFi/Textures/FogClouds/T_FogCloud_basecolor2.uexp" 2129
"C:/Users/Stanislav/Documents/Unreal Projects/RGO/Content/ModularSciFi/Textures/FogClouds/T_FogCloud_normal_2.ubulk" 2130
"C:/Users/Stanislav/Documents/Unreal Projects/RGO/Content/ModularSciFi/Textures/FogClouds/T_FogCloud_normal_2.uasset" 2131
"C:/Users/Stanislav/Documents/Unreal Projects/RGO/Content/ModularSciFi/Textures/FogClouds/T_FogCloud_normal_2.uexp" 2132
"C:/Users/Stanislav/Documents/Unreal Projects/RGO/Content/ModularSciFi/Materials/VFX/FogCloud/MI_FogCloud_2.uasset" 2133
"C:/Users/Stanislav/Documents/Unreal Projects/RGO/Content/ModularSciFi/Materials/VFX/FogCloud/MI_FogCloud_2.uexp" 2134
"C:/Users/Stanislav/Documents/Unreal Projects/RGO/Content/ModularSciFi/Materials/TubesTrim/MI_TubeTrim.uasset" 2135
"C:/Users/Stanislav/Documents/Unreal Projects/RGO/Content/ModularSciFi/Materials/TubesTrim/MI_TubeTrim.uexp" 2136
"C:/Users/Stanislav/Documents/Unreal Projects/RGO/Content/ModularSciFi/StaticMeshes/HardSurfaceEnvironment/Base_1/SM_PistonBase_Merged.ubulk" 2137
"C:/Users/Stanislav/Documents/Unreal Projects/RGO/Content/ModularSciFi/StaticMeshes/HardSurfaceEnvironment/Base_1/SM_PistonBase_Merged.uasset" 2138
"C:/Users/Stanislav/Documents/Unreal Projects/RGO/Content/ModularSciFi/StaticMeshes/HardSurfaceEnvironment/Base_1/SM_PistonBase_Merged.uexp" 2139
"C:/Users/Stanislav/Documents/Unreal Projects/RGO/Content/ModularSciFi/StaticMeshes/HardSurfaceEnvironment/Base_2/SM_PistonBase_2_Merged.ubulk" 2140
"C:/Users/Stanislav/Documents/Unreal Projects/RGO/Content/ModularSciFi/StaticMeshes/HardSurfaceEnvironment/Base_2/SM_PistonBase_2_Merged.uasset" 2141
"C:/Users/Stanislav/Documents/Unreal Projects/RGO/Content/ModularSciFi/StaticMeshes/HardSurfaceEnvironment/Base_2/SM_PistonBase_2_Merged.uexp" 2142
"C:/Users/Stanislav/Documents/Unreal Projects/RGO/Content/ModularSciFi/Materials/PaintedMetal/MI_PaintedMetalRed.uasset" 2143
"C:/Users/Stanislav/Documents/Unreal Projects/RGO/Content/ModularSciFi/Materials/PaintedMetal/MI_PaintedMetalRed.uexp" 2144
"C:/Users/Stanislav/Documents/Unreal Projects/RGO/Content/ModularSciFi/Textures/RollPanel/T_RollPanel_ambientocclusion.ubulk" 2145
"C:/Users/Stanislav/Documents/Unreal Projects/RGO/Content/ModularSciFi/Textures/RollPanel/T_RollPanel_ambientocclusion.uasset" 2146
"C:/Users/Stanislav/Documents/Unreal Projects/RGO/Content/ModularSciFi/Textures/RollPanel/T_RollPanel_ambientocclusion.uexp" 2147
"C:/Users/Stanislav/Documents/Unreal Projects/RGO/Content/ModularSciFi/Textures/RollPanel/T_RollPanel_basecolor.ubulk" 2148
"C:/Users/Stanislav/Documents/Unreal Projects/RGO/Content/ModularSciFi/Textures/RollPanel/T_RollPanel_basecolor.uasset" 2149
"C:/Users/Stanislav/Documents/Unreal Projects/RGO/Content/ModularSciFi/Textures/RollPanel/T_RollPanel_basecolor.uexp" 2150
"C:/Users/Stanislav/Documents/Unreal Projects/RGO/Content/ModularSciFi/Textures/RollPanel/T_RollPanel_metallic.ubulk" 2151
"C:/Users/Stanislav/Documents/Unreal Projects/RGO/Content/ModularSciFi/Textures/RollPanel/T_RollPanel_metallic.uasset" 2152
"C:/Users/Stanislav/Documents/Unreal Projects/RGO/Content/ModularSciFi/Textures/RollPanel/T_RollPanel_metallic.uexp" 2153
"C:/Users/Stanislav/Documents/Unreal Projects/RGO/Content/ModularSciFi/Textures/RollPanel/T_RollPanel_normal.ubulk" 2154
"C:/Users/Stanislav/Documents/Unreal Projects/RGO/Content/ModularSciFi/Textures/RollPanel/T_RollPanel_normal.uasset" 2155
"C:/Users/Stanislav/Documents/Unreal Projects/RGO/Content/ModularSciFi/Textures/RollPanel/T_RollPanel_normal.uexp" 2156
"C:/Users/Stanislav/Documents/Unreal Projects/RGO/Content/ModularSciFi/Textures/RollPanel/T_RollPanel_roughness.ubulk" 2157
"C:/Users/Stanislav/Documents/Unreal Projects/RGO/Content/ModularSciFi/Textures/RollPanel/T_RollPanel_roughness.uasset" 2158
"C:/Users/Stanislav/Documents/Unreal Projects/RGO/Content/ModularSciFi/Textures/RollPanel/T_RollPanel_roughness.uexp" 2159
"C:/Users/Stanislav/Documents/Unreal Projects/RGO/Content/ModularSciFi/Materials/RollPanel/MI_RollPanel.uasset" 2160
"C:/Users/Stanislav/Documents/Unreal Projects/RGO/Content/ModularSciFi/Materials/RollPanel/MI_RollPanel.uexp" 2161
"C:/Users/Stanislav/Documents/Unreal Projects/RGO/Content/ModularSciFi/Textures/Fabric_2/T_Fabric_2_ambientocclusion.ubulk" 2162
"C:/Users/Stanislav/Documents/Unreal Projects/RGO/Content/ModularSciFi/Textures/Fabric_2/T_Fabric_2_ambientocclusion.uasset" 2163
"C:/Users/Stanislav/Documents/Unreal Projects/RGO/Content/ModularSciFi/Textures/Fabric_2/T_Fabric_2_ambientocclusion.uexp" 2164
"C:/Users/Stanislav/Documents/Unreal Projects/RGO/Content/ModularSciFi/Textures/Fabric_2/T_Fabric_2_basecolor.ubulk" 2165
"C:/Users/Stanislav/Documents/Unreal Projects/RGO/Content/ModularSciFi/Textures/Fabric_2/T_Fabric_2_basecolor.uasset" 2166
"C:/Users/Stanislav/Documents/Unreal Projects/RGO/Content/ModularSciFi/Textures/Fabric_2/T_Fabric_2_basecolor.uexp" 2167
"C:/Users/Stanislav/Documents/Unreal Projects/RGO/Content/ModularSciFi/Textures/Fabric_2/T_Fabric_2_metallic.ubulk" 2168
"C:/Users/Stanislav/Documents/Unreal Projects/RGO/Content/ModularSciFi/Textures/Fabric_2/T_Fabric_2_metallic.uasset" 2169
"C:/Users/Stanislav/Documents/Unreal Projects/RGO/Content/ModularSciFi/Textures/Fabric_2/T_Fabric_2_metallic.uexp" 2170
"C:/Users/Stanislav/Documents/Unreal Projects/RGO/Content/ModularSciFi/Textures/Fabric_2/T_Fabric_2_normal.ubulk" 2171
"C:/Users/Stanislav/Documents/Unreal Projects/RGO/Content/ModularSciFi/Textures/Fabric_2/T_Fabric_2_normal.uasset" 2172
"C:/Users/Stanislav/Documents/Unreal Projects/RGO/Content/ModularSciFi/Textures/Fabric_2/T_Fabric_2_normal.uexp" 2173
"C:/Users/Stanislav/Documents/Unreal Projects/RGO/Content/ModularSciFi/Textures/Fabric_2/T_Fabric_2_roughness.ubulk" 2174
"C:/Users/Stanislav/Documents/Unreal Projects/RGO/Content/ModularSciFi/Textures/Fabric_2/T_Fabric_2_roughness.uasset" 2175
"C:/Users/Stanislav/Documents/Unreal Projects/RGO/Content/ModularSciFi/Textures/Fabric_2/T_Fabric_2_roughness.uexp" 2176
"C:/Users/Stanislav/Documents/Unreal Projects/RGO/Content/ModularSciFi/Materials/Fabric/MI_Fabric.uasset" 2177
"C:/Users/Stanislav/Documents/Unreal Projects/RGO/Content/ModularSciFi/Materials/Fabric/MI_Fabric.uexp" 2178
"C:/Users/Stanislav/Documents/Unreal Projects/RGO/Content/ModularSciFi/Materials/PaintedMetal/MI_MetalIndoor.uasset" 2179
"C:/Users/Stanislav/Documents/Unreal Projects/RGO/Content/ModularSciFi/Materials/PaintedMetal/MI_MetalIndoor.uexp" 2180
"C:/Users/Stanislav/Documents/Unreal Projects/RGO/Content/ModularSciFi/StaticMeshes/HardSurfaceEnvironment/CargoContainer_1/SM_CargoContainer_1_Merged.ubulk" 2181
"C:/Users/Stanislav/Documents/Unreal Projects/RGO/Content/ModularSciFi/StaticMeshes/HardSurfaceEnvironment/CargoContainer_1/SM_CargoContainer_1_Merged.uasset" 2182
"C:/Users/Stanislav/Documents/Unreal Projects/RGO/Content/ModularSciFi/StaticMeshes/HardSurfaceEnvironment/CargoContainer_1/SM_CargoContainer_1_Merged.uexp" 2183
"C:/Users/Stanislav/Documents/Unreal Projects/RGO/Content/ModularSciFi/StaticMeshes/HardSurfaceEnvironment/CargoContainer_2/SM_CargoContainer_2_Merged.ubulk" 2184
"C:/Users/Stanislav/Documents/Unreal Projects/RGO/Content/ModularSciFi/StaticMeshes/HardSurfaceEnvironment/CargoContainer_2/SM_CargoContainer_2_Merged.uasset" 2185
"C:/Users/Stanislav/Documents/Unreal Projects/RGO/Content/ModularSciFi/StaticMeshes/HardSurfaceEnvironment/CargoContainer_2/SM_CargoContainer_2_Merged.uexp" 2186
"C:/Users/Stanislav/Documents/Unreal Projects/RGO/Content/ModularSciFi/StaticMeshes/HardSurfaceEnvironment/Chair/SM_Chair.ubulk" 2187
"C:/Users/Stanislav/Documents/Unreal Projects/RGO/Content/ModularSciFi/StaticMeshes/HardSurfaceEnvironment/Chair/SM_Chair.uasset" 2188
"C:/Users/Stanislav/Documents/Unreal Projects/RGO/Content/ModularSciFi/StaticMeshes/HardSurfaceEnvironment/Chair/SM_Chair.uexp" 2189
"C:/Users/Stanislav/Documents/Unreal Projects/RGO/Content/ModularSciFi/Textures/Grid1/T_Grid1_metallic.ubulk" 2190
"C:/Users/Stanislav/Documents/Unreal Projects/RGO/Content/ModularSciFi/Textures/Grid1/T_Grid1_metallic.uasset" 2191
"C:/Users/Stanislav/Documents/Unreal Projects/RGO/Content/ModularSciFi/Textures/Grid1/T_Grid1_metallic.uexp" 2192
"C:/Users/Stanislav/Documents/Unreal Projects/RGO/Content/ModularSciFi/Textures/Grid2/T_Grid2_ambientocclusion.ubulk" 2193
"C:/Users/Stanislav/Documents/Unreal Projects/RGO/Content/ModularSciFi/Textures/Grid2/T_Grid2_ambientocclusion.uasset" 2194
"C:/Users/Stanislav/Documents/Unreal Projects/RGO/Content/ModularSciFi/Textures/Grid2/T_Grid2_ambientocclusion.uexp" 2195
"C:/Users/Stanislav/Documents/Unreal Projects/RGO/Content/ModularSciFi/Textures/Grid2/T_Grid2_basecolor.ubulk" 2196
"C:/Users/Stanislav/Documents/Unreal Projects/RGO/Content/ModularSciFi/Textures/Grid2/T_Grid2_basecolor.uasset" 2197
"C:/Users/Stanislav/Documents/Unreal Projects/RGO/Content/ModularSciFi/Textures/Grid2/T_Grid2_basecolor.uexp" 2198
"C:/Users/Stanislav/Documents/Unreal Projects/RGO/Content/ModularSciFi/Textures/Grid2/T_Grid2_normal.ubulk" 2199
"C:/Users/Stanislav/Documents/Unreal Projects/RGO/Content/ModularSciFi/Textures/Grid2/T_Grid2_normal.uasset" 2200
"C:/Users/Stanislav/Documents/Unreal Projects/RGO/Content/ModularSciFi/Textures/Grid2/T_Grid2_normal.uexp" 2201
"C:/Users/Stanislav/Documents/Unreal Projects/RGO/Content/ModularSciFi/Textures/Grid2/T_Grid2_opacity.ubulk" 2202
"C:/Users/Stanislav/Documents/Unreal Projects/RGO/Content/ModularSciFi/Textures/Grid2/T_Grid2_opacity.uasset" 2203
"C:/Users/Stanislav/Documents/Unreal Projects/RGO/Content/ModularSciFi/Textures/Grid2/T_Grid2_opacity.uexp" 2204
"C:/Users/Stanislav/Documents/Unreal Projects/RGO/Content/ModularSciFi/Textures/Grid2/T_Grid2_roughness.ubulk" 2205
"C:/Users/Stanislav/Documents/Unreal Projects/RGO/Content/ModularSciFi/Textures/Grid2/T_Grid2_roughness.uasset" 2206
"C:/Users/Stanislav/Documents/Unreal Projects/RGO/Content/ModularSciFi/Textures/Grid2/T_Grid2_roughness.uexp" 2207
"C:/Users/Stanislav/Documents/Unreal Projects/RGO/Content/ModularSciFi/Materials/Grid/MI_Grid.uasset" 2208
"C:/Users/Stanislav/Documents/Unreal Projects/RGO/Content/ModularSciFi/Materials/Grid/MI_Grid.uexp" 2209
"C:/Users/Stanislav/Documents/Unreal Projects/RGO/Content/ModularSciFi/Materials/Trimsheet/MI_Trim2.uasset" 2210
"C:/Users/Stanislav/Documents/Unreal Projects/RGO/Content/ModularSciFi/Materials/Trimsheet/MI_Trim2.uexp" 2211
"C:/Users/Stanislav/Documents/Unreal Projects/RGO/Content/ModularSciFi/StaticMeshes/HardSurfaceEnvironment/CircularPlatform/SM_CIrcularPlatform_Merged.ubulk" 2212
"C:/Users/Stanislav/Documents/Unreal Projects/RGO/Content/ModularSciFi/StaticMeshes/HardSurfaceEnvironment/CircularPlatform/SM_CIrcularPlatform_Merged.uasset" 2213
"C:/Users/Stanislav/Documents/Unreal Projects/RGO/Content/ModularSciFi/StaticMeshes/HardSurfaceEnvironment/CircularPlatform/SM_CIrcularPlatform_Merged.uexp" 2214
"C:/Users/Stanislav/Documents/Unreal Projects/RGO/Content/ModularSciFi/StaticMeshes/HardSurfaceEnvironment/Construction_1/SM_Construction_1_Merged.ubulk" 2215
"C:/Users/Stanislav/Documents/Unreal Projects/RGO/Content/ModularSciFi/StaticMeshes/HardSurfaceEnvironment/Construction_1/SM_Construction_1_Merged.uasset" 2216
"C:/Users/Stanislav/Documents/Unreal Projects/RGO/Content/ModularSciFi/StaticMeshes/HardSurfaceEnvironment/Construction_1/SM_Construction_1_Merged.uexp" 2217
"C:/Users/Stanislav/Documents/Unreal Projects/RGO/Content/ModularSciFi/StaticMeshes/HardSurfaceEnvironment/Construction_2/SM_Construction_2_Merged.ubulk" 2218
"C:/Users/Stanislav/Documents/Unreal Projects/RGO/Content/ModularSciFi/StaticMeshes/HardSurfaceEnvironment/Construction_2/SM_Construction_2_Merged.uasset" 2219
"C:/Users/Stanislav/Documents/Unreal Projects/RGO/Content/ModularSciFi/StaticMeshes/HardSurfaceEnvironment/Construction_2/SM_Construction_2_Merged.uexp" 2220
"C:/Users/Stanislav/Documents/Unreal Projects/RGO/Content/ModularSciFi/StaticMeshes/HardSurfaceEnvironment/Construction_3/SM_Construction_3_Merged.ubulk" 2221
"C:/Users/Stanislav/Documents/Unreal Projects/RGO/Content/ModularSciFi/StaticMeshes/HardSurfaceEnvironment/Construction_3/SM_Construction_3_Merged.uasset" 2222
"C:/Users/Stanislav/Documents/Unreal Projects/RGO/Content/ModularSciFi/StaticMeshes/HardSurfaceEnvironment/Construction_3/SM_Construction_3_Merged.uexp" 2223
"C:/Users/Stanislav/Documents/Unreal Projects/RGO/Content/ModularSciFi/StaticMeshes/HardSurfaceEnvironment/Construction_4/SM_Construction_4_Merged.ubulk" 2224
"C:/Users/Stanislav/Documents/Unreal Projects/RGO/Content/ModularSciFi/StaticMeshes/HardSurfaceEnvironment/Construction_4/SM_Construction_4_Merged.uasset" 2225
"C:/Users/Stanislav/Documents/Unreal Projects/RGO/Content/ModularSciFi/StaticMeshes/HardSurfaceEnvironment/Construction_4/SM_Construction_4_Merged.uexp" 2226
"C:/Users/Stanislav/Documents/Unreal Projects/RGO/Content/ModularSciFi/StaticMeshes/HardSurfaceEnvironment/Construction_5/SM_Construction_5_Merged.ubulk" 2227
"C:/Users/Stanislav/Documents/Unreal Projects/RGO/Content/ModularSciFi/StaticMeshes/HardSurfaceEnvironment/Construction_5/SM_Construction_5_Merged.uasset" 2228
"C:/Users/Stanislav/Documents/Unreal Projects/RGO/Content/ModularSciFi/StaticMeshes/HardSurfaceEnvironment/Construction_5/SM_Construction_5_Merged.uexp" 2229
"C:/Users/Stanislav/Documents/Unreal Projects/RGO/Content/ModularSciFi/StaticMeshes/HardSurfaceEnvironment/Construction_6/SM_Construction_6_Merged.ubulk" 2230
"C:/Users/Stanislav/Documents/Unreal Projects/RGO/Content/ModularSciFi/StaticMeshes/HardSurfaceEnvironment/Construction_6/SM_Construction_6_Merged.uasset" 2231
"C:/Users/Stanislav/Documents/Unreal Projects/RGO/Content/ModularSciFi/StaticMeshes/HardSurfaceEnvironment/Construction_6/SM_Construction_6_Merged.uexp" 2232
"C:/Users/Stanislav/Documents/Unreal Projects/RGO/Content/ModularSciFi/StaticMeshes/HardSurfaceEnvironment/Construction_7/SM_Construction_7_Merged.ubulk" 2233
"C:/Users/Stanislav/Documents/Unreal Projects/RGO/Content/ModularSciFi/StaticMeshes/HardSurfaceEnvironment/Construction_7/SM_Construction_7_Merged.uasset" 2234
"C:/Users/Stanislav/Documents/Unreal Projects/RGO/Content/ModularSciFi/StaticMeshes/HardSurfaceEnvironment/Construction_7/SM_Construction_7_Merged.uexp" 2235
"C:/Users/Stanislav/Documents/Unreal Projects/RGO/Content/ModularSciFi/StaticMeshes/HardSurfaceEnvironment/Construction_8/SM_Construction_8_Merged.ubulk" 2236
"C:/Users/Stanislav/Documents/Unreal Projects/RGO/Content/ModularSciFi/StaticMeshes/HardSurfaceEnvironment/Construction_8/SM_Construction_8_Merged.uasset" 2237
"C:/Users/Stanislav/Documents/Unreal Projects/RGO/Content/ModularSciFi/StaticMeshes/HardSurfaceEnvironment/Construction_8/SM_Construction_8_Merged.uexp" 2238
"C:/Users/Stanislav/Documents/Unreal Projects/RGO/Content/ModularSciFi/Textures/Grid1/T_Grid1_ambientocclusion.ubulk" 2239
"C:/Users/Stanislav/Documents/Unreal Projects/RGO/Content/ModularSciFi/Textures/Grid1/T_Grid1_ambientocclusion.uasset" 2240
"C:/Users/Stanislav/Documents/Unreal Projects/RGO/Content/ModularSciFi/Textures/Grid1/T_Grid1_ambientocclusion.uexp" 2241
"C:/Users/Stanislav/Documents/Unreal Projects/RGO/Content/ModularSciFi/Textures/Grid1/T_Grid1_basecolor.ubulk" 2242
"C:/Users/Stanislav/Documents/Unreal Projects/RGO/Content/ModularSciFi/Textures/Grid1/T_Grid1_basecolor.uasset" 2243
"C:/Users/Stanislav/Documents/Unreal Projects/RGO/Content/ModularSciFi/Textures/Grid1/T_Grid1_basecolor.uexp" 2244
"C:/Users/Stanislav/Documents/Unreal Projects/RGO/Content/ModularSciFi/Textures/Grid1/T_Grid1_normal.ubulk" 2245
"C:/Users/Stanislav/Documents/Unreal Projects/RGO/Content/ModularSciFi/Textures/Grid1/T_Grid1_normal.uasset" 2246
"C:/Users/Stanislav/Documents/Unreal Projects/RGO/Content/ModularSciFi/Textures/Grid1/T_Grid1_normal.uexp" 2247
"C:/Users/Stanislav/Documents/Unreal Projects/RGO/Content/ModularSciFi/Textures/Grid1/T_Grid1_opacity.ubulk" 2248
"C:/Users/Stanislav/Documents/Unreal Projects/RGO/Content/ModularSciFi/Textures/Grid1/T_Grid1_opacity.uasset" 2249
"C:/Users/Stanislav/Documents/Unreal Projects/RGO/Content/ModularSciFi/Textures/Grid1/T_Grid1_opacity.uexp" 2250
"C:/Users/Stanislav/Documents/Unreal Projects/RGO/Content/ModularSciFi/Textures/Grid1/T_Grid1_roughness.ubulk" 2251
"C:/Users/Stanislav/Documents/Unreal Projects/RGO/Content/ModularSciFi/Textures/Grid1/T_Grid1_roughness.uasset" 2252
"C:/Users/Stanislav/Documents/Unreal Projects/RGO/Content/ModularSciFi/Textures/Grid1/T_Grid1_roughness.uexp" 2253
"C:/Users/Stanislav/Documents/Unreal Projects/RGO/Content/ModularSciFi/Materials/Grid/MI_Grid3.uasset" 2254
"C:/Users/Stanislav/Documents/Unreal Projects/RGO/Content/ModularSciFi/Materials/Grid/MI_Grid3.uexp" 2255
"C:/Users/Stanislav/Documents/Unreal Projects/RGO/Content/ModularSciFi/StaticMeshes/HardSurfaceEnvironment/Construction_9/SM_Construction_9_Merged.ubulk" 2256
"C:/Users/Stanislav/Documents/Unreal Projects/RGO/Content/ModularSciFi/StaticMeshes/HardSurfaceEnvironment/Construction_9/SM_Construction_9_Merged.uasset" 2257
"C:/Users/Stanislav/Documents/Unreal Projects/RGO/Content/ModularSciFi/StaticMeshes/HardSurfaceEnvironment/Construction_9/SM_Construction_9_Merged.uexp" 2258
"C:/Users/Stanislav/Documents/Unreal Projects/RGO/Content/ModularSciFi/StaticMeshes/HardSurfaceEnvironment/DoorFrame_1/SM_DoorFrame_1_Merged.ubulk" 2259
"C:/Users/Stanislav/Documents/Unreal Projects/RGO/Content/ModularSciFi/StaticMeshes/HardSurfaceEnvironment/DoorFrame_1/SM_DoorFrame_1_Merged.uasset" 2260
"C:/Users/Stanislav/Documents/Unreal Projects/RGO/Content/ModularSciFi/StaticMeshes/HardSurfaceEnvironment/DoorFrame_1/SM_DoorFrame_1_Merged.uexp" 2261
"C:/Users/Stanislav/Documents/Unreal Projects/RGO/Content/ModularSciFi/StaticMeshes/HardSurfaceEnvironment/Door_2/SM_Door_2_Merged.ubulk" 2262
"C:/Users/Stanislav/Documents/Unreal Projects/RGO/Content/ModularSciFi/StaticMeshes/HardSurfaceEnvironment/Door_2/SM_Door_2_Merged.uasset" 2263
"C:/Users/Stanislav/Documents/Unreal Projects/RGO/Content/ModularSciFi/StaticMeshes/HardSurfaceEnvironment/Door_2/SM_Door_2_Merged.uexp" 2264
"C:/Users/Stanislav/Documents/Unreal Projects/RGO/Content/ModularSciFi/StaticMeshes/HardSurfaceEnvironment/Fence_1/SM_Fence_1_Merged.ubulk" 2265
"C:/Users/Stanislav/Documents/Unreal Projects/RGO/Content/ModularSciFi/StaticMeshes/HardSurfaceEnvironment/Fence_1/SM_Fence_1_Merged.uasset" 2266
"C:/Users/Stanislav/Documents/Unreal Projects/RGO/Content/ModularSciFi/StaticMeshes/HardSurfaceEnvironment/Fence_1/SM_Fence_1_Merged.uexp" 2267
"C:/Users/Stanislav/Documents/Unreal Projects/RGO/Content/ModularSciFi/StaticMeshes/HardSurfaceEnvironment/Fence_2/SM_Fence_2_Merged.ubulk" 2268
"C:/Users/Stanislav/Documents/Unreal Projects/RGO/Content/ModularSciFi/StaticMeshes/HardSurfaceEnvironment/Fence_2/SM_Fence_2_Merged.uasset" 2269
"C:/Users/Stanislav/Documents/Unreal Projects/RGO/Content/ModularSciFi/StaticMeshes/HardSurfaceEnvironment/Fence_2/SM_Fence_2_Merged.uexp" 2270
"C:/Users/Stanislav/Documents/Unreal Projects/RGO/Content/ModularSciFi/StaticMeshes/HardSurfaceEnvironment/Fence_3/SM_Fence_3_Merged.ubulk" 2271
"C:/Users/Stanislav/Documents/Unreal Projects/RGO/Content/ModularSciFi/StaticMeshes/HardSurfaceEnvironment/Fence_3/SM_Fence_3_Merged.uasset" 2272
"C:/Users/Stanislav/Documents/Unreal Projects/RGO/Content/ModularSciFi/StaticMeshes/HardSurfaceEnvironment/Fence_3/SM_Fence_3_Merged.uexp" 2273
"C:/Users/Stanislav/Documents/Unreal Projects/RGO/Content/ModularSciFi/StaticMeshes/HardSurfaceEnvironment/IndoorWallFence/SM_IndoorWallFence_Merged.ubulk" 2274
"C:/Users/Stanislav/Documents/Unreal Projects/RGO/Content/ModularSciFi/StaticMeshes/HardSurfaceEnvironment/IndoorWallFence/SM_IndoorWallFence_Merged.uasset" 2275
"C:/Users/Stanislav/Documents/Unreal Projects/RGO/Content/ModularSciFi/StaticMeshes/HardSurfaceEnvironment/IndoorWallFence/SM_IndoorWallFence_Merged.uexp" 2276
"C:/Users/Stanislav/Documents/Unreal Projects/RGO/Content/ModularSciFi/Materials/Grid/MI_Grid2.uasset" 2277
"C:/Users/Stanislav/Documents/Unreal Projects/RGO/Content/ModularSciFi/Materials/Grid/MI_Grid2.uexp" 2278
"C:/Users/Stanislav/Documents/Unreal Projects/RGO/Content/ModularSciFi/Textures/Checker/T_Checker_ambientocclusion.ubulk" 2279
"C:/Users/Stanislav/Documents/Unreal Projects/RGO/Content/ModularSciFi/Textures/Checker/T_Checker_ambientocclusion.uasset" 2280
"C:/Users/Stanislav/Documents/Unreal Projects/RGO/Content/ModularSciFi/Textures/Checker/T_Checker_ambientocclusion.uexp" 2281
"C:/Users/Stanislav/Documents/Unreal Projects/RGO/Content/ModularSciFi/Textures/Checker/T_Checker_basecolor.ubulk" 2282
"C:/Users/Stanislav/Documents/Unreal Projects/RGO/Content/ModularSciFi/Textures/Checker/T_Checker_basecolor.uasset" 2283
"C:/Users/Stanislav/Documents/Unreal Projects/RGO/Content/ModularSciFi/Textures/Checker/T_Checker_basecolor.uexp" 2284
"C:/Users/Stanislav/Documents/Unreal Projects/RGO/Content/ModularSciFi/Textures/Checker/T_Checker_normal.ubulk" 2285
"C:/Users/Stanislav/Documents/Unreal Projects/RGO/Content/ModularSciFi/Textures/Checker/T_Checker_normal.uasset" 2286
"C:/Users/Stanislav/Documents/Unreal Projects/RGO/Content/ModularSciFi/Textures/Checker/T_Checker_normal.uexp" 2287
"C:/Users/Stanislav/Documents/Unreal Projects/RGO/Content/ModularSciFi/Textures/Checker/T_Checker_roughness.ubulk" 2288
"C:/Users/Stanislav/Documents/Unreal Projects/RGO/Content/ModularSciFi/Textures/Checker/T_Checker_roughness.uasset" 2289
"C:/Users/Stanislav/Documents/Unreal Projects/RGO/Content/ModularSciFi/Textures/Checker/T_Checker_roughness.uexp" 2290
"C:/Users/Stanislav/Documents/Unreal Projects/RGO/Content/ModularSciFi/Materials/Checker/MI_Checker.uasset" 2291
"C:/Users/Stanislav/Documents/Unreal Projects/RGO/Content/ModularSciFi/Materials/Checker/MI_Checker.uexp" 2292
"C:/Users/Stanislav/Documents/Unreal Projects/RGO/Content/ModularSciFi/Textures/FabricTrim/T_FabricTrim_ambientocclusion.ubulk" 2293
"C:/Users/Stanislav/Documents/Unreal Projects/RGO/Content/ModularSciFi/Textures/FabricTrim/T_FabricTrim_ambientocclusion.uasset" 2294
"C:/Users/Stanislav/Documents/Unreal Projects/RGO/Content/ModularSciFi/Textures/FabricTrim/T_FabricTrim_ambientocclusion.uexp" 2295
"C:/Users/Stanislav/Documents/Unreal Projects/RGO/Content/ModularSciFi/Textures/FabricTrim/T_FabricTrim_basecolor.ubulk" 2296
"C:/Users/Stanislav/Documents/Unreal Projects/RGO/Content/ModularSciFi/Textures/FabricTrim/T_FabricTrim_basecolor.uasset" 2297
"C:/Users/Stanislav/Documents/Unreal Projects/RGO/Content/ModularSciFi/Textures/FabricTrim/T_FabricTrim_basecolor.uexp" 2298
"C:/Users/Stanislav/Documents/Unreal Projects/RGO/Content/ModularSciFi/Textures/FabricTrim/T_FabricTrim_metallic.ubulk" 2299
"C:/Users/Stanislav/Documents/Unreal Projects/RGO/Content/ModularSciFi/Textures/FabricTrim/T_FabricTrim_metallic.uasset" 2300
"C:/Users/Stanislav/Documents/Unreal Projects/RGO/Content/ModularSciFi/Textures/FabricTrim/T_FabricTrim_metallic.uexp" 2301
"C:/Users/Stanislav/Documents/Unreal Projects/RGO/Content/ModularSciFi/Textures/FabricTrim/T_FabricTrim_normal.ubulk" 2302
"C:/Users/Stanislav/Documents/Unreal Projects/RGO/Content/ModularSciFi/Textures/FabricTrim/T_FabricTrim_normal.uasset" 2303
"C:/Users/Stanislav/Documents/Unreal Projects/RGO/Content/ModularSciFi/Textures/FabricTrim/T_FabricTrim_normal.uexp" 2304
"C:/Users/Stanislav/Documents/Unreal Projects/RGO/Content/ModularSciFi/Textures/FabricTrim/T_FabricTrim_roughness.ubulk" 2305
"C:/Users/Stanislav/Documents/Unreal Projects/RGO/Content/ModularSciFi/Textures/FabricTrim/T_FabricTrim_roughness.uasset" 2306
"C:/Users/Stanislav/Documents/Unreal Projects/RGO/Content/ModularSciFi/Textures/FabricTrim/T_FabricTrim_roughness.uexp" 2307
"C:/Users/Stanislav/Documents/Unreal Projects/RGO/Content/ModularSciFi/Materials/FabricTrimsheet/MI_FabricTrim.uasset" 2308
"C:/Users/Stanislav/Documents/Unreal Projects/RGO/Content/ModularSciFi/Materials/FabricTrimsheet/MI_FabricTrim.uexp" 2309
"C:/Users/Stanislav/Documents/Unreal Projects/RGO/Content/ModularSciFi/Materials/Glass/MI_Glass_Corrugated_1.uasset" 2310
"C:/Users/Stanislav/Documents/Unreal Projects/RGO/Content/ModularSciFi/Materials/Glass/MI_Glass_Corrugated_1.uexp" 2311
"C:/Users/Stanislav/Documents/Unreal Projects/RGO/Content/ModularSciFi/StaticMeshes/HardSurfaceEnvironment/LivingModule_1/SM_LivingModule_1_Indoor_Merged.ubulk" 2312
"C:/Users/Stanislav/Documents/Unreal Projects/RGO/Content/ModularSciFi/StaticMeshes/HardSurfaceEnvironment/LivingModule_1/SM_LivingModule_1_Indoor_Merged.uasset" 2313
"C:/Users/Stanislav/Documents/Unreal Projects/RGO/Content/ModularSciFi/StaticMeshes/HardSurfaceEnvironment/LivingModule_1/SM_LivingModule_1_Indoor_Merged.uexp" 2314
"C:/Users/Stanislav/Documents/Unreal Projects/RGO/Content/ModularSciFi/StaticMeshes/HardSurfaceEnvironment/LivingModule_1/SM_LivingModule_1_Merged.ubulk" 2315
"C:/Users/Stanislav/Documents/Unreal Projects/RGO/Content/ModularSciFi/StaticMeshes/HardSurfaceEnvironment/LivingModule_1/SM_LivingModule_1_Merged.uasset" 2316
"C:/Users/Stanislav/Documents/Unreal Projects/RGO/Content/ModularSciFi/StaticMeshes/HardSurfaceEnvironment/LivingModule_1/SM_LivingModule_1_Merged.uexp" 2317
"C:/Users/Stanislav/Documents/Unreal Projects/RGO/Content/ModularSciFi/StaticMeshes/HardSurfaceEnvironment/LivingModule_2/SM_LivingModule_2_Indoor_Merged.ubulk" 2318
"C:/Users/Stanislav/Documents/Unreal Projects/RGO/Content/ModularSciFi/StaticMeshes/HardSurfaceEnvironment/LivingModule_2/SM_LivingModule_2_Indoor_Merged.uasset" 2319
"C:/Users/Stanislav/Documents/Unreal Projects/RGO/Content/ModularSciFi/StaticMeshes/HardSurfaceEnvironment/LivingModule_2/SM_LivingModule_2_Indoor_Merged.uexp" 2320
"C:/Users/Stanislav/Documents/Unreal Projects/RGO/Content/ModularSciFi/StaticMeshes/HardSurfaceEnvironment/LivingModule_2/SM_LivingModule_2_Merged.ubulk" 2321
"C:/Users/Stanislav/Documents/Unreal Projects/RGO/Content/ModularSciFi/StaticMeshes/HardSurfaceEnvironment/LivingModule_2/SM_LivingModule_2_Merged.uasset" 2322
"C:/Users/Stanislav/Documents/Unreal Projects/RGO/Content/ModularSciFi/StaticMeshes/HardSurfaceEnvironment/LivingModule_2/SM_LivingModule_2_Merged.uexp" 2323
"C:/Users/Stanislav/Documents/Unreal Projects/RGO/Content/ModularSciFi/StaticMeshes/HardSurfaceEnvironment/LivingModule_3/SM_LivingModule_3_Indoor_3_Merged.ubulk" 2324
"C:/Users/Stanislav/Documents/Unreal Projects/RGO/Content/ModularSciFi/StaticMeshes/HardSurfaceEnvironment/LivingModule_3/SM_LivingModule_3_Indoor_3_Merged.uasset" 2325
"C:/Users/Stanislav/Documents/Unreal Projects/RGO/Content/ModularSciFi/StaticMeshes/HardSurfaceEnvironment/LivingModule_3/SM_LivingModule_3_Indoor_3_Merged.uexp" 2326
"C:/Users/Stanislav/Documents/Unreal Projects/RGO/Content/ModularSciFi/StaticMeshes/HardSurfaceEnvironment/LivingModule_3/SM_LivingModule_3_Merged.ubulk" 2327
"C:/Users/Stanislav/Documents/Unreal Projects/RGO/Content/ModularSciFi/StaticMeshes/HardSurfaceEnvironment/LivingModule_3/SM_LivingModule_3_Merged.uasset" 2328
"C:/Users/Stanislav/Documents/Unreal Projects/RGO/Content/ModularSciFi/StaticMeshes/HardSurfaceEnvironment/LivingModule_3/SM_LivingModule_3_Merged.uexp" 2329
"C:/Users/Stanislav/Documents/Unreal Projects/RGO/Content/ModularSciFi/StaticMeshes/HardSurfaceEnvironment/LivingModule_4/SM_LivingModule_4_Indoor_Merged.ubulk" 2330
"C:/Users/Stanislav/Documents/Unreal Projects/RGO/Content/ModularSciFi/StaticMeshes/HardSurfaceEnvironment/LivingModule_4/SM_LivingModule_4_Indoor_Merged.uasset" 2331
"C:/Users/Stanislav/Documents/Unreal Projects/RGO/Content/ModularSciFi/StaticMeshes/HardSurfaceEnvironment/LivingModule_4/SM_LivingModule_4_Indoor_Merged.uexp" 2332
"C:/Users/Stanislav/Documents/Unreal Projects/RGO/Content/ModularSciFi/StaticMeshes/HardSurfaceEnvironment/LivingModule_4/SM_LivingModule_4_Merged.ubulk" 2333
"C:/Users/Stanislav/Documents/Unreal Projects/RGO/Content/ModularSciFi/StaticMeshes/HardSurfaceEnvironment/LivingModule_4/SM_LivingModule_4_Merged.uasset" 2334
"C:/Users/Stanislav/Documents/Unreal Projects/RGO/Content/ModularSciFi/StaticMeshes/HardSurfaceEnvironment/LivingModule_4/SM_LivingModule_4_Merged.uexp" 2335
"C:/Users/Stanislav/Documents/Unreal Projects/RGO/Content/ModularSciFi/Materials/SignsDecals/MI_Signs_Decals_Black.uasset" 2336
"C:/Users/Stanislav/Documents/Unreal Projects/RGO/Content/ModularSciFi/Materials/SignsDecals/MI_Signs_Decals_Black.uexp" 2337
"C:/Users/Stanislav/Documents/Unreal Projects/RGO/Content/ModularSciFi/StaticMeshes/HardSurfaceEnvironment/Locker/SM_Locker_Closed.ubulk" 2338
"C:/Users/Stanislav/Documents/Unreal Projects/RGO/Content/ModularSciFi/StaticMeshes/HardSurfaceEnvironment/Locker/SM_Locker_Closed.uasset" 2339
"C:/Users/Stanislav/Documents/Unreal Projects/RGO/Content/ModularSciFi/StaticMeshes/HardSurfaceEnvironment/Locker/SM_Locker_Closed.uexp" 2340
"C:/Users/Stanislav/Documents/Unreal Projects/RGO/Content/ModularSciFi/StaticMeshes/HardSurfaceEnvironment/MainStation/SM_MainStation_Indoor_Merged.ubulk" 2341
"C:/Users/Stanislav/Documents/Unreal Projects/RGO/Content/ModularSciFi/StaticMeshes/HardSurfaceEnvironment/MainStation/SM_MainStation_Indoor_Merged.uasset" 2342
"C:/Users/Stanislav/Documents/Unreal Projects/RGO/Content/ModularSciFi/StaticMeshes/HardSurfaceEnvironment/MainStation/SM_MainStation_Indoor_Merged.uexp" 2343
"C:/Users/Stanislav/Documents/Unreal Projects/RGO/Content/ModularSciFi/StaticMeshes/HardSurfaceEnvironment/MainStation/SM_MainStation_Merged.ubulk" 2344
"C:/Users/Stanislav/Documents/Unreal Projects/RGO/Content/ModularSciFi/StaticMeshes/HardSurfaceEnvironment/MainStation/SM_MainStation_Merged.uasset" 2345
"C:/Users/Stanislav/Documents/Unreal Projects/RGO/Content/ModularSciFi/StaticMeshes/HardSurfaceEnvironment/MainStation/SM_MainStation_Merged.uexp" 2346
"C:/Users/Stanislav/Documents/Unreal Projects/RGO/Content/ModularSciFi/StaticMeshes/HardSurfaceEnvironment/Modular_BridgeConnector_5/SM_Modular_BridgeConnector_5_Merged.ubulk" 2347
"C:/Users/Stanislav/Documents/Unreal Projects/RGO/Content/ModularSciFi/StaticMeshes/HardSurfaceEnvironment/Modular_BridgeConnector_5/SM_Modular_BridgeConnector_5_Merged.uasset" 2348
"C:/Users/Stanislav/Documents/Unreal Projects/RGO/Content/ModularSciFi/StaticMeshes/HardSurfaceEnvironment/Modular_BridgeConnector_5/SM_Modular_BridgeConnector_5_Merged.uexp" 2349
"C:/Users/Stanislav/Documents/Unreal Projects/RGO/Content/ModularSciFi/StaticMeshes/HardSurfaceEnvironment/Modular_Ceiling/SM_Modular_RoofModule_Merged.ubulk" 2350
"C:/Users/Stanislav/Documents/Unreal Projects/RGO/Content/ModularSciFi/StaticMeshes/HardSurfaceEnvironment/Modular_Ceiling/SM_Modular_RoofModule_Merged.uasset" 2351
"C:/Users/Stanislav/Documents/Unreal Projects/RGO/Content/ModularSciFi/StaticMeshes/HardSurfaceEnvironment/Modular_Ceiling/SM_Modular_RoofModule_Merged.uexp" 2352
"C:/Users/Stanislav/Documents/Unreal Projects/RGO/Content/ModularSciFi/StaticMeshes/HardSurfaceEnvironment/Modular_Ceiling_Window1/SM_Modular_Ceiling_Window1_Merged.ubulk" 2353
"C:/Users/Stanislav/Documents/Unreal Projects/RGO/Content/ModularSciFi/StaticMeshes/HardSurfaceEnvironment/Modular_Ceiling_Window1/SM_Modular_Ceiling_Window1_Merged.uasset" 2354
"C:/Users/Stanislav/Documents/Unreal Projects/RGO/Content/ModularSciFi/StaticMeshes/HardSurfaceEnvironment/Modular_Ceiling_Window1/SM_Modular_Ceiling_Window1_Merged.uexp" 2355
"C:/Users/Stanislav/Documents/Unreal Projects/RGO/Content/ModularSciFi/StaticMeshes/HardSurfaceEnvironment/Modular_Corner/SM_Modular_Corner_Merged.ubulk" 2356
"C:/Users/Stanislav/Documents/Unreal Projects/RGO/Content/ModularSciFi/StaticMeshes/HardSurfaceEnvironment/Modular_Corner/SM_Modular_Corner_Merged.uasset" 2357
"C:/Users/Stanislav/Documents/Unreal Projects/RGO/Content/ModularSciFi/StaticMeshes/HardSurfaceEnvironment/Modular_Corner/SM_Modular_Corner_Merged.uexp" 2358
"C:/Users/Stanislav/Documents/Unreal Projects/RGO/Content/ModularSciFi/StaticMeshes/HardSurfaceEnvironment/Modular_Door_Var1/SM_Modular_DoorModule_Merged.ubulk" 2359
"C:/Users/Stanislav/Documents/Unreal Projects/RGO/Content/ModularSciFi/StaticMeshes/HardSurfaceEnvironment/Modular_Door_Var1/SM_Modular_DoorModule_Merged.uasset" 2360
"C:/Users/Stanislav/Documents/Unreal Projects/RGO/Content/ModularSciFi/StaticMeshes/HardSurfaceEnvironment/Modular_Door_Var1/SM_Modular_DoorModule_Merged.uexp" 2361
"C:/Users/Stanislav/Documents/Unreal Projects/RGO/Content/ModularSciFi/StaticMeshes/HardSurfaceEnvironment/Modular_Floor/SM_Modular_Merged.ubulk" 2362
"C:/Users/Stanislav/Documents/Unreal Projects/RGO/Content/ModularSciFi/StaticMeshes/HardSurfaceEnvironment/Modular_Floor/SM_Modular_Merged.uasset" 2363
"C:/Users/Stanislav/Documents/Unreal Projects/RGO/Content/ModularSciFi/StaticMeshes/HardSurfaceEnvironment/Modular_Floor/SM_Modular_Merged.uexp" 2364
"C:/Users/Stanislav/Documents/Unreal Projects/RGO/Content/ModularSciFi/StaticMeshes/HardSurfaceEnvironment/Modular_IndoorCorner/SM_Modular_IndoorCorner_Merged.ubulk" 2365
"C:/Users/Stanislav/Documents/Unreal Projects/RGO/Content/ModularSciFi/StaticMeshes/HardSurfaceEnvironment/Modular_IndoorCorner/SM_Modular_IndoorCorner_Merged.uasset" 2366
"C:/Users/Stanislav/Documents/Unreal Projects/RGO/Content/ModularSciFi/StaticMeshes/HardSurfaceEnvironment/Modular_IndoorCorner/SM_Modular_IndoorCorner_Merged.uexp" 2367
"C:/Users/Stanislav/Documents/Unreal Projects/RGO/Content/ModularSciFi/StaticMeshes/HardSurfaceEnvironment/Modular_IndoorWallWindow_3/SM_Modular_IndoorWallWindow_3_Merged.ubulk" 2368
"C:/Users/Stanislav/Documents/Unreal Projects/RGO/Content/ModularSciFi/StaticMeshes/HardSurfaceEnvironment/Modular_IndoorWallWindow_3/SM_Modular_IndoorWallWindow_3_Merged.uasset" 2369
"C:/Users/Stanislav/Documents/Unreal Projects/RGO/Content/ModularSciFi/StaticMeshes/HardSurfaceEnvironment/Modular_IndoorWallWindow_3/SM_Modular_IndoorWallWindow_3_Merged.uexp" 2370
"C:/Users/Stanislav/Documents/Unreal Projects/RGO/Content/ModularSciFi/StaticMeshes/HardSurfaceEnvironment/Modular_InteriorColumn/SM_InteriorColumn_Merged.ubulk" 2371
"C:/Users/Stanislav/Documents/Unreal Projects/RGO/Content/ModularSciFi/StaticMeshes/HardSurfaceEnvironment/Modular_InteriorColumn/SM_InteriorColumn_Merged.uasset" 2372
"C:/Users/Stanislav/Documents/Unreal Projects/RGO/Content/ModularSciFi/StaticMeshes/HardSurfaceEnvironment/Modular_InteriorColumn/SM_InteriorColumn_Merged.uexp" 2373
"C:/Users/Stanislav/Documents/Unreal Projects/RGO/Content/ModularSciFi/StaticMeshes/HardSurfaceEnvironment/Modular_InteriorDoorConnector/SM_Modular_InteriorDoorConnector_Merged.ubulk" 2374
"C:/Users/Stanislav/Documents/Unreal Projects/RGO/Content/ModularSciFi/StaticMeshes/HardSurfaceEnvironment/Modular_InteriorDoorConnector/SM_Modular_InteriorDoorConnector_Merged.uasset" 2375
"C:/Users/Stanislav/Documents/Unreal Projects/RGO/Content/ModularSciFi/StaticMeshes/HardSurfaceEnvironment/Modular_InteriorDoorConnector/SM_Modular_InteriorDoorConnector_Merged.uexp" 2376
"C:/Users/Stanislav/Documents/Unreal Projects/RGO/Content/ModularSciFi/StaticMeshes/HardSurfaceEnvironment/Modular_Lamp/SM_Modular_Lamp_Merged.ubulk" 2377
"C:/Users/Stanislav/Documents/Unreal Projects/RGO/Content/ModularSciFi/StaticMeshes/HardSurfaceEnvironment/Modular_Lamp/SM_Modular_Lamp_Merged.uasset" 2378
"C:/Users/Stanislav/Documents/Unreal Projects/RGO/Content/ModularSciFi/StaticMeshes/HardSurfaceEnvironment/Modular_Lamp/SM_Modular_Lamp_Merged.uexp" 2379
"C:/Users/Stanislav/Documents/Unreal Projects/RGO/Content/ModularSciFi/StaticMeshes/HardSurfaceEnvironment/Modular_WallSupport_1/SM_Modular_WallSupport_1_Merged.ubulk" 2380
"C:/Users/Stanislav/Documents/Unreal Projects/RGO/Content/ModularSciFi/StaticMeshes/HardSurfaceEnvironment/Modular_WallSupport_1/SM_Modular_WallSupport_1_Merged.uasset" 2381
"C:/Users/Stanislav/Documents/Unreal Projects/RGO/Content/ModularSciFi/StaticMeshes/HardSurfaceEnvironment/Modular_WallSupport_1/SM_Modular_WallSupport_1_Merged.uexp" 2382
"C:/Users/Stanislav/Documents/Unreal Projects/RGO/Content/ModularSciFi/StaticMeshes/HardSurfaceEnvironment/Modular_WallWindow_1/SM_WallWindow_1_Merged.ubulk" 2383
"C:/Users/Stanislav/Documents/Unreal Projects/RGO/Content/ModularSciFi/StaticMeshes/HardSurfaceEnvironment/Modular_WallWindow_1/SM_WallWindow_1_Merged.uasset" 2384
"C:/Users/Stanislav/Documents/Unreal Projects/RGO/Content/ModularSciFi/StaticMeshes/HardSurfaceEnvironment/Modular_WallWindow_1/SM_WallWindow_1_Merged.uexp" 2385
"C:/Users/Stanislav/Documents/Unreal Projects/RGO/Content/ModularSciFi/StaticMeshes/HardSurfaceEnvironment/Modular_WallWindow_2/SM_Modular_WallWindow_2_Merged.ubulk" 2386
"C:/Users/Stanislav/Documents/Unreal Projects/RGO/Content/ModularSciFi/StaticMeshes/HardSurfaceEnvironment/Modular_WallWindow_2/SM_Modular_WallWindow_2_Merged.uasset" 2387
"C:/Users/Stanislav/Documents/Unreal Projects/RGO/Content/ModularSciFi/StaticMeshes/HardSurfaceEnvironment/Modular_WallWindow_2/SM_Modular_WallWindow_2_Merged.uexp" 2388
"C:/Users/Stanislav/Documents/Unreal Projects/RGO/Content/ModularSciFi/StaticMeshes/HardSurfaceEnvironment/Modular_WallWindow_3/SM_Modular_WallWindow_3_Merged.ubulk" 2389
"C:/Users/Stanislav/Documents/Unreal Projects/RGO/Content/ModularSciFi/StaticMeshes/HardSurfaceEnvironment/Modular_WallWindow_3/SM_Modular_WallWindow_3_Merged.uasset" 2390
"C:/Users/Stanislav/Documents/Unreal Projects/RGO/Content/ModularSciFi/StaticMeshes/HardSurfaceEnvironment/Modular_WallWindow_3/SM_Modular_WallWindow_3_Merged.uexp" 2391
"C:/Users/Stanislav/Documents/Unreal Projects/RGO/Content/ModularSciFi/StaticMeshes/HardSurfaceEnvironment/Modular_Wall_1/SM_Modular_Wall_1_Merged.ubulk" 2392
"C:/Users/Stanislav/Documents/Unreal Projects/RGO/Content/ModularSciFi/StaticMeshes/HardSurfaceEnvironment/Modular_Wall_1/SM_Modular_Wall_1_Merged.uasset" 2393
"C:/Users/Stanislav/Documents/Unreal Projects/RGO/Content/ModularSciFi/StaticMeshes/HardSurfaceEnvironment/Modular_Wall_1/SM_Modular_Wall_1_Merged.uexp" 2394
"C:/Users/Stanislav/Documents/Unreal Projects/RGO/Content/ModularSciFi/StaticMeshes/HardSurfaceEnvironment/Panel_1/SM_Panel_1_Merged.ubulk" 2395
"C:/Users/Stanislav/Documents/Unreal Projects/RGO/Content/ModularSciFi/StaticMeshes/HardSurfaceEnvironment/Panel_1/SM_Panel_1_Merged.uasset" 2396
"C:/Users/Stanislav/Documents/Unreal Projects/RGO/Content/ModularSciFi/StaticMeshes/HardSurfaceEnvironment/Panel_1/SM_Panel_1_Merged.uexp" 2397
"C:/Users/Stanislav/Documents/Unreal Projects/RGO/Content/ModularSciFi/StaticMeshes/HardSurfaceEnvironment/Panel_2/SM_Panel_2_Merged.ubulk" 2398
"C:/Users/Stanislav/Documents/Unreal Projects/RGO/Content/ModularSciFi/StaticMeshes/HardSurfaceEnvironment/Panel_2/SM_Panel_2_Merged.uasset" 2399
"C:/Users/Stanislav/Documents/Unreal Projects/RGO/Content/ModularSciFi/StaticMeshes/HardSurfaceEnvironment/Panel_2/SM_Panel_2_Merged.uexp" 2400
"C:/Users/Stanislav/Documents/Unreal Projects/RGO/Content/ModularSciFi/StaticMeshes/HardSurfaceEnvironment/Panel_3/SM_Panel_Merged.ubulk" 2401
"C:/Users/Stanislav/Documents/Unreal Projects/RGO/Content/ModularSciFi/StaticMeshes/HardSurfaceEnvironment/Panel_3/SM_Panel_Merged.uasset" 2402
"C:/Users/Stanislav/Documents/Unreal Projects/RGO/Content/ModularSciFi/StaticMeshes/HardSurfaceEnvironment/Panel_3/SM_Panel_Merged.uexp" 2403
"C:/Users/Stanislav/Documents/Unreal Projects/RGO/Content/ModularSciFi/StaticMeshes/HardSurfaceEnvironment/Panel_4/SM_Panel_4_Merged.ubulk" 2404
"C:/Users/Stanislav/Documents/Unreal Projects/RGO/Content/ModularSciFi/StaticMeshes/HardSurfaceEnvironment/Panel_4/SM_Panel_4_Merged.uasset" 2405
"C:/Users/Stanislav/Documents/Unreal Projects/RGO/Content/ModularSciFi/StaticMeshes/HardSurfaceEnvironment/Panel_4/SM_Panel_4_Merged.uexp" 2406
"C:/Users/Stanislav/Documents/Unreal Projects/RGO/Content/ModularSciFi/StaticMeshes/HardSurfaceEnvironment/Pillar_1/SM_Pillar_1_Merged.ubulk" 2407
"C:/Users/Stanislav/Documents/Unreal Projects/RGO/Content/ModularSciFi/StaticMeshes/HardSurfaceEnvironment/Pillar_1/SM_Pillar_1_Merged.uasset" 2408
"C:/Users/Stanislav/Documents/Unreal Projects/RGO/Content/ModularSciFi/StaticMeshes/HardSurfaceEnvironment/Pillar_1/SM_Pillar_1_Merged.uexp" 2409
"C:/Users/Stanislav/Documents/Unreal Projects/RGO/Content/ModularSciFi/StaticMeshes/HardSurfaceEnvironment/Platform_1/SM_Platform_1_Merged.ubulk" 2410
"C:/Users/Stanislav/Documents/Unreal Projects/RGO/Content/ModularSciFi/StaticMeshes/HardSurfaceEnvironment/Platform_1/SM_Platform_1_Merged.uasset" 2411
"C:/Users/Stanislav/Documents/Unreal Projects/RGO/Content/ModularSciFi/StaticMeshes/HardSurfaceEnvironment/Platform_1/SM_Platform_1_Merged.uexp" 2412
"C:/Users/Stanislav/Documents/Unreal Projects/RGO/Content/ModularSciFi/StaticMeshes/HardSurfaceEnvironment/Platform_2/SM_Platform_2_Merged.ubulk" 2413
"C:/Users/Stanislav/Documents/Unreal Projects/RGO/Content/ModularSciFi/StaticMeshes/HardSurfaceEnvironment/Platform_2/SM_Platform_2_Merged.uasset" 2414
"C:/Users/Stanislav/Documents/Unreal Projects/RGO/Content/ModularSciFi/StaticMeshes/HardSurfaceEnvironment/Platform_2/SM_Platform_2_Merged.uexp" 2415
"C:/Users/Stanislav/Documents/Unreal Projects/RGO/Content/ModularSciFi/StaticMeshes/HardSurfaceEnvironment/Pole/SM_Pole_Merged.ubulk" 2416
"C:/Users/Stanislav/Documents/Unreal Projects/RGO/Content/ModularSciFi/StaticMeshes/HardSurfaceEnvironment/Pole/SM_Pole_Merged.uasset" 2417
"C:/Users/Stanislav/Documents/Unreal Projects/RGO/Content/ModularSciFi/StaticMeshes/HardSurfaceEnvironment/Pole/SM_Pole_Merged.uexp" 2418
"C:/Users/Stanislav/Documents/Unreal Projects/RGO/Content/ModularSciFi/StaticMeshes/HardSurfaceEnvironment/Pump/SM_Pump_Merged.ubulk" 2419
"C:/Users/Stanislav/Documents/Unreal Projects/RGO/Content/ModularSciFi/StaticMeshes/HardSurfaceEnvironment/Pump/SM_Pump_Merged.uasset" 2420
"C:/Users/Stanislav/Documents/Unreal Projects/RGO/Content/ModularSciFi/StaticMeshes/HardSurfaceEnvironment/Pump/SM_Pump_Merged.uexp" 2421
"C:/Users/Stanislav/Documents/Unreal Projects/RGO/Content/ModularSciFi/StaticMeshes/HardSurfaceEnvironment/Pump_2/SM_Pump_2_Merged.ubulk" 2422
"C:/Users/Stanislav/Documents/Unreal Projects/RGO/Content/ModularSciFi/StaticMeshes/HardSurfaceEnvironment/Pump_2/SM_Pump_2_Merged.uasset" 2423
"C:/Users/Stanislav/Documents/Unreal Projects/RGO/Content/ModularSciFi/StaticMeshes/HardSurfaceEnvironment/Pump_2/SM_Pump_2_Merged.uexp" 2424
"C:/Users/Stanislav/Documents/Unreal Projects/RGO/Content/ModularSciFi/StaticMeshes/HardSurfaceEnvironment/RoofConnector_1/SM_RoofConnector_1_Merged.ubulk" 2425
"C:/Users/Stanislav/Documents/Unreal Projects/RGO/Content/ModularSciFi/StaticMeshes/HardSurfaceEnvironment/RoofConnector_1/SM_RoofConnector_1_Merged.uasset" 2426
"C:/Users/Stanislav/Documents/Unreal Projects/RGO/Content/ModularSciFi/StaticMeshes/HardSurfaceEnvironment/RoofConnector_1/SM_RoofConnector_1_Merged.uexp" 2427
"C:/Users/Stanislav/Documents/Unreal Projects/RGO/Content/ModularSciFi/StaticMeshes/HardSurfaceEnvironment/RoofConnector_2/SM_RoofConnector_2_Merged.ubulk" 2428
"C:/Users/Stanislav/Documents/Unreal Projects/RGO/Content/ModularSciFi/StaticMeshes/HardSurfaceEnvironment/RoofConnector_2/SM_RoofConnector_2_Merged.uasset" 2429
"C:/Users/Stanislav/Documents/Unreal Projects/RGO/Content/ModularSciFi/StaticMeshes/HardSurfaceEnvironment/RoofConnector_2/SM_RoofConnector_2_Merged.uexp" 2430
"C:/Users/Stanislav/Documents/Unreal Projects/RGO/Content/ModularSciFi/StaticMeshes/HardSurfaceEnvironment/RoofConnector_3/SM_RoofConnector_3_Merged.ubulk" 2431
"C:/Users/Stanislav/Documents/Unreal Projects/RGO/Content/ModularSciFi/StaticMeshes/HardSurfaceEnvironment/RoofConnector_3/SM_RoofConnector_3_Merged.uasset" 2432
"C:/Users/Stanislav/Documents/Unreal Projects/RGO/Content/ModularSciFi/StaticMeshes/HardSurfaceEnvironment/RoofConnector_3/SM_RoofConnector_3_Merged.uexp" 2433
"C:/Users/Stanislav/Documents/Unreal Projects/RGO/Content/ModularSciFi/StaticMeshes/HardSurfaceEnvironment/RoofConnector_4/SM_RoofConnector_4_Merged.ubulk" 2434
"C:/Users/Stanislav/Documents/Unreal Projects/RGO/Content/ModularSciFi/StaticMeshes/HardSurfaceEnvironment/RoofConnector_4/SM_RoofConnector_4_Merged.uasset" 2435
"C:/Users/Stanislav/Documents/Unreal Projects/RGO/Content/ModularSciFi/StaticMeshes/HardSurfaceEnvironment/RoofConnector_4/SM_RoofConnector_4_Merged.uexp" 2436
"C:/Users/Stanislav/Documents/Unreal Projects/RGO/Content/ModularSciFi/StaticMeshes/HardSurfaceEnvironment/RoofConnector_5/SM_RoofConnector_5_Merged.ubulk" 2437
"C:/Users/Stanislav/Documents/Unreal Projects/RGO/Content/ModularSciFi/StaticMeshes/HardSurfaceEnvironment/RoofConnector_5/SM_RoofConnector_5_Merged.uasset" 2438
"C:/Users/Stanislav/Documents/Unreal Projects/RGO/Content/ModularSciFi/StaticMeshes/HardSurfaceEnvironment/RoofConnector_5/SM_RoofConnector_5_Merged.uexp" 2439
"C:/Users/Stanislav/Documents/Unreal Projects/RGO/Content/ModularSciFi/StaticMeshes/HardSurfaceEnvironment/Stairs_1/SM_Stairs_1_Merged.ubulk" 2440
"C:/Users/Stanislav/Documents/Unreal Projects/RGO/Content/ModularSciFi/StaticMeshes/HardSurfaceEnvironment/Stairs_1/SM_Stairs_1_Merged.uasset" 2441
"C:/Users/Stanislav/Documents/Unreal Projects/RGO/Content/ModularSciFi/StaticMeshes/HardSurfaceEnvironment/Stairs_1/SM_Stairs_1_Merged.uexp" 2442
"C:/Users/Stanislav/Documents/Unreal Projects/RGO/Content/ModularSciFi/StaticMeshes/HardSurfaceEnvironment/Stairs_2/SM_Stairs_2_Merged.ubulk" 2443
"C:/Users/Stanislav/Documents/Unreal Projects/RGO/Content/ModularSciFi/StaticMeshes/HardSurfaceEnvironment/Stairs_2/SM_Stairs_2_Merged.uasset" 2444
"C:/Users/Stanislav/Documents/Unreal Projects/RGO/Content/ModularSciFi/StaticMeshes/HardSurfaceEnvironment/Stairs_2/SM_Stairs_2_Merged.uexp" 2445
"C:/Users/Stanislav/Documents/Unreal Projects/RGO/Content/ModularSciFi/StaticMeshes/HardSurfaceEnvironment/Stairs_3/SM_Stairs_3_Merged.ubulk" 2446
"C:/Users/Stanislav/Documents/Unreal Projects/RGO/Content/ModularSciFi/StaticMeshes/HardSurfaceEnvironment/Stairs_3/SM_Stairs_3_Merged.uasset" 2447
"C:/Users/Stanislav/Documents/Unreal Projects/RGO/Content/ModularSciFi/StaticMeshes/HardSurfaceEnvironment/Stairs_3/SM_Stairs_3_Merged.uexp" 2448
"C:/Users/Stanislav/Documents/Unreal Projects/RGO/Content/ModularSciFi/StaticMeshes/HardSurfaceEnvironment/Stairs_4/SM_Stairs_4_Merged.ubulk" 2449
"C:/Users/Stanislav/Documents/Unreal Projects/RGO/Content/ModularSciFi/StaticMeshes/HardSurfaceEnvironment/Stairs_4/SM_Stairs_4_Merged.uasset" 2450
"C:/Users/Stanislav/Documents/Unreal Projects/RGO/Content/ModularSciFi/StaticMeshes/HardSurfaceEnvironment/Stairs_4/SM_Stairs_4_Merged.uexp" 2451
"C:/Users/Stanislav/Documents/Unreal Projects/RGO/Content/ModularSciFi/StaticMeshes/HardSurfaceEnvironment/Stairs_6/SM_Stairs_6_Merged.ubulk" 2452
"C:/Users/Stanislav/Documents/Unreal Projects/RGO/Content/ModularSciFi/StaticMeshes/HardSurfaceEnvironment/Stairs_6/SM_Stairs_6_Merged.uasset" 2453
"C:/Users/Stanislav/Documents/Unreal Projects/RGO/Content/ModularSciFi/StaticMeshes/HardSurfaceEnvironment/Stairs_6/SM_Stairs_6_Merged.uexp" 2454
"C:/Users/Stanislav/Documents/Unreal Projects/RGO/Content/ModularSciFi/StaticMeshes/HardSurfaceEnvironment/Stair_Single/SM_Stair_Single_Merged.ubulk" 2455
"C:/Users/Stanislav/Documents/Unreal Projects/RGO/Content/ModularSciFi/StaticMeshes/HardSurfaceEnvironment/Stair_Single/SM_Stair_Single_Merged.uasset" 2456
"C:/Users/Stanislav/Documents/Unreal Projects/RGO/Content/ModularSciFi/StaticMeshes/HardSurfaceEnvironment/Stair_Single/SM_Stair_Single_Merged.uexp" 2457
"C:/Users/Stanislav/Documents/Unreal Projects/RGO/Content/ModularSciFi/StaticMeshes/HardSurfaceEnvironment/Tank_1/SM_Tank_1_Merged.ubulk" 2458
"C:/Users/Stanislav/Documents/Unreal Projects/RGO/Content/ModularSciFi/StaticMeshes/HardSurfaceEnvironment/Tank_1/SM_Tank_1_Merged.uasset" 2459
"C:/Users/Stanislav/Documents/Unreal Projects/RGO/Content/ModularSciFi/StaticMeshes/HardSurfaceEnvironment/Tank_1/SM_Tank_1_Merged.uexp" 2460
"C:/Users/Stanislav/Documents/Unreal Projects/RGO/Content/ModularSciFi/StaticMeshes/HardSurfaceEnvironment/Tank_2/SM_Tank_2_Merged.ubulk" 2461
"C:/Users/Stanislav/Documents/Unreal Projects/RGO/Content/ModularSciFi/StaticMeshes/HardSurfaceEnvironment/Tank_2/SM_Tank_2_Merged.uasset" 2462
"C:/Users/Stanislav/Documents/Unreal Projects/RGO/Content/ModularSciFi/StaticMeshes/HardSurfaceEnvironment/Tank_2/SM_Tank_2_Merged.uexp" 2463
"C:/Users/Stanislav/Documents/Unreal Projects/RGO/Content/ModularSciFi/StaticMeshes/HardSurfaceEnvironment/Tubes/SM_Tube_3_4.ubulk" 2464
"C:/Users/Stanislav/Documents/Unreal Projects/RGO/Content/ModularSciFi/StaticMeshes/HardSurfaceEnvironment/Tubes/SM_Tube_3_4.uasset" 2465
"C:/Users/Stanislav/Documents/Unreal Projects/RGO/Content/ModularSciFi/StaticMeshes/HardSurfaceEnvironment/Tubes/SM_Tube_3_4.uexp" 2466
"C:/Users/Stanislav/Documents/Unreal Projects/RGO/Content/ModularSciFi/StaticMeshes/HardSurfaceEnvironment/Tubes/SM_Tube_5_2.ubulk" 2467
"C:/Users/Stanislav/Documents/Unreal Projects/RGO/Content/ModularSciFi/StaticMeshes/HardSurfaceEnvironment/Tubes/SM_Tube_5_2.uasset" 2468
"C:/Users/Stanislav/Documents/Unreal Projects/RGO/Content/ModularSciFi/StaticMeshes/HardSurfaceEnvironment/Tubes/SM_Tube_5_2.uexp" 2469
"C:/Users/Stanislav/Documents/Unreal Projects/RGO/Content/ModularSciFi/StaticMeshes/HardSurfaceEnvironment/Tubes/SM_Tube_5_3.ubulk" 2470
"C:/Users/Stanislav/Documents/Unreal Projects/RGO/Content/ModularSciFi/StaticMeshes/HardSurfaceEnvironment/Tubes/SM_Tube_5_3.uasset" 2471
"C:/Users/Stanislav/Documents/Unreal Projects/RGO/Content/ModularSciFi/StaticMeshes/HardSurfaceEnvironment/Tubes/SM_Tube_5_3.uexp" 2472
"C:/Users/Stanislav/Documents/Unreal Projects/RGO/Content/ModularSciFi/StaticMeshes/HardSurfaceEnvironment/Vent/SM_VentModule_Merged.ubulk" 2473
"C:/Users/Stanislav/Documents/Unreal Projects/RGO/Content/ModularSciFi/StaticMeshes/HardSurfaceEnvironment/Vent/SM_VentModule_Merged.uasset" 2474
"C:/Users/Stanislav/Documents/Unreal Projects/RGO/Content/ModularSciFi/StaticMeshes/HardSurfaceEnvironment/Vent/SM_VentModule_Merged.uexp" 2475
"C:/Users/Stanislav/Documents/Unreal Projects/RGO/Content/ModularSciFi/StaticMeshes/HardSurfaceEnvironment/WallBracket/SM_WallBracket_Merged.ubulk" 2476
"C:/Users/Stanislav/Documents/Unreal Projects/RGO/Content/ModularSciFi/StaticMeshes/HardSurfaceEnvironment/WallBracket/SM_WallBracket_Merged.uasset" 2477
"C:/Users/Stanislav/Documents/Unreal Projects/RGO/Content/ModularSciFi/StaticMeshes/HardSurfaceEnvironment/WallBracket/SM_WallBracket_Merged.uexp" 2478
"C:/Users/Stanislav/Documents/Unreal Projects/RGO/Content/ModularSciFi/StaticMeshes/HardSurfaceEnvironment/WallPanel_1/SM_WallPanel_1_Merged.ubulk" 2479
"C:/Users/Stanislav/Documents/Unreal Projects/RGO/Content/ModularSciFi/StaticMeshes/HardSurfaceEnvironment/WallPanel_1/SM_WallPanel_1_Merged.uasset" 2480
"C:/Users/Stanislav/Documents/Unreal Projects/RGO/Content/ModularSciFi/StaticMeshes/HardSurfaceEnvironment/WallPanel_1/SM_WallPanel_1_Merged.uexp" 2481
"C:/Users/Stanislav/Documents/Unreal Projects/RGO/Content/ModularSciFi/StaticMeshes/HardSurfaceEnvironment/WallPump/SM_WallPump_Merged.ubulk" 2482
"C:/Users/Stanislav/Documents/Unreal Projects/RGO/Content/ModularSciFi/StaticMeshes/HardSurfaceEnvironment/WallPump/SM_WallPump_Merged.uasset" 2483
"C:/Users/Stanislav/Documents/Unreal Projects/RGO/Content/ModularSciFi/StaticMeshes/HardSurfaceEnvironment/WallPump/SM_WallPump_Merged.uexp" 2484
"C:/Users/Stanislav/Documents/Unreal Projects/RGO/Content/Blueprints/BP_Camera.uasset" 2485
"C:/Users/Stanislav/Documents/Unreal Projects/RGO/Content/Blueprints/BP_Camera.uexp" 2486
"C:/Users/Stanislav/Documents/Unreal Projects/RGO/Content/Characters/Heroes/Mannequin/Animations/Locomotion/Unarmed/MM_Unarmed_IdleBreak_Fidget.uasset" 2487
"C:/Users/Stanislav/Documents/Unreal Projects/RGO/Content/Characters/Heroes/Mannequin/Animations/Locomotion/Unarmed/MM_Unarmed_IdleBreak_Fidget.uexp" 2488
"C:/Users/Stanislav/Documents/Unreal Projects/RGO/Content/Blueprints/BP_Menu_Character.uasset" 2489
"C:/Users/Stanislav/Documents/Unreal Projects/RGO/Content/Blueprints/BP_Menu_Character.uexp" 2490
"C:/Users/Stanislav/Documents/Unreal Projects/RGO/Content/Blueprints/MenuCameraSequence.uasset" 2491
"C:/Users/Stanislav/Documents/Unreal Projects/RGO/Content/Blueprints/MenuCameraSequence.uexp" 2492
"C:/Users/Stanislav/Documents/Unreal Projects/RGO/Content/Maps/MainMenu.uexp" 2493
"C:/Users/Stanislav/Documents/Unreal Projects/RGO/Content/Maps/MainMenu.ubulk" 2494
"C:/Users/Stanislav/Documents/Unreal Projects/RGO/Content/Maps/MainMenu.umap" 2495
"../../../Engine/Content/VREditor/UI/KeyDiskMaterial.uasset" 2496
"../../../Engine/Content/VREditor/UI/KeyDiskMaterial.uexp" 2497
"../../../Engine/Content/VREditor/UI/DiscMaterial.uasset" 2498
"../../../Engine/Content/VREditor/UI/DiscMaterial.uexp" 2499
"C:/Users/Stanislav/Documents/Unreal Projects/RGO/Content/ModularSciFi/StaticMeshes/Grass/SM_Plant_2.ubulk" 2500
"C:/Users/Stanislav/Documents/Unreal Projects/RGO/Content/ModularSciFi/StaticMeshes/Grass/SM_Plant_2.uasset" 2501
"C:/Users/Stanislav/Documents/Unreal Projects/RGO/Content/ModularSciFi/StaticMeshes/Grass/SM_Plant_2.uexp" 2502
"C:/Users/Stanislav/Documents/Unreal Projects/RGO/Content/ModularSciFi/StaticMeshes/Grass/SM_Plant_7.ubulk" 2503
"C:/Users/Stanislav/Documents/Unreal Projects/RGO/Content/ModularSciFi/StaticMeshes/Grass/SM_Plant_7.uasset" 2504
"C:/Users/Stanislav/Documents/Unreal Projects/RGO/Content/ModularSciFi/StaticMeshes/Grass/SM_Plant_7.uexp" 2505
"C:/Users/Stanislav/Documents/Unreal Projects/RGO/Content/ModularSciFi/StaticMeshes/Grass/SM_Plant_8.ubulk" 2506
"C:/Users/Stanislav/Documents/Unreal Projects/RGO/Content/ModularSciFi/StaticMeshes/Grass/SM_Plant_8.uasset" 2507
"C:/Users/Stanislav/Documents/Unreal Projects/RGO/Content/ModularSciFi/StaticMeshes/Grass/SM_Plant_8.uexp" 2508
"C:/Users/Stanislav/Documents/Unreal Projects/RGO/Content/ModularSciFi/StaticMeshes/Grass/SM_Plant_9.ubulk" 2509
"C:/Users/Stanislav/Documents/Unreal Projects/RGO/Content/ModularSciFi/StaticMeshes/Grass/SM_Plant_9.uasset" 2510
"C:/Users/Stanislav/Documents/Unreal Projects/RGO/Content/ModularSciFi/StaticMeshes/Grass/SM_Plant_9.uexp" 2511
"C:/Users/Stanislav/Documents/Unreal Projects/RGO/Content/Widgets/M_VignetteBloody.uasset" 2512
"C:/Users/Stanislav/Documents/Unreal Projects/RGO/Content/Widgets/M_VignetteBloody.uexp" 2513
"C:/Users/Stanislav/Documents/Unreal Projects/RGO/Content/Widgets/MI_VignetteBloody.uasset" 2514
"C:/Users/Stanislav/Documents/Unreal Projects/RGO/Content/Widgets/MI_VignetteBloody.uexp" 2515
"C:/Users/Stanislav/Documents/Unreal Projects/RGO/Content/Widgets/BP_UW_HUD.uasset" 2516
"C:/Users/Stanislav/Documents/Unreal Projects/RGO/Content/Widgets/BP_UW_HUD.uexp" 2517
"C:/Users/Stanislav/Documents/Unreal Projects/RGO/Content/Widgets/BP_UW_Pause.uasset" 2518
"C:/Users/Stanislav/Documents/Unreal Projects/RGO/Content/Widgets/BP_UW_Pause.uexp" 2519
"C:/Users/Stanislav/Documents/Unreal Projects/RGO/Content/Blueprints/BP_HUD_Main.uasset" 2520
"C:/Users/Stanislav/Documents/Unreal Projects/RGO/Content/Blueprints/BP_HUD_Main.uexp" 2521
"C:/Users/Stanislav/Documents/Unreal Projects/RGO/Content/Imput/IA_Move.uasset" 2522
"C:/Users/Stanislav/Documents/Unreal Projects/RGO/Content/Imput/IA_Move.uexp" 2523
"C:/Users/Stanislav/Documents/Unreal Projects/RGO/Content/Imput/IA_Pause.uasset" 2524
"C:/Users/Stanislav/Documents/Unreal Projects/RGO/Content/Imput/IA_Pause.uexp" 2525
"C:/Users/Stanislav/Documents/Unreal Projects/RGO/Content/Imput/IA_Reload.uasset" 2526
"C:/Users/Stanislav/Documents/Unreal Projects/RGO/Content/Imput/IA_Reload.uexp" 2527
"C:/Users/Stanislav/Documents/Unreal Projects/RGO/Content/Imput/IA_Rotate.uasset" 2528
"C:/Users/Stanislav/Documents/Unreal Projects/RGO/Content/Imput/IA_Rotate.uexp" 2529
"C:/Users/Stanislav/Documents/Unreal Projects/RGO/Content/Imput/IA_Run.uasset" 2530
"C:/Users/Stanislav/Documents/Unreal Projects/RGO/Content/Imput/IA_Run.uexp" 2531
"C:/Users/Stanislav/Documents/Unreal Projects/RGO/Content/Imput/IA_Shoot.uasset" 2532
"C:/Users/Stanislav/Documents/Unreal Projects/RGO/Content/Imput/IA_Shoot.uexp" 2533
"C:/Users/Stanislav/Documents/Unreal Projects/RGO/Content/Imput/IA_Zoom.uasset" 2534
"C:/Users/Stanislav/Documents/Unreal Projects/RGO/Content/Imput/IA_Zoom.uexp" 2535
"C:/Users/Stanislav/Documents/Unreal Projects/RGO/Content/Imput/IMC_Default.uasset" 2536
"C:/Users/Stanislav/Documents/Unreal Projects/RGO/Content/Imput/IMC_Default.uexp" 2537
"C:/Users/Stanislav/Documents/Unreal Projects/RGO/Content/Imput/IMC_UI.uasset" 2538
"C:/Users/Stanislav/Documents/Unreal Projects/RGO/Content/Imput/IMC_UI.uexp" 2539
"C:/Users/Stanislav/Documents/Unreal Projects/RGO/Content/Blueprints/BP_PC_Main.uasset" 2540
"C:/Users/Stanislav/Documents/Unreal Projects/RGO/Content/Blueprints/BP_PC_Main.uexp" 2541
"C:/Users/Stanislav/Documents/Unreal Projects/RGO/Content/Blueprints/BP_GM_Main.uasset" 2542
"C:/Users/Stanislav/Documents/Unreal Projects/RGO/Content/Blueprints/BP_GM_Main.uexp" 2543
"C:/Users/Stanislav/Documents/Unreal Projects/RGO/Content/Blueprints/BP_TestSpawner.uasset" 2544
"C:/Users/Stanislav/Documents/Unreal Projects/RGO/Content/Blueprints/BP_TestSpawner.uexp" 2545
"C:/Users/Stanislav/Documents/Unreal Projects/RGO/Content/Maps/Level_1.uexp" 2546
"C:/Users/Stanislav/Documents/Unreal Projects/RGO/Content/Maps/Level_1.ubulk" 2547
"C:/Users/Stanislav/Documents/Unreal Projects/RGO/Content/Maps/Level_1.umap" 2548
