"C:/Users/Stanislav/Documents/Unreal Projects/RGO/RGO.uproject" 1
"../../../../../../Users/Stanislav/Documents/Unreal Projects/RGO/Binaries/Win64/UnrealEditor.modules" 2
"../../../Engine/Plugins/AudioGameplay/AudioGameplay.uplugin" 3
"../../../Engine/Plugins/Bridge/Bridge.uplugin" 4
"../../../Engine/Plugins/ChaosInsights/ChaosInsights.uplugin" 5
"../../../Engine/Plugins/ChaosVD/ChaosVD.uplugin" 6
"../../../Engine/Plugins/AudioInsights/AudioInsights.uplugin" 7
"../../../Engine/Plugins/DiscoveryBeaconReceiver/DiscoveryBeaconReceiver.uplugin" 8
"../../../Engine/Plugins/Chooser/Chooser.uplugin" 9
"../../../Engine/Plugins/ChaosClothAsset/ChaosClothAsset.uplugin" 10
"../../../Engine/Plugins/BaseMaterial/BaseMaterial.uplugin" 11
"../../../Engine/Plugins/EnhancedInput/EnhancedInput.uplugin" 12
"../../../Engine/Plugins/AudioGameplayVolume/AudioGameplayVolume.uplugin" 13
"../../../Engine/Plugins/ChaosCloth/ChaosCloth.uplugin" 14
"../../../Engine/Plugins/CmdLinkServer/CmdLinkServer.uplugin" 15
"../../../Engine/Plugins/ChaosClothAssetEditor/ChaosClothAssetEditor.uplugin" 16
"../../../Engine/Plugins/MemoryUsageQueries/MemoryUsageQueries.uplugin" 17
"../../../Engine/Plugins/MeshPainting/MeshPainting.uplugin" 18
"../../../Engine/Plugins/Mutable/Mutable.uplugin" 19
"../../../Engine/Plugins/PCG/PCG.uplugin" 20
"../../../Engine/Plugins/RenderGraphInsights/RenderGraphInsights.uplugin" 21
"../../../Engine/Plugins/ScriptPlugin/ScriptPlugin.uplugin" 22
"../../../Engine/Plugins/TraceUtilities/TraceUtilities.uplugin" 23
"../../../Engine/Plugins/TextureGraph/TextureGraph.uplugin" 24
"../../../Engine/Plugins/BlueprintFileUtils/BlueprintFileUtils.uplugin" 25
"../../../Engine/Plugins/UbaController/UbaController.uplugin" 26
"../../../Engine/Plugins/Fab/Fab.uplugin" 27
"../../../Engine/Plugins/FastBuildController/FastBuildController.uplugin" 28
"../../../Engine/Plugins/XGEController/XGEController.uplugin" 29
"../../../Engine/Plugins/IoStoreInsights/IoStoreInsights.uplugin" 30
"../../../Engine/Plugins/WorldMetrics/WorldMetrics.uplugin" 31
"../../../Engine/Plugins/FX/CascadeToNiagaraConverter/CascadeToNiagaraConverter.uplugin" 32
"../../../Engine/Plugins/FX/Niagara/Niagara.uplugin" 33
"../../../Engine/Plugins/FX/Cascade/Cascade.uplugin" 34
"../../../Engine/Plugins/FX/ExampleCustomDataInterface/ExampleCustomDataInterface.uplugin" 35
"../../../Engine/Plugins/FX/NiagaraMRQ/NiagaraMRQ.uplugin" 36
"../../../Engine/Plugins/FX/NiagaraNanite/NiagaraNanite.uplugin" 37
"../../../Engine/Plugins/FX/NiagaraFluids/NiagaraFluids.uplugin" 38
"../../../Engine/Plugins/Interchange/Editor/InterchangeEditor.uplugin" 39
"../../../Engine/Plugins/FX/NiagaraSimCaching/NiagaraSimCaching.uplugin" 40
"../../../Engine/Plugins/Interchange/Runtime/Interchange.uplugin" 41
"../../../Engine/Plugins/Interchange/Assets/InterchangeAssets.uplugin" 42
"../../../Engine/Plugins/Media/AndroidMedia/AndroidMedia.uplugin" 43
"../../../Engine/Plugins/FX/NiagaraPreviewContent/NiagaraPreviewContent.uplugin" 44
"../../../Engine/Plugins/Media/AndroidCamera/AndroidCamera.uplugin" 45
"../../../Engine/Plugins/LightWeightInstancesEditor/LightWeightInstancesEditor.uplugin" 46
"../../../Engine/Plugins/Media/AudioCaptureTimecodeProvider/AudioCaptureTimecodeProvider.uplugin" 47
"../../../Engine/Plugins/Media/AppleProResMedia/AppleProResMedia.uplugin" 48
"../../../Engine/Plugins/Media/AvidDNxMedia/AvidDNxMedia.uplugin" 49
"../../../Engine/Plugins/JsonBlueprintUtilities/JsonBlueprintUtilities.uplugin" 50
"../../../Engine/Plugins/Media/BlackmagicMedia/BlackmagicMedia.uplugin" 51
"../../../Engine/Plugins/Media/BinkMedia/BinkMedia.uplugin" 52
"../../../Engine/Plugins/Media/D3D12VideoDecodersElectra/D3D12VideoDecodersElectra.uplugin" 53
"../../../Engine/Plugins/Media/ElectraCDM/ElectraCDM.uplugin" 54
"../../../Engine/Plugins/Media/AvfMedia/AvfMedia.uplugin" 55
"../../../Engine/Plugins/Media/ElectraSubtitles/ElectraSubtitles.uplugin" 56
"../../../Engine/Plugins/Media/ElectraCodecs/ElectraCodecs.uplugin" 57
"../../../Engine/Plugins/MassInsights/MassInsights.uplugin" 58
"../../../Engine/Plugins/Media/ElectraUtil/ElectraUtil.uplugin" 59
"../../../Engine/Plugins/Media/AjaMedia/AjaMedia.uplugin" 60
"../../../Engine/Plugins/Media/HAPDecoderElectra/HAPDecoderElectra.uplugin" 61
"../../../Engine/Plugins/Media/AppleProResDecoderElectra/AppleProResDecoderElectra.uplugin" 62
"../../../Engine/Plugins/Media/LinearTimecode/LinearTimecode.uplugin" 63
"../../../Engine/Plugins/Media/ElectraPlayer/ElectraPlayer.uplugin" 64
"../../../Engine/Plugins/Media/MediaCompositing/MediaCompositing.uplugin" 65
"../../../Engine/Plugins/Media/MediaFrameworkUtilities/MediaFrameworkUtilities.uplugin" 66
"../../../Engine/Plugins/Media/FlacDecoderElectra/FlacDecoderElectra.uplugin" 67
"../../../Engine/Plugins/Media/MediaIOFramework/MediaIOFramework.uplugin" 68
"../../../Engine/Plugins/Media/MediaMovieStreamer/MediaMovieStreamer.uplugin" 69
"../../../Engine/Plugins/Media/AvidDNxHDDecoderElectra/AvidDNxHDDecoderElectra.uplugin" 70
"../../../Engine/Plugins/Media/MediaPlate/MediaPlate.uplugin" 71
"../../../Engine/Plugins/Media/MediaViewer/MediaViewer.uplugin" 72
"../../../Engine/Plugins/Media/MfMedia/MfMedia.uplugin" 73
"../../../Engine/Plugins/Media/MJPEGDecoderElectra/MJPEGDecoderElectra.uplugin" 74
"../../../Engine/Plugins/Media/MediaPlayerEditor/MediaPlayerEditor.uplugin" 75
"../../../Engine/Plugins/Media/NDIMedia/NDIMedia.uplugin" 76
"../../../Engine/Plugins/Media/OpusDecoderElectra/OpusDecoderElectra.uplugin" 77
"../../../Engine/Plugins/Media/PixelCapture/PixelCapture.uplugin" 78
"../../../Engine/Plugins/Media/TimecodeSynchronizer/TimecodeSynchronizer.uplugin" 79
"../../../Engine/Plugins/Media/PixelStreaming/PixelStreaming.uplugin" 80
"../../../Engine/Plugins/Media/VPxDecoderElectra/VPxDecoderElectra.uplugin" 81
"../../../Engine/Plugins/Media/WmfMedia/WmfMedia.uplugin" 82
"../../../Engine/Plugins/Media/HAPMedia/HAPMedia.uplugin" 83
"../../../Engine/Plugins/MetaHuman/MetaHumanCalibrationProcessing/MetaHumanCalibrationProcessing.uplugin" 84
"../../../Engine/Plugins/MetaHuman/MetaHumanCoreTechLib/MetaHumanCoreTech.uplugin" 85
"../../../Engine/Plugins/Media/WebMMedia/WebMMedia.uplugin" 86
"../../../Engine/Plugins/MetaHuman/MetaHumanLiveLink/MetaHumanLiveLink.uplugin" 87
"../../../Engine/Plugins/Media/HardwareEncoders/HardwareEncoders.uplugin" 88
"../../../Engine/Plugins/MetaHuman/MetaHumanSDK/MetaHumanSDK.uplugin" 89
"../../../Engine/Plugins/Online/EOSShared/EOSShared.uplugin" 90
"../../../Engine/Plugins/Online/EOSOverlayInputProvider/EOSOverlayInputProvider.uplugin" 91
"../../../Engine/Plugins/Online/OnlineBase/OnlineBase.uplugin" 92
"../../../Engine/Plugins/Media/PixelStreaming2/PixelStreaming2.uplugin" 93
"../../../Engine/Plugins/Online/OnlineFrameworkCommon/OnlineFrameworkCommon.uplugin" 94
"../../../Engine/Plugins/Online/OnlineServicesEOS/OnlineServicesEOS.uplugin" 95
"../../../Engine/Plugins/Online/OnlineServicesEOSGS/OnlineServicesEOSGS.uplugin" 96
"../../../Engine/Plugins/Online/OnlineFramework/OnlineFramework.uplugin" 97
"../../../Engine/Plugins/Online/OnlineServicesEpicCommon/OnlineServicesEpicCommon.uplugin" 98
"../../../Engine/Plugins/Online/OnlineSubsystem/OnlineSubsystem.uplugin" 99
"../../../Engine/Plugins/Online/OnlineServices/OnlineServices.uplugin" 100
"../../../Engine/Plugins/Online/OnlineServicesOSSAdapter/OnlineServicesOSSAdapter.uplugin" 101
"../../../Engine/Plugins/Online/OnlineSubsystemAmazon/OnlineSubsystemAmazon.uplugin" 102
"../../../Engine/Plugins/MetaHuman/MetaHumanAnimator/MetaHuman.uplugin" 103
"../../../Engine/Plugins/Media/ImgMedia/ImgMedia.uplugin" 104
"../../../Engine/Plugins/Online/OnlineSubsystemGoogle/OnlineSubsystemGoogle.uplugin" 105
"../../../Engine/Plugins/Online/OnlineSubsystemApple/OnlineSubsystemApple.uplugin" 106
"../../../Engine/Plugins/Online/OnlineSubsystemFacebook/OnlineSubsystemFacebook.uplugin" 107
"../../../Engine/Plugins/Online/OnlineServicesNull/OnlineServicesNull.uplugin" 108
"../../../Engine/Plugins/Online/OnlineSubsystemNull/OnlineSubsystemNull.uplugin" 109
"../../../Engine/Plugins/Online/OnlineSubsystemEOS/OnlineSubsystemEOS.uplugin" 110
"../../../Engine/Plugins/Online/OnlineSubsystemSteam/OnlineSubsystemSteam.uplugin" 111
"../../../Engine/Plugins/Online/SocketSubsystemSteamIP/SocketSubsystemSteamIP.uplugin" 112
"../../../Engine/Plugins/Online/SocketSubsystemEOS/SocketSubsystemEOS.uplugin" 113
"../../../Engine/Plugins/Runtime/ADM/ADM.uplugin" 114
"../../../Engine/Plugins/Runtime/AndroidMoviePlayer/AndroidMoviePlayer.uplugin" 115
"../../../Engine/Plugins/Online/WebAuth/WebAuth.uplugin" 116
"../../../Engine/Plugins/Runtime/ActorLayerUtilities/ActorLayerUtilities.uplugin" 117
"../../../Engine/Plugins/Runtime/AnimationBudgetAllocator/AnimationBudgetAllocator.uplugin" 118
"../../../Engine/Plugins/Runtime/AppleImageUtils/AppleImageUtils.uplugin" 119
"../../../Engine/Plugins/MetaHuman/MetaHumanCharacter/MetaHumanCharacter.uplugin" 120
"../../../Engine/Plugins/Online/OnlineSubsystemUtils/OnlineSubsystemUtils.uplugin" 121
"../../../Engine/Plugins/Runtime/ApexDestruction/ApexDestruction.uplugin" 122
"../../../Engine/Plugins/Runtime/AndroidBackgroundService/AndroidBackgroundService.uplugin" 123
"../../../Engine/Plugins/Runtime/AudioModulation/AudioModulation.uplugin" 124
"../../../Engine/Plugins/Online/OnlineSubsystemTencent/OnlineSubsystemTencent.uplugin" 125
"../../../Engine/Plugins/Runtime/AudioCapture/AudioCapture.uplugin" 126
"../../../Engine/Plugins/Runtime/ArchVisCharacter/ArchVisCharacter.uplugin" 127
"../../../Engine/Plugins/Runtime/AndroidDeviceProfileSelector/AndroidDeviceProfileSelector.uplugin" 128
"../../../Engine/Plugins/Runtime/AudioMotorSim/AudioMotorSim.uplugin" 129
"../../../Engine/Plugins/Runtime/AudioSynesthesia/AudioSynesthesia.uplugin" 130
"../../../Engine/Plugins/Runtime/CableComponent/CableComponent.uplugin" 131
"../../../Engine/Plugins/Runtime/AppleMoviePlayer/AppleMoviePlayer.uplugin" 132
"../../../Engine/Plugins/Runtime/ComputeFramework/ComputeFramework.uplugin" 133
"../../../Engine/Plugins/Runtime/ChunkDownloader/ChunkDownloader.uplugin" 134
"../../../Engine/Plugins/Runtime/CustomMeshComponent/CustomMeshComponent.uplugin" 135
"../../../Engine/Plugins/Runtime/AndroidPermission/AndroidPermission.uplugin" 136
"../../../Engine/Plugins/Runtime/AudioWidgets/AudioWidgets.uplugin" 137
"../../../Engine/Plugins/Runtime/CommonUI/CommonUI.uplugin" 138
"../../../Engine/Plugins/Runtime/DataRegistry/DataRegistry.uplugin" 139
"../../../Engine/Plugins/Runtime/AssetTags/AssetTags.uplugin" 140
"../../../Engine/Plugins/Runtime/ExternalGPUStatistics/ExternalGPUStatistics.uplugin" 141
"../../../Engine/Plugins/Runtime/GameplayAbilities/GameplayAbilities.uplugin" 142
"../../../Engine/Plugins/Runtime/GameFeatures/GameFeatures.uplugin" 143
"../../../Engine/Plugins/Runtime/GameplayBehaviorSmartObjects/GameplayBehaviorSmartObjects.uplugin" 144
"../../../Engine/Plugins/Runtime/GeoReferencing/GeoReferencing.uplugin" 145
"../../../Engine/Plugins/Runtime/GeometryProcessing/GeometryProcessing.uplugin" 146
"../../../Engine/Plugins/Runtime/GameInput/GameInput.uplugin" 147
"../../../Engine/Plugins/Runtime/GooglePAD/GooglePAD.uplugin" 148
"../../../Engine/Plugins/Runtime/HairStrands/HairStrands.uplugin" 149
"../../../Engine/Plugins/Runtime/GoogleCloudMessaging/GoogleCloudMessaging.uplugin" 150
"../../../Engine/Plugins/Runtime/GeometryScripting/GeometryScripting.uplugin" 151
"../../../Engine/Plugins/Runtime/AndroidFileServer/AndroidFileServer.uplugin" 152
"../../../Engine/Plugins/Runtime/Harmonix/Harmonix.uplugin" 153
"../../../Engine/Plugins/Runtime/HDRIBackdrop/HDRIBackdrop.uplugin" 154
"../../../Engine/Plugins/Runtime/GameplayStateTree/GameplayStateTree.uplugin" 155
"../../../Engine/Plugins/Runtime/InputDebugging/InputDebugging.uplugin" 156
"../../../Engine/Plugins/Runtime/Firebase/Firebase.uplugin" 157
"../../../Engine/Plugins/Runtime/GameplayInteractions/GameplayInteractions.uplugin" 158
"../../../Engine/Plugins/Runtime/HTTPChunkInstaller/HTTPChunkInstaller.uplugin" 159
"../../../Engine/Plugins/Runtime/InstancedActors/InstancedActors.uplugin" 160
"../../../Engine/Plugins/Runtime/IOSReplayKit/IOSReplayKit.uplugin" 161
"../../../Engine/Plugins/Runtime/ExampleDeviceProfileSelector/ExampleDeviceProfileSelector.uplugin" 162
"../../../Engine/Plugins/Runtime/LocationServicesAndroidImpl/LocationServicesAndroidImpl.uplugin" 163
"../../../Engine/Plugins/Runtime/LocationServicesBPLibrary/LocationServicesBPLibrary.uplugin" 164
"../../../Engine/Plugins/Runtime/GeometryCache/GeometryCache.uplugin" 165
"../../../Engine/Plugins/Runtime/MassEntity/MassEntity.uplugin" 166
"../../../Engine/Plugins/Runtime/LevelStreamingPersistence/LevelStreamingPersistence.uplugin" 167
"../../../Engine/Plugins/Runtime/IOSDeviceProfileSelector/IOSDeviceProfileSelector.uplugin" 168
"../../../Engine/Plugins/Runtime/MassGameplay/MassGameplay.uplugin" 169
"../../../Engine/Plugins/Runtime/LocationServicesIOSImpl/LocationServicesIOSImpl.uplugin" 170
"../../../Engine/Plugins/Runtime/MicrosoftSpatialAudio/MicroSoftSpatialSound.uplugin" 171
"../../../Engine/Plugins/Runtime/HPMotionController/HPMotionController.uplugin" 172
"../../../Engine/Plugins/Runtime/MixedRealityCaptureFramework/MixedRealityCaptureFramework.uplugin" 173
"../../../Engine/Plugins/Runtime/MobilePatchingUtils/MobilePatchingUtils.uplugin" 174
"../../../Engine/Plugins/Runtime/ModelViewViewModel/ModelViewViewModel.uplugin" 175
"../../../Engine/Plugins/Runtime/LiveLinkOvernDisplay/LiveLinkOverNDisplay.uplugin" 176
"../../../Engine/Plugins/Runtime/MIDIDevice/MIDIDevice.uplugin" 177
"../../../Engine/Plugins/Runtime/MsQuic/MsQuic.uplugin" 178
"../../../Engine/Plugins/Runtime/Metasound/Metasound.uplugin" 179
"../../../Engine/Plugins/Runtime/nDisplayModularFeatures/nDisplayModularFeatures.uplugin" 180
"../../../Engine/Plugins/Runtime/LinuxDeviceProfileSelector/LinuxDeviceProfileSelector.uplugin" 181
"../../../Engine/Plugins/Runtime/NetworkPredictionExtras/NetworkPredictionExtras.uplugin" 182
"../../../Engine/Plugins/Runtime/NetworkPrediction/NetworkPrediction.uplugin" 183
"../../../Engine/Plugins/Runtime/NavCorridor/NavCorridor.uplugin" 184
"../../../Engine/Plugins/Runtime/nDisplay/nDisplay.uplugin" 185
"../../../Engine/Plugins/Runtime/MusicEnvironment/MusicEnvironment.uplugin" 186
"../../../Engine/Plugins/Runtime/OpenCV/OpenCV.uplugin" 187
"../../../Engine/Plugins/Runtime/OpenXR/OpenXR.uplugin" 188
"../../../Engine/Plugins/Runtime/ModularGameplay/ModularGameplay.uplugin" 189
"../../../Engine/Plugins/Runtime/NetworkPredictionInsights/NetworkPredictionInsights.uplugin" 190
"../../../Engine/Plugins/Runtime/OpenXREyeTracker/OpenXREyeTracker.uplugin" 191
"../../../Engine/Plugins/Runtime/MeshModelingToolset/MeshModelingToolset.uplugin" 192
"../../../Engine/Plugins/Runtime/OptionalMobileFeaturesBPLibrary/OptionalMobileFeaturesBPLibrary.uplugin" 193
"../../../Engine/Plugins/Runtime/PreLoadScreenMoviePlayer/PreLoadScreenMoviePlayer.uplugin" 194
"../../../Engine/Plugins/Runtime/MultiServerReplication/MultiServerReplication.uplugin" 195
"../../../Engine/Plugins/Runtime/OpenXRMsftHandInteraction/OpenXRMsftHandInteraction.uplugin" 196
"../../../Engine/Plugins/Runtime/PropertyBindingUtils/PropertyBindingUtils.uplugin" 197
"../../../Engine/Plugins/Runtime/OpenXRViveTracker/OpenXRViveTracker.uplugin" 198
"../../../Engine/Plugins/Runtime/PropertyAccess/PropertyAccessEditor.uplugin" 199
"../../../Engine/Plugins/Runtime/OpenXRHandTracking/OpenXRHandTracking.uplugin" 200
"../../../Engine/Plugins/Runtime/RigVM/RigVM.uplugin" 201
"../../../Engine/Plugins/Runtime/ReplicationSystemTestPlugin/ReplicationSystemTestPlugin.uplugin" 202
"../../../Engine/Plugins/Runtime/ResonanceAudio/ResonanceAudio.uplugin" 203
"../../../Engine/Plugins/Runtime/ProceduralMeshComponent/ProceduralMeshComponent.uplugin" 204
"../../../Engine/Plugins/Runtime/ReplicationGraph/ReplicationGraph.uplugin" 205
"../../../Engine/Plugins/Runtime/ScriptableToolsFramework/ScriptableToolsFramework.uplugin" 206
"../../../Engine/Plugins/Runtime/SignificanceManager/SignificanceManager.uplugin" 207
"../../../Engine/Plugins/Runtime/RenderTrace/RenderTrace.uplugin" 208
"../../../Engine/Plugins/Runtime/SkeletalMerging/SkeletalMerging.uplugin" 209
"../../../Engine/Plugins/Runtime/SoundMod/SoundMod.uplugin" 210
"../../../Engine/Plugins/Runtime/SmartObjects/SmartObjects.uplugin" 211
"../../../Engine/Plugins/Runtime/SoundFields/SoundFields.uplugin" 212
"../../../Engine/Plugins/Runtime/SoundUtilities/SoundUtilities.uplugin" 213
"../../../Engine/Plugins/Runtime/SunPosition/SunPosition.uplugin" 214
"../../../Engine/Plugins/Runtime/Soundscape/Soundscape.uplugin" 215
"../../../Engine/Plugins/Runtime/WaveTable/WaveTable.uplugin" 216
"../../../Engine/Plugins/Runtime/USDCore/USDCore.uplugin" 217
"../../../Engine/Plugins/Runtime/SoundCueTemplates/SoundCueTemplates.uplugin" 218
"../../../Engine/Plugins/Runtime/OSC/OSC.uplugin" 219
"../../../Engine/Plugins/Runtime/WebMMoviePlayer/WebMMoviePlayer.uplugin" 220
"../../../Engine/Plugins/Runtime/WindowsDeviceProfileSelector/WindowsDeviceProfileSelector.uplugin" 221
"../../../Engine/Plugins/Runtime/WebBrowserNativeProxy/WebBrowserNativeProxy.uplugin" 222
"../../../Engine/Plugins/Runtime/WindowsMoviePlayer/WindowsMoviePlayer.uplugin" 223
"../../../Engine/Plugins/Runtime/Synthesis/Synthesis.uplugin" 224
"../../../Engine/Plugins/Runtime/XRBase/XRBase.uplugin" 225
"../../../Engine/Plugins/Runtime/StateTree/StateTree.uplugin" 226
"../../../Engine/Plugins/VirtualProduction/ActorModifierCore/ActorModifierCore.uplugin" 227
"../../../Engine/Plugins/Runtime/Spatialization/Spatialization.uplugin" 228
"../../../Engine/Plugins/Runtime/WebBrowserWidget/WebBrowserWidget.uplugin" 229
"../../../Engine/Plugins/VirtualProduction/ActorModifier/ActorModifier.uplugin" 230
"../../../Engine/Plugins/Runtime/ZoneGraph/ZoneGraph.uplugin" 231
"../../../Engine/Plugins/Runtime/ZoneGraphAnnotations/ZoneGraphAnnotations.uplugin" 232
"../../../Engine/Plugins/VirtualProduction/CameraCalibrationML/CameraCalibrationML.uplugin" 233
"../../../Engine/Plugins/VirtualProduction/CaptureData/CaptureData.uplugin" 234
"../../../Engine/Plugins/VirtualProduction/AvalancheDataLink/AvalancheDataLink.uplugin" 235
"../../../Engine/Plugins/VirtualProduction/Avalanche/Avalanche.uplugin" 236
"../../../Engine/Plugins/VirtualProduction/CinematicAssemblyTools/CinematicAssemblyTools.uplugin" 237
"../../../Engine/Plugins/VirtualProduction/AvalancheSceneState/AvalancheSceneState.uplugin" 238
"../../../Engine/Plugins/VirtualProduction/CameraCalibration/CameraCalibration.uplugin" 239
"../../../Engine/Plugins/VirtualProduction/ClonerEffector/ClonerEffector.uplugin" 240
"../../../Engine/Plugins/VirtualProduction/CustomDetailsView/CustomDetailsView.uplugin" 241
"../../../Engine/Plugins/Runtime/WarpUtils/WarpUtils.uplugin" 242
"../../../Engine/Plugins/VirtualProduction/ICVFXTesting/ICVFXTesting.uplugin" 243
"../../../Engine/Plugins/VirtualProduction/CompositePlane/CompositePlane.uplugin" 244
"../../../Engine/Plugins/VirtualProduction/ICVFX/ICVFX.uplugin" 245
"../../../Engine/Plugins/Runtime/WorldConditions/WorldConditions.uplugin" 246
"../../../Engine/Plugins/VirtualProduction/LevelSnapshots/LevelSnapshots.uplugin" 247
"../../../Engine/Plugins/VirtualProduction/DataLink/DataLink.uplugin" 248
"../../../Engine/Plugins/VirtualProduction/DataCharts/DataCharts.uplugin" 249
"../../../Engine/Plugins/VirtualProduction/DataLinkOAuth/DataLinkOAuth.uplugin" 250
"../../../Engine/Plugins/VirtualProduction/LiveLinkInputDevice/LiveLinkInputDevice.uplugin" 251
"../../../Engine/Plugins/VirtualProduction/DynamicMaterial/DynamicMaterial.uplugin" 252
"../../../Engine/Plugins/VirtualProduction/GeometryMask/GeometryMask.uplugin" 253
"../../../Engine/Plugins/VirtualProduction/LiveLinkFreeD/LiveLinkFreeD.uplugin" 254
"../../../Engine/Plugins/VirtualProduction/LiveLinkOpenTrackIO/LiveLinkOpenTrackIO.uplugin" 255
"../../../Engine/Plugins/VirtualProduction/LensComponent/LensComponent.uplugin" 256
"../../../Engine/Plugins/VirtualProduction/LiveLinkLens/LiveLinkLens.uplugin" 257
"../../../Engine/Plugins/VirtualProduction/CameraCalibrationCore/CameraCalibrationCore.uplugin" 258
"../../../Engine/Plugins/VirtualProduction/LiveLinkCamera/LiveLinkCamera.uplugin" 259
"../../../Engine/Plugins/VirtualProduction/LiveLinkXR/LiveLinkXR.uplugin" 260
"../../../Engine/Plugins/VirtualProduction/LiveLinkPrestonMDR/LiveLinkPrestonMDR.uplugin" 261
"../../../Engine/Plugins/VirtualProduction/PerformanceCaptureWorkflow/PerformanceCaptureWorkflow.uplugin" 262
"../../../Engine/Plugins/VirtualProduction/RemoteControl/RemoteControl.uplugin" 263
"../../../Engine/Plugins/VirtualProduction/PropertyAnimator/PropertyAnimator.uplugin" 264
"../../../Engine/Plugins/VirtualProduction/LiveLinkMasterLockit/LiveLinkMasterLockit.uplugin" 265
"../../../Engine/Plugins/VirtualProduction/EpicStageApp/EpicStageApp.uplugin" 266
"../../../Engine/Plugins/VirtualProduction/PropertyAnimatorCore/PropertyAnimatorCore.uplugin" 267
"../../../Engine/Plugins/VirtualProduction/OperatorStack/OperatorStack.uplugin" 268
"../../../Engine/Plugins/VirtualProduction/RemoteControlProtocolDMX/RemoteControlProtocolDMX.uplugin" 269
"../../../Engine/Plugins/VirtualProduction/RemoteControlInterception/RemoteControlInterception.uplugin" 270
"../../../Engine/Plugins/VirtualProduction/RemoteControlProtocolMIDI/RemoteControlProtocolMIDI.uplugin" 271
"../../../Engine/Plugins/VirtualProduction/MultiUserTakes/MultiUserTakes.uplugin" 272
"../../../Engine/Plugins/VirtualProduction/SceneState/SceneState.uplugin" 273
"../../../Engine/Plugins/VirtualProduction/SequencerPlaylists/SequencerPlaylists.uplugin" 274
"../../../Engine/Plugins/VirtualProduction/RemoteControlProtocolOSC/RemoteControlProtocolOSC.uplugin" 275
"../../../Engine/Plugins/VirtualProduction/RemoteControlWebInterface/RemoteControlWebInterface.uplugin" 276
"../../../Engine/Plugins/VirtualProduction/SVGImporter/SVGImporter.uplugin" 277
"../../../Engine/Plugins/VirtualProduction/SceneStateDataLink/SceneStateDataLink.uplugin" 278
"../../../Engine/Plugins/VirtualProduction/StageMonitoring/StageMonitoring.uplugin" 279
"../../../Engine/Plugins/VirtualProduction/Text3D/Text3D.uplugin" 280
"../../../Engine/Plugins/VirtualProduction/VirtualCamera/VirtualCamera.uplugin" 281
"../../../Engine/Plugins/VirtualProduction/Takes/Takes.uplugin" 282
"../../../Engine/Plugins/VirtualProduction/VirtualScouting/VirtualScouting.uplugin" 283
"../../../Engine/Plugins/VirtualProduction/StormSyncAvalancheBridge/StormSyncAvalancheBridge.uplugin" 284
"../../../Engine/Plugins/AI/EnvironmentQueryEditor/EnvironmentQueryEditor.uplugin" 285
"../../../Engine/Plugins/VirtualProduction/TextureShare/TextureShare.uplugin" 286
"../../../Engine/Plugins/VirtualProduction/VirtualCameraCore/VirtualCameraCore.uplugin" 287
"../../../Engine/Plugins/VirtualProduction/Switchboard/Switchboard.uplugin" 288
"../../../Engine/Plugins/2D/Paper2D/Paper2D.uplugin" 289
"../../../Engine/Plugins/VirtualProduction/LiveLinkVRPN/LiveLinkVRPN.uplugin" 290
"../../../Engine/Plugins/VirtualProduction/StormSync/StormSync.uplugin" 291
"../../../Engine/Plugins/AI/MassAI/MassAI.uplugin" 292
"../../../Engine/Plugins/AI/AISupport/AISupport.uplugin" 293
"../../../Engine/Plugins/AI/MassCrowd/MassCrowd.uplugin" 294
"../../../Engine/Plugins/AI/MLAdapter/MLAdapter.uplugin" 295
"../../../Engine/Plugins/AI/HTNPlanner/HTNPlanner.uplugin" 296
"../../../Engine/Plugins/Animation/AnimationWarping/AnimationWarping.uplugin" 297
"../../../Engine/Plugins/Animation/AnimatorKit/AnimatorKit.uplugin" 298
"../../../Engine/Plugins/Animation/ACLPlugin/ACLPlugin.uplugin" 299
"../../../Engine/Plugins/Animation/AnimationModifierLibrary/AnimationModifierLibrary.uplugin" 300
"../../../Engine/Plugins/Animation/AnimationData/AnimationData.uplugin" 301
"../../../Engine/Plugins/Animation/BlendStack/BlendStack.uplugin" 302
"../../../Engine/Plugins/Animation/ControlRig/ControlRig.uplugin" 303
"../../../Engine/Plugins/Animation/BlendSpaceMotionAnalysis/BlendSpaceMotionAnalysis.uplugin" 304
"../../../Engine/Plugins/Animation/ControlRigModules/ControlRigModules.uplugin" 305
"../../../Engine/Plugins/Animation/DNACalib/DNACalib.uplugin" 306
"../../../Engine/Plugins/Animation/AnimationLocomotionLibrary/AnimationLocomotionLibrary.uplugin" 307
"../../../Engine/Plugins/Animation/DeformerGraph/DeformerGraph.uplugin" 308
"../../../Engine/Plugins/Animation/LiveLinkExampleDevice/LiveLinkExampleDevice.uplugin" 309
"../../../Engine/Plugins/Animation/GameplayInsights/GameplayInsights.uplugin" 310
"../../../Engine/Plugins/Animation/LiveLink/LiveLink.uplugin" 311
"../../../Engine/Plugins/VirtualProduction/TimedDataMonitor/TimedDataMonitor.uplugin" 312
"../../../Engine/Plugins/Animation/GeneSplicer/GeneSplicer.uplugin" 313
"../../../Engine/Plugins/Animation/ControlRigSpline/ControlRigSpline.uplugin" 314
"../../../Engine/Plugins/Animation/EaseCurveTool/EaseCurveTool.uplugin" 315
"../../../Engine/Plugins/Animation/LiveLinkHub/LiveLinkHub.uplugin" 316
"../../../Engine/Plugins/Animation/LiveLinkUnrealDevice/LiveLinkUnrealDevice.uplugin" 317
"../../../Engine/Plugins/Animation/LiveLinkDevice/LiveLinkDevice.uplugin" 318
"../../../Engine/Plugins/Animation/MotionWarping/MotionWarping.uplugin" 319
"../../../Engine/Plugins/Animation/PoseSearch/PoseSearch.uplugin" 320
"../../../Engine/Plugins/Animation/PerformanceCaptureCore/PerformanceCaptureCore.uplugin" 321
"../../../Engine/Plugins/Animation/RigLogic/RigLogic.uplugin" 322
"../../../Engine/Plugins/Cameras/EngineCameras/EngineCameras.uplugin" 323
"../../../Engine/Plugins/Animation/IKRig/IKRig.uplugin" 324
"../../../Engine/Plugins/Cameras/GameplayCameras/GameplayCameras.uplugin" 325
"../../../Engine/Plugins/Animation/TweeningUtils/TweeningUtils.uplugin" 326
"../../../Engine/Plugins/Compositing/Composure/Composure.uplugin" 327
"../../../Engine/Plugins/Compositing/LensDistortion/LensDistortion.uplugin" 328
"../../../Engine/Plugins/Animation/SkeletalMeshModelingTools/SkeletalMeshModelingTools.uplugin" 329
"../../../Engine/Plugins/Cameras/CameraShakePreviewer/CameraShakePreviewer.uplugin" 330
"../../../Engine/Plugins/Compositing/OpenCVLensDistortion/OpenCVLensDistortion.uplugin" 331
"../../../Engine/Plugins/Developer/AnimationSharing/AnimationSharing.uplugin" 332
"../../../Engine/Plugins/Compression/OodleNetwork/OodleNetwork.uplugin" 333
"../../../Engine/Plugins/Compositing/CompositeCore/CompositeCore.uplugin" 334
"../../../Engine/Plugins/Compositing/Composite/Composite.uplugin" 335
"../../../Engine/Plugins/Compositing/OpenColorIO/OpenColorIO.uplugin" 336
"../../../Engine/Plugins/Developer/CLionSourceCodeAccess/CLionSourceCodeAccess.uplugin" 337
"../../../Engine/Plugins/Developer/GitSourceControl/GitSourceControl.uplugin" 338
"../../../Engine/Plugins/Developer/BlankPlugin/BlankPlugin.uplugin" 339
"../../../Engine/Plugins/Developer/DirectoryPlaceholder/DirectoryPlaceholder.uplugin" 340
"../../../Engine/Plugins/Compositing/HoldoutComposite/HoldoutComposite.uplugin" 341
"../../../Engine/Plugins/Developer/GPUReshape/GPUReshape.uplugin" 342
"../../../Engine/Plugins/Developer/KDevelopSourceCodeAccess/KDevelopSourceCodeAccess.uplugin" 343
"../../../Engine/Plugins/Developer/PixWinPlugin/PixWinPlugin.uplugin" 344
"../../../Engine/Plugins/Developer/CodeLiteSourceCodeAccess/CodeLiteSourceCodeAccess.uplugin" 345
"../../../Engine/Plugins/Developer/NullSourceCodeAccess/NullSourceCodeAccess.uplugin" 346
"../../../Engine/Plugins/Developer/FieldNotificationTrace/FieldNotificationTrace.uplugin" 347
"../../../Engine/Plugins/Developer/PlasticSourceControl/PlasticSourceControl.uplugin" 348
"../../../Engine/Plugins/Developer/OneSkyLocalizationService/OneSkyLocalizationService.uplugin" 349
"../../../Engine/Plugins/Developer/N10XSourceCodeAccess/N10XSourceCodeAccess.uplugin" 350
"../../../Engine/Plugins/Developer/PluginUtils/PluginUtils.uplugin" 351
"../../../Engine/Plugins/Developer/DumpGPUServices/DumpGPUServices.uplugin" 352
"../../../Engine/Plugins/Developer/RenderDocPlugin/RenderDocPlugin.uplugin" 353
"../../../Engine/Plugins/Developer/PerforceSourceControl/PerforceSourceControl.uplugin" 354
"../../../Engine/Plugins/Developer/SubversionSourceControl/SubversionSourceControl.uplugin" 355
"../../../Engine/Plugins/Developer/RiderSourceCodeAccess/RiderSourceCodeAccess.uplugin" 356
"../../../Engine/Plugins/Developer/NamingTokens/NamingTokens.uplugin" 357
"../../../Engine/Plugins/Developer/TraceSourceFiltering/TraceSourceFilters.uplugin" 358
"../../../Engine/Plugins/Developer/PropertyAccessNode/PropertyAccessNode.uplugin" 359
"../../../Engine/Plugins/Developer/VisualStudioCodeSourceCodeAccess/VisualStudioCodeSourceCodeAccess.uplugin" 360
"../../../Engine/Plugins/Developer/ProjectLauncher/ProjectLauncher.uplugin" 361
"../../../Engine/Plugins/Developer/VisualStudioSourceCodeAccess/VisualStudioSourceCodeAccess.uplugin" 362
"../../../Engine/Plugins/Developer/XCodeSourceCodeAccess/XCodeSourceCodeAccess.uplugin" 363
"../../../Engine/Plugins/Editor/AssetSearch/AssetSearch.uplugin" 364
"../../../Engine/Plugins/Developer/UObjectPlugin/UObjectPlugin.uplugin" 365
"../../../Engine/Plugins/Editor/AssetRegistryExport/AssetRegistryExport.uplugin" 366
"../../../Engine/Plugins/Animation/LiveLinkCurveDebugUI/LiveLinkCurveDebugUI.uplugin" 367
"../../../Engine/Plugins/Editor/ChangelistReview/ChangelistReview.uplugin" 368
"../../../Engine/Plugins/Editor/BlueprintHeaderView/BlueprintHeaderView.uplugin" 369
"../../../Engine/Plugins/Editor/ConsoleVariablesEditor/ConsoleVariables.uplugin" 370
"../../../Engine/Plugins/Editor/ColorGrading/ColorGrading.uplugin" 371
"../../../Engine/Plugins/Editor/BlueprintMaterialTextureNodes/BlueprintMaterialTextureNodes.uplugin" 372
"../../../Engine/Plugins/Editor/CurveEditorTools/CurveEditorTools.uplugin" 373
"../../../Engine/Plugins/Editor/EditorDebugTools/EditorDebugTools.uplugin" 374
"../../../Engine/Plugins/Editor/AssetReferenceRestrictions/AssetReferenceRestrictions.uplugin" 375
"../../../Engine/Plugins/Editor/DisplayClusterLaunch/DisplayClusterLaunch.uplugin" 376
"../../../Engine/Plugins/Editor/EngineAssetDefinitions/EngineAssetDefinitions.uplugin" 377
"../../../Engine/Plugins/Editor/GameplayTagsEditor/GameplayTagsEditor.uplugin" 378
"../../../Engine/Plugins/Editor/AssetManagerEditor/AssetManagerEditor.uplugin" 379
"../../../Engine/Plugins/Editor/DataValidation/DataValidation.uplugin" 380
"../../../Engine/Plugins/Editor/GeometryMode/GeometryMode.uplugin" 381
"../../../Engine/Plugins/Developer/XcodeGPUDebuggerPlugin/XcodeGPUDebuggerPlugin.uplugin" 382
"../../../Engine/Plugins/Editor/CryptoKeys/CryptoKeys.uplugin" 383
"../../../Engine/Plugins/Editor/LandscapePatch/LandscapePatch.uplugin" 384
"../../../Engine/Plugins/Editor/EditorScriptingUtilities/EditorScriptingUtilities.uplugin" 385
"../../../Engine/Plugins/Editor/MacGraphicsSwitching/MacGraphicsSwitching.uplugin" 386
"../../../Engine/Plugins/Editor/EditorSysConfigAssistant/EditorSysConfigAssistant.uplugin" 387
"../../../Engine/Plugins/Editor/FacialAnimation/FacialAnimation.uplugin" 388
"../../../Engine/Plugins/Editor/MaterialAnalyzer/MaterialAnalyzer.uplugin" 389
"../../../Engine/Plugins/Editor/MakeCookedEditorAsDLC/MakeCookedEditorAsDLC.uplugin" 390
"../../../Engine/Plugins/Developer/TextureFormatOodle/TextureFormatOodle.uplugin" 391
"../../../Engine/Plugins/Editor/ProxyLODPlugin/ProxyLODPlugin.uplugin" 392
"../../../Engine/Plugins/Editor/LiveUpdateForSlate/LiveUpdateForSlate.uplugin" 393
"../../../Engine/Plugins/Editor/MobileLauncherProfileWizard/MobileLauncherProfileWizard.uplugin" 394
"../../../Engine/Plugins/Editor/PluginBrowser/PluginBrowser.uplugin" 395
"../../../Engine/Plugins/Editor/GuidedTutorials/GuidedTutorials.uplugin" 396
"../../../Engine/Plugins/Editor/SequencerAnimTools/SequencerAnimTools.uplugin" 397
"../../../Engine/Plugins/Editor/StaticMeshEditorModeling/StaticMeshEditorModeling.uplugin" 398
"../../../Engine/Plugins/Editor/StylusInput/StylusInput.uplugin" 399
"../../../Engine/Plugins/Editor/ModelViewViewModelPreview/ModelViewViewModelPreview.uplugin" 400
"../../../Engine/Plugins/Editor/SampleToolsEditorMode/SampleToolsEditorMode.uplugin" 401
"../../../Engine/Plugins/Editor/ScriptableToolsEditorMode/ScriptableToolsEditorMode.uplugin" 402
"../../../Engine/Plugins/Editor/UVEditor/UVEditor.uplugin" 403
"../../../Engine/Plugins/Editor/WaveformEditor/WaveformEditor.uplugin" 404
"../../../Engine/Plugins/Editor/UMGWidgetPreview/UMGWidgetPreview.uplugin" 405
"../../../Engine/Plugins/Editor/ModelingToolsEditorMode/ModelingToolsEditorMode.uplugin" 406
"../../../Engine/Plugins/Editor/SpeedTreeImporter/SpeedTreeImporter.uplugin" 407
"../../../Engine/Plugins/Enterprise/AxFImporter/AxFImporter.uplugin" 408
"../../../Engine/Plugins/Enterprise/DatasmithCADImporter/DatasmithCADImporter.uplugin" 409
"../../../Engine/Plugins/Enterprise/DatasmithC4DImporter/DatasmithC4DImporter.uplugin" 410
"../../../Engine/Plugins/Enterprise/VariantManager/VariantManager.uplugin" 411
"../../../Engine/Plugins/Experimental/AdvancedRenamer/AdvancedRenamer.uplugin" 412
"../../../Engine/Plugins/Experimental/AbilitySystemGameFeatureActions/AbilitySystemGameFeatureActions.uplugin" 413
"../../../Engine/Plugins/Enterprise/DatasmithFBXImporter/DatasmithFBXImporter.uplugin" 414
"../../../Engine/Plugins/Experimental/AIAssistant/AIAssistant.uplugin" 415
"../../../Engine/Plugins/Enterprise/DatasmithImporter/DatasmithImporter.uplugin" 416
"../../../Engine/Plugins/Editor/MeshLODToolset/MeshLODToolset.uplugin" 417
"../../../Engine/Plugins/Experimental/ActorPalette/ActorPalette.uplugin" 418
"../../../Engine/Plugins/Enterprise/DataprepEditor/DataprepEditor.uplugin" 419
"../../../Engine/Plugins/Experimental/AnimToTexture/AnimToTexture.uplugin" 420
"../../../Engine/Plugins/Experimental/AvalancheDisplayCluster/AvalancheDisplayCluster.uplugin" 421
"../../../Engine/Plugins/Enterprise/LidarPointCloud/LidarPointCloud.uplugin" 422
"../../../Engine/Plugins/Experimental/AsyncMessageSystemTests/AsyncMessageSystemTests.uplugin" 423
"../../../Engine/Plugins/Enterprise/DatasmithContent/DatasmithContent.uplugin" 424
"../../../Engine/Plugins/Enterprise/VariantManagerContent/VariantManagerContent.uplugin" 425
"../../../Engine/Plugins/Experimental/AutomationUtils/AutomationUtils.uplugin" 426
"../../../Engine/Plugins/Experimental/AvalancheSequenceNavigator/AvalancheSequenceNavigator.uplugin" 427
"../../../Engine/Plugins/Enterprise/MDLImporter/MDLImporter.uplugin" 428
"../../../Engine/Plugins/Experimental/BackChannel/BackChannel.uplugin" 429
"../../../Engine/Plugins/Experimental/Buoyancy/Buoyancy.uplugin" 430
"../../../Engine/Plugins/Experimental/ChaosCaching/ChaosCaching.uplugin" 431
"../../../Engine/Plugins/Experimental/ChaosClothEditor/ChaosClothEditor.uplugin" 432
"../../../Engine/Plugins/Experimental/ChaosFlesh/ChaosFlesh.uplugin" 433
"../../../Engine/Plugins/Experimental/CelestialVault/CelestialVault.uplugin" 434
"../../../Engine/Plugins/Experimental/BlueprintSnapNodes/BlueprintSnapNodes.uplugin" 435
"../../../Engine/Plugins/Editor/WorldPartitionHLODUtilities/WorldPartitionHLODUtilities.uplugin" 436
"../../../Engine/Plugins/Experimental/BlueprintStats/BlueprintStats.uplugin" 437
"../../../Engine/Plugins/Experimental/ChaosCachingUSD/ChaosCachingUSD.uplugin" 438
"../../../Engine/Plugins/Experimental/ChaosMover/ChaosMover.uplugin" 439
"../../../Engine/Plugins/Experimental/ChaosModularVehicleExamples/ChaosModularVehicleExamples.uplugin" 440
"../../../Engine/Plugins/Experimental/ChaosNiagara/ChaosNiagara.uplugin" 441
"../../../Engine/Plugins/Experimental/ChaosSolverPlugin/ChaosSolverPlugin.uplugin" 442
"../../../Engine/Plugins/Experimental/ChaosEditor/ChaosEditor.uplugin" 443
"../../../Engine/Plugins/Experimental/ChaosVehiclesPlugin/ChaosVehiclesPlugin.uplugin" 444
"../../../Engine/Plugins/Experimental/ChaosModularVehicle/ChaosModularVehicle.uplugin" 445
"../../../Engine/Plugins/Enterprise/GLTFExporter/GLTFExporter.uplugin" 446
"../../../Engine/Plugins/Experimental/ChaosRigidAsset/ChaosRigidAsset.uplugin" 447
"../../../Engine/Plugins/Experimental/AsyncMessageSystem/AsyncMessageSystem.uplugin" 448
"../../../Engine/Plugins/Experimental/CinematicPrestreaming/CinematicPrestreaming.uplugin" 449
"../../../Engine/Plugins/Experimental/ChaosUserDataPT/ChaosUserDataPT.uplugin" 450
"../../../Engine/Plugins/Experimental/CodeView/CodeView.uplugin" 451
"../../../Engine/Plugins/Experimental/CinematicSequenceNavigator/CinematicSequenceNavigator.uplugin" 452
"../../../Engine/Plugins/Experimental/CharacterAI/CharacterAI.uplugin" 453
"../../../Engine/Plugins/Experimental/CineCameraRigs/CineCameraRigs.uplugin" 454
"../../../Engine/Plugins/Experimental/ControlRigPhysics/ControlRigPhysics.uplugin" 455
"../../../Engine/Plugins/Experimental/ColorCorrectRegions/ColorCorrectRegions.uplugin" 456
"../../../Engine/Plugins/Experimental/CineCameraSceneCapture/CineCameraSceneCapture.uplugin" 457
"../../../Engine/Plugins/Experimental/ChaosOutfitAsset/ChaosOutfitAsset.uplugin" 458
"../../../Engine/Plugins/Experimental/DrawDebugLibrary/DrawDebugLibrary.uplugin" 459
"../../../Engine/Plugins/Experimental/CommonConversation/CommonConversation.uplugin" 460
"../../../Engine/Plugins/Experimental/EditorDataStorage/EditorDataStorage.uplugin" 461
"../../../Engine/Plugins/Experimental/DynamicMaterialMediaStreamBridge/DynamicMaterialMediaStreamBridge.uplugin" 462
"../../../Engine/Plugins/Experimental/CodeEditor/CodeEditor.uplugin" 463
"../../../Engine/Plugins/Experimental/DynamicWind/DynamicWind.uplugin" 464
"../../../Engine/Plugins/Experimental/EvaluationNotifies/EvaluationNotifies.uplugin" 465
"../../../Engine/Plugins/Experimental/EditorDataStorageFeatures/EditorDataStorageFeatures.uplugin" 466
"../../../Engine/Plugins/Experimental/EditorPerformance/EditorPerformance.uplugin" 467
"../../../Engine/Plugins/Experimental/DaySequence/DaySequence.uplugin" 468
"../../../Engine/Plugins/Experimental/DefaultInstallBundleManager/DefaultInstallBundleManager.uplugin" 469
"../../../Engine/Plugins/Experimental/FieldSystemPlugin/FieldSystemPlugin.uplugin" 470
"../../../Engine/Plugins/Experimental/FullBodyIK/FullBodyIK.uplugin" 471
"../../../Engine/Plugins/Experimental/GameplayGraph/GameplayGraph.uplugin" 472
"../../../Engine/Plugins/Experimental/GameplayBehaviors/GameplayBehaviors.uplugin" 473
"../../../Engine/Plugins/Experimental/GameplayTargetingSystem/TargetingSystem.uplugin" 474
"../../../Engine/Plugins/Experimental/Dataflow/Dataflow.uplugin" 475
"../../../Engine/Plugins/Experimental/FloatingProperties/FloatingProperties.uplugin" 476
"../../../Engine/Plugins/Experimental/Gauntlet/Gauntlet.uplugin" 477
"../../../Engine/Plugins/Experimental/GameInputWindows/GameInputWindows.uplugin" 478
"../../../Engine/Plugins/Experimental/FastGeoStreaming/FastGeoStreaming.uplugin" 479
"../../../Engine/Plugins/Experimental/GeometryCacheLevelSequenceBaker/GeometryCacheLevelSequenceBaker.uplugin" 480
"../../../Engine/Plugins/Experimental/GeometryDataflow/GeometryDataflow.uplugin" 481
"../../../Engine/Plugins/Experimental/Fracture/Fracture.uplugin" 482
"../../../Engine/Plugins/Experimental/GeometryCacheAbcFile/GeometryCacheAbcFile.uplugin" 483
"../../../Engine/Plugins/Experimental/EditorTelemetry/EditorTelemetry.uplugin" 484
"../../../Engine/Plugins/Experimental/GeometryFlow/GeometryFlow.uplugin" 485
"../../../Engine/Plugins/Experimental/HairCardGenerator/HairCardGenerator.uplugin" 486
"../../../Engine/Plugins/Experimental/GizmoEdMode/GizmoEdMode.uplugin" 487
"../../../Engine/Plugins/Experimental/HairStrandsMutable/HairStrandsMutable.uplugin" 488
"../../../Engine/Plugins/Experimental/GlobalConfigurationData/GlobalConfigurationData.uplugin" 489
"../../../Engine/Plugins/Experimental/HairModelingToolset/HairModelingToolset.uplugin" 490
"../../../Engine/Plugins/Experimental/ImageWidgets/ImageWidgets.uplugin" 491
"../../../Engine/Plugins/Experimental/ImagePlate/ImagePlate.uplugin" 492
"../../../Engine/Plugins/Experimental/GeometryCollectionPlugin/GeometryCollectionPlugin.uplugin" 493
"../../../Engine/Plugins/Experimental/ImpostorBaker/ImpostorBaker.uplugin" 494
"../../../Engine/Plugins/Experimental/GizmoFramework/GizmoFramework.uplugin" 495
"../../../Engine/Plugins/Experimental/InstanceDataObjectFixupTool/InstanceDataObjectFixupTool.uplugin" 496
"../../../Engine/Plugins/Experimental/Iris/Iris.uplugin" 497
"../../../Engine/Plugins/Experimental/InlineMaterialInstance/InlineMaterialInstance.uplugin" 498
"../../../Engine/Plugins/Experimental/ControlFlows/ControlFlows.uplugin" 499
"../../../Engine/Plugins/Experimental/GPULightmass/GPULightmass.uplugin" 500
"../../../Engine/Plugins/Experimental/InEditorDocumentation/InEditorDocumentation.uplugin" 501
"../../../Engine/Plugins/Experimental/MeshResizing/MeshResizing.uplugin" 502
"../../../Engine/Plugins/Experimental/InteractionInterface/InteractionInterface.uplugin" 503
"../../../Engine/Plugins/Experimental/JWT/JWT.uplugin" 504
"../../../Engine/Plugins/Experimental/LearningAgents/LearningAgents.uplugin" 505
"../../../Engine/Plugins/Experimental/LevelSequenceNavigatorBridge/LevelSequenceNavigatorBridge.uplugin" 506
"../../../Engine/Plugins/Experimental/Landmass/Landmass.uplugin" 507
"../../../Engine/Plugins/Experimental/LowLevelNetTrace/LowLevelNetTrace.uplugin" 508
"../../../Engine/Plugins/Experimental/MLflow/MLflow.uplugin" 509
"../../../Engine/Plugins/Experimental/MotorSimOutputMotoSynth/MotorSimOutputMotoSynth.uplugin" 510
"../../../Engine/Plugins/Experimental/LocalizableMessage/LocalizableMessage.uplugin" 511
"../../../Engine/Plugins/Experimental/LiveLinkFaceImporter/LiveLinkFaceImporter.uplugin" 512
"../../../Engine/Plugins/Experimental/MotoSynth/MotoSynth.uplugin" 513
"../../../Engine/Plugins/Experimental/MediaStream/MediaStream.uplugin" 514
"../../../Engine/Plugins/Experimental/MovieScenePoseSearchTracks/MovieScenePoseSearchTracks.uplugin" 515
"../../../Engine/Plugins/Experimental/MeshModelingToolsetExp/MeshModelingToolsetExp.uplugin" 516
"../../../Engine/Plugins/Experimental/MoverAnimNext/MoverAnimNext.uplugin" 517
"../../../Engine/Plugins/Experimental/MetasoundExperimental/MetasoundExperimental.uplugin" 518
"../../../Engine/Plugins/Experimental/MoverTests/MoverTests.uplugin" 519
"../../../Engine/Plugins/Experimental/MoverExamples/MoverExamples.uplugin" 520
"../../../Engine/Plugins/Experimental/Mover/Mover.uplugin" 521
"../../../Engine/Plugins/Experimental/LiveLinkOpenVR/LiveLinkOpenVR.uplugin" 522
"../../../Engine/Plugins/Experimental/NNERuntimeIREE/NNERuntimeIREE.uplugin" 523
"../../../Engine/Plugins/Experimental/MutablePopulation/MutablePopulation.uplugin" 524
"../../../Engine/Plugins/Experimental/MovieSceneAnimMixer/MovieSceneAnimMixer.uplugin" 525
"../../../Engine/Plugins/Experimental/NaniteAssemblyEditorUtils/NaniteAssemblyEditorUtils.uplugin" 526
"../../../Engine/Plugins/Experimental/LiveLinkControlRig/LiveLinkControlRig.uplugin" 527
"../../../Engine/Plugins/Experimental/NaniteDisplacedMesh/NaniteDisplacedMesh.uplugin" 528
"../../../Engine/Plugins/Experimental/MutableClothing/MutableClothing.uplugin" 529
"../../../Engine/Plugins/Experimental/NFORDenoise/NFORDenoise.uplugin" 530
"../../../Engine/Plugins/Experimental/NeuralRendering/NeuralRendering.uplugin" 531
"../../../Engine/Plugins/Experimental/NNERuntimeBasicCpu/NNERuntimeBasicCpu.uplugin" 532
"../../../Engine/Plugins/Experimental/NNERuntimeCoreML/NNERuntimeCoreML.uplugin" 533
"../../../Engine/Plugins/Experimental/PCGBiomeCore/PCGBiomeCore.uplugin" 534
"../../../Engine/Plugins/Experimental/PanoramicCapture/PanoramicCapture.uplugin" 535
"../../../Engine/Plugins/Experimental/OpenImageDenoise/OpenImageDenoise.uplugin" 536
"../../../Engine/Plugins/Experimental/MutableDataflow/MutableDataflow.uplugin" 537
"../../../Engine/Plugins/Experimental/PCGBiomeSample/PCGBiomeSample.uplugin" 538
"../../../Engine/Plugins/Experimental/MoverIntegrations/MoverIntegrations.uplugin" 539
"../../../Engine/Plugins/Experimental/PlainPropsEngine/PlainPropsEngine.uplugin" 540
"../../../Engine/Plugins/Experimental/PlainProps/PlainProps.uplugin" 541
"../../../Engine/Plugins/Experimental/NNERuntimeRDG/NNERuntimeRDG.uplugin" 542
"../../../Engine/Plugins/Experimental/PlainPropsUObject/PlainPropsUObject.uplugin" 543
"../../../Engine/Plugins/Experimental/PhysicsControl/PhysicsControl.uplugin" 544
"../../../Engine/Plugins/Experimental/PlatformCrypto/PlatformCrypto.uplugin" 545
"../../../Engine/Plugins/Experimental/PixelStreamingPlayer/PixelStreamingPlayer.uplugin" 546
"../../../Engine/Plugins/Experimental/PluginTemplateTool/PluginTemplateTool.uplugin" 547
"../../../Engine/Plugins/Experimental/ProceduralVegetationEditor/ProceduralVegetationEditor.uplugin" 548
"../../../Engine/Plugins/Experimental/PluginAudit/PluginAudit.uplugin" 549
"../../../Engine/Plugins/Experimental/PythonMLPackages/PythonMLPackages.uplugin" 550
"../../../Engine/Plugins/Experimental/PythonFoundationPackages/PythonFoundationPackages.uplugin" 551
"../../../Engine/Plugins/Experimental/PSDImporterMaterialDesignerBridge/PSDImporterMaterialDesignerBridge.uplugin" 552
"../../../Engine/Plugins/Experimental/PythonScriptPlugin/PythonScriptPlugin.uplugin" 553
"../../../Engine/Plugins/Experimental/RawInput/RawInput.uplugin" 554
"../../../Engine/Plugins/Experimental/QuicMessaging/QuicMessaging.uplugin" 555
"../../../Engine/Plugins/Experimental/RemoteControlComponents/RemoteControlComponents.uplugin" 556
"../../../Engine/Plugins/Experimental/RenderGrid/RenderGrid.uplugin" 557
"../../../Engine/Plugins/Experimental/PostProcessMaterialChainGraph/PostProcessMaterialChainGraph.uplugin" 558
"../../../Engine/Plugins/Experimental/RemoteControlActorModifierBridge/RemoteControlActorModifierBridge.uplugin" 559
"../../../Engine/Plugins/Experimental/RemoteSession/RemoteSession.uplugin" 560
"../../../Engine/Plugins/Experimental/PlanarCutPlugin/PlanarCut.uplugin" 561
"../../../Engine/Plugins/Experimental/RigLogicMutable/RigLogicMutable.uplugin" 562
"../../../Engine/Plugins/Experimental/RuntimeTelemetry/RuntimeTelemetry.uplugin" 563
"../../../Engine/Plugins/Experimental/RigLogicUAF/RigLogicUAF.uplugin" 564
"../../../Engine/Plugins/Experimental/ScreenReader/ScreenReader.uplugin" 565
"../../../Engine/Plugins/Experimental/SequenceNavigator/SequenceNavigator.uplugin" 566
"../../../Engine/Plugins/Experimental/Shotgrid/Shotgrid.uplugin" 567
"../../../Engine/Plugins/Experimental/SkeletalReduction/SkeletalReduction.uplugin" 568
"../../../Engine/Plugins/Experimental/SimpleHMD/SimpleHMD.uplugin" 569
"../../../Engine/Plugins/Experimental/SecuritySandbox/SecuritySandbox.uplugin" 570
"../../../Engine/Plugins/Experimental/SlateIM/SlateIM.uplugin" 571
"../../../Engine/Plugins/Experimental/SerializationUtils/SerializationUtils.uplugin" 572
"../../../Engine/Plugins/Experimental/StructUtils/StructUtils.uplugin" 573
"../../../Engine/Plugins/Experimental/SlateModelViewViewModel/SlateModelViewViewModel.uplugin" 574
"../../../Engine/Plugins/Experimental/SpatialReadiness/SpatialReadiness.uplugin" 575
"../../../Engine/Plugins/Experimental/SlateScreenReader/SlateScreenReader.uplugin" 576
"../../../Engine/Plugins/Experimental/PluginReferenceViewer/PluginReferenceViewer.uplugin" 577
"../../../Engine/Plugins/Experimental/TechAudioTools/TechAudioTools.uplugin" 578
"../../../Engine/Plugins/Experimental/PSDImporter/PSDImporter.uplugin" 579
"../../../Engine/Plugins/Experimental/TetMeshing/TetMeshing.uplugin" 580
"../../../Engine/Plugins/Experimental/SubmitToolEditor/SubmitToolEditor.uplugin" 581
"../../../Engine/Plugins/Experimental/SurfaceEffects/SurfaceEffects.uplugin" 582
"../../../Engine/Plugins/Experimental/TargetDeviceServicesScripting/TargetDeviceServicesScripting.uplugin" 583
"../../../Engine/Plugins/Experimental/ToolPresets/ToolPresets.uplugin" 584
"../../../Engine/Plugins/Experimental/TextToSpeech/TextToSpeech.uplugin" 585
"../../../Engine/Plugins/Experimental/RazerChromaDevices/RazerChromaDevices.uplugin" 586
"../../../Engine/Plugins/Experimental/StateGraph/StateGraph.uplugin" 587
"../../../Engine/Plugins/Experimental/Tensorboard/Tensorboard.uplugin" 588
"../../../Engine/Plugins/Experimental/VirtualHeightfieldMesh/VirtualHeightfieldMesh.uplugin" 589
"../../../Engine/Plugins/Experimental/UserToolBoxBasicCommand/UserToolBoxBasicCommand.uplugin" 590
"../../../Engine/Plugins/Experimental/Water/Water.uplugin" 591
"../../../Engine/Plugins/Experimental/Volumetrics/Volumetrics.uplugin" 592
"../../../Engine/Plugins/Experimental/WaterAdvanced/WaterAdvanced.uplugin" 593
"../../../Engine/Plugins/Experimental/OptiXDenoise/OptiXDenoise.uplugin" 594
"../../../Engine/Plugins/Experimental/VirtualProductionUtilities/VirtualProductionUtilities.uplugin" 595
"../../../Engine/Plugins/Experimental/WebSocketMessaging/WebSocketMessaging.uplugin" 596
"../../../Engine/Plugins/Experimental/Workspace/Workspace.uplugin" 597
"../../../Engine/Plugins/Experimental/SubtitlesAndClosedCaptions/SubtitlesAndClosedCaptions.uplugin" 598
"../../../Engine/Plugins/Experimental/WaveFunctionCollapse/WaveFunctionCollapse.uplugin" 599
"../../../Engine/Plugins/Experimental/XRCreativeFramework/XRCreativeFramework.uplugin" 600
"../../../Engine/Plugins/Importers/USDImporter/USDImporter.uplugin" 601
"../../../Engine/Plugins/Experimental/WidgetEditorToolPalette/WidgetEditorToolPalette.uplugin" 602
"../../../Engine/Plugins/Messaging/MessagingDebugger/MessagingDebugger.uplugin" 603
"../../../Engine/Plugins/Importers/USDImporterMDL/USDImporterMDL.uplugin" 604
"../../../Engine/Plugins/Messaging/TcpMessaging/TcpMessaging.uplugin" 605
"../../../Engine/Plugins/MovieScene/ActorSequence/ActorSequence.uplugin" 606
"../../../Engine/Plugins/Messaging/UdpMessaging/UdpMessaging.uplugin" 607
"../../../Engine/Plugins/MovieScene/CustomizableSequencerTracks/CustomizableSequencerTracks.uplugin" 608
"../../../Engine/Plugins/Experimental/WebSocketNetworking/WebSocketNetworking.uplugin" 609
"../../../Engine/Plugins/MovieScene/LevelSequenceEditor/LevelSequenceEditor.uplugin" 610
"../../../Engine/Plugins/Importers/USDMultiUser/USDMultiUser.uplugin" 611
"../../../Engine/Plugins/Experimental/WaterExtras/WaterExtras.uplugin" 612
"../../../Engine/Plugins/Experimental/UIFramework/UIFramework.uplugin" 613
"../../../Engine/Plugins/MovieScene/MovieSceneTextTrack/MovieSceneTextTrack.uplugin" 614
"../../../Engine/Plugins/MovieScene/ReplayTracks/ReplayTracks.uplugin" 615
"../../../Engine/Plugins/MovieScene/SequenceValidator/SequenceValidator.uplugin" 616
"../../../Engine/Plugins/NetcodeUnitTest/NetcodeUnitTest/NetcodeUnitTest.uplugin" 617
"../../../Engine/Plugins/Experimental/UserToolBoxCore/UserToolBoxCore.uplugin" 618
"../../../Engine/Plugins/MovieScene/SequencerScripting/SequencerScripting.uplugin" 619
"../../../Engine/Plugins/MovieScene/MoviePipelineMaskRenderPass/MoviePipelineMaskRenderPass.uplugin" 620
"../../../Engine/Plugins/MovieScene/MovieRenderPipeline/MovieRenderPipeline.uplugin" 621
"../../../Engine/Plugins/PCGInterops/PCGExternalDataInterop/PCGExternalDataInterop.uplugin" 622
"../../../Engine/Plugins/Performance/AutomatedPerfTesting/AutomatedPerfTesting.uplugin" 623
"../../../Engine/Plugins/Importers/AlembicImporter/AlembicImporter.uplugin" 624
"../../../Engine/Plugins/PCGInterops/PCGGeometryScriptInterop/PCGGeometryScriptInterop.uplugin" 625
"../../../Engine/Plugins/NetcodeUnitTest/NUTUnrealEngine/NUTUnrealEngine.uplugin" 626
"../../../Engine/Plugins/MovieScene/TemplateSequence/TemplateSequence.uplugin" 627
"../../../Engine/Plugins/Slate/SlateInsights/SlateInsights.uplugin" 628
"../../../Engine/Plugins/Portal/LauncherChunkInstaller/LauncherChunkInstaller.uplugin" 629
"../../../Engine/Plugins/Protocols/MQTT/MQTT.uplugin" 630
"../../../Engine/Plugins/Importers/AlembicHairImporter/AlembicHairImporter.uplugin" 631
"../../../Engine/Plugins/NNE/NNERuntimeORT/NNERuntimeORT.uplugin" 632
"../../../Engine/Plugins/Tests/AutomationDriverTests/AutomationDriverTests.uplugin" 633
"../../../Engine/Plugins/PCGInterops/PCGPythonInterop/PCGPythonInterop.uplugin" 634
"../../../Engine/Plugins/Tests/AudioCQTests/AudioCQTests.uplugin" 635
"../../../Engine/Plugins/Tests/CQTest/CQTest.uplugin" 636
"../../../Engine/Plugins/Tests/CQTestExperimental/CQTestExperimental.uplugin" 637
"../../../Engine/Plugins/Tests/FunctionalTestingEditor/FunctionalTestingEditor.uplugin" 638
"../../../Engine/Plugins/Tests/EditorTests/EditorTests.uplugin" 639
"../../../Engine/Plugins/Tests/CQTestEnhancedInput/CQTestEnhancedInput.uplugin" 640
"../../../Engine/Plugins/Tests/PythonAutomationTest/PythonAutomationTest.uplugin" 641
"../../../Engine/Plugins/Tests/InterchangeTests/InterchangeTests.uplugin" 642
"../../../Engine/Plugins/Tests/FbxAutomationTestBuilder/FbxAutomationTestBuilder.uplugin" 643
"../../../Engine/Plugins/Tests/RHITests/RHITests.uplugin" 644
"../../../Engine/Plugins/Tests/TestFramework/TestFramework.uplugin" 645
"../../../Engine/Plugins/Tests/RuntimeTests/RuntimeTests.uplugin" 646
"../../../Engine/Plugins/Web/HttpBlueprint/HttpBlueprint.uplugin" 647
"../../../Engine/Plugins/NNE/NNEDenoiser/NNEDenoiser.uplugin" 648
"../../../Engine/Plugins/Tests/TestSamples/TestSamples.uplugin" 649
"../../../Engine/Plugins/Interchange/Extensions/OpenUSD/InterchangeOpenUSD.uplugin" 650
"../../../Engine/Plugins/Performance/PerformanceMonitor/PerformanceMonitor.uplugin" 651
"../../../Engine/Plugins/Online/Android/AndroidFetchBackgroundDownload/AndroidFetchBackgroundDownload.uplugin" 652
"../../../Engine/Plugins/Runtime/MeshReconstruction/DummyMeshReconstructor/DummyMeshReconstructor.uplugin" 653
"../../../Engine/Plugins/Online/Android/OnlineSubsystemGooglePlay/OnlineSubsystemGooglePlay.uplugin" 654
"../../../Engine/Plugins/Runtime/PacketHandlers/AESGCMHandlerComponent/AESGCMHandlerComponent.uplugin" 655
"../../../Engine/Plugins/Runtime/PacketHandlers/AESHandlerComponent/AESHandlerComponent.uplugin" 656
"../../../Engine/Plugins/Developer/Concert/ConcertMain/ConcertMain.uplugin" 657
"../../../Engine/Plugins/Runtime/Database/DatabaseSupport/DatabaseSupport.uplugin" 658
"../../../Engine/Plugins/Runtime/PacketHandlers/DTLSHandlerComponent/DTLSHandlerComponent.uplugin" 659
"../../../Engine/Plugins/Runtime/Windows/XInputDevice/XInputDevice.uplugin" 660
"../../../Engine/Plugins/Runtime/Database/ADOSupport/ADOSupport.uplugin" 661
"../../../Engine/Plugins/VirtualProduction/Rivermax/RivermaxCore/RivermaxCore.uplugin" 662
"../../../Engine/Plugins/Slate/SlateScripting/SlateScripting.uplugin" 663
"../../../Engine/Plugins/Tests/WidgetAutomationTests/WidgetAutomationTests.uplugin" 664
"../../../Engine/Plugins/VirtualProduction/Rivermax/RivermaxMedia/RivermaxMedia.uplugin" 665
"../../../Engine/Plugins/Runtime/Database/RemoteDatabaseSupport/RemoteDatabaseSupport.uplugin" 666
"../../../Engine/Plugins/Runtime/Nvidia/Reflex/Reflex.uplugin" 667
"../../../Engine/Plugins/Runtime/Database/SQLiteCore/SQLiteCore.uplugin" 668
"../../../Engine/Plugins/Interchange/Extensions/OpenVDB/InterchangeOpenVDB.uplugin" 669
"../../../Engine/Plugins/Online/IOS/OnlineSubsystemIOS/OnlineSubsystemIOS.uplugin" 670
"../../../Engine/Plugins/Runtime/Windows/WinDualShock/WinDualShock.uplugin" 671
"../../../Engine/Plugins/Experimental/UAF/UAFChooser/UAFChooser.uplugin" 672
"../../../Engine/Plugins/Experimental/UAF/UAFMirroring/UAFMirroring.uplugin" 673
"../../../Engine/Plugins/Experimental/UAF/UAFControlRig/UAFControlRig.uplugin" 674
"../../../Engine/Plugins/Runtime/Windows/WinVirtualKeyboard/WinVirtualKeyboard.uplugin" 675
"../../../Engine/Plugins/Experimental/UAF/UAFPoseSearch/UAFPoseSearch.uplugin" 676
"../../../Engine/Plugins/Runtime/Nvidia/GeForceNOWWrapper/GeForceNOWWrapper.uplugin" 677
"../../../Engine/Plugins/Experimental/UAF/UAFStateTree/UAFStateTree.uplugin" 678
"../../../Engine/Plugins/Runtime/Advertising/IOSTapJoy/IOSTapJoy.uplugin" 679
"../../../Engine/Plugins/Experimental/UAF/UAFTests/UAFTests.uplugin" 680
"../../../Engine/Plugins/Online/VoiceChat/EOSVoiceChat/EOSVoiceChat.uplugin" 681
"../../../Engine/Plugins/Online/VoiceChat/VoiceChat/VoiceChat.uplugin" 682
"../../../Engine/Plugins/Experimental/UAF/UAFWarping/UAFWarping.uplugin" 683
"../../../Engine/Plugins/VirtualProduction/Rivermax/RivermaxSync/RivermaxSync.uplugin" 684
"../../../Engine/Plugins/Runtime/Analytics/Adjust/Adjust.uplugin" 685
"../../../Engine/Plugins/Runtime/Analytics/FileLogging/FileLogging.uplugin" 686
"../../../Engine/Plugins/Runtime/Analytics/AnalyticsBlueprintLibrary/AnalyticsBlueprintLibrary.uplugin" 687
"../../../Engine/Plugins/VirtualProduction/CaptureManager/CaptureManagerDevices/CaptureManagerDevices.uplugin" 688
"../../../Engine/Plugins/VirtualProduction/CaptureManager/CaptureManagerApp/CaptureManagerApp.uplugin" 689
"../../../Engine/Plugins/VirtualProduction/CaptureManager/CaptureManagerCore/CaptureManagerCore.uplugin" 690
"../../../Engine/Plugins/VirtualProduction/CaptureManager/CaptureManagerEditor/CaptureManagerEditor.uplugin" 691
"../../../Engine/Plugins/Experimental/Enterprise/DatasmithRuntime/DatasmithRuntime.uplugin" 692
"../../../Engine/Plugins/Runtime/XR/XRVisualization/XRVisualization.uplugin" 693
"../../../Engine/Plugins/Animation/MLDeformer/ChaosClothGenerator/ChaosClothGenerator.uplugin" 694
"../../../Engine/Plugins/Runtime/Database/SQLiteSupport/SQLiteSupport.uplugin" 695
"../../../Engine/Plugins/Experimental/Enterprise/DataprepGeometryOperations/DataprepGeometryOperations.uplugin" 696
"../../../Engine/Plugins/Runtime/Analytics/AnalyticsMulticast/AnalyticsMulticast.uplugin" 697
"../../../Engine/Plugins/Animation/MLDeformer/NearestNeighborModel/NearestNeighborModel.uplugin" 698
"../../../Engine/Plugins/Animation/MLDeformer/ChaosFleshGenerator/ChaosFleshGenerator.uplugin" 699
"../../../Engine/Plugins/Editor/Localization/PortableObjectFileDataSource/PortableObjectFileDataSource.uplugin" 700
"../../../Engine/Plugins/Animation/MLDeformer/VertexDeltaModel/VertexDeltaModel.uplugin" 701
"../../../Engine/Plugins/Runtime/XR/XRScribe/XRScribe.uplugin" 702
"../../../Engine/Plugins/Editor/ContentBrowser/ContentBrowserAssetDataSource/ContentBrowserAssetDataSource.uplugin" 703
"../../../Engine/Plugins/Editor/ContentBrowser/ContentBrowserAliasDataSource/ContentBrowserAliasDataSource.uplugin" 704
"../../../Engine/Plugins/Experimental/Enterprise/DatasmithInterchange/DatasmithInterchange.uplugin" 705
"../../../Engine/Plugins/Editor/ContentBrowser/ContentBrowserFileDataSource/ContentBrowserFileDataSource.uplugin" 706
"../../../Engine/Plugins/Animation/MLDeformer/NeuralMorphModel/NeuralMorphModel.uplugin" 707
"../../../Engine/Plugins/Experimental/UAF/UAF/UAF.uplugin" 708
"../../../Engine/Plugins/Experimental/Animation/CurveExpression/CurveExpression.uplugin" 709
"../../../Engine/Plugins/Experimental/Animation/HierarchyTableAnimation/HierarchyTableAnimation.uplugin" 710
"../../../Engine/Plugins/Animation/MLDeformer/MLDeformerFramework/MLDeformerFramework.uplugin" 711
"../../../Engine/Plugins/Experimental/Animation/MotionTrajectory/MotionTrajectory.uplugin" 712
"../../../Engine/Plugins/Experimental/UAF/UAFAnimGraph/UAFAnimGraph.uplugin" 713
"../../../Engine/Plugins/Experimental/Animation/PackedAttributes/PackedAttributes.uplugin" 714
"../../../Engine/Plugins/Experimental/Animation/RigMapper/RigMapper.uplugin" 715
"../../../Engine/Plugins/Experimental/Animation/HierarchyTable/HierarchyTable.uplugin" 716
"../../../Engine/Plugins/Editor/ObjectMixer/ObjectMixer/ObjectMixer.uplugin" 717
"../../../Engine/Plugins/Editor/ContentBrowser/ContentBrowserClassDataSource/ContentBrowserClassDataSource.uplugin" 718
"../../../Engine/Plugins/Experimental/Animation/ContextualAnimation/ContextualAnimation.uplugin" 719
"../../../Engine/Plugins/Experimental/Animation/RigMapperOp/RigMapperOp.uplugin" 720
"../../../Engine/Plugins/Experimental/Animation/TrajectoryTools/TrajectoryTools.uplugin" 721
"../../../Engine/Plugins/Experimental/Animation/SkeletalMeshMorphTargetEditingTools/SkeletalMeshMorphTargetEditingTools.uplugin" 722
"../../../Engine/Plugins/Experimental/Animation/Locomotor/Locomotor.uplugin" 723
"../../../Engine/Plugins/Experimental/Web/WebAPI/WebAPI.uplugin" 724
"../../../Engine/Plugins/Experimental/CharacterFXEditor/ExampleCharacterFXEditor/ExampleCharacterFXEditor.uplugin" 725
"../../../Engine/Plugins/Experimental/PCGInterops/PCGNaniteAssembliesInterop/PCGNaniteAssembliesInterop.uplugin" 726
"../../../Engine/Plugins/Experimental/CharacterFXEditor/BaseCharacterFXEditor/BaseCharacterFXEditor.uplugin" 727
"../../../Engine/Plugins/Experimental/PCGInterops/PCGFastGeoInterop/PCGFastGeoInterop.uplugin" 728
"../../../Engine/Plugins/Experimental/Animation/RelativeIKOp/RelativeIKOp.uplugin" 729
"../../../Engine/Plugins/Experimental/AVCodecs/AMFCodecs/AMFCodecs.uplugin" 730
"../../../Engine/Plugins/Experimental/AVCodecs/NVCodecs/NVCodecs.uplugin" 731
"../../../Engine/Plugins/Experimental/AVCodecs/AVCodecsCore/AVCodecsCore.uplugin" 732
"../../../Engine/Plugins/Experimental/AVCodecs/LibVpxCodecs/LibVpxCodecs.uplugin" 733
"../../../Engine/Plugins/Experimental/PCGInterops/PCGInstancedActorsInterop/PCGInstancedActorsInterop.uplugin" 734
"../../../Engine/Plugins/Experimental/AVCodecs/VTCodecs/VTCodecs.uplugin" 735
"../../../Engine/Plugins/Editor/ObjectMixer/LightMixer/LightMixer.uplugin" 736
"../../../Engine/Plugins/Experimental/VirtualProduction/VPRoles/VPRoles.uplugin" 737
"../../../Engine/Plugins/Experimental/VirtualProduction/LedWallCalibration/LedWallCalibration.uplugin" 738
"../../../Engine/Plugins/Experimental/PCGInterops/PCGNiagaraInterop/PCGNiagaraInterop.uplugin" 739
"../../../Engine/Plugins/Experimental/VirtualProduction/VPSettings/VPSettings.uplugin" 740
"../../../Engine/Plugins/Runtime/AR/ARUtilities/ARUtilities.uplugin" 741
"../../../Engine/Plugins/Runtime/Steam/SteamShared/SteamShared.uplugin" 742
"../../../Engine/Plugins/Experimental/AVCodecs/WMFCodecs/WMFCodecs.uplugin" 743
"../../../Engine/Plugins/Runtime/Steam/SteamController/SteamController.uplugin" 744
"../../../Engine/Plugins/Runtime/Steam/SteamSockets/SteamSockets.uplugin" 745
"../../../Engine/Plugins/VirtualProduction/DMX/DatasmithMVR/DatasmithMVR.uplugin" 746
"../../../Engine/Plugins/Experimental/PCGInterops/PCGWaterInterop/PCGWaterInterop.uplugin" 747
"../../../Engine/Plugins/VirtualProduction/DMX/DMXDisplayCluster/DMXDisplayCluster.uplugin" 748
"../../../Engine/Plugins/VirtualProduction/DMX/DMXEngine/DMXEngine.uplugin" 749
"../../../Engine/Plugins/VirtualProduction/DMX/DMXModularFeatures/DMXModularFeatures.uplugin" 750
"../../../Engine/Plugins/Runtime/Steam/SteamAudio/SteamAudio.uplugin" 751
"../../../Engine/Plugins/VirtualProduction/DMX/DMXFixtures/DMXFixtures.uplugin" 752
"../../../Engine/Plugins/Experimental/Animation/Optimus/Optimus.uplugin" 753
"../../../Engine/Plugins/VirtualProduction/DMX/DMXPixelMapping/DMXPixelMapping.uplugin" 754
"../../../Engine/Plugins/Experimental/MetaHuman/MetaHumanRuntime/MetaHumanRuntime.uplugin" 755
"../../../Engine/Plugins/VirtualProduction/DMX/DMXProtocol/DMXProtocol.uplugin" 756
"../../../Engine/Plugins/Experimental/MetaHuman/MetaHumanCharacterUAF/MetaHumanCharacterUAF.uplugin" 757
"../../../Engine/Plugins/Experimental/MetaHuman/MetaHumanCalibrationDiagnostics/MetaHumanCalibrationDiagnostics.uplugin" 758
"../../../Engine/Plugins/Developer/Concert/ConcertUI/ConcertClientSharedSlate/ConcertClientSharedSlate.uplugin" 759
"../../../Engine/Plugins/Developer/Concert/ConcertApp/DisasterRecoveryClient/DisasterRecoveryClient.uplugin" 760
"../../../Engine/Plugins/Developer/Concert/ConcertApp/MultiUserClient/MultiUserClient.uplugin" 761
"../../../Engine/Plugins/Developer/Concert/ConcertApp/MultiUserServer/MultiUserServer.uplugin" 762
"../../../Engine/Plugins/Developer/Concert/ConcertUI/ConcertSharedSlate/ConcertSharedSlate.uplugin" 763
"../../../Engine/Plugins/Developer/Concert/ConcertSync/ConcertSyncCore/ConcertSyncCore.uplugin" 764
"../../../Engine/Plugins/Developer/Concert/ConcertSync/ConcertSyncClient/ConcertSyncClient.uplugin" 765
"../../../Engine/Plugins/Experimental/Animation/MLDeformer/DetailPoseModel/DetailPoseModel.uplugin" 766
"../../../Engine/Plugins/Developer/Concert/ConcertInsights/ConcertInsightsServer/ConcertInsightsServer.uplugin" 767
"../../../Engine/Plugins/VirtualProduction/DMX/DMXGDTF/DMXGDTF.uplugin" 768
"../../../Engine/Plugins/Developer/Concert/ConcertSync/ConcertSyncTest/ConcertSyncTest.uplugin" 769
"../../../Engine/Plugins/Developer/Concert/ConcertInsights/ConcertInsightsClient/ConcertInsightsClient.uplugin" 770
"../../../Engine/Plugins/Developer/Concert/ConcertScripting/ConcertReplicationScripting/ConcertReplicationScripting.uplugin" 771
"../../../Engine/Plugins/Runtime/AR/AppleAR/AppleARKitFaceSupport/AppleARKitFaceSupport.uplugin" 772
"../../../Engine/Plugins/Developer/Concert/ConcertInsights/ConcertInsightsCore/ConcertInsightsCore.uplugin" 773
"../../../Engine/Plugins/Developer/Concert/ConcertInsights/ConcertInsightsVisualizer/ConcertInsightsVisualizer.uplugin" 774
"../../../Engine/Plugins/Runtime/AR/AppleAR/AppleARKit/AppleARKit.uplugin" 775
"../../../Engine/Plugins/Runtime/AR/Google/GoogleARCoreServices/GoogleARCoreServices.uplugin" 776
"../../../Engine/Plugins/Runtime/AR/Google/GoogleARCore/GoogleARCore.uplugin" 777
"../../../Engine/Plugins/Developer/Concert/ConcertSync/ConcertSyncServer/ConcertSyncServer.uplugin" 778
"../../../Engine/Plugins/VirtualProduction/DMX/DMXControlConsole/DMXControlConsole.uplugin" 779
"../../../Engine/Platforms/Android/Plugins/Animation/ACLPlugin/ACLPlugin_Android.uplugin" 780
"../../../Engine/Platforms/Android/Plugins/Animation/RigLogic/RigLogic_Android.uplugin" 781
"../../../Engine/Platforms/IOS/Plugins/Animation/RigLogic/RigLogic_IOS.uplugin" 782
"../../../Engine/Content/Internationalization/icudt64l/cnvalias.icu" 783
"../../../Engine/Content/Internationalization/icudt64l/res_index.res" 784
"../../../Engine/Content/Internationalization/icudt64l/plurals.res" 785
"../../../Engine/Content/Internationalization/icudt64l/lang/ru.res" 786
"../../../Engine/Content/Internationalization/icudt64l/lang/pool.res" 787
"../../../Engine/Content/Internationalization/icudt64l/lang/root.res" 788
"../../../Engine/Content/Internationalization/icudt64l/region/ru.res" 789
"../../../Engine/Content/Internationalization/icudt64l/region/pool.res" 790
"../../../Engine/Content/Internationalization/icudt64l/region/root.res" 791
"../../../Engine/Content/Internationalization/icudt64l/lang/en.res" 792
"../../../Engine/Content/Internationalization/icudt64l/region/en.res" 793
"../../../Engine/Content/Internationalization/icudt64l/windowsZones.res" 794
"../../../Engine/Content/Internationalization/icudt64l/zoneinfo64.res" 795
"../../../Engine/Content/Internationalization/icudt64l/keyTypeData.res" 796
"../../../Engine/Content/Internationalization/icudt64l/timezoneTypes.res" 797
"../../../Engine/Content/Internationalization/icudt64l/likelySubtags.res" 798
"../../../Engine/Content/Internationalization/icudt64l/ru_RU.res" 799
"../../../Engine/Content/Internationalization/icudt64l/pool.res" 800
"../../../Engine/Content/Internationalization/icudt64l/ru.res" 801
"../../../Engine/Content/Internationalization/icudt64l/root.res" 802
"../../../Engine/Content/Internationalization/icudt64l/supplementalData.res" 803
"../../../Engine/Config/ConfigRedirects.ini" 804
"C:/Users/Stanislav/AppData/Local/UnrealEngine/5.7/Saved/Config/WindowsEditor/Manifest.ini" 805
"../../../Engine/Config/BaseEngine.ini" 806
"../../../Engine/Config/Windows/BaseWindowsEngine.ini" 807
"../../../../../../Users/Stanislav/Documents/Unreal Projects/RGO/Config/DefaultEngine.ini" 808
"../../../Engine/Config/BaseGame.ini" 809
"../../../Engine/Config/Windows/WindowsGame.ini" 810
"../../../Engine/Config/BaseInput.ini" 811
"../../../Engine/Config/Windows/BaseWindowsInput.ini" 812
"../../../../../../Users/Stanislav/Documents/Unreal Projects/RGO/Config/DefaultInput.ini" 813
"../../../Engine/Config/Windows/WindowsInput.ini" 814
"../../../Engine/Config/BaseDeviceProfiles.ini" 815
"../../../Engine/Config/BaseGameUserSettings.ini" 816
"C:/Users/Stanislav/Documents/Unreal Projects/RGO/Saved/Config/WindowsEditor/GameUserSettings.ini" 817
"../../../Engine/Config/BaseScalability.ini" 818
"../../../Engine/Config/BaseRuntimeOptions.ini" 819
"../../../Engine/Config/BaseInstallBundle.ini" 820
"../../../Engine/Config/BaseHardware.ini" 821
"../../../Engine/Config/BaseCompat.ini" 822
"../../../Engine/Config/BaseLightmass.ini" 823
"../../../Engine/Config/BaseEditor.ini" 824
"../../../../../../Users/Stanislav/Documents/Unreal Projects/RGO/Config/DefaultEditor.ini" 825
"C:/Users/Stanislav/Documents/Unreal Projects/RGO/Saved/Config/WindowsEditor/Editor.ini" 826
"../../../Engine/Config/BaseMaterialExpressions.ini" 827
"../../../Engine/Config/BaseEditorPerProjectUserSettings.ini" 828
"../../../Engine/Config/Windows/WindowsEditorPerProjectUserSettings.ini" 829
"C:/Users/Stanislav/Documents/Unreal Projects/RGO/Saved/Config/WindowsEditor/EditorPerProjectUserSettings.ini" 830
"../../../Engine/Config/BaseEditorSettings.ini" 831
"../../../Engine/Config/Windows/WindowsEditorSettings.ini" 832
"C:/Users/Stanislav/AppData/Local/UnrealEngine/5.7/Saved/Config/WindowsEditor/EditorSettings.ini" 833
"../../../Engine/Config/BaseEditorKeyBindings.ini" 834
"C:/Users/Stanislav/AppData/Local/UnrealEngine/5.7/Saved/Config/WindowsEditor/EditorLayout.ini" 835
"../../../../../../Users/Stanislav/Documents/Unreal Projects/RGO/Binaries/Win64/RGO-Win64-Shipping.target" 836
"../../../Engine/Config/IOS/BaseIOSEngine.ini" 837
"../../../Engine/Config/Unix/UnixEngine.ini" 838
"../../../Engine/Platforms/VisionOS/Config/BaseVisionOSEngine.ini" 839
"../../../Engine/Config/Android/BaseAndroidEngine.ini" 840
"../../../Engine/Config/Mac/BaseMacEngine.ini" 841
"../../../Engine/Config/Linux/BaseLinuxEngine.ini" 842
"../../../Engine/Config/Android/AndroidEngine.ini" 843
"../../../Engine/Platforms/VisionOS/Config/VisionOSEngine.ini" 844
"../../../Engine/Config/Linux/LinuxEngine.ini" 845
"../../../../../../Users/Stanislav/Documents/Unreal Projects/RGO/Intermediate/CachedAssetRegistryDiscovery.bin" 846
"../../../Engine/Config/TVOS/TVOSEngine.ini" 847
"../../../../../../Users/Stanislav/Documents/Unreal Projects/RGO/Binaries/Win64/RGOEditor.target" 848
"../../../Engine/Config/Android/BaseAndroidGame.ini" 849
"../../../Engine/Config/Mac/MacGame.ini" 850
"../../../Engine/Config/IOS/BaseIOSGame.ini" 851
"../../../Engine/Config/IOS/IOSGame.ini" 852
"../../../Engine/Config/Linux/LinuxGame.ini" 853
"../../../Engine/Config/Mac/BaseMacInput.ini" 854
"../../../Engine/Config/Android/BaseAndroidInput.ini" 855
"../../../Engine/Config/IOS/BaseIOSInput.ini" 856
"../../../Engine/Config/IOS/IOSScalability.ini" 857
"../../../Engine/Config/Android/AndroidScalability.ini" 858
"../../../Engine/Config/IOS/BaseIOSInstallBundle.ini" 859
"../../../Engine/Config/Android/BaseAndroidInstallBundle.ini" 860
"../../../Engine/Config/PluginBase.ini" 861
"../../../Engine/Plugins/ChaosVD/Config/DefaultChaosVD.ini" 862
"../../../Engine/Plugins/EnhancedInput/Config/BaseEnhancedInput.ini" 863
"../../../Engine/Plugins/Fab/Config/BaseFab.ini" 864
"../../../Engine/Plugins/TraceUtilities/Config/BaseTraceUtilities.ini" 865
"../../../Engine/Plugins/FX/Niagara/Config/BaseNiagara.ini" 866
"C:/Users/Stanislav/Documents/Unreal Projects/RGO/Saved/Config/WindowsEditor/Niagara.ini" 867
"../../../Engine/Plugins/Interchange/Assets/Config/BaseInterchangeAssets.ini" 868
"../../../Engine/Plugins/Interchange/Runtime/Config/BaseInterchange.ini" 869
"../../../Engine/Plugins/MetaHuman/MetaHumanSDK/Config/BaseMetaHumanSDK.ini" 870
"../../../Engine/Plugins/Runtime/HairStrands/Config/BaseHairStrands.ini" 871
"../../../Engine/Plugins/Runtime/Metasound/Config/BaseMetasound.ini" 872
"../../../Engine/Plugins/Runtime/Metasound/Config/DefaultMetasound.ini" 873
"../../../Engine/Plugins/Runtime/PropertyBindingUtils/Config/BasePropertyBindingUtils.ini" 874
"../../../Engine/Plugins/Runtime/RigVM/Config/BaseRigVM.ini" 875
"../../../Engine/Plugins/Runtime/StateTree/Config/BaseStateTree.ini" 876
"../../../Engine/Plugins/Runtime/Synthesis/Config/BaseSynthesis.ini" 877
"../../../Engine/Plugins/VirtualProduction/Takes/Config/BaseTakes.ini" 878
"../../../Engine/Plugins/2D/Paper2D/Config/BasePaper2D.ini" 879
"../../../Engine/Plugins/Animation/ControlRig/Config/BaseControlRig.ini" 880
"../../../Engine/Plugins/Animation/DeformerGraph/Config/BaseDeformerGraph.ini" 881
"../../../Engine/Plugins/Animation/IKRig/Config/BaseIKRig.ini" 882
"../../../Engine/Plugins/Cameras/GameplayCameras/Config/BaseGameplayCameras.ini" 883
"../../../Engine/Plugins/Compositing/CompositeCore/Config/BaseCompositeCore.ini" 884
"../../../Engine/Plugins/Editor/EditorScriptingUtilities/Config/BaseEditorScriptingUtilities.ini" 885
"../../../Engine/Plugins/Enterprise/DatasmithContent/Config/BaseDatasmithContent.ini" 886
"../../../Engine/Plugins/Enterprise/VariantManagerContent/Config/BaseVariantManagerContent.ini" 887
"../../../Engine/Plugins/Enterprise/GLTFExporter/Config/BaseGLTFExporter.ini" 888
"../../../Engine/Plugins/Enterprise/GLTFExporter/Config/DefaultGLTFExporter.ini" 889
"../../../Engine/Plugins/Experimental/FullBodyIK/Config/BaseFullBodyIK.ini" 890
"../../../Engine/Plugins/Experimental/ToolPresets/Config/BaseToolPresets.ini" 891
"../../../Engine/Plugins/ChaosVD/Config/Engine.ini" 892
"../../../Engine/Plugins/EnhancedInput/Config/Input.ini" 893
"../../../Engine/Plugins/Runtime/InputDebugging/Config/Input.ini" 894
"../../../Engine/Plugins/Runtime/Windows/XInputDevice/Config/Input.ini" 895
"../../../Engine/Plugins/Online/OnlineSubsystemUtils/Config/Editor.ini" 896
"../../../Engine/Plugins/Runtime/RigVM/Config/Editor.ini" 897
"../../../Engine/Plugins/NNE/NNEDenoiser/Config/Game.ini" 898
"../../../Engine/Plugins/Editor/ModelingToolsEditorMode/Binaries/Win64/UnrealEditor.modules" 899
"../../../Engine/Plugins/Runtime/MeshModelingToolset/Binaries/Win64/UnrealEditor.modules" 900
"../../../Engine/Plugins/Experimental/MeshModelingToolsetExp/Binaries/Win64/UnrealEditor.modules" 901
"../../../Engine/Plugins/Editor/MeshLODToolset/Binaries/Win64/UnrealEditor.modules" 902
"../../../Engine/Plugins/Experimental/ToolPresets/Binaries/Win64/UnrealEditor.modules" 903
"../../../Engine/Plugins/Editor/StylusInput/Binaries/Win64/UnrealEditor.modules" 904
"../../../Engine/Plugins/Runtime/GeometryProcessing/Binaries/Win64/UnrealEditor.modules" 905
"../../../Engine/Plugins/Editor/ProxyLODPlugin/Binaries/Win64/UnrealEditor.modules" 906
"../../../Engine/Plugins/Experimental/PlanarCutPlugin/Binaries/Win64/UnrealEditor.modules" 907
"../../../Engine/Plugins/Runtime/GeometryCache/Binaries/Win64/UnrealEditor.modules" 908
"../../../Engine/Plugins/Experimental/GeometryFlow/Binaries/Win64/UnrealEditor.modules" 909
"../../../Engine/Plugins/Editor/EditorScriptingUtilities/Binaries/Win64/UnrealEditor.modules" 910
"../../../Engine/Plugins/FX/Niagara/Binaries/Win64/UnrealEditor.modules" 911
"../../../Engine/Plugins/Experimental/PythonScriptPlugin/Binaries/Win64/UnrealEditor.modules" 912
"../../../Engine/Plugins/Editor/ContentBrowser/ContentBrowserFileDataSource/Binaries/Win64/UnrealEditor.modules" 913
"../../../Engine/Plugins/AudioInsights/Binaries/Win64/UnrealEditor.modules" 914
"../../../Engine/Plugins/Runtime/AudioWidgets/Binaries/Win64/UnrealEditor.modules" 915
"../../../Engine/Plugins/Runtime/AudioSynesthesia/Binaries/Win64/UnrealEditor.modules" 916
"../../../Engine/Plugins/Bridge/Binaries/Win64/UnrealEditor.modules" 917
"../../../Engine/Plugins/MetaHuman/MetaHumanSDK/Binaries/Win64/UnrealEditor.modules" 918
"../../../Engine/Plugins/Animation/ControlRig/Binaries/Win64/UnrealEditor.modules" 919
"../../../Engine/Plugins/Runtime/HairStrands/Binaries/Win64/UnrealEditor.modules" 920
"../../../Engine/Plugins/Animation/RigLogic/Binaries/Win64/UnrealEditor.modules" 921
"../../../Engine/Plugins/Interchange/Runtime/Binaries/Win64/UnrealEditor.modules" 922
"../../../Engine/Plugins/Online/EOSShared/Binaries/Win64/UnrealEditor.modules" 923
"../../../Engine/Plugins/Runtime/RigVM/Binaries/Win64/UnrealEditor.modules" 924
"../../../Engine/Plugins/MovieScene/LevelSequenceEditor/Binaries/Win64/UnrealEditor.modules" 925
"../../../Engine/Plugins/Runtime/PropertyAccess/Binaries/Win64/UnrealEditor.modules" 926
"../../../Engine/Plugins/MovieScene/SequencerScripting/Binaries/Win64/UnrealEditor.modules" 927
"../../../Engine/Plugins/Animation/TweeningUtils/Binaries/Win64/UnrealEditor.modules" 928
"../../../Engine/Plugins/Animation/DeformerGraph/Binaries/Win64/UnrealEditor.modules" 929
"../../../Engine/Plugins/Experimental/Dataflow/Binaries/Win64/UnrealEditor.modules" 930
"../../../Engine/Plugins/Runtime/ComputeFramework/Binaries/Win64/UnrealEditor.modules" 931
"../../../Engine/Plugins/Enterprise/VariantManagerContent/Binaries/Win64/UnrealEditor.modules" 932
"../../../Engine/Plugins/Enterprise/VariantManager/Binaries/Win64/UnrealEditor.modules" 933
"../../../Engine/Plugins/Interchange/Assets/Binaries/Win64/UnrealEditor.modules" 934
"../../../Engine/Plugins/Experimental/CharacterFXEditor/BaseCharacterFXEditor/Binaries/Win64/UnrealEditor.modules" 935
"../../../Engine/Plugins/Runtime/ProceduralMeshComponent/Binaries/Win64/UnrealEditor.modules" 936
"../../../Engine/Plugins/Experimental/ChaosCaching/Binaries/Win64/UnrealEditor.modules" 937
"../../../Engine/Plugins/Experimental/EditorDataStorage/Binaries/Win64/UnrealEditor.modules" 938
"../../../Engine/Plugins/Experimental/EditorDataStorageFeatures/Binaries/Win64/UnrealEditor.modules" 939
"../../../Engine/Plugins/Animation/SkeletalMeshModelingTools/Binaries/Win64/UnrealEditor.modules" 940
"../../../Engine/Plugins/VirtualProduction/Takes/Binaries/Win64/UnrealEditor.modules" 941
"../../../Engine/Plugins/Runtime/AudioCapture/Binaries/Win64/UnrealEditor.modules" 942
"../../../Engine/Plugins/Developer/NamingTokens/Binaries/Win64/UnrealEditor.modules" 943
"../../../Engine/Plugins/Editor/EngineAssetDefinitions/Binaries/Win64/UnrealEditor.modules" 944
"../../../Engine/Plugins/ChaosCloth/Binaries/Win64/UnrealEditor.modules" 945
"../../../Engine/Plugins/ChaosInsights/Binaries/Win64/UnrealEditor.modules" 946
"../../../Engine/Plugins/ChaosVD/Binaries/Win64/UnrealEditor.modules" 947
"../../../Engine/Plugins/CmdLinkServer/Binaries/Win64/UnrealEditor.modules" 948
"../../../Engine/Plugins/EnhancedInput/Binaries/Win64/UnrealEditor.modules" 949
"../../../Engine/Plugins/Editor/DataValidation/Binaries/Win64/UnrealEditor.modules" 950
"../../../Engine/Plugins/Fab/Binaries/Win64/UnrealEditor.modules" 951
"../../../Engine/Plugins/IoStoreInsights/Binaries/Win64/UnrealEditor.modules" 952
"../../../Engine/Plugins/MassInsights/Binaries/Win64/UnrealEditor.modules" 953
"../../../Engine/Plugins/MeshPainting/Binaries/Win64/UnrealEditor.modules" 954
"../../../Engine/Plugins/Interchange/Editor/Binaries/Win64/UnrealEditor.modules" 955
"../../../Engine/Plugins/RenderGraphInsights/Binaries/Win64/UnrealEditor.modules" 956
"../../../Engine/Plugins/TraceUtilities/Binaries/Win64/UnrealEditor.modules" 957
"../../../Engine/Plugins/UbaController/Binaries/Win64/UnrealEditor.modules" 958
"../../../Engine/Plugins/XGEController/Binaries/Win64/UnrealEditor.modules" 959
"../../../Engine/Plugins/WorldMetrics/Binaries/Win64/UnrealEditor.modules" 960
"../../../Engine/Plugins/FX/Cascade/Binaries/Win64/UnrealEditor.modules" 961
"../../../Engine/Plugins/FX/NiagaraSimCaching/Binaries/Win64/UnrealEditor.modules" 962
"../../../Engine/Plugins/FX/NiagaraPreviewContent/Binaries/Win64/UnrealEditor.modules" 963
"../../../Engine/Plugins/Media/AndroidMedia/Binaries/Win64/UnrealEditor.modules" 964
"../../../Engine/Plugins/Media/AvfMedia/Binaries/Win64/UnrealEditor.modules" 965
"../../../Engine/Plugins/Media/ImgMedia/Binaries/Win64/UnrealEditor.modules" 966
"../../../Engine/Plugins/Media/MediaPlayerEditor/Binaries/Win64/UnrealEditor.modules" 967
"../../../Engine/Plugins/Media/MediaCompositing/Binaries/Win64/UnrealEditor.modules" 968
"../../../Engine/Plugins/Media/MediaPlate/Binaries/Win64/UnrealEditor.modules" 969
"../../../Engine/Plugins/Compositing/CompositeCore/Binaries/Win64/UnrealEditor.modules" 970
"../../../Engine/Plugins/Media/WmfMedia/Binaries/Win64/UnrealEditor.modules" 971
"../../../Engine/Plugins/Online/OnlineBase/Binaries/Win64/UnrealEditor.modules" 972
"../../../Engine/Plugins/Online/OnlineSubsystem/Binaries/Win64/UnrealEditor.modules" 973
"../../../Engine/Plugins/Online/OnlineSubsystemNull/Binaries/Win64/UnrealEditor.modules" 974
"../../../Engine/Plugins/Online/OnlineSubsystemUtils/Binaries/Win64/UnrealEditor.modules" 975
"../../../Engine/Plugins/Online/OnlineServices/Binaries/Win64/UnrealEditor.modules" 976
"../../../Engine/Plugins/Runtime/ActorLayerUtilities/Binaries/Win64/UnrealEditor.modules" 977
"../../../Engine/Plugins/Runtime/AndroidDeviceProfileSelector/Binaries/Win64/UnrealEditor.modules" 978
"../../../Engine/Plugins/Runtime/AndroidFileServer/Binaries/Win64/UnrealEditor.modules" 979
"../../../Engine/Plugins/Runtime/AndroidPermission/Binaries/Win64/UnrealEditor.modules" 980
"../../../Engine/Plugins/Runtime/AppleImageUtils/Binaries/Win64/UnrealEditor.modules" 981
"../../../Engine/Plugins/Runtime/ArchVisCharacter/Binaries/Win64/UnrealEditor.modules" 982
"../../../Engine/Plugins/Runtime/AssetTags/Binaries/Win64/UnrealEditor.modules" 983
"../../../Engine/Plugins/Runtime/CableComponent/Binaries/Win64/UnrealEditor.modules" 984
"../../../Engine/Plugins/Runtime/ChunkDownloader/Binaries/Win64/UnrealEditor.modules" 985
"../../../Engine/Plugins/Runtime/CustomMeshComponent/Binaries/Win64/UnrealEditor.modules" 986
"../../../Engine/Plugins/Runtime/ExampleDeviceProfileSelector/Binaries/Win64/UnrealEditor.modules" 987
"../../../Engine/Plugins/Runtime/GooglePAD/Binaries/Win64/UnrealEditor.modules" 988
"../../../Engine/Plugins/Runtime/InputDebugging/Binaries/Win64/UnrealEditor.modules" 989
"../../../Engine/Plugins/Runtime/LocationServicesBPLibrary/Binaries/Win64/UnrealEditor.modules" 990
"../../../Engine/Plugins/Runtime/Metasound/Binaries/Win64/UnrealEditor.modules" 991
"../../../Engine/Plugins/Editor/ContentBrowser/ContentBrowserAssetDataSource/Binaries/Win64/UnrealEditor.modules" 992
"../../../Engine/Plugins/Runtime/WaveTable/Binaries/Win64/UnrealEditor.modules" 993
"../../../Engine/Plugins/Runtime/MobilePatchingUtils/Binaries/Win64/UnrealEditor.modules" 994
"../../../Engine/Plugins/Runtime/MsQuic/Binaries/Win64/UnrealEditor.modules" 995
"../../../Engine/Plugins/Runtime/ResonanceAudio/Binaries/Win64/UnrealEditor.modules" 996
"../../../Engine/Plugins/Runtime/SoundFields/Binaries/Win64/UnrealEditor.modules" 997
"../../../Engine/Plugins/Runtime/Synthesis/Binaries/Win64/UnrealEditor.modules" 998
"../../../Engine/Plugins/Runtime/WindowsDeviceProfileSelector/Binaries/Win64/UnrealEditor.modules" 999
"../../../Engine/Plugins/Runtime/WebMMoviePlayer/Binaries/Win64/UnrealEditor.modules" 1000
"../../../Engine/Plugins/Media/WebMMedia/Binaries/Win64/UnrealEditor.modules" 1001
"../../../Engine/Plugins/Runtime/WindowsMoviePlayer/Binaries/Win64/UnrealEditor.modules" 1002
"../../../Engine/Plugins/AI/EnvironmentQueryEditor/Binaries/Win64/UnrealEditor.modules" 1003
"../../../Engine/Plugins/AI/AISupport/Binaries/Win64/UnrealEditor.modules" 1004
"../../../Engine/Plugins/2D/Paper2D/Binaries/Win64/UnrealEditor.modules" 1005
"../../../Engine/Plugins/Animation/ACLPlugin/Binaries/Win64/UnrealEditor.modules" 1006
"../../../Engine/Plugins/Animation/AnimationData/Binaries/Win64/UnrealEditor.modules" 1007
"../../../Engine/Plugins/Animation/AnimationModifierLibrary/Binaries/Win64/UnrealEditor.modules" 1008
"../../../Engine/Plugins/Animation/BlendSpaceMotionAnalysis/Binaries/Win64/UnrealEditor.modules" 1009
"../../../Engine/Plugins/Animation/ControlRigSpline/Binaries/Win64/UnrealEditor.modules" 1010
"../../../Engine/Plugins/Animation/EaseCurveTool/Binaries/Win64/UnrealEditor.modules" 1011
"../../../Engine/Plugins/Animation/IKRig/Binaries/Win64/UnrealEditor.modules" 1012
"../../../Engine/Plugins/Experimental/FullBodyIK/Binaries/Win64/UnrealEditor.modules" 1013
"../../../Engine/Plugins/Cameras/EngineCameras/Binaries/Win64/UnrealEditor.modules" 1014
"../../../Engine/Plugins/MovieScene/TemplateSequence/Binaries/Win64/UnrealEditor.modules" 1015
"../../../Engine/Plugins/Cameras/GameplayCameras/Binaries/Win64/UnrealEditor.modules" 1016
"../../../Engine/Plugins/Runtime/StateTree/Binaries/Win64/UnrealEditor.modules" 1017
"../../../Engine/Plugins/Animation/GameplayInsights/Binaries/Win64/UnrealEditor.modules" 1018
"../../../Engine/Plugins/Runtime/PropertyBindingUtils/Binaries/Win64/UnrealEditor.modules" 1019
"../../../Engine/Plugins/Cameras/CameraShakePreviewer/Binaries/Win64/UnrealEditor.modules" 1020
"../../../Engine/Plugins/Developer/AnimationSharing/Binaries/Win64/UnrealEditor.modules" 1021
"../../../Engine/Plugins/Runtime/SignificanceManager/Binaries/Win64/UnrealEditor.modules" 1022
"../../../Engine/Plugins/Compression/OodleNetwork/Binaries/Win64/UnrealEditor.modules" 1023
"../../../Engine/Plugins/Developer/CLionSourceCodeAccess/Binaries/Win64/UnrealEditor.modules" 1024
"../../../Engine/Plugins/Developer/GitSourceControl/Binaries/Win64/UnrealEditor.modules" 1025
"../../../Engine/Plugins/Developer/DumpGPUServices/Binaries/Win64/UnrealEditor.modules" 1026
"../../../Engine/Plugins/Developer/GPUReshape/Binaries/Win64/UnrealEditor.modules" 1027
"../../../Engine/Plugins/Developer/N10XSourceCodeAccess/Binaries/Win64/UnrealEditor.modules" 1028
"../../../Engine/Plugins/Developer/PixWinPlugin/Binaries/Win64/UnrealEditor.modules" 1029
"../../../Engine/Plugins/Developer/PlasticSourceControl/Binaries/Win64/UnrealEditor.modules" 1030
"../../../Engine/Plugins/Developer/ProjectLauncher/Binaries/Win64/UnrealEditor.modules" 1031
"../../../Engine/Plugins/Developer/PluginUtils/Binaries/Win64/UnrealEditor.modules" 1032
"../../../Engine/Plugins/Developer/PerforceSourceControl/Binaries/Win64/UnrealEditor.modules" 1033
"../../../Engine/Plugins/Developer/PropertyAccessNode/Binaries/Win64/UnrealEditor.modules" 1034
"../../../Engine/Plugins/Developer/RenderDocPlugin/Binaries/Win64/UnrealEditor.modules" 1035
"../../../Engine/Plugins/Developer/SubversionSourceControl/Binaries/Win64/UnrealEditor.modules" 1036
"../../../Engine/Plugins/Developer/RiderSourceCodeAccess/Binaries/Win64/UnrealEditor.modules" 1037
"../../../Engine/Plugins/Developer/TextureFormatOodle/Binaries/Win64/UnrealEditor.modules" 1038
"../../../Engine/Plugins/Developer/VisualStudioCodeSourceCodeAccess/Binaries/Win64/UnrealEditor.modules" 1039
"../../../Engine/Plugins/Developer/UObjectPlugin/Binaries/Win64/UnrealEditor.modules" 1040
"../../../Engine/Plugins/Developer/VisualStudioSourceCodeAccess/Binaries/Win64/UnrealEditor.modules" 1041
"../../../Engine/Plugins/Editor/ChangelistReview/Binaries/Win64/UnrealEditor.modules" 1042
"../../../Engine/Plugins/Editor/BlueprintHeaderView/Binaries/Win64/UnrealEditor.modules" 1043
"../../../Engine/Plugins/Editor/ColorGrading/Binaries/Win64/UnrealEditor.modules" 1044
"../../../Engine/Plugins/Editor/ObjectMixer/ObjectMixer/Binaries/Win64/UnrealEditor.modules" 1045
"../../../Engine/Plugins/Editor/AssetManagerEditor/Binaries/Win64/UnrealEditor.modules" 1046
"../../../Engine/Plugins/Editor/CryptoKeys/Binaries/Win64/UnrealEditor.modules" 1047
"../../../Engine/Plugins/Editor/CurveEditorTools/Binaries/Win64/UnrealEditor.modules" 1048
"../../../Engine/Plugins/Editor/EditorDebugTools/Binaries/Win64/UnrealEditor.modules" 1049
"../../../Engine/Plugins/Editor/FacialAnimation/Binaries/Win64/UnrealEditor.modules" 1050
"../../../Engine/Plugins/Editor/GameplayTagsEditor/Binaries/Win64/UnrealEditor.modules" 1051
"../../../Engine/Plugins/Editor/GeometryMode/Binaries/Win64/UnrealEditor.modules" 1052
"../../../Engine/Plugins/Editor/MaterialAnalyzer/Binaries/Win64/UnrealEditor.modules" 1053
"../../../Engine/Plugins/Editor/MobileLauncherProfileWizard/Binaries/Win64/UnrealEditor.modules" 1054
"../../../Engine/Plugins/Editor/PluginBrowser/Binaries/Win64/UnrealEditor.modules" 1055
"../../../Engine/Plugins/Editor/SequencerAnimTools/Binaries/Win64/UnrealEditor.modules" 1056
"../../../Engine/Plugins/Editor/UMGWidgetPreview/Binaries/Win64/UnrealEditor.modules" 1057
"../../../Engine/Plugins/Editor/UVEditor/Binaries/Win64/UnrealEditor.modules" 1058
"../../../Engine/Plugins/Editor/SpeedTreeImporter/Binaries/Win64/UnrealEditor.modules" 1059
"../../../Engine/Plugins/Editor/WorldPartitionHLODUtilities/Binaries/Win64/UnrealEditor.modules" 1060
"../../../Engine/Plugins/Enterprise/DatasmithContent/Binaries/Win64/UnrealEditor.modules" 1061
"../../../Engine/Plugins/Experimental/AdvancedRenamer/Binaries/Win64/UnrealEditor.modules" 1062
"../../../Engine/Plugins/Experimental/AutomationUtils/Binaries/Win64/UnrealEditor.modules" 1063
"../../../Engine/Plugins/Experimental/BackChannel/Binaries/Win64/UnrealEditor.modules" 1064
"../../../Engine/Plugins/Experimental/ChaosEditor/Binaries/Win64/UnrealEditor.modules" 1065
"../../../Engine/Plugins/Experimental/GeometryCollectionPlugin/Binaries/Win64/UnrealEditor.modules" 1066
"../../../Engine/Plugins/Experimental/Fracture/Binaries/Win64/UnrealEditor.modules" 1067
"../../../Engine/Plugins/Experimental/ChaosSolverPlugin/Binaries/Win64/UnrealEditor.modules" 1068
"../../../Engine/Plugins/Experimental/GeometryDataflow/Binaries/Win64/UnrealEditor.modules" 1069
"../../../Engine/Plugins/Experimental/ChaosNiagara/Binaries/Win64/UnrealEditor.modules" 1070
"../../../Engine/Plugins/Enterprise/GLTFExporter/Binaries/Win64/UnrealEditor.modules" 1071
"../../../Engine/Plugins/Experimental/CharacterAI/Binaries/Win64/UnrealEditor.modules" 1072
"../../../Engine/Plugins/Experimental/ChaosUserDataPT/Binaries/Win64/UnrealEditor.modules" 1073
"../../../Engine/Plugins/Experimental/EditorTelemetry/Binaries/Win64/UnrealEditor.modules" 1074
"../../../Engine/Plugins/Experimental/EditorPerformance/Binaries/Win64/UnrealEditor.modules" 1075
"../../../Engine/Plugins/Experimental/GlobalConfigurationData/Binaries/Win64/UnrealEditor.modules" 1076
"../../../Engine/Plugins/Experimental/LevelSequenceNavigatorBridge/Binaries/Win64/UnrealEditor.modules" 1077
"../../../Engine/Plugins/Experimental/SequenceNavigator/Binaries/Win64/UnrealEditor.modules" 1078
"../../../Engine/Plugins/Experimental/LocalizableMessage/Binaries/Win64/UnrealEditor.modules" 1079
"../../../Engine/Plugins/Experimental/NFORDenoise/Binaries/Win64/UnrealEditor.modules" 1080
"../../../Engine/Plugins/Experimental/PlatformCrypto/Binaries/Win64/UnrealEditor.modules" 1081
"../../../Engine/Plugins/Experimental/RuntimeTelemetry/Binaries/Win64/UnrealEditor.modules" 1082
"../../../Engine/Plugins/Experimental/SkeletalReduction/Binaries/Win64/UnrealEditor.modules" 1083
"../../../Engine/Plugins/Importers/AlembicImporter/Binaries/Win64/UnrealEditor.modules" 1084
"../../../Engine/Plugins/Messaging/TcpMessaging/Binaries/Win64/UnrealEditor.modules" 1085
"../../../Engine/Plugins/MovieScene/ActorSequence/Binaries/Win64/UnrealEditor.modules" 1086
"../../../Engine/Plugins/Messaging/UdpMessaging/Binaries/Win64/UnrealEditor.modules" 1087
"../../../Engine/Plugins/MovieScene/SequenceValidator/Binaries/Win64/UnrealEditor.modules" 1088
"../../../Engine/Plugins/NNE/NNEDenoiser/Binaries/Win64/UnrealEditor.modules" 1089
"../../../Engine/Plugins/NNE/NNERuntimeORT/Binaries/Win64/UnrealEditor.modules" 1090
"../../../Engine/Plugins/Portal/LauncherChunkInstaller/Binaries/Win64/UnrealEditor.modules" 1091
"../../../Engine/Plugins/Tests/InterchangeTests/Binaries/Win64/UnrealEditor.modules" 1092
"../../../Engine/Plugins/Runtime/Windows/XInputDevice/Binaries/Win64/UnrealEditor.modules" 1093
"../../../Engine/Plugins/Editor/Localization/PortableObjectFileDataSource/Binaries/Win64/UnrealEditor.modules" 1094
"../../../Engine/Plugins/Editor/ContentBrowser/ContentBrowserClassDataSource/Binaries/Win64/UnrealEditor.modules" 1095
"../../../Engine/Plugins/Editor/ObjectMixer/LightMixer/Binaries/Win64/UnrealEditor.modules" 1096
"../../../Engine/Config/BaseSourceControlSettings.ini" 1097
"C:/Users/Stanislav/AppData/Local/UnrealEngine/5.7/Saved/Config/WindowsEditor/SourceControlSettings.ini" 1098
"C:/Users/Stanislav/Documents/Unreal Projects/RGO/Saved/Config/WindowsEditor/SourceControlSettings.ini" 1099
"../../../Engine/Content/Internationalization/icudt64l/coll/ucadata.icu" 1100
"../../../Engine/Content/Internationalization/icudt64l/coll/ru.res" 1101
"../../../Engine/Content/Internationalization/icudt64l/coll/root.res" 1102
"../../../Engine/Content/Certificates/ThirdParty/cacert.pem" 1103
"../../../Engine/Config/ConsoleVariables.ini" 1104
"../../../Engine/Binaries/Win64/Android/UnrealEditor.modules" 1105
"../../../Engine/Binaries/Win64/IOS/UnrealEditor.modules" 1106
"../../../Engine/Binaries/Win64/Linux/UnrealEditor.modules" 1107
"../../../Engine/Content/Localization/Editor/ru/Editor.locres" 1108
"../../../Engine/Content/Localization/Keywords/ru/Keywords.locres" 1109
"../../../Engine/Content/Localization/Category/ru/Category.locres" 1110
"../../../Engine/Content/Localization/ToolTips/ru/ToolTips.locres" 1111
"../../../Engine/Content/Localization/PropertyNames/ru/PropertyNames.locres" 1112
"../../../Engine/Content/Localization/Engine/ru/Engine.locres" 1113
"../../../Engine/Plugins/MetaHuman/MetaHumanSDK/Content/Localization/MetaHumanSDK/ru/MetaHumanSDK.locres" 1114
"../../../Engine/Plugins/MetaHuman/MetaHumanSDK/Content/Localization/MetaHumanSDK_Properties/ru/MetaHumanSDK_Properties.locres" 1115
"../../../Engine/Plugins/MetaHuman/MetaHumanSDK/Content/Localization/MetaHumanSDK_Tooltips/ru/MetaHumanSDK_Tooltips.locres" 1116
"../../../Engine/Plugins/Online/OnlineSubsystem/Content/Localization/OnlineSubsystem/ru/OnlineSubsystem.locres" 1117
"../../../Engine/Plugins/Online/OnlineSubsystemUtils/Content/Localization/OnlineSubsystemUtils/ru/OnlineSubsystemUtils.locres" 1118
"../../../Engine/Plugins/Online/Android/OnlineSubsystemGooglePlay/Content/Localization/OnlineSubsystemGooglePlay/ru/OnlineSubsystemGooglePlay.locres" 1119
"../../../Engine/Plugins/Online/IOS/OnlineSubsystemIOS/Content/Localization/OnlineSubsystemIOS/ru/OnlineSubsystemIOS.locres" 1120
"../../../Engine/Content/Internationalization/icudt64l/numberingSystems.res" 1121
"../../../Engine/Content/Internationalization/icudt64l/curr/supplementalData.res" 1122
"../../../Engine/Content/Internationalization/icudt64l/curr/ru.res" 1123
"../../../Engine/Content/Internationalization/icudt64l/curr/pool.res" 1124
"../../../Engine/Content/Internationalization/icudt64l/curr/root.res" 1125
"../../../Engine/Content/Internationalization/icudt64l/lang/af.res" 1126
"../../../Engine/Content/Internationalization/icudt64l/region/af.res" 1127
"../../../Engine/Content/Internationalization/icudt64l/lang/agq.res" 1128
"../../../Engine/Content/Internationalization/icudt64l/region/agq.res" 1129
"../../../Engine/Content/Internationalization/icudt64l/lang/ak.res" 1130
"../../../Engine/Content/Internationalization/icudt64l/region/ak.res" 1131
"../../../Engine/Content/Internationalization/icudt64l/lang/am.res" 1132
"../../../Engine/Content/Internationalization/icudt64l/region/am.res" 1133
"../../../Engine/Content/Internationalization/icudt64l/lang/ar.res" 1134
"../../../Engine/Content/Internationalization/icudt64l/region/ar.res" 1135
"../../../Engine/Content/Internationalization/icudt64l/region/ar_AE.res" 1136
"../../../Engine/Content/Internationalization/icudt64l/lang/ar_EG.res" 1137
"../../../Engine/Content/Internationalization/icudt64l/lang/ar_LY.res" 1138
"../../../Engine/Content/Internationalization/icudt64l/region/ar_LY.res" 1139
"../../../Engine/Content/Internationalization/icudt64l/lang/ar_SA.res" 1140
"../../../Engine/Content/Internationalization/icudt64l/region/ar_SA.res" 1141
"../../../Engine/Content/Internationalization/icudt64l/lang/as.res" 1142
"../../../Engine/Content/Internationalization/icudt64l/region/as.res" 1143
"../../../Engine/Content/Internationalization/icudt64l/lang/asa.res" 1144
"../../../Engine/Content/Internationalization/icudt64l/region/asa.res" 1145
"../../../Engine/Content/Internationalization/icudt64l/lang/ast.res" 1146
"../../../Engine/Content/Internationalization/icudt64l/region/ast.res" 1147
"../../../Engine/Content/Internationalization/icudt64l/lang/az.res" 1148
"../../../Engine/Content/Internationalization/icudt64l/lang/az_Cyrl.res" 1149
"../../../Engine/Content/Internationalization/icudt64l/lang/az_AZ.res" 1150
"../../../Engine/Content/Internationalization/icudt64l/lang/az_Latn_AZ.res" 1151
"../../../Engine/Content/Internationalization/icudt64l/lang/az_Latn.res" 1152
"../../../Engine/Content/Internationalization/icudt64l/region/az_AZ.res" 1153
"../../../Engine/Content/Internationalization/icudt64l/region/az_Latn_AZ.res" 1154
"../../../Engine/Content/Internationalization/icudt64l/region/az_Latn.res" 1155
"../../../Engine/Content/Internationalization/icudt64l/region/az.res" 1156
"../../../Engine/Content/Internationalization/icudt64l/region/az_Cyrl.res" 1157
"../../../Engine/Content/Internationalization/icudt64l/lang/bas.res" 1158
"../../../Engine/Content/Internationalization/icudt64l/region/bas.res" 1159
"../../../Engine/Content/Internationalization/icudt64l/lang/be.res" 1160
"../../../Engine/Content/Internationalization/icudt64l/region/be.res" 1161
"../../../Engine/Content/Internationalization/icudt64l/lang/bem.res" 1162
"../../../Engine/Content/Internationalization/icudt64l/region/bem.res" 1163
"../../../Engine/Content/Internationalization/icudt64l/lang/bez.res" 1164
"../../../Engine/Content/Internationalization/icudt64l/region/bez.res" 1165
"../../../Engine/Content/Internationalization/icudt64l/lang/bg.res" 1166
"../../../Engine/Content/Internationalization/icudt64l/region/bg.res" 1167
"../../../Engine/Content/Internationalization/icudt64l/lang/bm.res" 1168
"../../../Engine/Content/Internationalization/icudt64l/region/bm.res" 1169
"../../../Engine/Content/Internationalization/icudt64l/lang/bn.res" 1170
"../../../Engine/Content/Internationalization/icudt64l/region/bn.res" 1171
"../../../Engine/Content/Internationalization/icudt64l/lang/bn_IN.res" 1172
"../../../Engine/Content/Internationalization/icudt64l/region/bn_IN.res" 1173
"../../../Engine/Content/Internationalization/icudt64l/lang/bo.res" 1174
"../../../Engine/Content/Internationalization/icudt64l/region/bo.res" 1175
"../../../Engine/Content/Internationalization/icudt64l/region/bo_IN.res" 1176
"../../../Engine/Content/Internationalization/icudt64l/lang/br.res" 1177
"../../../Engine/Content/Internationalization/icudt64l/region/br.res" 1178
"../../../Engine/Content/Internationalization/icudt64l/lang/brx.res" 1179
"../../../Engine/Content/Internationalization/icudt64l/region/brx.res" 1180
"../../../Engine/Content/Internationalization/icudt64l/lang/bs.res" 1181
"../../../Engine/Content/Internationalization/icudt64l/lang/bs_Cyrl.res" 1182
"../../../Engine/Content/Internationalization/icudt64l/lang/bs_BA.res" 1183
"../../../Engine/Content/Internationalization/icudt64l/lang/bs_Latn_BA.res" 1184
"../../../Engine/Content/Internationalization/icudt64l/lang/bs_Latn.res" 1185
"../../../Engine/Content/Internationalization/icudt64l/region/bs_BA.res" 1186
"../../../Engine/Content/Internationalization/icudt64l/region/bs_Latn_BA.res" 1187
"../../../Engine/Content/Internationalization/icudt64l/region/bs_Latn.res" 1188
"../../../Engine/Content/Internationalization/icudt64l/region/bs.res" 1189
"../../../Engine/Content/Internationalization/icudt64l/region/bs_Cyrl.res" 1190
"../../../Engine/Content/Internationalization/icudt64l/lang/ca.res" 1191
"../../../Engine/Content/Internationalization/icudt64l/region/ca.res" 1192
"../../../Engine/Content/Internationalization/icudt64l/lang/ccp.res" 1193
"../../../Engine/Content/Internationalization/icudt64l/region/ccp.res" 1194
"../../../Engine/Content/Internationalization/icudt64l/lang/ce.res" 1195
"../../../Engine/Content/Internationalization/icudt64l/region/ce.res" 1196
"../../../Engine/Content/Internationalization/icudt64l/lang/ceb.res" 1197
"../../../Engine/Content/Internationalization/icudt64l/region/ceb.res" 1198
"../../../Engine/Content/Internationalization/icudt64l/lang/cgg.res" 1199
"../../../Engine/Content/Internationalization/icudt64l/region/cgg.res" 1200
"../../../Engine/Content/Internationalization/icudt64l/lang/chr.res" 1201
"../../../Engine/Content/Internationalization/icudt64l/region/chr.res" 1202
"../../../Engine/Content/Internationalization/icudt64l/lang/ckb.res" 1203
"../../../Engine/Content/Internationalization/icudt64l/region/ckb.res" 1204
"../../../Engine/Content/Internationalization/icudt64l/lang/cs.res" 1205
"../../../Engine/Content/Internationalization/icudt64l/region/cs.res" 1206
"../../../Engine/Content/Internationalization/icudt64l/lang/cy.res" 1207
"../../../Engine/Content/Internationalization/icudt64l/region/cy.res" 1208
"../../../Engine/Content/Internationalization/icudt64l/lang/da.res" 1209
"../../../Engine/Content/Internationalization/icudt64l/region/da.res" 1210
"../../../Engine/Content/Internationalization/icudt64l/lang/dav.res" 1211
"../../../Engine/Content/Internationalization/icudt64l/region/dav.res" 1212
"../../../Engine/Content/Internationalization/icudt64l/lang/de.res" 1213
"../../../Engine/Content/Internationalization/icudt64l/lang/de_AT.res" 1214
"../../../Engine/Content/Internationalization/icudt64l/region/de_AT.res" 1215
"../../../Engine/Content/Internationalization/icudt64l/region/de.res" 1216
"../../../Engine/Content/Internationalization/icudt64l/lang/de_CH.res" 1217
"../../../Engine/Content/Internationalization/icudt64l/region/de_CH.res" 1218
"../../../Engine/Content/Internationalization/icudt64l/lang/de_LU.res" 1219
"../../../Engine/Content/Internationalization/icudt64l/lang/dje.res" 1220
"../../../Engine/Content/Internationalization/icudt64l/region/dje.res" 1221
"../../../Engine/Content/Internationalization/icudt64l/lang/dsb.res" 1222
"../../../Engine/Content/Internationalization/icudt64l/region/dsb.res" 1223
"../../../Engine/Content/Internationalization/icudt64l/lang/dua.res" 1224
"../../../Engine/Content/Internationalization/icudt64l/region/dua.res" 1225
"../../../Engine/Content/Internationalization/icudt64l/lang/dyo.res" 1226
"../../../Engine/Content/Internationalization/icudt64l/region/dyo.res" 1227
"../../../Engine/Content/Internationalization/icudt64l/lang/dz.res" 1228
"../../../Engine/Content/Internationalization/icudt64l/region/dz.res" 1229
"../../../Engine/Content/Internationalization/icudt64l/lang/ebu.res" 1230
"../../../Engine/Content/Internationalization/icudt64l/region/ebu.res" 1231
"../../../Engine/Content/Internationalization/icudt64l/lang/ee.res" 1232
"../../../Engine/Content/Internationalization/icudt64l/region/ee.res" 1233
"../../../Engine/Content/Internationalization/icudt64l/lang/el.res" 1234
"../../../Engine/Content/Internationalization/icudt64l/region/el.res" 1235
"../../../Engine/Content/Internationalization/icudt64l/lang/en_001.res" 1236
"../../../Engine/Content/Internationalization/icudt64l/lang/en_150.res" 1237
"../../../Engine/Content/Internationalization/icudt64l/region/en_150.res" 1238
"../../../Engine/Content/Internationalization/icudt64l/lang/en_AG.res" 1239
"../../../Engine/Content/Internationalization/icudt64l/region/en_AG.res" 1240
"../../../Engine/Content/Internationalization/icudt64l/lang/en_AI.res" 1241
"../../../Engine/Content/Internationalization/icudt64l/region/en_AI.res" 1242
"../../../Engine/Content/Internationalization/icudt64l/lang/en_AT.res" 1243
"../../../Engine/Content/Internationalization/icudt64l/region/en_AT.res" 1244
"../../../Engine/Content/Internationalization/icudt64l/lang/en_AU.res" 1245
"../../../Engine/Content/Internationalization/icudt64l/region/en_AU.res" 1246
"../../../Engine/Content/Internationalization/icudt64l/lang/en_BB.res" 1247
"../../../Engine/Content/Internationalization/icudt64l/region/en_BB.res" 1248
"../../../Engine/Content/Internationalization/icudt64l/lang/en_BE.res" 1249
"../../../Engine/Content/Internationalization/icudt64l/region/en_BE.res" 1250
"../../../Engine/Content/Internationalization/icudt64l/lang/en_BM.res" 1251
"../../../Engine/Content/Internationalization/icudt64l/region/en_BM.res" 1252
"../../../Engine/Content/Internationalization/icudt64l/lang/en_BS.res" 1253
"../../../Engine/Content/Internationalization/icudt64l/region/en_BS.res" 1254
"../../../Engine/Content/Internationalization/icudt64l/lang/en_BW.res" 1255
"../../../Engine/Content/Internationalization/icudt64l/region/en_BW.res" 1256
"../../../Engine/Content/Internationalization/icudt64l/lang/en_BZ.res" 1257
"../../../Engine/Content/Internationalization/icudt64l/region/en_BZ.res" 1258
"../../../Engine/Content/Internationalization/icudt64l/lang/en_CA.res" 1259
"../../../Engine/Content/Internationalization/icudt64l/region/en_CA.res" 1260
"../../../Engine/Content/Internationalization/icudt64l/lang/en_CC.res" 1261
"../../../Engine/Content/Internationalization/icudt64l/region/en_CC.res" 1262
"../../../Engine/Content/Internationalization/icudt64l/lang/en_CH.res" 1263
"../../../Engine/Content/Internationalization/icudt64l/region/en_CH.res" 1264
"../../../Engine/Content/Internationalization/icudt64l/lang/en_CK.res" 1265
"../../../Engine/Content/Internationalization/icudt64l/region/en_CK.res" 1266
"../../../Engine/Content/Internationalization/icudt64l/lang/en_CM.res" 1267
"../../../Engine/Content/Internationalization/icudt64l/region/en_CM.res" 1268
"../../../Engine/Content/Internationalization/icudt64l/lang/en_CX.res" 1269
"../../../Engine/Content/Internationalization/icudt64l/region/en_CX.res" 1270
"../../../Engine/Content/Internationalization/icudt64l/lang/en_CY.res" 1271
"../../../Engine/Content/Internationalization/icudt64l/region/en_CY.res" 1272
"../../../Engine/Content/Internationalization/icudt64l/lang/en_DE.res" 1273
"../../../Engine/Content/Internationalization/icudt64l/region/en_DE.res" 1274
"../../../Engine/Content/Internationalization/icudt64l/lang/en_DG.res" 1275
"../../../Engine/Content/Internationalization/icudt64l/region/en_DG.res" 1276
"../../../Engine/Content/Internationalization/icudt64l/lang/en_DK.res" 1277
"../../../Engine/Content/Internationalization/icudt64l/region/en_DK.res" 1278
"../../../Engine/Content/Internationalization/icudt64l/lang/en_DM.res" 1279
"../../../Engine/Content/Internationalization/icudt64l/region/en_DM.res" 1280
"../../../Engine/Content/Internationalization/icudt64l/lang/en_ER.res" 1281
"../../../Engine/Content/Internationalization/icudt64l/region/en_ER.res" 1282
"../../../Engine/Content/Internationalization/icudt64l/lang/en_FI.res" 1283
"../../../Engine/Content/Internationalization/icudt64l/region/en_FI.res" 1284
"../../../Engine/Content/Internationalization/icudt64l/lang/en_FJ.res" 1285
"../../../Engine/Content/Internationalization/icudt64l/region/en_FJ.res" 1286
"../../../Engine/Content/Internationalization/icudt64l/lang/en_FK.res" 1287
"../../../Engine/Content/Internationalization/icudt64l/region/en_FK.res" 1288
"../../../Engine/Content/Internationalization/icudt64l/lang/en_FM.res" 1289
"../../../Engine/Content/Internationalization/icudt64l/region/en_FM.res" 1290
"../../../Engine/Content/Internationalization/icudt64l/lang/en_GB.res" 1291
"../../../Engine/Content/Internationalization/icudt64l/region/en_GB.res" 1292
"../../../Engine/Content/Internationalization/icudt64l/lang/en_GD.res" 1293
"../../../Engine/Content/Internationalization/icudt64l/region/en_GD.res" 1294
"../../../Engine/Content/Internationalization/icudt64l/lang/en_GG.res" 1295
"../../../Engine/Content/Internationalization/icudt64l/region/en_GG.res" 1296
"../../../Engine/Content/Internationalization/icudt64l/lang/en_GH.res" 1297
"../../../Engine/Content/Internationalization/icudt64l/region/en_GH.res" 1298
"../../../Engine/Content/Internationalization/icudt64l/lang/en_GI.res" 1299
"../../../Engine/Content/Internationalization/icudt64l/region/en_GI.res" 1300
"../../../Engine/Content/Internationalization/icudt64l/lang/en_GM.res" 1301
"../../../Engine/Content/Internationalization/icudt64l/region/en_GM.res" 1302
"../../../Engine/Content/Internationalization/icudt64l/lang/en_GY.res" 1303
"../../../Engine/Content/Internationalization/icudt64l/region/en_GY.res" 1304
"../../../Engine/Content/Internationalization/icudt64l/lang/en_HK.res" 1305
"../../../Engine/Content/Internationalization/icudt64l/region/en_HK.res" 1306
"../../../Engine/Content/Internationalization/icudt64l/lang/en_IE.res" 1307
"../../../Engine/Content/Internationalization/icudt64l/region/en_IE.res" 1308
"../../../Engine/Content/Internationalization/icudt64l/lang/en_IL.res" 1309
"../../../Engine/Content/Internationalization/icudt64l/region/en_IL.res" 1310
"../../../Engine/Content/Internationalization/icudt64l/lang/en_IM.res" 1311
"../../../Engine/Content/Internationalization/icudt64l/region/en_IM.res" 1312
"../../../Engine/Content/Internationalization/icudt64l/lang/en_IN.res" 1313
"../../../Engine/Content/Internationalization/icudt64l/region/en_IN.res" 1314
"../../../Engine/Content/Internationalization/icudt64l/lang/en_IO.res" 1315
"../../../Engine/Content/Internationalization/icudt64l/region/en_IO.res" 1316
"../../../Engine/Content/Internationalization/icudt64l/lang/en_JE.res" 1317
"../../../Engine/Content/Internationalization/icudt64l/region/en_JE.res" 1318
"../../../Engine/Content/Internationalization/icudt64l/lang/en_JM.res" 1319
"../../../Engine/Content/Internationalization/icudt64l/region/en_JM.res" 1320
"../../../Engine/Content/Internationalization/icudt64l/lang/en_KE.res" 1321
"../../../Engine/Content/Internationalization/icudt64l/region/en_KE.res" 1322
"../../../Engine/Content/Internationalization/icudt64l/lang/en_KI.res" 1323
"../../../Engine/Content/Internationalization/icudt64l/region/en_KI.res" 1324
"../../../Engine/Content/Internationalization/icudt64l/lang/en_KN.res" 1325
"../../../Engine/Content/Internationalization/icudt64l/region/en_KN.res" 1326
"../../../Engine/Content/Internationalization/icudt64l/lang/en_KY.res" 1327
"../../../Engine/Content/Internationalization/icudt64l/region/en_KY.res" 1328
"../../../Engine/Content/Internationalization/icudt64l/lang/en_LC.res" 1329
"../../../Engine/Content/Internationalization/icudt64l/region/en_LC.res" 1330
"../../../Engine/Content/Internationalization/icudt64l/lang/en_LR.res" 1331
"../../../Engine/Content/Internationalization/icudt64l/region/en_LR.res" 1332
"../../../Engine/Content/Internationalization/icudt64l/lang/en_LS.res" 1333
"../../../Engine/Content/Internationalization/icudt64l/region/en_LS.res" 1334
"../../../Engine/Content/Internationalization/icudt64l/lang/en_MG.res" 1335
"../../../Engine/Content/Internationalization/icudt64l/region/en_MG.res" 1336
"../../../Engine/Content/Internationalization/icudt64l/lang/en_MO.res" 1337
"../../../Engine/Content/Internationalization/icudt64l/region/en_MO.res" 1338
"../../../Engine/Content/Internationalization/icudt64l/lang/en_MS.res" 1339
"../../../Engine/Content/Internationalization/icudt64l/region/en_MS.res" 1340
"../../../Engine/Content/Internationalization/icudt64l/lang/en_MT.res" 1341
"../../../Engine/Content/Internationalization/icudt64l/region/en_MT.res" 1342
"../../../Engine/Content/Internationalization/icudt64l/lang/en_MU.res" 1343
"../../../Engine/Content/Internationalization/icudt64l/region/en_MU.res" 1344
"../../../Engine/Content/Internationalization/icudt64l/lang/en_MW.res" 1345
"../../../Engine/Content/Internationalization/icudt64l/region/en_MW.res" 1346
"../../../Engine/Content/Internationalization/icudt64l/lang/en_MY.res" 1347
"../../../Engine/Content/Internationalization/icudt64l/region/en_MY.res" 1348
"../../../Engine/Content/Internationalization/icudt64l/lang/en_NA.res" 1349
"../../../Engine/Content/Internationalization/icudt64l/region/en_NA.res" 1350
"../../../Engine/Content/Internationalization/icudt64l/lang/en_NF.res" 1351
"../../../Engine/Content/Internationalization/icudt64l/region/en_NF.res" 1352
"../../../Engine/Content/Internationalization/icudt64l/lang/en_NG.res" 1353
"../../../Engine/Content/Internationalization/icudt64l/region/en_NG.res" 1354
"../../../Engine/Content/Internationalization/icudt64l/lang/en_NL.res" 1355
"../../../Engine/Content/Internationalization/icudt64l/region/en_NL.res" 1356
"../../../Engine/Content/Internationalization/icudt64l/lang/en_NR.res" 1357
"../../../Engine/Content/Internationalization/icudt64l/region/en_NR.res" 1358
"../../../Engine/Content/Internationalization/icudt64l/lang/en_NU.res" 1359
"../../../Engine/Content/Internationalization/icudt64l/region/en_NU.res" 1360
"../../../Engine/Content/Internationalization/icudt64l/lang/en_NZ.res" 1361
"../../../Engine/Content/Internationalization/icudt64l/region/en_NZ.res" 1362
"../../../Engine/Content/Internationalization/icudt64l/lang/en_PG.res" 1363
"../../../Engine/Content/Internationalization/icudt64l/region/en_PG.res" 1364
"../../../Engine/Content/Internationalization/icudt64l/lang/en_PH.res" 1365
"../../../Engine/Content/Internationalization/icudt64l/region/en_PH.res" 1366
"../../../Engine/Content/Internationalization/icudt64l/lang/en_PK.res" 1367
"../../../Engine/Content/Internationalization/icudt64l/region/en_PK.res" 1368
"../../../Engine/Content/Internationalization/icudt64l/lang/en_PN.res" 1369
"../../../Engine/Content/Internationalization/icudt64l/region/en_PN.res" 1370
"../../../Engine/Content/Internationalization/icudt64l/lang/en_PW.res" 1371
"../../../Engine/Content/Internationalization/icudt64l/region/en_PW.res" 1372
"../../../Engine/Content/Internationalization/icudt64l/lang/en_RW.res" 1373
"../../../Engine/Content/Internationalization/icudt64l/region/en_RW.res" 1374
"../../../Engine/Content/Internationalization/icudt64l/lang/en_SB.res" 1375
"../../../Engine/Content/Internationalization/icudt64l/region/en_SB.res" 1376
"../../../Engine/Content/Internationalization/icudt64l/lang/en_SC.res" 1377
"../../../Engine/Content/Internationalization/icudt64l/region/en_SC.res" 1378
"../../../Engine/Content/Internationalization/icudt64l/lang/en_SD.res" 1379
"../../../Engine/Content/Internationalization/icudt64l/region/en_SD.res" 1380
"../../../Engine/Content/Internationalization/icudt64l/lang/en_SE.res" 1381
"../../../Engine/Content/Internationalization/icudt64l/region/en_SE.res" 1382
"../../../Engine/Content/Internationalization/icudt64l/lang/en_SG.res" 1383
"../../../Engine/Content/Internationalization/icudt64l/region/en_SG.res" 1384
"../../../Engine/Content/Internationalization/icudt64l/lang/en_SH.res" 1385
"../../../Engine/Content/Internationalization/icudt64l/region/en_SH.res" 1386
"../../../Engine/Content/Internationalization/icudt64l/lang/en_SI.res" 1387
"../../../Engine/Content/Internationalization/icudt64l/region/en_SI.res" 1388
"../../../Engine/Content/Internationalization/icudt64l/lang/en_SL.res" 1389
"../../../Engine/Content/Internationalization/icudt64l/region/en_SL.res" 1390
"../../../Engine/Content/Internationalization/icudt64l/lang/en_SS.res" 1391
"../../../Engine/Content/Internationalization/icudt64l/region/en_SS.res" 1392
"../../../Engine/Content/Internationalization/icudt64l/lang/en_SX.res" 1393
"../../../Engine/Content/Internationalization/icudt64l/region/en_SX.res" 1394
"../../../Engine/Content/Internationalization/icudt64l/lang/en_SZ.res" 1395
"../../../Engine/Content/Internationalization/icudt64l/region/en_SZ.res" 1396
"../../../Engine/Content/Internationalization/icudt64l/lang/en_TC.res" 1397
"../../../Engine/Content/Internationalization/icudt64l/region/en_TC.res" 1398
"../../../Engine/Content/Internationalization/icudt64l/lang/en_TK.res" 1399
"../../../Engine/Content/Internationalization/icudt64l/region/en_TK.res" 1400
"../../../Engine/Content/Internationalization/icudt64l/lang/en_TO.res" 1401
"../../../Engine/Content/Internationalization/icudt64l/region/en_TO.res" 1402
"../../../Engine/Content/Internationalization/icudt64l/lang/en_TT.res" 1403
"../../../Engine/Content/Internationalization/icudt64l/region/en_TT.res" 1404
"../../../Engine/Content/Internationalization/icudt64l/lang/en_TV.res" 1405
"../../../Engine/Content/Internationalization/icudt64l/region/en_TV.res" 1406
"../../../Engine/Content/Internationalization/icudt64l/lang/en_TZ.res" 1407
"../../../Engine/Content/Internationalization/icudt64l/region/en_TZ.res" 1408
"../../../Engine/Content/Internationalization/icudt64l/lang/en_UG.res" 1409
"../../../Engine/Content/Internationalization/icudt64l/region/en_UG.res" 1410
"../../../Engine/Content/Internationalization/icudt64l/lang/en_VC.res" 1411
"../../../Engine/Content/Internationalization/icudt64l/region/en_VC.res" 1412
"../../../Engine/Content/Internationalization/icudt64l/lang/en_VG.res" 1413
"../../../Engine/Content/Internationalization/icudt64l/region/en_VG.res" 1414
"../../../Engine/Content/Internationalization/icudt64l/lang/en_VU.res" 1415
"../../../Engine/Content/Internationalization/icudt64l/region/en_VU.res" 1416
"../../../Engine/Content/Internationalization/icudt64l/lang/en_WS.res" 1417
"../../../Engine/Content/Internationalization/icudt64l/region/en_WS.res" 1418
"../../../Engine/Content/Internationalization/icudt64l/lang/en_ZA.res" 1419
"../../../Engine/Content/Internationalization/icudt64l/region/en_ZA.res" 1420
"../../../Engine/Content/Internationalization/icudt64l/lang/en_ZM.res" 1421
"../../../Engine/Content/Internationalization/icudt64l/region/en_ZM.res" 1422
"../../../Engine/Content/Internationalization/icudt64l/lang/en_ZW.res" 1423
"../../../Engine/Content/Internationalization/icudt64l/region/en_ZW.res" 1424
"../../../Engine/Content/Internationalization/icudt64l/lang/eo.res" 1425
"../../../Engine/Content/Internationalization/icudt64l/region/eo.res" 1426
"../../../Engine/Content/Internationalization/icudt64l/lang/es.res" 1427
"../../../Engine/Content/Internationalization/icudt64l/lang/es_419.res" 1428
"../../../Engine/Content/Internationalization/icudt64l/region/es_419.res" 1429
"../../../Engine/Content/Internationalization/icudt64l/region/es.res" 1430
"../../../Engine/Content/Internationalization/icudt64l/lang/es_AR.res" 1431
"../../../Engine/Content/Internationalization/icudt64l/region/es_AR.res" 1432
"../../../Engine/Content/Internationalization/icudt64l/lang/es_BO.res" 1433
"../../../Engine/Content/Internationalization/icudt64l/region/es_BO.res" 1434
"../../../Engine/Content/Internationalization/icudt64l/lang/es_BR.res" 1435
"../../../Engine/Content/Internationalization/icudt64l/region/es_BR.res" 1436
"../../../Engine/Content/Internationalization/icudt64l/lang/es_BZ.res" 1437
"../../../Engine/Content/Internationalization/icudt64l/region/es_BZ.res" 1438
"../../../Engine/Content/Internationalization/icudt64l/lang/es_CL.res" 1439
"../../../Engine/Content/Internationalization/icudt64l/region/es_CL.res" 1440
"../../../Engine/Content/Internationalization/icudt64l/lang/es_CO.res" 1441
"../../../Engine/Content/Internationalization/icudt64l/region/es_CO.res" 1442
"../../../Engine/Content/Internationalization/icudt64l/lang/es_CR.res" 1443
"../../../Engine/Content/Internationalization/icudt64l/region/es_CR.res" 1444
"../../../Engine/Content/Internationalization/icudt64l/lang/es_CU.res" 1445
"../../../Engine/Content/Internationalization/icudt64l/region/es_CU.res" 1446
"../../../Engine/Content/Internationalization/icudt64l/lang/es_DO.res" 1447
"../../../Engine/Content/Internationalization/icudt64l/region/es_DO.res" 1448
"../../../Engine/Content/Internationalization/icudt64l/lang/es_EC.res" 1449
"../../../Engine/Content/Internationalization/icudt64l/region/es_EC.res" 1450
"../../../Engine/Content/Internationalization/icudt64l/lang/es_GT.res" 1451
"../../../Engine/Content/Internationalization/icudt64l/region/es_GT.res" 1452
"../../../Engine/Content/Internationalization/icudt64l/lang/es_HN.res" 1453
"../../../Engine/Content/Internationalization/icudt64l/region/es_HN.res" 1454
"../../../Engine/Content/Internationalization/icudt64l/lang/es_MX.res" 1455
"../../../Engine/Content/Internationalization/icudt64l/region/es_MX.res" 1456
"../../../Engine/Content/Internationalization/icudt64l/lang/es_NI.res" 1457
"../../../Engine/Content/Internationalization/icudt64l/region/es_NI.res" 1458
"../../../Engine/Content/Internationalization/icudt64l/lang/es_PA.res" 1459
"../../../Engine/Content/Internationalization/icudt64l/region/es_PA.res" 1460
"../../../Engine/Content/Internationalization/icudt64l/lang/es_PE.res" 1461
"../../../Engine/Content/Internationalization/icudt64l/region/es_PE.res" 1462
"../../../Engine/Content/Internationalization/icudt64l/lang/es_PR.res" 1463
"../../../Engine/Content/Internationalization/icudt64l/region/es_PR.res" 1464
"../../../Engine/Content/Internationalization/icudt64l/lang/es_PY.res" 1465
"../../../Engine/Content/Internationalization/icudt64l/region/es_PY.res" 1466
"../../../Engine/Content/Internationalization/icudt64l/lang/es_SV.res" 1467
"../../../Engine/Content/Internationalization/icudt64l/region/es_SV.res" 1468
"../../../Engine/Content/Internationalization/icudt64l/lang/es_US.res" 1469
"../../../Engine/Content/Internationalization/icudt64l/region/es_US.res" 1470
"../../../Engine/Content/Internationalization/icudt64l/lang/es_UY.res" 1471
"../../../Engine/Content/Internationalization/icudt64l/region/es_UY.res" 1472
"../../../Engine/Content/Internationalization/icudt64l/lang/es_VE.res" 1473
"../../../Engine/Content/Internationalization/icudt64l/region/es_VE.res" 1474
"../../../Engine/Content/Internationalization/icudt64l/lang/et.res" 1475
"../../../Engine/Content/Internationalization/icudt64l/region/et.res" 1476
"../../../Engine/Content/Internationalization/icudt64l/lang/eu.res" 1477
"../../../Engine/Content/Internationalization/icudt64l/region/eu.res" 1478
"../../../Engine/Content/Internationalization/icudt64l/lang/ewo.res" 1479
"../../../Engine/Content/Internationalization/icudt64l/region/ewo.res" 1480
"../../../Engine/Content/Internationalization/icudt64l/lang/fa.res" 1481
"../../../Engine/Content/Internationalization/icudt64l/lang/fa_AF.res" 1482
"../../../Engine/Content/Internationalization/icudt64l/region/fa_AF.res" 1483
"../../../Engine/Content/Internationalization/icudt64l/region/fa.res" 1484
"../../../Engine/Content/Internationalization/icudt64l/lang/ff.res" 1485
"../../../Engine/Content/Internationalization/icudt64l/lang/ff_Latn.res" 1486
"../../../Engine/Content/Internationalization/icudt64l/region/ff.res" 1487
"../../../Engine/Content/Internationalization/icudt64l/region/ff_Latn.res" 1488
"../../../Engine/Content/Internationalization/icudt64l/lang/ff_CM.res" 1489
"../../../Engine/Content/Internationalization/icudt64l/lang/ff_Latn_CM.res" 1490
"../../../Engine/Content/Internationalization/icudt64l/region/ff_CM.res" 1491
"../../../Engine/Content/Internationalization/icudt64l/region/ff_Latn_CM.res" 1492
"../../../Engine/Content/Internationalization/icudt64l/lang/ff_GN.res" 1493
"../../../Engine/Content/Internationalization/icudt64l/lang/ff_Latn_GN.res" 1494
"../../../Engine/Content/Internationalization/icudt64l/region/ff_GN.res" 1495
"../../../Engine/Content/Internationalization/icudt64l/region/ff_Latn_GN.res" 1496
"../../../Engine/Content/Internationalization/icudt64l/lang/ff_MR.res" 1497
"../../../Engine/Content/Internationalization/icudt64l/lang/ff_Latn_MR.res" 1498
"../../../Engine/Content/Internationalization/icudt64l/region/ff_MR.res" 1499
"../../../Engine/Content/Internationalization/icudt64l/region/ff_Latn_MR.res" 1500
"../../../Engine/Content/Internationalization/icudt64l/lang/ff_SN.res" 1501
"../../../Engine/Content/Internationalization/icudt64l/lang/ff_Latn_SN.res" 1502
"../../../Engine/Content/Internationalization/icudt64l/region/ff_SN.res" 1503
"../../../Engine/Content/Internationalization/icudt64l/region/ff_Latn_SN.res" 1504
"../../../Engine/Content/Internationalization/icudt64l/lang/fi.res" 1505
"../../../Engine/Content/Internationalization/icudt64l/region/fi.res" 1506
"../../../Engine/Content/Internationalization/icudt64l/lang/fil.res" 1507
"../../../Engine/Content/Internationalization/icudt64l/lang/fil_PH.res" 1508
"../../../Engine/Content/Internationalization/icudt64l/region/fil_PH.res" 1509
"../../../Engine/Content/Internationalization/icudt64l/region/fil.res" 1510
"../../../Engine/Content/Internationalization/icudt64l/lang/fo.res" 1511
"../../../Engine/Content/Internationalization/icudt64l/region/fo.res" 1512
"../../../Engine/Content/Internationalization/icudt64l/lang/fr.res" 1513
"../../../Engine/Content/Internationalization/icudt64l/lang/fr_BE.res" 1514
"../../../Engine/Content/Internationalization/icudt64l/region/fr_BE.res" 1515
"../../../Engine/Content/Internationalization/icudt64l/region/fr.res" 1516
"../../../Engine/Content/Internationalization/icudt64l/lang/fr_CA.res" 1517
"../../../Engine/Content/Internationalization/icudt64l/region/fr_CA.res" 1518
"../../../Engine/Content/Internationalization/icudt64l/lang/fr_CH.res" 1519
"../../../Engine/Content/Internationalization/icudt64l/lang/fur.res" 1520
"../../../Engine/Content/Internationalization/icudt64l/region/fur.res" 1521
"../../../Engine/Content/Internationalization/icudt64l/lang/fy.res" 1522
"../../../Engine/Content/Internationalization/icudt64l/region/fy.res" 1523
"../../../Engine/Content/Internationalization/icudt64l/lang/ga.res" 1524
"../../../Engine/Content/Internationalization/icudt64l/region/ga.res" 1525
"../../../Engine/Content/Internationalization/icudt64l/lang/gd.res" 1526
"../../../Engine/Content/Internationalization/icudt64l/region/gd.res" 1527
"../../../Engine/Content/Internationalization/icudt64l/lang/gl.res" 1528
"../../../Engine/Content/Internationalization/icudt64l/region/gl.res" 1529
"../../../Engine/Content/Internationalization/icudt64l/lang/gsw.res" 1530
"../../../Engine/Content/Internationalization/icudt64l/region/gsw.res" 1531
"../../../Engine/Content/Internationalization/icudt64l/lang/gu.res" 1532
"../../../Engine/Content/Internationalization/icudt64l/region/gu.res" 1533
"../../../Engine/Content/Internationalization/icudt64l/lang/guz.res" 1534
"../../../Engine/Content/Internationalization/icudt64l/region/guz.res" 1535
"../../../Engine/Content/Internationalization/icudt64l/lang/gv.res" 1536
"../../../Engine/Content/Internationalization/icudt64l/region/gv.res" 1537
"../../../Engine/Content/Internationalization/icudt64l/lang/ha.res" 1538
"../../../Engine/Content/Internationalization/icudt64l/region/ha.res" 1539
"../../../Engine/Content/Internationalization/icudt64l/lang/ha_NE.res" 1540
"../../../Engine/Content/Internationalization/icudt64l/region/ha_NE.res" 1541
"../../../Engine/Content/Internationalization/icudt64l/lang/haw.res" 1542
"../../../Engine/Content/Internationalization/icudt64l/region/haw.res" 1543
"../../../Engine/Content/Internationalization/icudt64l/lang/he.res" 1544
"../../../Engine/Content/Internationalization/icudt64l/lang/he_IL.res" 1545
"../../../Engine/Content/Internationalization/icudt64l/region/he_IL.res" 1546
"../../../Engine/Content/Internationalization/icudt64l/region/he.res" 1547
"../../../Engine/Content/Internationalization/icudt64l/lang/hi.res" 1548
"../../../Engine/Content/Internationalization/icudt64l/region/hi.res" 1549
"../../../Engine/Content/Internationalization/icudt64l/lang/hr.res" 1550
"../../../Engine/Content/Internationalization/icudt64l/region/hr.res" 1551
"../../../Engine/Content/Internationalization/icudt64l/lang/hsb.res" 1552
"../../../Engine/Content/Internationalization/icudt64l/region/hsb.res" 1553
"../../../Engine/Content/Internationalization/icudt64l/lang/hu.res" 1554
"../../../Engine/Content/Internationalization/icudt64l/region/hu.res" 1555
"../../../Engine/Content/Internationalization/icudt64l/lang/hy.res" 1556
"../../../Engine/Content/Internationalization/icudt64l/region/hy.res" 1557
"../../../Engine/Content/Internationalization/icudt64l/lang/ia.res" 1558
"../../../Engine/Content/Internationalization/icudt64l/region/ia.res" 1559
"../../../Engine/Content/Internationalization/icudt64l/lang/id.res" 1560
"../../../Engine/Content/Internationalization/icudt64l/lang/id_ID.res" 1561
"../../../Engine/Content/Internationalization/icudt64l/region/id_ID.res" 1562
"../../../Engine/Content/Internationalization/icudt64l/region/id.res" 1563
"../../../Engine/Content/Internationalization/icudt64l/lang/ig.res" 1564
"../../../Engine/Content/Internationalization/icudt64l/region/ig.res" 1565
"../../../Engine/Content/Internationalization/icudt64l/lang/ii.res" 1566
"../../../Engine/Content/Internationalization/icudt64l/region/ii.res" 1567
"../../../Engine/Content/Internationalization/icudt64l/lang/is.res" 1568
"../../../Engine/Content/Internationalization/icudt64l/region/is.res" 1569
"../../../Engine/Content/Internationalization/icudt64l/lang/it.res" 1570
"../../../Engine/Content/Internationalization/icudt64l/region/it.res" 1571
"../../../Engine/Content/Internationalization/icudt64l/lang/ja.res" 1572
"../../../Engine/Content/Internationalization/icudt64l/lang/ja_JP.res" 1573
"../../../Engine/Content/Internationalization/icudt64l/region/ja_JP.res" 1574
"../../../Engine/Content/Internationalization/icudt64l/region/ja.res" 1575
"../../../Engine/Content/Internationalization/icudt64l/lang/jgo.res" 1576
"../../../Engine/Content/Internationalization/icudt64l/region/jgo.res" 1577
"../../../Engine/Content/Internationalization/icudt64l/lang/jmc.res" 1578
"../../../Engine/Content/Internationalization/icudt64l/region/jmc.res" 1579
"../../../Engine/Content/Internationalization/icudt64l/lang/jv.res" 1580
"../../../Engine/Content/Internationalization/icudt64l/region/jv.res" 1581
"../../../Engine/Content/Internationalization/icudt64l/lang/ka.res" 1582
"../../../Engine/Content/Internationalization/icudt64l/region/ka.res" 1583
"../../../Engine/Content/Internationalization/icudt64l/lang/kab.res" 1584
"../../../Engine/Content/Internationalization/icudt64l/region/kab.res" 1585
"../../../Engine/Content/Internationalization/icudt64l/lang/kam.res" 1586
"../../../Engine/Content/Internationalization/icudt64l/region/kam.res" 1587
"../../../Engine/Content/Internationalization/icudt64l/lang/kde.res" 1588
"../../../Engine/Content/Internationalization/icudt64l/region/kde.res" 1589
"../../../Engine/Content/Internationalization/icudt64l/lang/kea.res" 1590
"../../../Engine/Content/Internationalization/icudt64l/region/kea.res" 1591
"../../../Engine/Content/Internationalization/icudt64l/lang/khq.res" 1592
"../../../Engine/Content/Internationalization/icudt64l/region/khq.res" 1593
"../../../Engine/Content/Internationalization/icudt64l/lang/ki.res" 1594
"../../../Engine/Content/Internationalization/icudt64l/region/ki.res" 1595
"../../../Engine/Content/Internationalization/icudt64l/lang/kk.res" 1596
"../../../Engine/Content/Internationalization/icudt64l/region/kk.res" 1597
"../../../Engine/Content/Internationalization/icudt64l/lang/kkj.res" 1598
"../../../Engine/Content/Internationalization/icudt64l/region/kkj.res" 1599
"../../../Engine/Content/Internationalization/icudt64l/lang/kl.res" 1600
"../../../Engine/Content/Internationalization/icudt64l/region/kl.res" 1601
"../../../Engine/Content/Internationalization/icudt64l/lang/kln.res" 1602
"../../../Engine/Content/Internationalization/icudt64l/region/kln.res" 1603
"../../../Engine/Content/Internationalization/icudt64l/lang/km.res" 1604
"../../../Engine/Content/Internationalization/icudt64l/region/km.res" 1605
"../../../Engine/Content/Internationalization/icudt64l/lang/kn.res" 1606
"../../../Engine/Content/Internationalization/icudt64l/region/kn.res" 1607
"../../../Engine/Content/Internationalization/icudt64l/lang/ko.res" 1608
"../../../Engine/Content/Internationalization/icudt64l/region/ko_KP.res" 1609
"../../../Engine/Content/Internationalization/icudt64l/region/ko.res" 1610
"../../../Engine/Content/Internationalization/icudt64l/lang/kok.res" 1611
"../../../Engine/Content/Internationalization/icudt64l/region/kok.res" 1612
"../../../Engine/Content/Internationalization/icudt64l/lang/ks.res" 1613
"../../../Engine/Content/Internationalization/icudt64l/region/ks.res" 1614
"../../../Engine/Content/Internationalization/icudt64l/lang/ksb.res" 1615
"../../../Engine/Content/Internationalization/icudt64l/region/ksb.res" 1616
"../../../Engine/Content/Internationalization/icudt64l/lang/ksf.res" 1617
"../../../Engine/Content/Internationalization/icudt64l/region/ksf.res" 1618
"../../../Engine/Content/Internationalization/icudt64l/lang/ksh.res" 1619
"../../../Engine/Content/Internationalization/icudt64l/region/ksh.res" 1620
"../../../Engine/Content/Internationalization/icudt64l/lang/ku.res" 1621
"../../../Engine/Content/Internationalization/icudt64l/region/ku.res" 1622
"../../../Engine/Content/Internationalization/icudt64l/lang/kw.res" 1623
"../../../Engine/Content/Internationalization/icudt64l/region/kw.res" 1624
"../../../Engine/Content/Internationalization/icudt64l/lang/ky.res" 1625
"../../../Engine/Content/Internationalization/icudt64l/region/ky.res" 1626
"../../../Engine/Content/Internationalization/icudt64l/lang/lag.res" 1627
"../../../Engine/Content/Internationalization/icudt64l/region/lag.res" 1628
"../../../Engine/Content/Internationalization/icudt64l/lang/lb.res" 1629
"../../../Engine/Content/Internationalization/icudt64l/region/lb.res" 1630
"../../../Engine/Content/Internationalization/icudt64l/lang/lg.res" 1631
"../../../Engine/Content/Internationalization/icudt64l/region/lg.res" 1632
"../../../Engine/Content/Internationalization/icudt64l/lang/lkt.res" 1633
"../../../Engine/Content/Internationalization/icudt64l/region/lkt.res" 1634
"../../../Engine/Content/Internationalization/icudt64l/lang/ln.res" 1635
"../../../Engine/Content/Internationalization/icudt64l/region/ln.res" 1636
"../../../Engine/Content/Internationalization/icudt64l/lang/lo.res" 1637
"../../../Engine/Content/Internationalization/icudt64l/region/lo.res" 1638
"../../../Engine/Content/Internationalization/icudt64l/lang/lrc.res" 1639
"../../../Engine/Content/Internationalization/icudt64l/region/lrc.res" 1640
"../../../Engine/Content/Internationalization/icudt64l/lang/lt.res" 1641
"../../../Engine/Content/Internationalization/icudt64l/region/lt.res" 1642
"../../../Engine/Content/Internationalization/icudt64l/lang/lu.res" 1643
"../../../Engine/Content/Internationalization/icudt64l/region/lu.res" 1644
"../../../Engine/Content/Internationalization/icudt64l/lang/luo.res" 1645
"../../../Engine/Content/Internationalization/icudt64l/region/luo.res" 1646
"../../../Engine/Content/Internationalization/icudt64l/lang/luy.res" 1647
"../../../Engine/Content/Internationalization/icudt64l/region/luy.res" 1648
"../../../Engine/Content/Internationalization/icudt64l/lang/lv.res" 1649
"../../../Engine/Content/Internationalization/icudt64l/region/lv.res" 1650
"../../../Engine/Content/Internationalization/icudt64l/lang/mas.res" 1651
"../../../Engine/Content/Internationalization/icudt64l/region/mas.res" 1652
"../../../Engine/Content/Internationalization/icudt64l/lang/mer.res" 1653
"../../../Engine/Content/Internationalization/icudt64l/region/mer.res" 1654
"../../../Engine/Content/Internationalization/icudt64l/lang/mfe.res" 1655
"../../../Engine/Content/Internationalization/icudt64l/region/mfe.res" 1656
"../../../Engine/Content/Internationalization/icudt64l/lang/mg.res" 1657
"../../../Engine/Content/Internationalization/icudt64l/region/mg.res" 1658
"../../../Engine/Content/Internationalization/icudt64l/lang/mgh.res" 1659
"../../../Engine/Content/Internationalization/icudt64l/region/mgh.res" 1660
"../../../Engine/Content/Internationalization/icudt64l/lang/mgo.res" 1661
"../../../Engine/Content/Internationalization/icudt64l/region/mgo.res" 1662
"../../../Engine/Content/Internationalization/icudt64l/lang/mi.res" 1663
"../../../Engine/Content/Internationalization/icudt64l/region/mi.res" 1664
"../../../Engine/Content/Internationalization/icudt64l/lang/mk.res" 1665
"../../../Engine/Content/Internationalization/icudt64l/region/mk.res" 1666
"../../../Engine/Content/Internationalization/icudt64l/lang/ml.res" 1667
"../../../Engine/Content/Internationalization/icudt64l/region/ml.res" 1668
"../../../Engine/Content/Internationalization/icudt64l/lang/mn.res" 1669
"../../../Engine/Content/Internationalization/icudt64l/region/mn.res" 1670
"../../../Engine/Content/Internationalization/icudt64l/lang/mr.res" 1671
"../../../Engine/Content/Internationalization/icudt64l/region/mr.res" 1672
"../../../Engine/Content/Internationalization/icudt64l/lang/ms.res" 1673
"../../../Engine/Content/Internationalization/icudt64l/region/ms.res" 1674
"../../../Engine/Content/Internationalization/icudt64l/lang/mt.res" 1675
"../../../Engine/Content/Internationalization/icudt64l/region/mt.res" 1676
"../../../Engine/Content/Internationalization/icudt64l/lang/mua.res" 1677
"../../../Engine/Content/Internationalization/icudt64l/region/mua.res" 1678
"../../../Engine/Content/Internationalization/icudt64l/lang/my.res" 1679
"../../../Engine/Content/Internationalization/icudt64l/region/my.res" 1680
"../../../Engine/Content/Internationalization/icudt64l/lang/mzn.res" 1681
"../../../Engine/Content/Internationalization/icudt64l/region/mzn.res" 1682
"../../../Engine/Content/Internationalization/icudt64l/lang/naq.res" 1683
"../../../Engine/Content/Internationalization/icudt64l/region/naq.res" 1684
"../../../Engine/Content/Internationalization/icudt64l/lang/nb.res" 1685
"../../../Engine/Content/Internationalization/icudt64l/lang/nb_NO.res" 1686
"../../../Engine/Content/Internationalization/icudt64l/region/nb_NO.res" 1687
"../../../Engine/Content/Internationalization/icudt64l/region/nb.res" 1688
"../../../Engine/Content/Internationalization/icudt64l/lang/nd.res" 1689
"../../../Engine/Content/Internationalization/icudt64l/region/nd.res" 1690
"../../../Engine/Content/Internationalization/icudt64l/lang/nds.res" 1691
"../../../Engine/Content/Internationalization/icudt64l/region/nds.res" 1692
"../../../Engine/Content/Internationalization/icudt64l/lang/ne.res" 1693
"../../../Engine/Content/Internationalization/icudt64l/region/ne.res" 1694
"../../../Engine/Content/Internationalization/icudt64l/lang/nl.res" 1695
"../../../Engine/Content/Internationalization/icudt64l/region/nl.res" 1696
"../../../Engine/Content/Internationalization/icudt64l/lang/nmg.res" 1697
"../../../Engine/Content/Internationalization/icudt64l/region/nmg.res" 1698
"../../../Engine/Content/Internationalization/icudt64l/lang/nn.res" 1699
"../../../Engine/Content/Internationalization/icudt64l/lang/nn_NO.res" 1700
"../../../Engine/Content/Internationalization/icudt64l/region/nn_NO.res" 1701
"../../../Engine/Content/Internationalization/icudt64l/region/nn.res" 1702
"../../../Engine/Content/Internationalization/icudt64l/lang/nnh.res" 1703
"../../../Engine/Content/Internationalization/icudt64l/region/nnh.res" 1704
"../../../Engine/Content/Internationalization/icudt64l/lang/nus.res" 1705
"../../../Engine/Content/Internationalization/icudt64l/region/nus.res" 1706
"../../../Engine/Content/Internationalization/icudt64l/lang/nyn.res" 1707
"../../../Engine/Content/Internationalization/icudt64l/region/nyn.res" 1708
"../../../Engine/Content/Internationalization/icudt64l/lang/om.res" 1709
"../../../Engine/Content/Internationalization/icudt64l/region/om.res" 1710
"../../../Engine/Content/Internationalization/icudt64l/lang/or.res" 1711
"../../../Engine/Content/Internationalization/icudt64l/region/or.res" 1712
"../../../Engine/Content/Internationalization/icudt64l/lang/os.res" 1713
"../../../Engine/Content/Internationalization/icudt64l/region/os.res" 1714
"../../../Engine/Content/Internationalization/icudt64l/lang/pa.res" 1715
"../../../Engine/Content/Internationalization/icudt64l/lang/pa_Arab.res" 1716
"../../../Engine/Content/Internationalization/icudt64l/lang/pa_PK.res" 1717
"../../../Engine/Content/Internationalization/icudt64l/lang/pa_Arab_PK.res" 1718
"../../../Engine/Content/Internationalization/icudt64l/region/pa_PK.res" 1719
"../../../Engine/Content/Internationalization/icudt64l/region/pa_Arab_PK.res" 1720
"../../../Engine/Content/Internationalization/icudt64l/region/pa_Arab.res" 1721
"../../../Engine/Content/Internationalization/icudt64l/lang/pa_Guru.res" 1722
"../../../Engine/Content/Internationalization/icudt64l/lang/pa_IN.res" 1723
"../../../Engine/Content/Internationalization/icudt64l/lang/pa_Guru_IN.res" 1724
"../../../Engine/Content/Internationalization/icudt64l/region/pa_IN.res" 1725
"../../../Engine/Content/Internationalization/icudt64l/region/pa_Guru_IN.res" 1726
"../../../Engine/Content/Internationalization/icudt64l/region/pa_Guru.res" 1727
"../../../Engine/Content/Internationalization/icudt64l/region/pa.res" 1728
"../../../Engine/Content/Internationalization/icudt64l/lang/pl.res" 1729
"../../../Engine/Content/Internationalization/icudt64l/region/pl.res" 1730
"../../../Engine/Content/Internationalization/icudt64l/lang/ps.res" 1731
"../../../Engine/Content/Internationalization/icudt64l/region/ps.res" 1732
"../../../Engine/Content/Internationalization/icudt64l/lang/ps_PK.res" 1733
"../../../Engine/Content/Internationalization/icudt64l/region/ps_PK.res" 1734
"../../../Engine/Content/Internationalization/icudt64l/lang/pt.res" 1735
"../../../Engine/Content/Internationalization/icudt64l/lang/pt_AO.res" 1736
"../../../Engine/Content/Internationalization/icudt64l/lang/pt_PT.res" 1737
"../../../Engine/Content/Internationalization/icudt64l/region/pt_AO.res" 1738
"../../../Engine/Content/Internationalization/icudt64l/region/pt_PT.res" 1739
"../../../Engine/Content/Internationalization/icudt64l/region/pt.res" 1740
"../../../Engine/Content/Internationalization/icudt64l/lang/pt_CH.res" 1741
"../../../Engine/Content/Internationalization/icudt64l/region/pt_CH.res" 1742
"../../../Engine/Content/Internationalization/icudt64l/lang/pt_CV.res" 1743
"../../../Engine/Content/Internationalization/icudt64l/region/pt_CV.res" 1744
"../../../Engine/Content/Internationalization/icudt64l/lang/pt_GQ.res" 1745
"../../../Engine/Content/Internationalization/icudt64l/region/pt_GQ.res" 1746
"../../../Engine/Content/Internationalization/icudt64l/lang/pt_GW.res" 1747
"../../../Engine/Content/Internationalization/icudt64l/region/pt_GW.res" 1748
"../../../Engine/Content/Internationalization/icudt64l/lang/pt_LU.res" 1749
"../../../Engine/Content/Internationalization/icudt64l/region/pt_LU.res" 1750
"../../../Engine/Content/Internationalization/icudt64l/lang/pt_MO.res" 1751
"../../../Engine/Content/Internationalization/icudt64l/region/pt_MO.res" 1752
"../../../Engine/Content/Internationalization/icudt64l/lang/pt_MZ.res" 1753
"../../../Engine/Content/Internationalization/icudt64l/region/pt_MZ.res" 1754
"../../../Engine/Content/Internationalization/icudt64l/lang/pt_ST.res" 1755
"../../../Engine/Content/Internationalization/icudt64l/region/pt_ST.res" 1756
"../../../Engine/Content/Internationalization/icudt64l/lang/pt_TL.res" 1757
"../../../Engine/Content/Internationalization/icudt64l/region/pt_TL.res" 1758
"../../../Engine/Content/Internationalization/icudt64l/lang/qu.res" 1759
"../../../Engine/Content/Internationalization/icudt64l/region/qu.res" 1760
"../../../Engine/Content/Internationalization/icudt64l/lang/rm.res" 1761
"../../../Engine/Content/Internationalization/icudt64l/region/rm.res" 1762
"../../../Engine/Content/Internationalization/icudt64l/lang/rn.res" 1763
"../../../Engine/Content/Internationalization/icudt64l/region/rn.res" 1764
"../../../Engine/Content/Internationalization/icudt64l/lang/ro.res" 1765
"../../../Engine/Content/Internationalization/icudt64l/lang/ro_MD.res" 1766
"../../../Engine/Content/Internationalization/icudt64l/region/ro_MD.res" 1767
"../../../Engine/Content/Internationalization/icudt64l/region/ro.res" 1768
"../../../Engine/Content/Internationalization/icudt64l/lang/rof.res" 1769
"../../../Engine/Content/Internationalization/icudt64l/region/rof.res" 1770
"../../../Engine/Content/Internationalization/icudt64l/region/ru_UA.res" 1771
"../../../Engine/Content/Internationalization/icudt64l/lang/rw.res" 1772
"../../../Engine/Content/Internationalization/icudt64l/region/rw.res" 1773
"../../../Engine/Content/Internationalization/icudt64l/lang/rwk.res" 1774
"../../../Engine/Content/Internationalization/icudt64l/region/rwk.res" 1775
"../../../Engine/Content/Internationalization/icudt64l/lang/sah.res" 1776
"../../../Engine/Content/Internationalization/icudt64l/region/sah.res" 1777
"../../../Engine/Content/Internationalization/icudt64l/lang/saq.res" 1778
"../../../Engine/Content/Internationalization/icudt64l/region/saq.res" 1779
"../../../Engine/Content/Internationalization/icudt64l/lang/sbp.res" 1780
"../../../Engine/Content/Internationalization/icudt64l/region/sbp.res" 1781
"../../../Engine/Content/Internationalization/icudt64l/lang/sd.res" 1782
"../../../Engine/Content/Internationalization/icudt64l/region/sd.res" 1783
"../../../Engine/Content/Internationalization/icudt64l/lang/se.res" 1784
"../../../Engine/Content/Internationalization/icudt64l/lang/se_FI.res" 1785
"../../../Engine/Content/Internationalization/icudt64l/region/se_FI.res" 1786
"../../../Engine/Content/Internationalization/icudt64l/region/se.res" 1787
"../../../Engine/Content/Internationalization/icudt64l/lang/seh.res" 1788
"../../../Engine/Content/Internationalization/icudt64l/region/seh.res" 1789
"../../../Engine/Content/Internationalization/icudt64l/lang/ses.res" 1790
"../../../Engine/Content/Internationalization/icudt64l/region/ses.res" 1791
"../../../Engine/Content/Internationalization/icudt64l/lang/sg.res" 1792
"../../../Engine/Content/Internationalization/icudt64l/region/sg.res" 1793
"../../../Engine/Content/Internationalization/icudt64l/lang/shi.res" 1794
"../../../Engine/Content/Internationalization/icudt64l/lang/shi_Latn.res" 1795
"../../../Engine/Content/Internationalization/icudt64l/lang/shi_MA.res" 1796
"../../../Engine/Content/Internationalization/icudt64l/lang/shi_Tfng_MA.res" 1797
"../../../Engine/Content/Internationalization/icudt64l/lang/shi_Tfng.res" 1798
"../../../Engine/Content/Internationalization/icudt64l/region/shi_MA.res" 1799
"../../../Engine/Content/Internationalization/icudt64l/region/shi_Tfng_MA.res" 1800
"../../../Engine/Content/Internationalization/icudt64l/region/shi_Tfng.res" 1801
"../../../Engine/Content/Internationalization/icudt64l/region/shi.res" 1802
"../../../Engine/Content/Internationalization/icudt64l/region/shi_Latn.res" 1803
"../../../Engine/Content/Internationalization/icudt64l/lang/si.res" 1804
"../../../Engine/Content/Internationalization/icudt64l/region/si.res" 1805
"../../../Engine/Content/Internationalization/icudt64l/lang/sk.res" 1806
"../../../Engine/Content/Internationalization/icudt64l/region/sk.res" 1807
"../../../Engine/Content/Internationalization/icudt64l/lang/sl.res" 1808
"../../../Engine/Content/Internationalization/icudt64l/region/sl.res" 1809
"../../../Engine/Content/Internationalization/icudt64l/lang/smn.res" 1810
"../../../Engine/Content/Internationalization/icudt64l/region/smn.res" 1811
"../../../Engine/Content/Internationalization/icudt64l/lang/sn.res" 1812
"../../../Engine/Content/Internationalization/icudt64l/region/sn.res" 1813
"../../../Engine/Content/Internationalization/icudt64l/lang/so.res" 1814
"../../../Engine/Content/Internationalization/icudt64l/region/so.res" 1815
"../../../Engine/Content/Internationalization/icudt64l/lang/sq.res" 1816
"../../../Engine/Content/Internationalization/icudt64l/region/sq.res" 1817
"../../../Engine/Content/Internationalization/icudt64l/lang/sr.res" 1818
"../../../Engine/Content/Internationalization/icudt64l/lang/sr_Cyrl.res" 1819
"../../../Engine/Content/Internationalization/icudt64l/lang/sr_BA.res" 1820
"../../../Engine/Content/Internationalization/icudt64l/lang/sr_Cyrl_BA.res" 1821
"../../../Engine/Content/Internationalization/icudt64l/region/sr_BA.res" 1822
"../../../Engine/Content/Internationalization/icudt64l/region/sr_Cyrl_BA.res" 1823
"../../../Engine/Content/Internationalization/icudt64l/region/sr_Cyrl.res" 1824
"../../../Engine/Content/Internationalization/icudt64l/region/sr.res" 1825
"../../../Engine/Content/Internationalization/icudt64l/lang/sr_ME.res" 1826
"../../../Engine/Content/Internationalization/icudt64l/lang/sr_Latn_ME.res" 1827
"../../../Engine/Content/Internationalization/icudt64l/lang/sr_Latn.res" 1828
"../../../Engine/Content/Internationalization/icudt64l/region/sr_ME.res" 1829
"../../../Engine/Content/Internationalization/icudt64l/region/sr_Latn_ME.res" 1830
"../../../Engine/Content/Internationalization/icudt64l/region/sr_Latn.res" 1831
"../../../Engine/Content/Internationalization/icudt64l/lang/sr_Cyrl_ME.res" 1832
"../../../Engine/Content/Internationalization/icudt64l/region/sr_Cyrl_ME.res" 1833
"../../../Engine/Content/Internationalization/icudt64l/lang/sr_RS.res" 1834
"../../../Engine/Content/Internationalization/icudt64l/lang/sr_Cyrl_RS.res" 1835
"../../../Engine/Content/Internationalization/icudt64l/region/sr_RS.res" 1836
"../../../Engine/Content/Internationalization/icudt64l/region/sr_Cyrl_RS.res" 1837
"../../../Engine/Content/Internationalization/icudt64l/lang/sr_XK.res" 1838
"../../../Engine/Content/Internationalization/icudt64l/lang/sr_Cyrl_XK.res" 1839
"../../../Engine/Content/Internationalization/icudt64l/region/sr_XK.res" 1840
"../../../Engine/Content/Internationalization/icudt64l/region/sr_Cyrl_XK.res" 1841
"../../../Engine/Content/Internationalization/icudt64l/lang/sr_Latn_BA.res" 1842
"../../../Engine/Content/Internationalization/icudt64l/region/sr_Latn_BA.res" 1843
"../../../Engine/Content/Internationalization/icudt64l/lang/sr_Latn_RS.res" 1844
"../../../Engine/Content/Internationalization/icudt64l/region/sr_Latn_RS.res" 1845
"../../../Engine/Content/Internationalization/icudt64l/lang/sr_Latn_XK.res" 1846
"../../../Engine/Content/Internationalization/icudt64l/region/sr_Latn_XK.res" 1847
"../../../Engine/Content/Internationalization/icudt64l/lang/sv.res" 1848
"../../../Engine/Content/Internationalization/icudt64l/region/sv.res" 1849
"../../../Engine/Content/Internationalization/icudt64l/lang/sv_FI.res" 1850
"../../../Engine/Content/Internationalization/icudt64l/lang/sw.res" 1851
"../../../Engine/Content/Internationalization/icudt64l/lang/sw_CD.res" 1852
"../../../Engine/Content/Internationalization/icudt64l/region/sw_CD.res" 1853
"../../../Engine/Content/Internationalization/icudt64l/region/sw.res" 1854
"../../../Engine/Content/Internationalization/icudt64l/lang/sw_KE.res" 1855
"../../../Engine/Content/Internationalization/icudt64l/region/sw_KE.res" 1856
"../../../Engine/Content/Internationalization/icudt64l/lang/ta.res" 1857
"../../../Engine/Content/Internationalization/icudt64l/region/ta.res" 1858
"../../../Engine/Content/Internationalization/icudt64l/lang/te.res" 1859
"../../../Engine/Content/Internationalization/icudt64l/region/te.res" 1860
"../../../Engine/Content/Internationalization/icudt64l/lang/teo.res" 1861
"../../../Engine/Content/Internationalization/icudt64l/region/teo.res" 1862
"../../../Engine/Content/Internationalization/icudt64l/lang/tg.res" 1863
"../../../Engine/Content/Internationalization/icudt64l/region/tg.res" 1864
"../../../Engine/Content/Internationalization/icudt64l/lang/th.res" 1865
"../../../Engine/Content/Internationalization/icudt64l/lang/th_TH.res" 1866
"../../../Engine/Content/Internationalization/icudt64l/region/th_TH.res" 1867
"../../../Engine/Content/Internationalization/icudt64l/region/th.res" 1868
"../../../Engine/Content/Internationalization/icudt64l/lang/ti.res" 1869
"../../../Engine/Content/Internationalization/icudt64l/region/ti.res" 1870
"../../../Engine/Content/Internationalization/icudt64l/lang/tk.res" 1871
"../../../Engine/Content/Internationalization/icudt64l/region/tk.res" 1872
"../../../Engine/Content/Internationalization/icudt64l/lang/to.res" 1873
"../../../Engine/Content/Internationalization/icudt64l/region/to.res" 1874
"../../../Engine/Content/Internationalization/icudt64l/lang/tr.res" 1875
"../../../Engine/Content/Internationalization/icudt64l/region/tr.res" 1876
"../../../Engine/Content/Internationalization/icudt64l/lang/tt.res" 1877
"../../../Engine/Content/Internationalization/icudt64l/region/tt.res" 1878
"../../../Engine/Content/Internationalization/icudt64l/lang/twq.res" 1879
"../../../Engine/Content/Internationalization/icudt64l/region/twq.res" 1880
"../../../Engine/Content/Internationalization/icudt64l/lang/tzm.res" 1881
"../../../Engine/Content/Internationalization/icudt64l/region/tzm.res" 1882
"../../../Engine/Content/Internationalization/icudt64l/lang/ug.res" 1883
"../../../Engine/Content/Internationalization/icudt64l/region/ug.res" 1884
"../../../Engine/Content/Internationalization/icudt64l/lang/uk.res" 1885
"../../../Engine/Content/Internationalization/icudt64l/region/uk.res" 1886
"../../../Engine/Content/Internationalization/icudt64l/lang/ur.res" 1887
"../../../Engine/Content/Internationalization/icudt64l/lang/ur_IN.res" 1888
"../../../Engine/Content/Internationalization/icudt64l/region/ur_IN.res" 1889
"../../../Engine/Content/Internationalization/icudt64l/region/ur.res" 1890
"../../../Engine/Content/Internationalization/icudt64l/lang/uz.res" 1891
"../../../Engine/Content/Internationalization/icudt64l/lang/uz_Arab.res" 1892
"../../../Engine/Content/Internationalization/icudt64l/lang/uz_AF.res" 1893
"../../../Engine/Content/Internationalization/icudt64l/lang/uz_Arab_AF.res" 1894
"../../../Engine/Content/Internationalization/icudt64l/region/uz_AF.res" 1895
"../../../Engine/Content/Internationalization/icudt64l/region/uz_Arab_AF.res" 1896
"../../../Engine/Content/Internationalization/icudt64l/region/uz_Arab.res" 1897
"../../../Engine/Content/Internationalization/icudt64l/lang/uz_Cyrl.res" 1898
"../../../Engine/Content/Internationalization/icudt64l/lang/uz_UZ.res" 1899
"../../../Engine/Content/Internationalization/icudt64l/lang/uz_Latn_UZ.res" 1900
"../../../Engine/Content/Internationalization/icudt64l/lang/uz_Latn.res" 1901
"../../../Engine/Content/Internationalization/icudt64l/region/uz_UZ.res" 1902
"../../../Engine/Content/Internationalization/icudt64l/region/uz_Latn_UZ.res" 1903
"../../../Engine/Content/Internationalization/icudt64l/region/uz_Latn.res" 1904
"../../../Engine/Content/Internationalization/icudt64l/region/uz.res" 1905
"../../../Engine/Content/Internationalization/icudt64l/region/uz_Cyrl.res" 1906
"../../../Engine/Content/Internationalization/icudt64l/lang/vai.res" 1907
"../../../Engine/Content/Internationalization/icudt64l/lang/vai_Latn.res" 1908
"../../../Engine/Content/Internationalization/icudt64l/lang/vai_LR.res" 1909
"../../../Engine/Content/Internationalization/icudt64l/lang/vai_Vaii_LR.res" 1910
"../../../Engine/Content/Internationalization/icudt64l/lang/vai_Vaii.res" 1911
"../../../Engine/Content/Internationalization/icudt64l/region/vai_LR.res" 1912
"../../../Engine/Content/Internationalization/icudt64l/region/vai_Vaii_LR.res" 1913
"../../../Engine/Content/Internationalization/icudt64l/region/vai_Vaii.res" 1914
"../../../Engine/Content/Internationalization/icudt64l/region/vai.res" 1915
"../../../Engine/Content/Internationalization/icudt64l/region/vai_Latn.res" 1916
"../../../Engine/Content/Internationalization/icudt64l/lang/vi.res" 1917
"../../../Engine/Content/Internationalization/icudt64l/region/vi.res" 1918
"../../../Engine/Content/Internationalization/icudt64l/lang/vun.res" 1919
"../../../Engine/Content/Internationalization/icudt64l/region/vun.res" 1920
"../../../Engine/Content/Internationalization/icudt64l/lang/wae.res" 1921
"../../../Engine/Content/Internationalization/icudt64l/region/wae.res" 1922
"../../../Engine/Content/Internationalization/icudt64l/lang/wo.res" 1923
"../../../Engine/Content/Internationalization/icudt64l/region/wo.res" 1924
"../../../Engine/Content/Internationalization/icudt64l/lang/xh.res" 1925
"../../../Engine/Content/Internationalization/icudt64l/region/xh.res" 1926
"../../../Engine/Content/Internationalization/icudt64l/lang/xog.res" 1927
"../../../Engine/Content/Internationalization/icudt64l/region/xog.res" 1928
"../../../Engine/Content/Internationalization/icudt64l/lang/yav.res" 1929
"../../../Engine/Content/Internationalization/icudt64l/region/yav.res" 1930
"../../../Engine/Content/Internationalization/icudt64l/lang/yi.res" 1931
"../../../Engine/Content/Internationalization/icudt64l/region/yi.res" 1932
"../../../Engine/Content/Internationalization/icudt64l/lang/yo.res" 1933
"../../../Engine/Content/Internationalization/icudt64l/lang/yo_BJ.res" 1934
"../../../Engine/Content/Internationalization/icudt64l/region/yo_BJ.res" 1935
"../../../Engine/Content/Internationalization/icudt64l/region/yo.res" 1936
"../../../Engine/Content/Internationalization/icudt64l/lang/yue.res" 1937
"../../../Engine/Content/Internationalization/icudt64l/lang/yue_Hans.res" 1938
"../../../Engine/Content/Internationalization/icudt64l/lang/yue_CN.res" 1939
"../../../Engine/Content/Internationalization/icudt64l/lang/yue_Hans_CN.res" 1940
"../../../Engine/Content/Internationalization/icudt64l/region/yue_CN.res" 1941
"../../../Engine/Content/Internationalization/icudt64l/region/yue_Hans_CN.res" 1942
"../../../Engine/Content/Internationalization/icudt64l/region/yue_Hans.res" 1943
"../../../Engine/Content/Internationalization/icudt64l/lang/yue_Hant.res" 1944
"../../../Engine/Content/Internationalization/icudt64l/lang/yue_HK.res" 1945
"../../../Engine/Content/Internationalization/icudt64l/lang/yue_Hant_HK.res" 1946
"../../../Engine/Content/Internationalization/icudt64l/region/yue_HK.res" 1947
"../../../Engine/Content/Internationalization/icudt64l/region/yue_Hant_HK.res" 1948
"../../../Engine/Content/Internationalization/icudt64l/region/yue_Hant.res" 1949
"../../../Engine/Content/Internationalization/icudt64l/region/yue.res" 1950
"../../../Engine/Content/Internationalization/icudt64l/lang/zgh.res" 1951
"../../../Engine/Content/Internationalization/icudt64l/region/zgh.res" 1952
"../../../Engine/Content/Internationalization/icudt64l/lang/zh.res" 1953
"../../../Engine/Content/Internationalization/icudt64l/lang/zh_Hans.res" 1954
"../../../Engine/Content/Internationalization/icudt64l/lang/zh_CN.res" 1955
"../../../Engine/Content/Internationalization/icudt64l/lang/zh_Hans_CN.res" 1956
"../../../Engine/Content/Internationalization/icudt64l/region/zh_CN.res" 1957
"../../../Engine/Content/Internationalization/icudt64l/region/zh_Hans_CN.res" 1958
"../../../Engine/Content/Internationalization/icudt64l/region/zh_Hans.res" 1959
"../../../Engine/Content/Internationalization/icudt64l/region/zh.res" 1960
"../../../Engine/Content/Internationalization/icudt64l/lang/zh_HK.res" 1961
"../../../Engine/Content/Internationalization/icudt64l/lang/zh_Hant_HK.res" 1962
"../../../Engine/Content/Internationalization/icudt64l/lang/zh_Hant.res" 1963
"../../../Engine/Content/Internationalization/icudt64l/region/zh_HK.res" 1964
"../../../Engine/Content/Internationalization/icudt64l/region/zh_Hant_HK.res" 1965
"../../../Engine/Content/Internationalization/icudt64l/region/zh_Hant.res" 1966
"../../../Engine/Content/Internationalization/icudt64l/lang/zh_MO.res" 1967
"../../../Engine/Content/Internationalization/icudt64l/lang/zh_Hant_MO.res" 1968
"../../../Engine/Content/Internationalization/icudt64l/region/zh_MO.res" 1969
"../../../Engine/Content/Internationalization/icudt64l/region/zh_Hant_MO.res" 1970
"../../../Engine/Content/Internationalization/icudt64l/lang/zh_SG.res" 1971
"../../../Engine/Content/Internationalization/icudt64l/lang/zh_Hans_SG.res" 1972
"../../../Engine/Content/Internationalization/icudt64l/region/zh_SG.res" 1973
"../../../Engine/Content/Internationalization/icudt64l/region/zh_Hans_SG.res" 1974
"../../../Engine/Content/Internationalization/icudt64l/lang/zh_TW.res" 1975
"../../../Engine/Content/Internationalization/icudt64l/lang/zh_Hant_TW.res" 1976
"../../../Engine/Content/Internationalization/icudt64l/region/zh_TW.res" 1977
"../../../Engine/Content/Internationalization/icudt64l/region/zh_Hant_TW.res" 1978
"../../../Engine/Content/Internationalization/icudt64l/lang/zu.res" 1979
"../../../Engine/Content/Internationalization/icudt64l/region/zu.res" 1980
"../../../Engine/Content/Internationalization/icudt64l/lang/no.res" 1981
"../../../Engine/Content/Internationalization/icudt64l/lang/tl.res" 1982
"../../../Engine/Config/Android/DataDrivenPlatformInfo.ini" 1983
"../../../Engine/Config/IOS/DataDrivenPlatformInfo.ini" 1984
"../../../Engine/Config/Linux/DataDrivenPlatformInfo.ini" 1985
"../../../Engine/Config/Mac/DataDrivenPlatformInfo.ini" 1986
"../../../Engine/Config/TVOS/DataDrivenPlatformInfo.ini" 1987
"../../../Engine/Config/Unix/DataDrivenPlatformInfo.ini" 1988
"../../../Engine/Config/VulkanPC/DataDrivenPlatformInfo.ini" 1989
"../../../Engine/Config/Windows/DataDrivenPlatformInfo.ini" 1990
"../../../Engine/Platforms/VisionOS/Config/DataDrivenPlatformInfo.ini" 1991
"../../../Engine/Content/Renderer/TessellationTable.bin" 1992
"../../../Engine/DerivedDataCache/Compressed.ddp" 1993
"C:/Users/Stanislav/AppData/Local/UnrealEngine/5.7/Saved/Zen/zen.version" 1994
"C:/Users/Stanislav/AppData/Local/UnrealEngine/Common/Zen/Install/zen.version" 1995
"C:/Users/Stanislav/AppData/Local/UnrealEngine/Common/Zen/Install/zenserver.runcontext" 1996
"C:/Users/Stanislav/AppData/Local/UnrealEngine/Common/DerivedDataCache/TestData/0/TestData_4kb.dat" 1997
"C:/Users/Stanislav/AppData/Local/UnrealEngine/Common/DerivedDataCache/TestData/1/TestData_4kb.dat" 1998
"C:/Users/Stanislav/AppData/Local/UnrealEngine/Common/DerivedDataCache/TestData/0/TestData_8kb.dat" 1999
"C:/Users/Stanislav/AppData/Local/UnrealEngine/Common/DerivedDataCache/TestData/1/TestData_8kb.dat" 2000
"C:/Users/Stanislav/AppData/Local/UnrealEngine/Common/DerivedDataCache/TestData/0/TestData_16kb.dat" 2001
"C:/Users/Stanislav/AppData/Local/UnrealEngine/Common/DerivedDataCache/TestData/1/TestData_16kb.dat" 2002
"C:/Users/Stanislav/AppData/Local/UnrealEngine/Common/DerivedDataCache/TestData/0/TestData_64kb.dat" 2003
"C:/Users/Stanislav/AppData/Local/UnrealEngine/Common/DerivedDataCache/TestData/1/TestData_64kb.dat" 2004
"C:/Users/Stanislav/AppData/Local/UnrealEngine/Common/DerivedDataCache/TestData/0/TestData_128kb.dat" 2005
"C:/Users/Stanislav/AppData/Local/UnrealEngine/Common/DerivedDataCache/TestData/1/TestData_128kb.dat" 2006
"C:/Users/Stanislav/AppData/Local/UnrealEngine/Common/DerivedDataCache/TestData/0/TestData_256kb.dat" 2007
"C:/Users/Stanislav/AppData/Local/UnrealEngine/Common/DerivedDataCache/TestData/1/TestData_256kb.dat" 2008
"C:/Users/Stanislav/AppData/Roaming/Unreal Engine/UnrealBuildTool/BuildConfiguration.xml" 2009
"../../../../../../Users/Stanislav/Documents/Unreal Projects/RGO/Intermediate/ShaderAutogen/PCD3D_SM6/AutogenShaderHeaders.ush" 2010
"../../../Engine/Shaders/Private/HairStrands/HairStrandsVertexFactory.ush" 2011
"../../../Engine/Shaders/Private/VertexFactoryCommon.ush" 2012
"../../../Engine/Shaders/Private/Common.ush" 2013
"../../../Engine/Shaders/Public/Platform.ush" 2014
"../../../Engine/Shaders/Public/FP16Math.ush" 2015
"../../../Engine/Shaders/Public/Platform/D3D/D3DCommon.ush" 2016
"../../../Engine/Shaders/Shared/HLSLReservedSpaces.h" 2017
"../../../Engine/Shaders/Public/BindlessResources.ush" 2018
"../../../Engine/Shaders/Public/Platform/D3D/PlatformBindlessResources.ush" 2019
"../../../Engine/Shaders/Shared/RayTracingBuiltInResources.h" 2020
"../../../Engine/Shaders/Shared/RayTracingDefinitions.h" 2021
"../../../Engine/Shaders/Shared/MaterialCacheDefinitions.h" 2022
"../../../Engine/Shaders/Shared/HLSLTypeAliases.h" 2023
"../../../Engine/Shaders/Public/IndirectVirtualTexture.ush" 2024
"../../../Engine/Shaders/Shared/IndirectVirtualTextureDefinitions.h" 2025
"../../../Engine/Shaders/Public/OverloadMacros.ush" 2026
"../../../Engine/Shaders/Public/ShaderVersion.ush" 2027
"../../../Engine/Shaders/Shared/ThirdParty/NVIDIA/nvHLSLExtns.h" 2028
"../../../Engine/Shaders/Shared/ThirdParty/NVIDIA/nvHLSLExtnsInternal.h" 2029
"../../../Engine/Shaders/Shared/ThirdParty/NVIDIA/nvShaderExtnEnums.h" 2030
"../../../Engine/Shaders/Private/PackUnpack.ush" 2031
"../../../Engine/Shaders/Private/GeneratedUniformBufferTypes.ush" 2032
"../../../Engine/Shaders/Private/Nanite/NanitePackedNaniteView.ush" 2033
"../../../Engine/Shaders/Private/HairStrands/HairStrandsVisibilityCommonStruct.ush" 2034
"../../../Engine/Shaders/Private/HairStrands/HairStrandsVoxelPageCommonStruct.ush" 2035
"../../../Engine/Shaders/Private/HairStrands/HairStrandsDeepShadowCommonStruct.ush" 2036
"../../../Engine/Shaders/Shared/LightSceneData.h" 2037
"../../../Engine/Shaders/Private/LargeWorldCoordinates.ush" 2038
"../../../Engine/Shaders/Private/DoubleFloat.ush" 2039
"../../../Engine/Shaders/Private/RandomPCG.ush" 2040
"../../../Engine/Shaders/Private/DoubleFloatOperations.ush" 2041
"../../../Engine/Shaders/Private/DoubleFloatVectorDefinition.ush" 2042
"../../../Engine/Shaders/Private/LWCOperations.ush" 2043
"../../../Engine/Shaders/Shared/LightViewData.h" 2044
"../../../Engine/Shaders/Shared/RayTracingTypes.h" 2045
"../../../Engine/Shaders/Shared/HLSLStaticAssert.h" 2046
"../../../Engine/Shaders/Private/CommonViewUniformBuffer.ush" 2047
"../../../Engine/Shaders/Private/InstancedStereo.ush" 2048
"../../../Engine/Shaders/Private/Definitions.usf" 2049
"../../../Engine/Shaders/Private/AssertionMacros.ush" 2050
"../../../Engine/Shaders/Private/FastMath.ush" 2051
"../../../Engine/Shaders/Private/FastMathThirdParty.ush" 2052
"../../../Engine/Shaders/Private/Random.ush" 2053
"../../../Engine/Shaders/Private/RandomInterleavedGradientNoise.ush" 2054
"../../../Engine/Shaders/Private/SceneData.ush" 2055
"../../../Engine/Shaders/Private/OctahedralCommon.ush" 2056
"../../../Engine/Shaders/Private/WaveOpUtil.ush" 2057
"../../../Engine/Shaders/Private/ByteBuffer.ush" 2058
"../../../Engine/Shaders/Shared/SceneDefinitions.h" 2059
"../../../Engine/Shaders/Private/SceneDataMobileLoader.ush" 2060
"../../../Engine/Shaders/Private/LocalVertexFactoryCommon.ush" 2061
"../../../Engine/Shaders/Private/HairStrands/HairStrandsVisibilityCommon.ush" 2062
"../../../Engine/Shaders/Shared/HairStrandsDefinitions.h" 2063
"../../../Engine/Shaders/Private/HairStrands/HairStrandsVertexFactoryCommon.ush" 2064
"../../../Engine/Shaders/Private/HairStrands/HairStrandsPack.ush" 2065
"../../../Engine/Shaders/Private/HairStrands/HairStrandsAttributeCommon.ush" 2066
"../../../Engine/Shaders/Private/HairStrands/HairStrandsAttributeTemplate.ush" 2067
"../../../Engine/Shaders/Private/VertexFactoryDefaultInterface.ush" 2068
"../../../Engine/Shaders/Private/HairStrands/HairCardsVertexFactory.ush" 2069
"../../../Engine/Shaders/Private/HairStrands/HairCardsAttributeCommon.ush" 2070
"../../../Engine/Shaders/Private/RayTracing/RayTracingCommon.ush" 2071
"../../../Engine/Shaders/Private/ShadingCommon.ush" 2072
"../../../Engine/Shaders/Shared/RayTracingPayloadType.h" 2073
"../../../Engine/Shaders/Private/RayTracing/RayTracingRayCone.ush" 2074
"../../../Engine/Shaders/Private/Substrate/Substrate.ush" 2075
"../../../Engine/Shaders/Private/ShadingEnergyConservation.ush" 2076
"../../../Engine/Shaders/Private/ShadingEnergyConservationTemplate.ush" 2077
"../../../Engine/Shaders/Private/BRDF.ush" 2078
"../../../Engine/Shaders/Private/ColorSpace.ush" 2079
"../../../Engine/Shaders/Private/DeferredShadingCommon.ush" 2080
"../../../Engine/Shaders/Private/LightAccumulator.ush" 2081
"../../../Engine/Shaders/Private/SceneTexturesCommon.ush" 2082
"../../../Engine/Shaders/Private/MonteCarlo.ush" 2083
"../../../Engine/Shaders/Private/GBufferHelpers.ush" 2084
"../../../Engine/Shaders/Private/SceneTextureParameters.ush" 2085
"C:/Users/Stanislav/Documents/Unreal Projects/RGO/Intermediate/ShaderAutogen/PCD3D_SM6/AutogenShaderHeaders.ush" 2086
"../../../Engine/Shaders/Private/ParticipatingMediaCommon.ush" 2087
"../../../Engine/Shaders/Private/ThinFilmBSDF.ush" 2088
"../../../Engine/Shaders/Private/MortonCode.ush" 2089
"../../../Engine/Shaders/Private/SubsurfaceProfileCommon.ush" 2090
"../../../Engine/Shaders/Private/BurleyNormalizedSSSCommon.ush" 2091
"../../../Engine/Shaders/Private/GammaCorrectionCommon.ush" 2092
"../../../Engine/Shaders/Shared/SubstrateDefinitions.h" 2093
"../../../Engine/Shaders/Private/Substrate/SubstrateStatisticalOperators.ush" 2094
"../../../Engine/Shaders/Private/Substrate/SubstrateSubsurface.ush" 2095
"../../../Engine/Shaders/Private/TransmissionCommon.ush" 2096
"../../../Engine/Shaders/Private/Substrate/SubstrateExportCommon.ush" 2097
"../../../Engine/Shaders/Private/SpecularProfileCommon.ush" 2098
"../../../Engine/Shaders/Private/RayTracing/RayTracingCommonMetal.ush" 2099
"../../../Engine/Shaders/Private/PositionReconstructionCommon.ush" 2100
"../../../Engine/Shaders/Private/RayTracing/TraceRayInline.ush" 2101
"../../../Engine/Shaders/Private/RayTracing/TraceRayInlineCommon.ush" 2102
"../../../Engine/Shaders/Private/RayTracing/TraceRayInlineVulkan.ush" 2103
"../../../Engine/Shaders/Private/RayTracing/TraceRayInlineMetal.ush" 2104
"../../../Engine/Shaders/Private/RayTracing/RayTracingHitGroupCommon.ush" 2105
"../../../Engine/Shaders/Private/Nanite/NaniteRayTrace.ush" 2106
"../../../Engine/Shaders/Private/Nanite/NaniteDataDecode.ush" 2107
"../../../Engine/Shaders/Private/BitPacking.ush" 2108
"../../../Engine/Shaders/Private/BitStreamReaderImplementation.ush" 2109
"../../../Engine/Shaders/Private/BoneTransform.ush" 2110
"../../../Engine/Shaders/Private/Quaternion.ush" 2111
"../../../Engine/Shaders/Private/Skinning/SkinningDataDecode.ush" 2112
"../../../Engine/Shaders/Private/GpuSkinCommon.ush" 2113
"../../../Engine/Shaders/Shared/SkinningDefinitions.h" 2114
"../../../Engine/Shaders/Shared/NaniteDefinitions.h" 2115
"../../../Engine/Shaders/Private/Nanite/NaniteAttributeDecode.ush" 2116
"../../../Engine/Shaders/Private/Barycentrics.ush" 2117
"../../../Engine/Shaders/Private/DualNumber.ush" 2118
"../../../Engine/Shaders/Shared/ThirdParty/RayTriangleIntersection.h" 2119
"../../../Engine/Shaders/Private/Nanite/NaniteVertexFetch.ush" 2120
"../../../Engine/Shaders/Private/ViewData.ush" 2121
"../../../Engine/Shaders/Shared/ViewDefinitions.h" 2122
"../../../Engine/Shaders/Private/Nanite/NaniteSceneCommon.ush" 2123
"../../../Engine/Shaders/Private/RayTracing/TraceRayInlineD3D12.ush" 2124
"../../../Engine/Plugins/FX/Niagara/Shaders/Private/NiagaraSpriteVertexFactory.ush" 2125
"../../../Engine/Shaders/Private/ParticleVertexFactoryCommon.ush" 2126
"../../../Engine/Plugins/FX/Niagara/Shaders/Private/NiagaraVFCommon.usf" 2127
"../../../Engine/Plugins/FX/Niagara/Shaders/Private/NiagaraVFParticleAccess.usf" 2128
"../../../Engine/Plugins/FX/Niagara/Shaders/Private/NiagaraParticleAccess.ush" 2129
"../../../Engine/Plugins/FX/Niagara/Shaders/Private/NiagaraRibbonVertexFactory.ush" 2130
"../../../Engine/Plugins/FX/Niagara/Shaders/Private/NiagaraMeshVertexFactory.ush" 2131
"../../../Engine/Plugins/FX/Niagara/Shaders/Private/NiagaraCommon.ush" 2132
"../../../Engine/Plugins/FX/Niagara/Shaders/Private/NiagaraMeshParticleUtils.ush" 2133
"../../../Engine/Shaders/Private/VectorFieldVisualizationVertexFactory.ush" 2134
"../../../Engine/Shaders/Private/Nanite/NaniteVertexFactory.ush" 2135
"../../../Engine/Shaders/Private/LightmapData.ush" 2136
"../../../Engine/Shaders/Private/SplineMeshCommon.ush" 2137
"../../../Engine/Shaders/Shared/SplineMeshShaderParams.h" 2138
"../../../Engine/Shaders/Private/ShaderPrint.ush" 2139
"../../../Engine/Shaders/Private/ShaderPrintCommon.ush" 2140
"../../../Engine/Shaders/Private/MiniFontCommon.ush" 2141
"../../../Engine/Shaders/Private/SGGX.ush" 2142
"../../../Engine/Shaders/Private/MaterialCache/MaterialCacheCommon.ush" 2143
"../../../Engine/Shaders/Private/Nanite/NaniteVertexDeformation.ush" 2144
"../../../Engine/Shaders/Private/Matrices.ush" 2145
"../../../Engine/Shaders/Private/ParticleSpriteVertexFactory.ush" 2146
"../../../Engine/Shaders/Private/ParticleGPUSpriteVertexFactory.ush" 2147
"../../../Engine/Shaders/Private/ParticleSimulationCommon.ush" 2148
"../../../Engine/Shaders/Private/ParticleBeamTrailVertexFactory.ush" 2149
"../../../Engine/Shaders/Private/MeshParticleVertexFactory.ush" 2150
"../../../Engine/Shaders/Private/LocalVertexFactory.ush" 2151
"../../../Engine/Shaders/Private/GpuSkinVertexFactory.ush" 2152
"../../../Engine/Shaders/Private/GeometryCollectionVertexFactory.ush" 2153
"../../../Engine/Shaders/Private/GeometryCacheVertexFactory.ush" 2154
"../../../Engine/Shaders/Private/LandscapeVertexFactory.ush" 2155
"../../../Engine/Plugins/NNE/NNEDenoiser/Shaders/NNEDenoiserShadersTransferFunctionOidn.usf" 2156
"../../../Engine/Plugins/NNE/NNEDenoiser/Shaders/NNEDenoiserShadersMappedCopy.usf" 2157
"../../../Engine/Plugins/NNE/NNEDenoiser/Shaders/NNEDenoiserShadersDefaultIOProcess.usf" 2158
"../../../Engine/Plugins/NNE/NNEDenoiser/Shaders/NNEDenoiserShadersAutoExposureReduceFinal.usf" 2159
"../../../Engine/Plugins/NNE/NNEDenoiser/Shaders/NNEDenoiserShadersAutoExposureReduce.usf" 2160
"../../../Engine/Plugins/NNE/NNEDenoiser/Shaders/NNEDenoiserShadersAutoExposureDownsample.usf" 2161
"../../../Engine/Plugins/Experimental/NFORDenoise/Shaders/NFORDenoise.usf" 2162
"../../../Engine/Shaders/Private/ScreenPass.ush" 2163
"../../../Engine/Plugins/Experimental/NFORDenoise/Shaders/NFORRegressionCommon.ush" 2164
"../../../Engine/Plugins/Experimental/NFORDenoise/Shaders/NFORRegression.ush" 2165
"../../../Engine/Plugins/Enterprise/GLTFExporter/Shaders/Private/SimpleTexture2DPS.usf" 2166
"../../../Engine/Shaders/Private/SimpleElementNormalMapPixelShader.usf" 2167
"../../../Engine/Plugins/Compositing/CompositeCore/Shaders/Private/CompositeCoreMerge.usf" 2168
"../../../Engine/Shaders/Private/LensDistortion.ush" 2169
"../../../Engine/Plugins/Compositing/CompositeCore/Shaders/Private/CompositeCoreBlending.ush" 2170
"../../../Engine/Plugins/Compositing/CompositeCore/Shaders/Private/CompositeCoreDisplayTransform.usf" 2171
"../../../Engine/Plugins/Compositing/CompositeCore/Shaders/Private/CompositeCoreDilate.usf" 2172
"../../../Engine/Plugins/Runtime/HairStrands/Shaders/Private/NiagaraCopyVelocityGrid.usf" 2173
"../../../Engine/Plugins/Runtime/HairStrands/Shaders/Private/NiagaraClearVelocityGrid.usf" 2174
"../../../Engine/Plugins/Runtime/HairStrands/Shaders/Private/NiagaraClearPressureGrid.usf" 2175
"../../../Engine/Plugins/Runtime/HairStrands/Shaders/Private/NiagaraInterpolateGroomGuides.usf" 2176
"../../../Engine/Plugins/Runtime/HairStrands/Shaders/Private/NiagaraGroomInterpolationUtils.ush" 2177
"../../../Engine/Plugins/FX/Niagara/Shaders/Private/NiagaraQuaternionUtils.ush" 2178
"../../../Engine/Shaders/Private/HairStrands/HairStrandsMesh.usf" 2179
"../../../Engine/Shaders/Private/HairStrands/HairStrandsBindingCommon.ush" 2180
"../../../Engine/Shaders/Private/HairStrands/HairStrandsFollicleMask.usf" 2181
"../../../Engine/Shaders/Private/HairStrands/HairStrandsSkinUpdate.usf" 2182
"../../../Engine/Shaders/Private/HairStrands/HairStrandsClusterCulling.usf" 2183
"../../../Engine/Shaders/Private/ColorMap.ush" 2184
"../../../Engine/Shaders/Private/HairStrands/HairStrandsAABBCommon.ush" 2185
"../../../Engine/Shaders/Private/HairStrands/HairStrandsClusterCommon.ush" 2186
"../../../Engine/Shaders/Private/ThreadGroupPrefixSum.ush" 2187
"../../../Engine/Shaders/Private/HairStrands/HairStrandsRaytracingGeometry.usf" 2188
"../../../Engine/Shaders/Private/HairStrands/HairStrandsTangent.usf" 2189
"../../../Engine/Shaders/Private/HairStrands/HairCardsDeformation.usf" 2190
"../../../Engine/Shaders/Private/HairStrands/HairStrandsInterpolation.usf" 2191
"../../../Engine/Shaders/Private/HairStrands/HairStrandsGuideDeform.usf" 2192
"../../../Engine/Shaders/Private/HairStrands/HairStrandsTexturesGeneration.usf" 2193
"../../../Engine/Shaders/Private/HairStrands/HairCardsTextureCommon.ush" 2194
"../../../Engine/Shaders/Private/HairStrands/HairStrandsTranscode.usf" 2195
"../../../Engine/Shaders/Private/HairStrands/HairStrandsDebug.usf" 2196
"../../../Engine/Shaders/Private/HairShadingCommon.ush" 2197
"../../../Engine/Shaders/Private/PostProcessCommon.ush" 2198
"../../../Engine/Shaders/Private/ShadingModels.ush" 2199
"../../../Engine/Shaders/Private/CapsuleLight.ush" 2200
"../../../Engine/Shaders/Private/RectLight.ush" 2201
"../../../Engine/Shaders/Private/LightData.ush" 2202
"../../../Engine/Shaders/Shared/LightDefinitions.h" 2203
"../../../Engine/Shaders/Private/AreaLightCommon.ush" 2204
"../../../Engine/Shaders/Private/HairBsdf.ush" 2205
"../../../Engine/Shaders/Private/PathTracing/Utilities/PathTracingRandomSequence.ush" 2206
"../../../Engine/Shaders/Private/MobileGGX.ush" 2207
"../../../Engine/Shaders/Private/HairStrands/HairStrandsCommon.ush" 2208
"../../../Engine/Shaders/Private/HairStrands/HairStrandsEnvironmentLightingCommon.ush" 2209
"../../../Engine/Shaders/Private/HairStrands/HairStrandsDeepTransmittanceCommon.ush" 2210
"../../../Engine/Shaders/Private/HairStrands/HairStrandsDeepTransmittanceDualScattering.ush" 2211
"../../../Engine/Shaders/Private/HairStrands/HairStrandsDeepShadowCommon.ush" 2212
"../../../Engine/Shaders/Private/HairStrands/HairStrandsDebugCommonStruct.ush" 2213
"../../../Engine/Plugins/Runtime/ComputeFramework/Shaders/Private/ComputeKernel.usf" 2214
"../../../Engine/Plugins/Runtime/ComputeFramework/Shaders/Private/ComputeKernelCommon.ush" 2215
"../../../Engine/Plugins/Media/WmfMedia/Shaders/Private/MediaHardwareVideoDecoding.usf" 2216
"../../../Engine/Shaders/Private/ColorUtils.ush" 2217
"../../../Engine/Plugins/Media/ImgMedia/Shaders/Private/ExrSwizzler.usf" 2218
"../../../Engine/Plugins/FX/Niagara/Shaders/Private/NiagaraVertexFactoryExport.usf" 2219
"../../../Engine/Shaders/Private/ComputeShaderUtils.ush" 2220
"../../../Engine/Shaders/Private/MaterialTemplate.ush" 2221
"../../../Engine/Shaders/Private/WorldSpaceMath.ush" 2222
"../../../Engine/Shaders/Private/EyeAdaptationCommon.ush" 2223
"../../../Engine/Shaders/Private/SobolRandom.ush" 2224
"../../../Engine/Shaders/Private/DepthOfFieldCommon.ush" 2225
"../../../Engine/Shaders/Private/CircleDOFCommon.ush" 2226
"../../../Engine/Shaders/Private/DistanceField/GlobalDistanceFieldShared.ush" 2227
"../../../Engine/Shaders/Private/PhysicsFieldSampler.ush" 2228
"../../../Engine/Shaders/Private/PhysicsFieldShared.ush" 2229
"../../../Engine/Shaders/Private/SparseVolumeTexture/SparseVolumeTextureCommon.ush" 2230
"../../../Engine/Shaders/Shared/EnvironmentComponentsFlags.h" 2231
"../../../Engine/Shaders/Private/MeshPaintTextureCommon.ush" 2232
"../../../Engine/Shaders/Private/VirtualTextureMaterial.ush" 2233
"../../../Engine/Shaders/Private/MaterialCache/MaterialCacheMaterialCommon.ush" 2234
"../../../Engine/Shaders/Private/Quantization.ush" 2235
"../../../Engine/Shaders/Private/SpeedTreeCommon.ush" 2236
"../../../Engine/Shaders/Private/VirtualTextureCommon.ush" 2237
"../../../Engine/Shaders/Public/IndirectVirtualTextureCommon.ush" 2238
"../../../Engine/Shaders/Private/MaterialTexture.ush" 2239
"../../../Engine/Shaders/Private/MinMaterialTexCoords.ush" 2240
"../../../Engine/Shaders/Private/SkyAtmosphereCommon.ush" 2241
"../../../Engine/Shaders/Private/SingleLayerWaterCommon.ush" 2242
"../../../Engine/Shaders/Private/TextureSampling.ush" 2243
"../../../Engine/Shaders/Private/PaniniProjection.ush" 2244
"../../../Engine/Shaders/Private/DBufferNormalReprojection.ush" 2245
"../../../Engine/Shaders/Public/SubstratePublic.ush" 2246
"../../../Engine/Shaders/Private/Substrate/SubstrateRead.ush" 2247
"../../../Engine/Shaders/Private/Substrate/SubstrateTree.ush" 2248
"../../../Engine/Shaders/Private/Substrate/SubstrateEvaluation.ush" 2249
"../../../Engine/Shaders/Private/Substrate/Glint/GlintThirdParty.ush" 2250
"../../../Engine/Shaders/Private/BlueNoise.ush" 2251
"../../../Engine/Shaders/Private/SHCommon.ush" 2252
"../../../Engine/Shaders/Private/ShadingModelsSampling.ush" 2253
"../../../Engine/Shaders/Private/HairStrands/HairBsdfSample.ush" 2254
"../../../Engine/Shaders/Private/Substrate/SubstrateLegacyConversion.ush" 2255
"../../../Engine/Shaders/Private/DBufferDecalShared.ush" 2256
"../../../Engine/Plugins/FX/Niagara/Shaders/Private/NiagaraSortKeyGen.usf" 2257
"../../../Engine/Plugins/FX/Niagara/Shaders/Private/NiagaraGPURayTracingTransforms.usf" 2258
"../../../Engine/Plugins/FX/Niagara/Shaders/Private/NiagaraDrawIndirectArgsGen.usf" 2259
"../../../Engine/Plugins/FX/Niagara/Shaders/Private/NiagaraDispatchIndirectArgsGen.usf" 2260
"../../../Engine/Plugins/FX/Niagara/Shaders/Private/Stateless/NiagaraStatelessSimulationDefault.usf" 2261
"../../../Engine/Plugins/FX/Niagara/Shaders/Private/Stateless/NiagaraStatelessCommon.ush" 2262
"../../../Engine/Plugins/FX/Niagara/Shaders/Shared/NiagaraStatelessDefinitions.h" 2263
"../../../Engine/Plugins/FX/Niagara/Shaders/Shared/NiagaraStatelessBuiltDistribution.h" 2264
"../../../Engine/Plugins/FX/Niagara/Shaders/Private/Stateless/NiagaraStatelessDistribution.ush" 2265
"../../../Engine/Plugins/FX/Niagara/Shaders/Private/Stateless/Template/GenerateCS_PreModules.ush" 2266
"../../../Engine/Plugins/FX/Niagara/Shaders/Private/Stateless/Modules/NiagaraStatelessModule_CalculateAccurateVelocity.ush" 2267
"../../../Engine/Plugins/FX/Niagara/Shaders/Private/Stateless/Modules/NiagaraStatelessModule_CameraOffset.ush" 2268
"../../../Engine/Plugins/FX/Niagara/Shaders/Private/Stateless/Modules/NiagaraStatelessModule_DynamicMaterialParameters.ush" 2269
"../../../Engine/Plugins/FX/Niagara/Shaders/Private/Stateless/Modules/NiagaraStatelessModule_InitializeParticle.ush" 2270
"../../../Engine/Plugins/FX/Niagara/Shaders/Private/Stateless/Modules/NiagaraStatelessModule_InitialMeshOrientation.ush" 2271
"../../../Engine/Plugins/FX/Niagara/Shaders/Private/Stateless/Modules/NiagaraStatelessModule_MeshIndex.ush" 2272
"../../../Engine/Plugins/FX/Niagara/Shaders/Private/Stateless/Modules/NiagaraStatelessModule_MeshRotationRate.ush" 2273
"../../../Engine/Plugins/FX/Niagara/Shaders/Private/Stateless/Modules/NiagaraStatelessModule_RotateAroundPoint.ush" 2274
"../../../Engine/Plugins/FX/Niagara/Shaders/Private/Stateless/Modules/NiagaraStatelessModule_ShapeLocation.ush" 2275
"../../../Engine/Plugins/FX/Niagara/Shaders/Private/Stateless/Modules/NiagaraStatelessModule_ScaleColor.ush" 2276
"../../../Engine/Plugins/FX/Niagara/Shaders/Private/Stateless/Modules/NiagaraStatelessModule_ScaleRibbonWidth.ush" 2277
"../../../Engine/Plugins/FX/Niagara/Shaders/Private/Stateless/Modules/NiagaraStatelessModule_ScaleSpriteSize.ush" 2278
"../../../Engine/Plugins/FX/Niagara/Shaders/Private/Stateless/Modules/NiagaraStatelessModule_ScaleSpriteSizeBySpeed.ush" 2279
"../../../Engine/Plugins/FX/Niagara/Shaders/Private/Stateless/Modules/NiagaraStatelessModule_ScaleMeshSize.ush" 2280
"../../../Engine/Plugins/FX/Niagara/Shaders/Private/Stateless/Modules/NiagaraStatelessModule_ScaleMeshSizebySpeed.ush" 2281
"../../../Engine/Plugins/FX/Niagara/Shaders/Private/Stateless/Modules/NiagaraStatelessModule_SolveVelocitiesAndForces.ush" 2282
"../../../Engine/Plugins/FX/Niagara/Shaders/Private/Stateless/Modules/NiagaraStatelessModule_SpriteFacingAndAlignment.ush" 2283
"../../../Engine/Plugins/FX/Niagara/Shaders/Private/Stateless/Modules/NiagaraStatelessModule_SpriteRotationRate.ush" 2284
"../../../Engine/Plugins/FX/Niagara/Shaders/Private/Stateless/Modules/NiagaraStatelessModule_SubUVAnimation.ush" 2285
"../../../Engine/Plugins/FX/Niagara/Shaders/Private/Stateless/Template/GenerateCS_PostModules.ush" 2286
"../../../Engine/Plugins/FX/Niagara/Shaders/Private/NiagaraBlendSVTsToDenseBuffer.usf" 2287
"../../../Engine/Plugins/FX/Niagara/Shaders/Private/NiagaraSVTToDenseBuffer.usf" 2288
"../../../Engine/Plugins/FX/Niagara/Shaders/Private/NiagaraFillIntBuffer.usf" 2289
"../../../Engine/Plugins/FX/Niagara/Shaders/Private/NiagaraComputeFreeIDs.usf" 2290
"../../../Engine/Plugins/FX/Niagara/Shaders/Private/NiagaraInitFreeIDBuffer.usf" 2291
"../../../Engine/Plugins/FX/Niagara/Shaders/Private/NiagaraEmitterInstanceShader.usf" 2292
"../../../Engine/Plugins/FX/Niagara/Shaders/Private/NiagaraShaderVersion.ush" 2293
"../../../Engine/Plugins/FX/Niagara/Shaders/Private/NiagaraPhysicsCommon.ush" 2294
"../../../Engine/Plugins/FX/Niagara/Shaders/Private/Ribbons/NiagaraRibbonAggregationApply.usf" 2295
"../../../Engine/Plugins/FX/Niagara/Shaders/Private/Ribbons/NiagaraRibbonCommon.ush" 2296
"../../../Engine/Plugins/FX/Niagara/Shaders/Shared/NiagaraRibbonShared.h" 2297
"../../../Engine/Plugins/FX/Niagara/Shaders/Private/Ribbons/NiagaraRibbonAggregationStep.usf" 2298
"../../../Engine/Plugins/FX/Niagara/Shaders/Private/Ribbons/NiagaraRibbonGenerateIndices.usf" 2299
"../../../Engine/Plugins/FX/Niagara/Shaders/Private/Ribbons/NiagaraRibbonInitializeIndices.usf" 2300
"../../../Engine/Plugins/FX/Niagara/Shaders/Private/Ribbons/NiagaraRibbonRibbonUVParamCalculation.usf" 2301
"../../../Engine/Plugins/FX/Niagara/Shaders/Private/Ribbons/NiagaraRibbonVertexReductionFinalization.usf" 2302
"../../../Engine/Plugins/FX/Niagara/Shaders/Private/Ribbons/NiagaraRibbonVertexReductionInitialization.usf" 2303
"../../../Engine/Plugins/FX/Niagara/Shaders/Private/Ribbons/NiagaraRibbonSortParticles.usf" 2304
"../../../Engine/Plugins/FX/Niagara/Shaders/Private/NiagaraLWCHelper.usf" 2305
"../../../Engine/Plugins/FX/Niagara/Shaders/Private/NiagaraUpdateMeshGPUSceneInstances.usf" 2306
"../../../Engine/Shaders/Private/GPUScene/GPUSceneWriter.ush" 2307
"../../../Engine/Plugins/FX/Niagara/Shaders/Private/NiagaraGenerateMips.usf" 2308
"../../../Engine/Plugins/FX/Niagara/Shaders/Private/NiagaraDebugDraw.usf" 2309
"../../../Engine/Plugins/FX/Niagara/Shaders/Private/NiagaraDebugDraw.ush" 2310
"../../../Engine/Plugins/FX/Niagara/Shaders/Private/NiagaraVisualizeTexture.usf" 2311
"../../../Engine/Plugins/FX/Niagara/Shaders/Private/NiagaraClearCounts.usf" 2312
"../../../Engine/Plugins/FX/Niagara/Shaders/Private/NiagaraBatchedElements.usf" 2313
"../../../Engine/Plugins/FX/Niagara/Shaders/Private/NiagaraRayTracingShaders.usf" 2314
"../../../Engine/Plugins/FX/Niagara/Shaders/Private/NiagaraAsyncGpuTraceCommon.ush" 2315
"../../../Engine/Shaders/Private/HashTable.ush" 2316
"../../../Engine/Shaders/Private/Hash.ush" 2317
"../../../Engine/Shaders/Private/RayTracing/VFXTraceRay.ush" 2318
"../../../Engine/Plugins/FX/Niagara/Shaders/Private/NiagaraRayMarchingShaders.usf" 2319
"../../../Engine/Plugins/FX/Niagara/Shaders/Private/NiagaraRayTraceCollisionGroupShaders.usf" 2320
"../../../Engine/Plugins/FX/Niagara/Shaders/Private/NiagaraAsyncGpuTraceUtils.usf" 2321
"../../../Engine/Shaders/Private/VirtualTextureAdapter.usf" 2322
"../../../Engine/Shaders/Private/BlockCompressionCommon.ush" 2323
"../../../Engine/Shaders/Private/BCCompressionCommon.ush" 2324
"../../../Engine/Shaders/Private/TranslucentLightingShaders.usf" 2325
"../../../Engine/Shaders/Private/TranslucencyVolumeInjectionCommon.ush" 2326
"../../../Engine/Shaders/Private/CubemapCommon.ush" 2327
"../../../Engine/Shaders/Private/VectorFieldCompositeShaders.usf" 2328
"../../../Engine/Shaders/Private/UpdateTextureShaders.usf" 2329
"../../../Engine/Shaders/Private/StereoLayerShader.usf" 2330
"../../../Engine/Shaders/Private/SparseVolumeTexture/UpdateSparseVolumeTexture.usf" 2331
"../../../Engine/Shaders/Private/MorphTargets.usf" 2332
"../../../Engine/Shaders/Private/SimpleElementColorChannelMaskPixelShader.usf" 2333
"../../../Engine/Shaders/Private/SimpleElementHitProxyPixelShader.usf" 2334
"../../../Engine/Shaders/Private/SimpleElementPixelShader.usf" 2335
"../../../Engine/Shaders/Private/IESLightProfilesCommon.ush" 2336
"../../../Engine/Shaders/Private/SimpleElementVertexShader.usf" 2337
"../../../Engine/Shaders/Private/ScreenPixelShaderOES.usf" 2338
"../../../Engine/Shaders/Private/ScreenVertexShader.usf" 2339
"../../../Engine/Shaders/Private/ScreenPixelShader.usf" 2340
"../../../Engine/Shaders/Private/SSProfilePreIntegratedMobile.usf" 2341
"../../../Engine/Shaders/Private/SpecularProfile.usf" 2342
"../../../Engine/Shaders/Private/Nanite/NaniteStreaming.usf" 2343
"../../../Engine/Shaders/Private/Nanite/NaniteStreaming.ush" 2344
"../../../Engine/Shaders/Private/VolumetricLightmapStreaming.usf" 2345
"../../../Engine/Shaders/Private/PhysicsFieldReset.usf" 2346
"../../../Engine/Shaders/Private/PhysicsFieldBuilder.usf" 2347
"../../../Engine/Shaders/Private/PhysicsFieldEval.ush" 2348
"../../../Engine/Shaders/Private/ParticleSortKeyGen.usf" 2349
"../../../Engine/Shaders/Private/ParticleBoundsShader.usf" 2350
"../../../Engine/Shaders/Private/ParticleSimVisualizeShader.usf" 2351
"../../../Engine/Shaders/Private/ParticleInjectionShader.usf" 2352
"../../../Engine/Shaders/Private/ParticleSimulationShader.usf" 2353
"../../../Engine/Shaders/Private/ParticleCurveInjectionShader.usf" 2354
"../../../Engine/Shaders/Private/Nanite/NaniteTranscode.usf" 2355
"../../../Engine/Shaders/Private/Nanite/NaniteScatterUpdates.usf" 2356
"../../../Engine/Shaders/Private/CopyUIntBuffer.usf" 2357
"../../../Engine/Shaders/Private/RadixSortShaders.usf" 2358
"../../../Engine/Shaders/Private/RecomputeTangentsPerVertexPass.usf" 2359
"../../../Engine/Shaders/Private/RecomputeTangentsCommon.ush" 2360
"../../../Engine/Shaders/Private/RecomputeTangentsPerTrianglePass.usf" 2361
"../../../Engine/Shaders/Private/DynamicMeshBounds.usf" 2362
"../../../Engine/Shaders/Private/GpuSkinCacheComputeShader.usf" 2363
"../../../Engine/Shaders/Private/DynamicMeshBounds.ush" 2364
"../../../Engine/Shaders/Private/HeightFieldAtlasManagement.usf" 2365
"../../../Engine/Shaders/Private/Landscape/LandscapeEditLayersUtils.usf" 2366
"../../../Engine/Shaders/Private/Landscape/LandscapeCommon.ush" 2367
"../../../Engine/Shaders/Private/Landscape/LandscapeEditLayersWeightmaps.usf" 2368
"../../../Engine/Shaders/Private/Landscape/LandscapeEditLayersHeightmaps.usf" 2369
"../../../Engine/Shaders/Private/LandscapeLayersPS.usf" 2370
"../../../Engine/Shaders/Private/LandscapePhysicalMaterial.usf" 2371
"../../../Engine/Shaders/Private/LandscapeGrassWeight.usf" 2372
"../../../Engine/Shaders/Private/Landscape/LandscapeCulling.usf" 2373
"../../../Engine/Shaders/Private/Nanite/NaniteHZBCull.ush" 2374
"../../../Engine/Shaders/Private/HZB.ush" 2375
"../../../Engine/Shaders/Private/Landscape/LandscapeMergeTexturesPS.usf" 2376
"../../../Engine/Shaders/Private/WideCustomResolveShaders.usf" 2377
"../../../Engine/Shaders/Private/WideCustomResolve_Wide.ush" 2378
"../../../Engine/Shaders/Private/WideCustomResolve_Wider.ush" 2379
"../../../Engine/Shaders/Private/WideCustomResolve_Widest.ush" 2380
"../../../Engine/Shaders/Private/WaterInfoTextureBlur.usf" 2381
"../../../Engine/Shaders/Private/WaterInfoTextureMerge.usf" 2382
"../../../Engine/Shaders/Private/PageTableUpdate.usf" 2383
"../../../Engine/Shaders/Private/VirtualTextureCompress.usf" 2384
"../../../Engine/Shaders/Private/ASTCCompressionCommon.ush" 2385
"../../../Engine/Shaders/Private/IntegerSequenceEncoding.ush" 2386
"../../../Engine/Shaders/Private/ETCCompressionCommon.ush" 2387
"../../../Engine/Shaders/Private/VirtualTextureMaterial.usf" 2388
"../../../Engine/Shaders/Private/PixelShaderOutputCommon.ush" 2389
"../../../Engine/Shaders/Private/ShaderOutputCommon.ush" 2390
"../../../Engine/Shaders/Private/VolumetricRenderTarget.usf" 2391
"../../../Engine/Shaders/Private/HeightFogCommon.ush" 2392
"../../../Engine/Shaders/Private/LocalFogVolumes/LocalFogVolumeCommon.ush" 2393
"../../../Engine/Shaders/Private/ReflectionEnvironmentShared.ush" 2394
"../../../Engine/Shaders/Private/VolumetricFogVoxelization.usf" 2395
"../../../Engine/Shaders/Private/VolumetricCloudMaterialPixelCommon.ush" 2396
"../../../Engine/Shaders/Private/VolumetricFogLightFunction.usf" 2397
"../../../Engine/Shaders/Private/LightFunctionCommon.ush" 2398
"../../../Engine/Shaders/Private/VolumetricFog.usf" 2399
"../../../Engine/Shaders/Private/DeferredLightingCommon.ush" 2400
"../../../Engine/Shaders/Private/DynamicLightingCommon.ush" 2401
"../../../Engine/Shaders/Private/CapsuleLightIntegrate.ush" 2402
"../../../Engine/Shaders/Private/CapsuleLightSampling.ush" 2403
"../../../Engine/Shaders/Private/RectLightIntegrate.ush" 2404
"../../../Engine/Shaders/Private/ScreenSpaceShadowRayCast.ush" 2405
"../../../Engine/Shaders/Private/LightFunctionAtlas/LightFunctionAtlasCommon.usf" 2406
"../../../Engine/Shaders/Private/LightGridCommon.ush" 2407
"../../../Engine/Shaders/Private/DistanceFieldAOShared.ush" 2408
"../../../Engine/Shaders/Private/IntersectionUtils.ush" 2409
"../../../Engine/Shaders/Private/VolumeLightingCommon.ush" 2410
"../../../Engine/Shaders/Private/ShadowProjectionCommon.ush" 2411
"../../../Engine/Shaders/Private/ShadowFilteringCommon.ush" 2412
"../../../Engine/Shaders/Private/PixelQuadMessagePassing.ush" 2413
"../../../Engine/Shaders/Private/VolumeLightingCommonSampling.ush" 2414
"../../../Engine/Shaders/Private/VolumetricLightmapShared.ush" 2415
"../../../Engine/Shaders/Private/ForwardShadowingCommon.ush" 2416
"../../../Engine/Shaders/Private/LightDataUniforms.ush" 2417
"../../../Engine/Shaders/Private/Lumen/LumenTranslucencyVolumeShared.ush" 2418
"../../../Engine/Shaders/Private/Lumen/LumenRadianceCacheInterpolation.ush" 2419
"../../../Engine/Shaders/Private/VirtualShadowMaps/VirtualShadowMapProjectionCommon.ush" 2420
"../../../Engine/Shaders/Private/VirtualShadowMaps/VirtualShadowMapPageAccessCommon.ush" 2421
"../../../Engine/Shaders/Shared/VirtualShadowMapDefinitions.h" 2422
"../../../Engine/Shaders/Shared/HLSLMathAliases.h" 2423
"../../../Engine/Shaders/Private/VirtualShadowMaps/VirtualShadowMapHandle.ush" 2424
"../../../Engine/Shaders/Private/VirtualShadowMaps/VirtualShadowMapProjectionStructs.ush" 2425
"../../../Engine/Shaders/Private/DiaphragmDOF/DOFCommon.ush" 2426
"../../../Engine/Shaders/Private/VolumetricCloudCommon.ush" 2427
"../../../Engine/Shaders/Private/VolumetricCloud.usf" 2428
"../../../Engine/Shaders/Private/VisualizeVolumetricLightmap.usf" 2429
"../../../Engine/Shaders/Private/VirtualShadowMaps/VirtualShadowMapProjectionComposite.usf" 2430
"../../../Engine/Shaders/Private/LightShaderParameters.ush" 2431
"../../../Engine/Shaders/Private/VirtualShadowMaps/VirtualShadowMapMaskBitsCommon.ush" 2432
"../../../Engine/Shaders/Private/VirtualShadowMaps/VirtualShadowMapLightGrid.ush" 2433
"../../../Engine/Shaders/Private/VirtualShadowMaps/VirtualShadowMapProjection.usf" 2434
"../../../Engine/Shaders/Private/Visualization.ush" 2435
"../../../Engine/Shaders/Private/VirtualShadowMaps/VirtualShadowMapProjectionFilter.ush" 2436
"../../../Engine/Shaders/Private/VirtualShadowMaps/VirtualShadowMapProjectionDirectional.ush" 2437
"../../../Engine/Shaders/Private/VirtualShadowMaps/VirtualShadowMapSMRTCommon.ush" 2438
"../../../Engine/Shaders/Private/VirtualShadowMaps/VirtualShadowMapSMRTTemplate.ush" 2439
"../../../Engine/Shaders/Private/VirtualShadowMaps/VirtualShadowMapProjectionSpot.ush" 2440
"../../../Engine/Shaders/Private/VirtualShadowMaps/VirtualShadowMapTransmissionCommon.ush" 2441
"../../../Engine/Shaders/Private/VirtualShadowMaps/VirtualShadowMapScreenRayTrace.ush" 2442
"../../../Engine/Shaders/Private/VirtualShadowMaps/VirtualShadowMapStats.ush" 2443
"../../../Engine/Shaders/Private/HairStrands/HairStrandsVoxelPageCommon.ush" 2444
"../../../Engine/Shaders/Private/HairStrands/HairStrandsVoxelPageTraversal.ush" 2445
"../../../Engine/Shaders/Private/VirtualShadowMaps/VirtualShadowMapCacheGPUInvalidation.usf" 2446
"../../../Engine/Shaders/Private/VirtualShadowMaps/VirtualShadowMapPageCacheCommon.ush" 2447
"../../../Engine/Shaders/Private/VirtualShadowMaps/VirtualShadowMapCacheInvalidation.ush" 2448
"../../../Engine/Shaders/Private/VirtualShadowMaps/VirtualShadowMapPageOverlap.ush" 2449
"../../../Engine/Shaders/Private/ScreenSpaceDenoise/SSDDefinitions.ush" 2450
"../../../Engine/Shaders/Private/InstanceCulling/InstanceCullingLoadBalancer.ush" 2451
"../../../Engine/Shaders/Private/VirtualShadowMaps/VirtualShadowMapCacheLoadBalancer.usf" 2452
"../../../Engine/Shaders/Private/VirtualShadowMaps/VirtualShadowMapCopyStats.usf" 2453
"../../../Engine/Shaders/Private/VirtualShadowMaps/VirtualShadowMapShadowCasterBounds.usf" 2454
"../../../Engine/Shaders/Private/VirtualShadowMaps/VirtualShadowMapVisualize.ush" 2455
"../../../Engine/Shaders/Private/VirtualShadowMaps/VirtualShadowMapShadowCasterColor.usf" 2456
"../../../Engine/Shaders/Private/VirtualShadowMaps/VirtualShadowMapDebug.usf" 2457
"../../../Engine/Shaders/Private/VirtualShadowMaps/Desaturate.usf" 2458
"../../../Engine/Shaders/Private/VirtualShadowMaps/VirtualShadowMapPhysicalPageManagement.usf" 2459
"../../../Engine/Shaders/Private/ReductionCommon.ush" 2460
"../../../Engine/Shaders/Private/GPUMessaging.ush" 2461
"../../../Engine/Shaders/Private/VirtualShadowMaps/VirtualShadowMapPerPageDispatch.ush" 2462
"../../../Engine/Shaders/Private/VirtualShadowMaps/VirtualShadowMapComputeExplicitChunkDrawsViewMask.usf" 2463
"../../../Engine/Shaders/Shared/SceneCullingDefinitions.h" 2464
"../../../Engine/Shaders/Private/VirtualShadowMaps/VirtualShadowMapCompactViews.usf" 2465
"../../../Engine/Shaders/Private/VirtualShadowMaps/VirtualShadowMapBuildPerPageDrawCommands.usf" 2466
"../../../Engine/Shaders/Private/Nanite/NaniteCullingCommon.ush" 2467
"../../../Engine/Shaders/Private/Nanite/NaniteCulling.ush" 2468
"../../../Engine/Shaders/Private/Nanite/NaniteHierarchyTraversalCommon.ush" 2469
"../../../Engine/Shaders/Private/InstanceCulling/InstanceCullingCommon.ush" 2470
"../../../Engine/Shaders/Shared/InstanceCullingDefinitions.h" 2471
"../../../Engine/Shaders/Private/VirtualShadowMaps/VirtualShadowMapPrintStats.usf" 2472
"../../../Engine/Shaders/Private/VirtualShadowMaps/VirtualShadowMapPageManagement.usf" 2473
"../../../Engine/Shaders/Private/VirtualShadowMaps/VirtualShadowMapPageMarking.usf" 2474
"../../../Engine/Shaders/Private/VirtualShadowMaps/VirtualShadowMapPageMarking.ush" 2475
"../../../Engine/Shaders/Shared/SingleLayerWaterDefinitions.h" 2476
"../../../Engine/Shaders/Private/HairStrands/HairStrandsTileCommon.ush" 2477
"../../../Engine/Shaders/Private/Froxel/Froxel.ush" 2478
"../../../Engine/Shaders/Shared/FroxelDefinitions.h" 2479
"../../../Engine/Shaders/Private/VirtualShadowMaps/VirtualShadowMapThrottle.usf" 2480
"../../../Engine/Shaders/Private/VelocityUpdate.usf" 2481
"../../../Engine/Shaders/Private/VelocityCommon.ush" 2482
"../../../Engine/Shaders/Private/VelocityShader.usf" 2483
"../../../Engine/Shaders/Private/VariableRateShading/VRSShadingRatePreview.usf" 2484
"../../../Engine/Shaders/Private/VariableRateShading/VRSShadingRateCommon.ush" 2485
"../../../Engine/Shaders/Private/VariableRateShading/VRSShadingRateCombine.usf" 2486
"../../../Engine/Shaders/Private/VariableRateShading/VRSShadingRateFoveated.usf" 2487
"../../../Engine/Shaders/Private/VariableRateShading/VRSShadingRateReproject.usf" 2488
"../../../Engine/Shaders/Private/VariableRateShading/VRSShadingRateCalculate.usf" 2489
"../../../Engine/Shaders/Private/TranslucencyUpsampling.usf" 2490
"../../../Engine/Shaders/Private/ComposeSeparateTranslucency.usf" 2491
"../../../Engine/Shaders/Private/SeparateTranslucency.ush" 2492
"../../../Engine/Shaders/Private/TranslucencyVolumeVisualize.usf" 2493
"../../../Engine/Shaders/Private/TranslucencyVolumeCommon.ush" 2494
"../../../Engine/Shaders/Private/TranslucentLightInjectionShaders.usf" 2495
"../../../Engine/Shaders/Private/HeterogeneousVolumes/HeterogeneousVolumesAdaptiveVolumetricShadowMapSampling.ush" 2496
"../../../Engine/Shaders/Private/HeterogeneousVolumes/HeterogeneousVolumesAdaptiveVolumetricShadowMapUtils.ush" 2497
"../../../Engine/Shaders/Private/HeterogeneousVolumes/HeterogeneousVolumesBeerShadowMapUtils.ush" 2498
"../../../Engine/Shaders/Private/TranslucentShadowDepthShaders.usf" 2499
"../../../Engine/Shaders/Private/ShadowDepthCommon.ush" 2500
"../../../Engine/Shaders/Private/RayTracing/RayTracingTest.usf" 2501
"../../../Engine/Shaders/Private/PostprocessSubsurfaceTile.usf" 2502
"../../../Engine/Shaders/Private/PostProcessSubsurfaceCommon.ush" 2503
"../../../Engine/Shaders/Private/Substrate/SubstrateVisualize.usf" 2504
"../../../Engine/Shaders/Private/Substrate/SubstrateTile.ush" 2505
"../../../Engine/Shaders/Shared/SubstrateVisualizeDefinitions.h" 2506
"../../../Engine/Shaders/Private/Substrate/SubstrateVisualizeCommon.ush" 2507
"../../../Engine/Shaders/Private/SkyLightingDiffuseShared.ush" 2508
"../../../Engine/Shaders/Private/SkyLightingShared.ush" 2509
"../../../Engine/Shaders/Private/ClearCoatCommon.ush" 2510
"../../../Engine/Shaders/Private/ReflectionEnvironmentComposite.ush" 2511
"../../../Engine/Shaders/Private/Substrate/SubstrateLightingCommon.ush" 2512
"../../../Engine/Shaders/Private/Substrate/SubstrateRoughRefraction.usf" 2513
"../../../Engine/Shaders/Private/PathTracing/Material/PathTracingFresnel.ush" 2514
"../../../Engine/Shaders/Private/PathTracing/Material/PathTracingGlossy.ush" 2515
"../../../Engine/Shaders/Private/Substrate/SubstrateMaterialSampling.usf" 2516
"../../../Engine/Shaders/Private/Substrate/SubstrateMaterialSampling.ush" 2517
"../../../Engine/Shaders/Private/Lumen/LumenPosition.ush" 2518
"../../../Engine/Shaders/Private/Substrate/SubstrateTile.usf" 2519
"../../../Engine/Shaders/Private/Substrate/SubstrateMaterialClassification.usf" 2520
"../../../Engine/Shaders/Private/Substrate/SubstrateDBuffer.usf" 2521
"../../../Engine/Shaders/Private/StochasticLighting/StochasticLightingTileClassification.usf" 2522
"../../../Engine/Shaders/Private/Lumen/LumenMaterial.ush" 2523
"../../../Engine/Shaders/Private/HairStrands/HairStrandsVisibilityUtils.ush" 2524
"../../../Engine/Shaders/Private/Lumen/LumenReflectionCommon.ush" 2525
"../../../Engine/Shaders/Private/Lumen/LumenReflectionsCombine.ush" 2526
"../../../Engine/Shaders/Private/Lumen/LumenScreenProbeTileClassication.ush" 2527
"../../../Engine/Shaders/Private/MegaLights/MegaLightsTileClassification.ush" 2528
"../../../Engine/Shaders/Private/StochasticLighting/StochasticLightingUpsample.ush" 2529
"../../../Engine/Shaders/Private/StochasticLighting/StochasticLightingCommon.ush" 2530
"../../../Engine/Shaders/Private/SplineMeshSceneTexture.usf" 2531
"../../../Engine/Shaders/Private/SparseVolumeTexture/VisualizeSparseVolumeTexture.usf" 2532
"../../../Engine/Shaders/Private/SkyAtmosphere.usf" 2533
"../../../Engine/Shaders/Private/Nanite/NaniteSkinningUpdateViewData.usf" 2534
"../../../Engine/Shaders/Private/SceneCulling/SceneCulling.ush" 2535
"../../../Engine/Shaders/Private/Skinning/TransformProviders.usf" 2536
"../../../Engine/Shaders/Private/Skinning/SkinnedMeshDebug.usf" 2537
"../../../Engine/Shaders/Private/Skinning/AnimBankEval.usf" 2538
"../../../Engine/Shaders/Private/SingleLayerWaterComposite.usf" 2539
"../../../Engine/Shaders/Private/Froxel/FroxelBuild.ush" 2540
"../../../Engine/Shaders/Private/SingleLayerWaterRefractionCulling.usf" 2541
"../../../Engine/Shaders/Private/ScreenSpaceShadows.usf" 2542
"../../../Engine/Shaders/Private/bend_sss_gpu.ush" 2543
"../../../Engine/Shaders/Private/ShadowFactorsUpsampleCommon.ush" 2544
"../../../Engine/Shaders/Private/FirstPersonSelfShadow.usf" 2545
"../../../Engine/Shaders/Private/HZBTracing.ush" 2546
"../../../Engine/Shaders/Private/LateZDummyPS.usf" 2547
"../../../Engine/Shaders/Private/ShadowProjectionVertexShader.usf" 2548
"../../../Engine/Shaders/Private/ShadowProjectionPixelShader.usf" 2549
"../../../Engine/Shaders/Private/MobileLightingCommon.ush" 2550
"../../../Engine/Shaders/Private/PlanarReflectionShared.ush" 2551
"../../../Engine/Shaders/Private/MobileSSR.ush" 2552
"../../../Engine/Shaders/Private/SSRT/SSRTRayCast.ush" 2553
"../../../Engine/Shaders/Private/ShadowPercentageCloserFiltering.ush" 2554
"../../../Engine/Shaders/Private/TransmissionThickness.ush" 2555
"../../../Engine/Shaders/Private/CopyShadowMaps.usf" 2556
"../../../Engine/Shaders/Private/ShadowDepthPixelShader.usf" 2557
"../../../Engine/Shaders/Private/ShadowDepthVertexShader.usf" 2558
"../../../Engine/Shaders/Private/ShadingEnergyConservationTable.usf" 2559
"../../../Engine/Shaders/Shared/PathTracingDefinitions.h" 2560
"../../../Engine/Shaders/Private/ShadingFurnaceTest.usf" 2561
"../../../Engine/Shaders/Private/Substrate/SubstrateDeferredLighting.ush" 2562
"../../../Engine/Shaders/Private/ShaderPrintDraw.usf" 2563
"../../../Engine/Shaders/Private/ShaderPrintDrawPrimitive.usf" 2564
"../../../Engine/Shaders/Private/DefaultSSRTiles.usf" 2565
"../../../Engine/Shaders/Private/ScreenSpaceReflectionTileCommons.ush" 2566
"../../../Engine/Shaders/Private/SSRT/SSRTDiffuseIndirect.usf" 2567
"../../../Engine/Shaders/Private/SSRT/SSRTTileClassificationBuffer.ush" 2568
"../../../Engine/Shaders/Private/SSRT/SSRTReflections.usf" 2569
"../../../Engine/Shaders/Private/ScreenSpaceDenoise/SSDPublic.ush" 2570
"../../../Engine/Shaders/Private/SSRT/SSRTTileClassification.usf" 2571
"../../../Engine/Shaders/Private/SSRT/SSRTPrevFrameReduction.usf" 2572
"../../../Engine/Shaders/Private/ScreenSpaceDenoise/SSDComposeHarmonics.usf" 2573
"../../../Engine/Shaders/Private/ScreenSpaceDenoise/SSDPublicHarmonics.ush" 2574
"../../../Engine/Shaders/Private/ScreenSpaceDenoise/SSDSignalFramework.ush" 2575
"../../../Engine/Shaders/Private/ScreenSpaceDenoise/SSDCommon.ush" 2576
"../../../Engine/Shaders/Private/SphericalGaussian.ush" 2577
"../../../Engine/Shaders/Public/WaveBroadcastIntrinsics.ush" 2578
"../../../Engine/Shaders/Private/ScreenSpaceDenoise/SSDMetadata.ush" 2579
"../../../Engine/Shaders/Private/ScreenSpaceDenoise/SSDSignalCore.ush" 2580
"../../../Engine/Shaders/Private/ScreenSpaceDenoise/DenoisingCommon.ush" 2581
"../../../Engine/Shaders/Private/ScreenSpaceDenoise/SSDSignalArray.ush" 2582
"../../../Engine/Shaders/Private/ScreenSpaceDenoise/SSDSignalBufferEncoding.ush" 2583
"../../../Engine/Shaders/Private/ScreenSpaceDenoise/SSDPublicBufferEncoding.ush" 2584
"../../../Engine/Shaders/Private/Lumen/LumenBufferEncoding.ush" 2585
"../../../Engine/Shaders/Private/ScreenSpaceDenoise/SSDTemporalAccumulation.usf" 2586
"../../../Engine/Shaders/Private/ScreenSpaceDenoise/SSDSpatialKernel.ush" 2587
"../../../Engine/Shaders/Private/ScreenSpaceDenoise/SSDSignalAccumulatorArray.ush" 2588
"../../../Engine/Shaders/Private/ScreenSpaceDenoise/SSDSignalAccumulator.ush" 2589
"../../../Engine/Shaders/Private/ScreenSpaceDenoise/SSDSignalCompression.ush" 2590
"../../../Engine/Shaders/Private/ScreenSpaceDenoise/SSDSpatialAccumulation.usf" 2591
"../../../Engine/Shaders/Private/ScreenSpaceDenoise/SSDInjest.usf" 2592
"../../../Engine/Shaders/Private/ScreenSpaceDenoise/SSDCompressMetadata.usf" 2593
"../../../Engine/Shaders/Private/DownsampleDepthPixelShader.usf" 2594
"../../../Engine/Shaders/Private/ScreenPass.usf" 2595
"../../../Engine/Shaders/Private/HZB.usf" 2596
"../../../Engine/Shaders/Private/OcclusionFeedbackShaders.usf" 2597
"../../../Engine/Shaders/Private/HZBOcclusion.usf" 2598
"../../../Engine/Shaders/Private/OcclusionQueryPixelShader.usf" 2599
"../../../Engine/Shaders/Private/OcclusionQueryVertexShader.usf" 2600
"../../../Engine/Shaders/Private/HitProxyCopy.usf" 2601
"../../../Engine/Shaders/Private/HitProxyPixelShader.usf" 2602
"../../../Engine/Shaders/Private/HitProxyVertexShader.usf" 2603
"../../../Engine/Shaders/Private/SceneCulling/SceneCullingDebugRender.usf" 2604
"../../../Engine/Shaders/Private/SceneCulling/SceneCullingBuildExplicitBounds.usf" 2605
"../../../Engine/Shaders/Private/SceneCapturePixelShader.usf" 2606
"../../../Engine/Shaders/Private/RendererUtils.usf" 2607
"../../../Engine/Shaders/Private/RTWriteMaskDecode.usf" 2608
"../../../Engine/Shaders/Private/ReflectionEnvironmentShaders.usf" 2609
"../../../Engine/Shaders/Private/RectLightAtlas.usf" 2610
"../../../Engine/Shaders/Private/RayTracing/TraceRayInlineStatistics.usf" 2611
"../../../Engine/Shaders/Private/RayTracing/CompositeSkyLightPS.usf" 2612
"../../../Engine/Shaders/Private/RayTracing/GenerateSkyLightVisibilityRaysCS.usf" 2613
"../../../Engine/Shaders/Private/RayTracing/RayTracingSkyLightCommon.ush" 2614
"../../../Engine/Shaders/Private/RayTracing/SkyLightVisibilityRaysData.ush" 2615
"../../../Engine/Shaders/Private/Raytracing/RaytracingSkylightRGS.usf" 2616
"../../../Engine/Shaders/Private/HairStrands/HairStrandsRaytracing.ush" 2617
"../../../Engine/Shaders/Private/Raytracing/RayTracingSkyLightEvaluation.ush" 2618
"../../../Engine/Shaders/Private/Raytracing/RayTracingDeferredShadingCommon.ush" 2619
"../../../Engine/Shaders/Private/RayTracing/RayTracingOcclusionRGS.usf" 2620
"../../../Engine/Shaders/Private/RayTracing/RayTracingDirectionalLight.ush" 2621
"../../../Engine/Shaders/Private/RayTracing/RayTracingRectLight.ush" 2622
"../../../Engine/Shaders/Private/RayTracing/RayTracingSphereLight.ush" 2623
"../../../Engine/Shaders/Private/RayTracing/RayTracingCapsuleLight.ush" 2624
"../../../Engine/Shaders/Private/Raytracing/RayTracingFeedback.usf" 2625
"../../../Engine/Shaders/Shared/RayTracingDebugTypes.h" 2626
"../../../Engine/Shaders/Private/RayTracing/RayTracingPrimaryRays.usf" 2627
"../../../Engine/Shaders/Private/RayTracing/RayTracingLightingCommon.ush" 2628
"../../../Engine/Shaders/Private/RayTracing/RayTracingLightCullingCommon.ush" 2629
"../../../Engine/Shaders/Private/RayTracing/RayTracingMaterialDefaultHitShaders.usf" 2630
"../../../Engine/Shaders/Private/RayTracing/RayTracingMaterialHitShaders.usf" 2631
"../../../Engine/Shaders/Private/RayTracing/RayTracingShaderUtils.ush" 2632
"../../../Engine/Shaders/Private/RayTracing/RayTracingCalcInterpolants.ush" 2633
"../../../Engine/Shaders/Private/LightmapCommon.ush" 2634
"../../../Engine/Shaders/Private/Lumen/LumenHardwareRayTracingPayloadCommon.ush" 2635
"../../../Engine/Shaders/Shared/LumenDefinitions.h" 2636
"../../../Engine/Shaders/Private/Substrate/SubstrateExport.ush" 2637
"../../../Engine/Shaders/Private/RayTracing/RayTracingLightingMS.usf" 2638
"../../../Engine/Shaders/Private/Lumen/LumenDiffuseColorBoost.ush" 2639
"../../../Engine/Shaders/Private/RayTracing/RayTracingLightFunctionCommon.ush" 2640
"../../../Engine/Shaders/Private/RayTracing/RayTracingBuildLightGrid.usf" 2641
"../../../Engine/Shaders/Private/Raytracing/RayTracingInstanceBufferUtil.usf" 2642
"../../../Engine/Shaders/Private/RayTracing/RayTracingDynamicMesh.usf" 2643
"../../../Engine/Shaders/Private/RayTracing/RayTracingDefaultDecalHitShader.usf" 2644
"../../../Engine/Shaders/Private/RayTracing/RayTracingDecalMaterialShader.usf" 2645
"../../../Engine/Shaders/Private/PathTracing/PathTracingShaderUtils.ush" 2646
"../../../Engine/Shaders/Private/PathTracing/PathTracingCommon.ush" 2647
"../../../Engine/Shaders/Private/PathTracing/Material/PathTracingMaterialCommon.ush" 2648
"../../../Engine/Shaders/Private/PathTracing/Utilities/PathTracingRIS.ush" 2649
"../../../Engine/Shaders/Private/RayTracing/RayTracingBuildDecalGrid.usf" 2650
"../../../Engine/Shaders/Private/RayTracing/RayTracingDebugHitStatsUtils.usf" 2651
"../../../Engine/Shaders/Private/RayTracing/RayTracingDebugInstanceOverlap.usf" 2652
"../../../Engine/Shaders/Private/RayTracing/RayTracingDebugPicking.usf" 2653
"../../../Engine/Shaders/Private/RayTracing/RayTracingDebugUtils.ush" 2654
"../../../Engine/Shaders/Private/RayTracing/RayTracingDebugTraversal.usf" 2655
"../../../Engine/Shaders/Private/RayTracing/RayTracingDeferredMaterials.ush" 2656
"../../../Engine/Shaders/Shared/ThirdParty/AMD/ags_shader_intrinsics_dx12.h" 2657
"../../../Engine/Shaders/Shared/RayTracingDebugDefinitions.h" 2658
"../../../Engine/Shaders/Private/RayTracing/RayTracingDebugHitStatsCHS.usf" 2659
"../../../Engine/Shaders/Private/RayTracing/RayTracingDebugHitStats.usf" 2660
"../../../Engine/Shaders/Private/RayTracing/RayTracingDebugMS.usf" 2661
"../../../Engine/Shaders/Private/RayTracing/RayTracingDebugCHS.usf" 2662
"../../../Engine/Shaders/Private/RayTracing/RayTracingDebug.usf" 2663
"../../../Engine/Shaders/Private/RayTracing/RayTracingBuiltInShaders.usf" 2664
"../../../Engine/Shaders/Private/RayTracing/RayTracingBarycentrics.usf" 2665
"../../../Engine/Shaders/Private/RayTracing/RayTracingAmbientOcclusionRGS.usf" 2666
"../../../Engine/Shaders/Private/VisualizeShadingModels.usf" 2667
"../../../Engine/Shaders/Private/MotionBlur/VisualizeMotionVectors.usf" 2668
"../../../Engine/Shaders/Private/TemporalSuperResolution/TSRVisualize.usf" 2669
"../../../Engine/Shaders/Private/TemporalSuperResolution/TSRColorSpace.ush" 2670
"../../../Engine/Shaders/Private/TemporalSuperResolution/TSRCommon.ush" 2671
"../../../Engine/Shaders/Public/DualPixelVectorization.ush" 2672
"../../../Engine/Shaders/Private/TemporalSuperResolution/TSRReprojectionField.ush" 2673
"../../../Engine/Shaders/Private/TemporalSuperResolution/TSRResolveHistory.usf" 2674
"../../../Engine/Shaders/Private/TemporalSuperResolution/TSRConvolutionNetwork.ush" 2675
"../../../Engine/Shaders/Private/TemporalSuperResolution/TSRKernels.ush" 2676
"../../../Engine/Shaders/Public/LaneVectorization.ush" 2677
"../../../Engine/Shaders/Private/TemporalSuperResolution/TSRUpdateHistory.usf" 2678
"../../../Engine/Shaders/Private/TemporalSuperResolution/TSRSpatialAntiAliasing.ush" 2679
"../../../Engine/Shaders/Private/TemporalSuperResolution/TSRSpatialAntiAliasing.usf" 2680
"../../../Engine/Shaders/Private/TemporalSuperResolution/TSRRejectShading.usf" 2681
"../../../Engine/Shaders/Private/TemporalSuperResolution/TSRShadingAnalysis.ush" 2682
"../../../Engine/Shaders/Private/TemporalSuperResolution/TSRConvolutionNetworkPass.ush" 2683
"../../../Engine/Shaders/Private/TemporalSuperResolution/TSRDecimateHistory.usf" 2684
"../../../Engine/Shaders/Private/TemporalSuperResolution/TSRDepthVelocityAnalysis.ush" 2685
"../../../Engine/Shaders/Private/TemporalSuperResolution/TSRClosestOccluder.ush" 2686
"../../../Engine/Shaders/Private/TemporalSuperResolution/TSRWeightRelaxation.usf" 2687
"../../../Engine/Shaders/Private/TemporalSuperResolution/TSRThinGeometryCommon.ush" 2688
"../../../Engine/Shaders/Private/TemporalSuperResolution/TSRDetectThinGeometry.usf" 2689
"../../../Engine/Shaders/Private/TemporalSuperResolution/TSRDilateVelocity.usf" 2690
"../../../Engine/Shaders/Private/MotionBlur/MotionBlurVelocityFlatten.ush" 2691
"../../../Engine/Shaders/Private/MotionBlur/MotionBlurCommon.ush" 2692
"../../../Engine/Shaders/Private/TemporalSuperResolution/TSRClearPrevTextures.usf" 2693
"../../../Engine/Shaders/Private/TemporalSuperResolution/TSRMeasureCoverage.usf" 2694
"../../../Engine/Shaders/Private/TemporalSuperResolution/TSRMeasureFlickeringLuma.usf" 2695
"../../../Engine/Shaders/Private/TemporalAA.usf" 2696
"../../../Engine/Shaders/Private/SMAA/SMAADebugVisualization.usf" 2697
"../../../Engine/Shaders/Private/SMAA/SMAACommon.ush" 2698
"../../../Engine/Shaders/Private/SMAA/SMAA.ush" 2699
"../../../Engine/Shaders/Private/SMAA/SMAANeighborhoodBlendingShader.usf" 2700
"../../../Engine/Shaders/Private/SMAA/SMAABlendingWeightCalculationShader.usf" 2701
"../../../Engine/Shaders/Private/SMAA/SMAAEdgeDetectionShader.usf" 2702
"../../../Engine/Shaders/Private/FilterPixelShader.usf" 2703
"../../../Engine/Shaders/Private/FilterVertexShader.usf" 2704
"../../../Engine/Shaders/Private/VisualizeVirtualTexture.usf" 2705
"../../../Engine/Shaders/Private/PostProcessVisualizeBuffer.usf" 2706
"../../../Engine/Shaders/Private/PostProcessVisualizeLocalExposure.usf" 2707
"../../../Engine/Shaders/Private/PostProcessHistogramCommon.ush" 2708
"../../../Engine/Shaders/Private/TonemapCommon.ush" 2709
"../../../Engine/Shaders/Private/ACES/ACESCommon.ush" 2710
"../../../Engine/Shaders/Private/ACES/ACESOutputTransform.ush" 2711
"../../../Engine/Shaders/Private/ACES/ACESUtilities.ush" 2712
"../../../Engine/Shaders/Private/ACES/ACESTonescale.ush" 2713
"../../../Engine/Shaders/Private/ACES/ACESDisplayEncoding.ush" 2714
"../../../Engine/Shaders/Private/ACES/ACES_v1.3.ush" 2715
"../../../Engine/Shaders/Private/PostProcessVisualizeLevelInstance.usf" 2716
"../../../Engine/Shaders/Private/PostProcessVisualizeHDR.usf" 2717
"../../../Engine/Shaders/Private/ShaderComplexityApplyPixelShader.usf" 2718
"../../../Engine/Shaders/Private/QuadOverdraw.ush" 2719
"../../../Engine/Shaders/Private/PostProcessUpscale.usf" 2720
"../../../Engine/Shaders/Private/PostProcessTonemap.usf" 2721
"../../../Engine/Shaders/Private/PostProcessing/FilmGrainPackConstants.usf" 2722
"../../../Engine/Shaders/Private/PostProcessing/FilmGrainReduce.usf" 2723
"../../../Engine/Shaders/Private/PostProcessTestImage.usf" 2724
"../../../Engine/Shaders/Private/PostProcessSubsurface.usf" 2725
"../../../Engine/Shaders/Private/SeparableSSS.ush" 2726
"../../../Engine/Shaders/Private/SubsurfaceBurleyNormalized.ush" 2727
"../../../Engine/Shaders/Private/PostProcessSelectionOutline.usf" 2728
"../../../Engine/Shaders/Private/MotionBlur/MotionBlurVisualize.usf" 2729
"../../../Engine/Shaders/Private/MotionBlur/MotionBlurApply.usf" 2730
"../../../Engine/Shaders/Private/MotionBlur/MotionBlurFilterTileClassify.usf" 2731
"../../../Engine/Shaders/Private/MotionBlur/MotionBlurTileScatter.usf" 2732
"../../../Engine/Shaders/Private/MotionBlur/MotionBlurTileGather.usf" 2733
"../../../Engine/Shaders/Private/MotionBlur/MotionBlurVelocityFlatten.usf" 2734
"../../../Engine/Shaders/Private/PostProcessMobile.usf" 2735
"../../../Engine/Shaders/Private/PostProcessMitchellNetravali.usf" 2736
"../../../Engine/Shaders/Private/PostProcessMaterialShaders.usf" 2737
"../../../Engine/Shaders/Private/NeuralPostProcessCommon.usf" 2738
"../../../Engine/Shaders/Private/PostProcessLocalExposure.usf" 2739
"../../../Engine/Shaders/Private/PostProcessLensFlares.usf" 2740
"../../../Engine/Shaders/Private/PostProcessGBufferHints.usf" 2741
"../../../Engine/Shaders/Private/PostProcessHMD.usf" 2742
"../../../Engine/Shaders/Private/Histogram.usf" 2743
"../../../Engine/Shaders/Private/PostProcessExposureMaterial.ush" 2744
"../../../Engine/Shaders/Private/PostProcessHistogramReduce.usf" 2745
"../../../Engine/Shaders/Private/PostProcessHistogram.usf" 2746
"../../../Engine/Shaders/Private/Bloom/BloomFinalizeApplyConstants.usf" 2747
"../../../Engine/Shaders/Private/Bloom/BloomCommon.ush" 2748
"../../../Engine/Shaders/Private/Bloom/BloomResizeKernel.usf" 2749
"../../../Engine/Shaders/Private/Bloom/BloomDownsampleKernel.usf" 2750
"../../../Engine/Shaders/Private/Bloom/BloomClampKernel.usf" 2751
"../../../Engine/Shaders/Private/Bloom/BloomPackKernelConstants.usf" 2752
"../../../Engine/Shaders/Private/Bloom/BloomSumScatterDispersionEnergy.usf" 2753
"../../../Engine/Shaders/Private/Bloom/BloomReduceKernelSurvey.usf" 2754
"../../../Engine/Shaders/Private/Bloom/BloomSurveyKernelCenterEnergy.usf" 2755
"../../../Engine/Shaders/Private/Bloom/BloomSurveyMaxScatterDispersion.usf" 2756
"../../../Engine/Shaders/Private/Bloom/BloomFindKernelCenter.usf" 2757
"../../../Engine/Shaders/Private/PostProcessEyeAdaptation.usf" 2758
"../../../Engine/Shaders/Private/PostProcessEyeAdaptationUtils.usf" 2759
"../../../Engine/Shaders/Private/PostProcessDownsample.usf" 2760
"../../../Engine/Shaders/Private/PostProcessDOF.usf" 2761
"../../../Engine/Shaders/Private/PostProcessDeviceEncodingOnly.usf" 2762
"../../../Engine/Shaders/Private/PostProcessCompositePrimitives.usf" 2763
"../../../Engine/Shaders/Private/PostProcessCombineLUTs.usf" 2764
"../../../Engine/Shaders/Private/PostProcessVisualizeDOF.usf" 2765
"../../../Engine/Shaders/Private/PostProcessBloom.usf" 2766
"../../../Engine/Shaders/Private/PostProcessAmbientOcclusionMobile.usf" 2767
"../../../Engine/Shaders/Private/PostProcessAmbientOcclusionCommon.ush" 2768
"../../../Engine/Shaders/Private/FXAAShader.usf" 2769
"../../../Engine/Shaders/Private/Fxaa3_11.ush" 2770
"../../../Engine/Shaders/Private/PaniniProjection.usf" 2771
"../../../Engine/Shaders/Private/DiaphragmDOF/DOFRecombine.usf" 2772
"../../../Engine/Shaders/Private/DiaphragmDOF/DOFHybridScatterPixelShader.usf" 2773
"../../../Engine/Shaders/Private/DiaphragmDOF/DOFHybridScatterCommon.ush" 2774
"../../../Engine/Shaders/Private/DiaphragmDOF/DOFVignetteCommon.ush" 2775
"../../../Engine/Shaders/Private/DiaphragmDOF/DOFHybridScatterVertexShader.usf" 2776
"../../../Engine/Shaders/Private/DiaphragmDOF/DOFPostfiltering.usf" 2777
"../../../Engine/Shaders/Private/DiaphragmDOF/DOFGatherTileSuggest.ush" 2778
"../../../Engine/Shaders/Private/DiaphragmDOF/DOFCocTileCommon.ush" 2779
"../../../Engine/Shaders/Private/DiaphragmDOF/DOFGatherPass.usf" 2780
"../../../Engine/Shaders/Private/DiaphragmDOF/DOFGatherCommon.ush" 2781
"../../../Engine/Shaders/Private/DiaphragmDOF/DOFGatherAccumulator.ush" 2782
"../../../Engine/Shaders/Private/DiaphragmDOF/DOFGatherKernel.ush" 2783
"../../../Engine/Shaders/Private/DiaphragmDOF/DOFBokehLUT.usf" 2784
"../../../Engine/Shaders/Private/DiaphragmDOF/DOFHybridScatterCompilation.usf" 2785
"../../../Engine/Shaders/Private/DiaphragmDOF/DOFReduce.usf" 2786
"../../../Engine/Shaders/Private/DiaphragmDOF/DOFDownsample.ush" 2787
"../../../Engine/Shaders/Private/DiaphragmDOF/DOFHybridScatterCompilation.ush" 2788
"../../../Engine/Shaders/Private/DiaphragmDOF/DOFDownsample.usf" 2789
"../../../Engine/Shaders/Private/DiaphragmDOF/DOFCocTileDilate.usf" 2790
"../../../Engine/Shaders/Private/DiaphragmDOF/DOFCocTileFlatten.usf" 2791
"../../../Engine/Shaders/Private/DiaphragmDOF/DOFSetup.usf" 2792
"../../../Engine/Shaders/Private/Tools/DebugAlphaChannel.usf" 2793
"../../../Engine/Shaders/Private/PostProcessAlphaInvert.usf" 2794
"../../../Engine/Shaders/Private/PlanarReflectionShaders.usf" 2795
"../../../Engine/Shaders/Private/PhysicsFieldVisualizer.usf" 2796
"../../../Engine/Shaders/Private/PathTracing/PathTracingSpatialTemporalDenoising.usf" 2797
"../../../Engine/Shaders/Private/ColorDifference.ush" 2798
"../../../Engine/Shaders/Private/PathTracing/PathTracingCompositingPixelShader.usf" 2799
"../../../Engine/Shaders/Private/PathTracing/PathTracingAdaptiveUtils.ush" 2800
"../../../Engine/Shaders/Private/PathTracing/PathTracingDefaultHitShader.usf" 2801
"../../../Engine/Shaders/Private/PathTracing/PathTracingGPULightmassMaterialHitShader.usf" 2802
"../../../Engine/Shaders/Private/PathTracing/PathTracingMaterialHitShader.usf" 2803
"../../../Engine/Shaders/Private/PathTracing/Material/PathTracingSubstrateCommon.ush" 2804
"../../../Engine/Shaders/Private/PathTracing/PathTracingLightingMissShader.usf" 2805
"../../../Engine/Shaders/Private/PathTracing/PathTracingMissShader.usf" 2806
"../../../Engine/Shaders/Private/PathTracing/PathTracingAdaptiveStart.usf" 2807
"../../../Engine/Shaders/Private/PathTracing/PathTracingBuildAdaptiveError.usf" 2808
"../../../Engine/Shaders/Private/PathTracing/PathTracingVolumetricCloudMaterialShader.usf" 2809
"../../../Engine/Shaders/Private/PathTracing/Volume/PathTracingCloudsMaterialCommon.ush" 2810
"../../../Engine/Shaders/Private/PathTracing/Volume/PathTracingVolumeCommon.ush" 2811
"../../../Engine/Shaders/Private/PathTracing/Volume/PathTracingCloudsCommon.ush" 2812
"../../../Engine/Shaders/Private/PathTracing/Volume/PathTracingFog.ush" 2813
"../../../Engine/Shaders/Private/PathTracing/Volume/PathTracingAtmosphere.ush" 2814
"../../../Engine/Shaders/Private/PathTracing/Volume/PathTracingAtmosphereCommon.ush" 2815
"../../../Engine/Shaders/Private/PathTracing/Volume/PathTracingVolumeSampling.ush" 2816
"../../../Engine/Shaders/Private/PathTracing/PathTracingBuildCloudAccelerationMap.usf" 2817
"../../../Engine/Shaders/Private/PathTracing/PathTracingBuildAtmosphereLUT.usf" 2818
"../../../Engine/Shaders/Private/PathTracing/PathTracingSwizzleScanlines.usf" 2819
"../../../Engine/Shaders/Private/PathTracing/PathTracingInitExtinctionCoefficient.usf" 2820
"../../../Engine/Shaders/Private/PathTracing/PathTracingCopyDepth.usf" 2821
"../../../Engine/Shaders/Private/PathTracing/PathTracingDebug.usf" 2822
"../../../Engine/Shaders/Private/RayTracing/RayTracingDecalGrid.ush" 2823
"../../../Engine/Shaders/Private/PathTracing/Material/PathTracingMaterialSampling.ush" 2824
"../../../Engine/Shaders/Private/PathTracing/Material/PathTracingLambert.ush" 2825
"../../../Engine/Shaders/Private/PathTracing/Material/PathTracingSubstrate.ush" 2826
"../../../Engine/Shaders/Private/PathTracing/Material/PathTracingSubstrateFoliage.ush" 2827
"../../../Engine/Shaders/Private/PathTracing/Material/PathTracingSubstrateSolidGlass.ush" 2828
"../../../Engine/Shaders/Private/PathTracing/Material/PathTracingSubstrateThinGlass.ush" 2829
"../../../Engine/Shaders/Private/PathTracing/Material/PathTracingSolidGlass.ush" 2830
"../../../Engine/Shaders/Private/PathTracing/Material/PathTracingEnergyConservation.ush" 2831
"../../../Engine/Shaders/Private/PathTracing/Material/PathTracingThinGlass.ush" 2832
"../../../Engine/Shaders/Private/PathTracing/Material/PathTracingDefaultLit.ush" 2833
"../../../Engine/Shaders/Private/PathTracing/Material/PathTracingClearCoat.ush" 2834
"../../../Engine/Shaders/Private/PathTracing/Material/PathTracingTwoSidedFoliage.ush" 2835
"../../../Engine/Shaders/Private/PathTracing/Material/PathTracingCloth.ush" 2836
"../../../Engine/Shaders/Private/PathTracing/Material/PathTracingSubsurfaceProfile.ush" 2837
"../../../Engine/Shaders/Private/PathTracing/Material/PathTracingEye.ush" 2838
"../../../Engine/Shaders/Private/PathTracing/Material/PathTracingHair.ush" 2839
"../../../Engine/Shaders/Private/PathTracing/Material/PathTracingMedium.ush" 2840
"../../../Engine/Shaders/Private/PathTracing/Light/PathTracingLightSampling.ush" 2841
"../../../Engine/Shaders/Private/PathTracing/Light/PathTracingLightCommon.ush" 2842
"../../../Engine/Shaders/Private/PathTracing/Light/PathTracingDirectionalLight.ush" 2843
"../../../Engine/Shaders/Private/PathTracing/Light/PathTracingPointLight.ush" 2844
"../../../Engine/Shaders/Private/PathTracing/Light/PathTracingCapsuleLight.ush" 2845
"../../../Engine/Shaders/Private/PathTracing/Light/PathTracingRectLight.ush" 2846
"../../../Engine/Shaders/Private/PathTracing/Light/PathTracingSkyLight.ush" 2847
"../../../Engine/Shaders/Private/PathTracing/Light/PathTracingLightGrid.ush" 2848
"../../../Engine/Shaders/Private/PathTracing/PathTracing.usf" 2849
"../../../Engine/Shaders/Private/PathTracing/PathTracingCore.ush" 2850
"../../../Engine/Shaders/Private/HeterogeneousVolumes/HeterogeneousVolumesVoxelGridTypes.ush" 2851
"../../../Engine/Shaders/Private/PathTracing/Volume/PathTracingVolume.ush" 2852
"../../../Engine/Shaders/Private/PathTracing/Volume/PathTracingClouds.ush" 2853
"../../../Engine/Shaders/Private/PathTracing/Volume/PathTracingHeterogeneousVolumes.ush" 2854
"../../../Engine/Shaders/Private/HeterogeneousVolumes/HeterogeneousVolumesTracingUtils.ush" 2855
"../../../Engine/Shaders/Private/HeterogeneousVolumes/HeterogeneousVolumesVoxelGridTraversal.ush" 2856
"../../../Engine/Shaders/Private/HeterogeneousVolumes/HeterogeneousVolumesVoxelGridUtils.ush" 2857
"../../../Engine/Shaders/Private/HeterogeneousVolumes/HeterogeneousVolumesFrustumVoxelGridUtils.ush" 2858
"../../../Engine/Shaders/Private/PathTracing/PathTracingBuildLightGrid.usf" 2859
"../../../Engine/Shaders/Private/PathTracing/PathTracingSkylightMISCompensation.usf" 2860
"../../../Engine/Shaders/Private/PathTracing/PathTracingSkylightPrepare.usf" 2861
"../../../Engine/Shaders/Private/OIT/OITSorting.usf" 2862
"../../../Engine/Shaders/Private/OITCombine.usf" 2863
"../../../Engine/Shaders/Private/OITCommon.ush" 2864
"../../../Engine/Shaders/Private/Nanite/Voxel/RasterizeBricks.usf" 2865
"../../../Engine/Shaders/Private/Nanite/Voxel/Brick.ush" 2866
"../../../Engine/Shaders/Private/Nanite/Voxel/Voxel.ush" 2867
"../../../Engine/Shaders/Private/Nanite/Voxel/ScatterBricks.usf" 2868
"../../../Engine/Shaders/Private/Nanite/Voxel/TileBricks.usf" 2869
"../../../Engine/Shaders/Private/Nanite/Voxel/AutoVoxel.usf" 2870
"../../../Engine/Shaders/Private/Nanite/NaniteDebugViews.usf" 2871
"../../../Engine/Shaders/Private/Nanite/NaniteEditorCommon.ush" 2872
"../../../Engine/Shaders/Private/BinarySearch.ush" 2873
"../../../Engine/Shaders/Private/Nanite/NaniteDepthDecode.usf" 2874
"../../../Engine/Shaders/Private/HTileEncoding.ush" 2875
"../../../Engine/Shaders/Private/Nanite/NaniteVisualize.usf" 2876
"../../../Engine/Shaders/Private/Nanite/NaniteStreamOut.usf" 2877
"../../../Engine/Shaders/Private/Nanite/NaniteHierarchyTraversal.ush" 2878
"../../../Engine/Shaders/Private/Nanite/NaniteShadeBinning.usf" 2879
"../../../Engine/Shaders/Private/Nanite/NaniteShadeCommon.ush" 2880
"../../../Engine/Shaders/Private/Nanite/NaniteFastClear.usf" 2881
"../../../Engine/Shaders/Private/Nanite/NaniteRayTracing.usf" 2882
"../../../Engine/Shaders/Private/Nanite/NaniteExportGBuffer.usf" 2883
"../../../Engine/Shaders/Private/Nanite/NaniteClusterCulling.usf" 2884
"../../../Engine/Shaders/Private/Nanite/NanitePrintStats.usf" 2885
"../../../Engine/Shaders/Private/Nanite/NaniteRasterizer.usf" 2886
"../../../Engine/Shaders/Private/Nanite/NaniteRasterizationCommon.ush" 2887
"../../../Engine/Shaders/Private/Nanite/NaniteRasterizer.ush" 2888
"../../../Engine/Shaders/Private/Nanite/NaniteWritePixel.ush" 2889
"../../../Engine/Shaders/Private/Nanite/NaniteTessellation.ush" 2890
"../../../Engine/Shaders/Private/WorkDistribution.ush" 2891
"../../../Engine/Shaders/Private/Nanite/NaniteDice.ush" 2892
"../../../Engine/Shaders/Private/ShaderBundleWorkGraphCommon.ush" 2893
"../../../Engine/Shaders/Public/RootConstants.ush" 2894
"../../../Engine/Shaders/Public/Platform/D3D/D3DRootConstants.ush" 2895
"../../../Engine/Shaders/Private/Nanite/NaniteSplit.usf" 2896
"../../../Engine/Shaders/Private/Nanite/NaniteRasterBinning.usf" 2897
"../../../Engine/Shaders/Private/Nanite/NaniteInstanceCulling.usf" 2898
"../../../Engine/Shaders/Private/Nanite/NaniteImposter.ush" 2899
"../../../Engine/Shaders/Private/Nanite/NaniteInstanceHierarchyCulling.usf" 2900
"../../../Engine/Shaders/Private/WorkGroupLoadBalancer.ush" 2901
"../../../Engine/Shaders/Private/Nanite/NanitePrimitiveFilter.usf" 2902
"../../../Engine/Shaders/Private/Nanite/NaniteRasterClear.usf" 2903
"../../../Engine/Shaders/Private/Nanite/NaniteDepthExport.usf" 2904
"../../../Engine/Shaders/Private/Nanite/NaniteEmitShadow.usf" 2905
"../../../Engine/Shaders/Private/MobileDeferredUtils.usf" 2906
"../../../Engine/Shaders/Private/MobileLocalLightsBuffer.usf" 2907
"../../../Engine/Shaders/Private/MobileFog.usf" 2908
"../../../Engine/Shaders/Private/DistortApplyScreenPS.usf" 2909
"../../../Engine/Shaders/Private/MobileDeferredShading.usf" 2910
"../../../Engine/Shaders/Private/MobileBasePassPixelShader.usf" 2911
"../../../Engine/Shaders/Private/MobileBasePassCommon.ush" 2912
"../../../Engine/Shaders/Private/BasePassCommon.ush" 2913
"../../../Engine/Shaders/Private/ShadingModelsMaterial.ush" 2914
"../../../Engine/Shaders/Private/ThinTranslucentCommon.ush" 2915
"../../../Engine/Shaders/Private/SingleLayerWaterShading.ush" 2916
"../../../Engine/Shaders/Private/DistortionCommon.ush" 2917
"../../../Engine/Shaders/Private/Substrate/SubstrateMobileForwardLighting.ush" 2918
"../../../Engine/Shaders/Private/MobileBasePassVertexShader.usf" 2919
"../../../Engine/Shaders/Private/MeshEdges.usf" 2920
"../../../Engine/Shaders/Private/MegaLights/MegaLightsSampling.usf" 2921
"../../../Engine/Shaders/Shared/MegaLightsDefinitions.h" 2922
"../../../Engine/Shaders/Private/MegaLights/MegaLightsShading.ush" 2923
"../../../Engine/Shaders/Private/MegaLights/MegaLights.ush" 2924
"../../../Engine/Shaders/Private/MegaLights/MegaLightsMaterial.ush" 2925
"../../../Engine/Shaders/Private/MegaLights/MegaLightsRayTracing.ush" 2926
"../../../Engine/Shaders/Private/MegaLights/MegaLightsSampling.ush" 2927
"../../../Engine/Shaders/Private/MegaLights/MegaLightsVolumeSampling.usf" 2928
"../../../Engine/Shaders/Private/MegaLights/MegaLightsVolume.ush" 2929
"../../../Engine/Shaders/Private/MegaLights/MegaLights.usf" 2930
"../../../Engine/Shaders/Private/HairStrands/HairStrandsScreenTracing.ush" 2931
"../../../Engine/Shaders/Private/MegaLights/MegaLightsFilterVisibleLightHash.usf" 2932
"../../../Engine/Shaders/Private/MegaLights/MegaLightsShading.usf" 2933
"../../../Engine/Shaders/Private/Lumen/LumenReflectionDenoiserCommon.ush" 2934
"../../../Engine/Shaders/Private/MegaLights/MegaLightsVisibleLightHash.usf" 2935
"../../../Engine/Shaders/Private/MegaLights/MegaLightsVolumeShading.usf" 2936
"../../../Engine/Shaders/Private/MegaLights/MegaLightsVSMMarking.usf" 2937
"../../../Engine/Shaders/Private/MegaLights/MegaLightsVSMTracing.usf" 2938
"../../../Engine/Shaders/Private/MegaLights/MegaLightsRayTracing.usf" 2939
"../../../Engine/Shaders/Private/DistanceField/GlobalDistanceFieldUtils.ush" 2940
"../../../Engine/Shaders/Private/Lumen/LumenScreenTracing.ush" 2941
"../../../Engine/Shaders/Private/MegaLights/MegaLightsVolumeRayTracing.usf" 2942
"../../../Engine/Shaders/Private/MegaLights/MegaLightsVolumeHardwareRayTracing.usf" 2943
"../../../Engine/Shaders/Private/Lumen/LumenHardwareRayTracingCommon.ush" 2944
"../../../Engine/Shaders/Private/RayTracing/RayTracingReflectionEnvironment.ush" 2945
"../../../Engine/Shaders/Private/Lumen/LumenHardwareRayTracingPlatformCommon.ush" 2946
"../../../Engine/Shaders/Private/Lumen/LumenTracingCommon.ush" 2947
"../../../Engine/Shaders/Private/Lumen/SurfaceCache/LumenSurfaceCacheSampling.ush" 2948
"../../../Engine/Shaders/Private/Lumen/SurfaceCache/LumenSurfaceCache.ush" 2949
"../../../Engine/Shaders/Private/Lumen/LumenCardCommon.ush" 2950
"../../../Engine/Shaders/Private/Lumen/LumenCardTileShadowDownsampleFactor.ush" 2951
"../../../Engine/Shaders/Private/MegaLights/MegaLightsHardwareRayTracing.usf" 2952
"../../../Engine/Shaders/Private/MegaLights/MegaLightsDebug.usf" 2953
"../../../Engine/Shaders/Private/MegaLights/MegaLightsDenoiserSpatial.usf" 2954
"../../../Engine/Shaders/Private/MegaLights/MegaLightsDenoiserTemporal.usf" 2955
"../../../Engine/Shaders/Private/MaterialCache/MaterialCacheABufferPages.usf" 2956
"../../../Engine/Shaders/Private/MaterialCache/MaterialCacheShade.usf" 2957
"../../../Engine/Shaders/Private/MaterialCache/MaterialCacheShadeCommon.ush" 2958
"../../../Engine/Shaders/Private/MaterialCache/MaterialCacheUnwrapNaniteShade.usf" 2959
"../../../Engine/Shaders/Private/MaterialCache/MaterialCacheUnwrapPixelShader.usf" 2960
"../../../Engine/Shaders/Private/MaterialCache/MaterialCacheUnwrapVertexShader.usf" 2961
"../../../Engine/Shaders/Private/Lumen/LumenVisualizeRadianceCache.usf" 2962
"../../../Engine/Shaders/Private/Lumen/LumenRadianceCacheCommon.ush" 2963
"../../../Engine/Shaders/Private/Lumen/LumenVisualizeHardwareRayTracing.usf" 2964
"../../../Engine/Shaders/Private/Lumen/LumenVisualize.ush" 2965
"../../../Engine/Shaders/Private/Lumen/LumenHairTracing.ush" 2966
"../../../Engine/Shaders/Private/Lumen/LumenVisualize.usf" 2967
"../../../Engine/Shaders/Private/Lumen/LumenSoftwareRayTracing.ush" 2968
"../../../Engine/Shaders/Private/DistanceField/GlobalDistanceFieldObjectGrid.ush" 2969
"../../../Engine/Shaders/Private/DistanceFieldLightingShared.ush" 2970
"../../../Engine/Shaders/Private/Lumen/LumenVisualizeTraces.ush" 2971
"../../../Engine/Shaders/Private/Lumen/LumenTranslucencyVolumeLighting.usf" 2972
"../../../Engine/Shaders/Private/Lumen/LumenRadianceCacheMarkCommon.ush" 2973
"../../../Engine/Shaders/Private/Lumen/LumenTranslucencyVolumeLightingShared.ush" 2974
"../../../Engine/Shaders/Private/Lumen/LumenScreenProbeCommon.ush" 2975
"../../../Engine/Shaders/Private/RayTracing/RayGenUtils.ush" 2976
"../../../Engine/Shaders/Private/Lumen/LumenRadianceCacheTracingCommon.ush" 2977
"../../../Engine/Shaders/Private/Lumen/LumenTranslucencyVolumeHardwareRayTracing.usf" 2978
"../../../Engine/Shaders/Private/Lumen/LumenTranslucencyRadianceCacheMarkShaders.usf" 2979
"../../../Engine/Shaders/Private/Lumen/SurfaceCache/LumenSurfaceCache.usf" 2980
"../../../Engine/Shaders/Private/Lumen/LumenVirtualTextureCommon.ush" 2981
"../../../Engine/Shaders/Private/Lumen/LumenShortRangeAOHardwareRayTracing.usf" 2982
"../../../Engine/Shaders/Private/Lumen/LumenScreenSpaceBentNormal.ush" 2983
"../../../Engine/Shaders/Private/Lumen/LumenScreenSpaceBentNormal.usf" 2984
"../../../Engine/Shaders/Private/Lumen/LumenScreenProbeTracing.usf" 2985
"../../../Engine/Shaders/Private/Lumen/LumenScreenProbeTracingCommon.ush" 2986
"../../../Engine/Shaders/Private/Lumen/LumenFloatQuantization.ush" 2987
"../../../Engine/Shaders/Private/Lumen/LumenScreenProbeImportanceSampling.usf" 2988
"../../../Engine/Shaders/Private/Lumen/LumenScreenProbeImportanceSamplingShared.ush" 2989
"../../../Engine/Shaders/Private/Lumen/LumenScreenProbeHardwareRayTracing.usf" 2990
"../../../Engine/Shaders/Private/Lumen/LumenScreenProbeDebug.usf" 2991
"../../../Engine/Shaders/Private/Lumen/LumenScreenProbeGather.usf" 2992
"../../../Engine/Shaders/Private/Lumen/LumenScreenProbeGatherTemporal.usf" 2993
"../../../Engine/Shaders/Private/Lumen/LumenScreenProbeFiltering.usf" 2994
"../../../Engine/Shaders/Private/Lumen/LumenSceneLighting.usf" 2995
"../../../Engine/Shaders/Private/Lumen/LumenCardTile.ush" 2996
"../../../Engine/Shaders/Private/Lumen/LumenSceneLighting.ush" 2997
"../../../Engine/Shaders/Private/Lumen/Radiosity/LumenRadiosity.ush" 2998
"../../../Engine/Shaders/Private/Lumen/LumenSceneLightingDebug.usf" 2999
"../../../Engine/Shaders/Private/Lumen/LumenScene.usf" 3000
"../../../Engine/Shaders/Private/Lumen/LumenSceneDirectLightingHardwareRayTracing.usf" 3001
"../../../Engine/Shaders/Private/Lumen/LumenSceneDirectLightingStochastic.ush" 3002
"../../../Engine/Shaders/Private/Lumen/LumenSceneDirectLighting.ush" 3003
"../../../Engine/Shaders/Private/Lumen/LumenSceneDebugHardwareRayTracing.usf" 3004
"../../../Engine/Shaders/Private/Lumen/LumenSceneDirectLightingStochastic.usf" 3005
"../../../Engine/Shaders/Private/Lumen/LumenSceneDirectLightingSoftwareRayTracing.usf" 3006
"../../../Engine/Shaders/Private/DistanceFieldShadowingShared.ush" 3007
"../../../Engine/Shaders/Private/Lumen/LumenSceneDirectLightingPerLightShadowCommon.ush" 3008
"../../../Engine/Shaders/Private/Lumen/LumenSceneDirectLightingShadowMask.usf" 3009
"../../../Engine/Shaders/Private/Lumen/LumenSceneDirectLighting.usf" 3010
"../../../Engine/Shaders/Private/Lumen/LumenSceneDirectLightingCulling.usf" 3011
"../../../Engine/Shaders/Private/Lumen/LumenCardComputeShader.usf" 3012
"../../../Engine/Shaders/Private/Lumen/LumenCardBasePass.ush" 3013
"../../../Engine/Shaders/Private/Lumen/LumenCardPixelShader.usf" 3014
"../../../Engine/Shaders/Private/Lumen/LumenCardVertexShader.usf" 3015
"../../../Engine/Shaders/Private/Lumen/LumenReSTIRGather.usf" 3016
"../../../Engine/Shaders/Private/Lumen/LumenReflectionTracing.usf" 3017
"../../../Engine/Shaders/Private/Lumen/LumenReflectionDenoiserSpatial.usf" 3018
"../../../Engine/Shaders/Private/Lumen/LumenReflectionDenoiserClear.usf" 3019
"../../../Engine/Shaders/Private/Lumen/LumenReflectionDenoiserTemporal.usf" 3020
"../../../Engine/Shaders/Private/Lumen/LumenReflectionResolve.usf" 3021
"../../../Engine/Shaders/Private/Lumen/LumenReflections.usf" 3022
"../../../Engine/Shaders/Private/Lumen/RayTracedTranslucency.usf" 3023
"../../../Engine/Shaders/Private/Lumen/LumenReflectionHardwareRayTracing.usf" 3024
"../../../Engine/Shaders/Private/Lumen/Radiosity/LumenVisualizeRadiosityProbes.usf" 3025
"../../../Engine/Shaders/Private/Lumen/Radiosity/LumenRadiosity.usf" 3026
"../../../Engine/Shaders/Private/Lumen/Radiosity/LumenRadiosityHardwareRayTracing.usf" 3027
"../../../Engine/Shaders/Private/Lumen/Radiosity/LumenRadiosityCulling.usf" 3028
"../../../Engine/Shaders/Private/Lumen/LumenRadianceCacheHardwareRayTracing.usf" 3029
"../../../Engine/Shaders/Private/Lumen/LumenRadianceCache.usf" 3030
"../../../Engine/Shaders/Private/Lumen/LumenRadianceCacheUpdate.ush" 3031
"../../../Engine/Shaders/Private/Lumen/LumenRadianceCacheDebug.usf" 3032
"../../../Engine/Shaders/Private/Lumen/LumenRadianceCacheUpdate.usf" 3033
"../../../Engine/Shaders/Private/Lumen/LumenMeshSDFCulling.usf" 3034
"../../../Engine/Shaders/Private/HybridIndirectLighting.ush" 3035
"../../../Engine/Shaders/Private/MeshDistanceFieldCommon.ush" 3036
"../../../Engine/Shaders/Private/Lumen/LumenIrradianceFieldGather.usf" 3037
"../../../Engine/Shaders/Private/Lumen/LumenHardwareRayTracingMaterials.usf" 3038
"../../../Engine/Shaders/Private/Lumen/LumenFrontLayerTranslucency.usf" 3039
"../../../Engine/Shaders/Private/LocalFogVolumes/LocalFogVolumeSplat.usf" 3040
"../../../Engine/Shaders/Private/LocalFogVolumes/LocalFogVolumeTiledCulling.usf" 3041
"../../../Engine/Shaders/Private/LightShaftShader.usf" 3042
"../../../Engine/Shaders/Private/StationaryLightOverlapShaders.usf" 3043
"../../../Engine/Shaders/Private/DeferredLightPixelShaders.usf" 3044
"../../../Engine/Shaders/Private/DeferredLightVertexShaders.usf" 3045
"../../../Engine/Shaders/Private/LightMapDensityShader.usf" 3046
"../../../Engine/Shaders/Private/LightGridInjection.usf" 3047
"../../../Engine/Shaders/Shared/LightGridDefinitions.h" 3048
"../../../Engine/Shaders/Private/LightFunctionPixelShader.usf" 3049
"../../../Engine/Shaders/Private/LightFunctionVertexShader.usf" 3050
"../../../Engine/Shaders/Private/LightFunctionAtlas/LightFunctionAtlasRender.usf" 3051
"../../../Engine/Shaders/Private/InstanceCulling/InstanceCullingOcclusionQuery.usf" 3052
"../../../Engine/Shaders/Private/InstanceCulling/InstanceCullingSetup.ush" 3053
"../../../Engine/Shaders/Private/InstanceCulling/BuildInstanceDrawCommands.usf" 3054
"../../../Engine/Shaders/Private/InstanceCulling/InstanceCompactionCommon.ush" 3055
"../../../Engine/Shaders/Private/SceneDataMobileWriter.ush" 3056
"../../../Engine/Shaders/Private/InstanceCulling/CompactVisibleInstances.usf" 3057
"../../../Engine/Shaders/Private/ReflectionEnvironmentPixelShader.usf" 3058
"../../../Engine/Shaders/Private/AmbientCubemapComposite.usf" 3059
"../../../Engine/Shaders/Private/DiffuseIndirectComposite.usf" 3060
"../../../Engine/Shaders/Private/IESAtlas.usf" 3061
"../../../Engine/Shaders/Private/HeterogeneousVolumes/HeterogeneousVolumesVisualizeCascades.usf" 3062
"../../../Engine/Shaders/Private/HeterogeneousVolumes/HeterogeneousVolumesVoxelGridShadows.usf" 3063
"../../../Engine/Shaders/Private/HeterogeneousVolumes/HeterogeneousVolumesStochasticFiltering.ush" 3064
"../../../Engine/Shaders/Private/HeterogeneousVolumes/HeterogeneousVolumesVoxelGridRenderingUtils.ush" 3065
"../../../Engine/Shaders/Private/HeterogeneousVolumes/HeterogeneousVolumesLightingUtils.ush" 3066
"../../../Engine/Shaders/Private/HeterogeneousVolumes/HeterogeneousVolumesRayMarchingUtils.ush" 3067
"../../../Engine/Shaders/Private/HeterogeneousVolumes/HeterogeneousVolumesRayMarchingTypes.ush" 3068
"../../../Engine/Shaders/Private/HeterogeneousVolumes/HeterogeneousVolumesTransmittanceVolumeUtils.ush" 3069
"../../../Engine/Shaders/Private/HeterogeneousVolumes/HeterogeneousVolumesAdaptiveVolumetricShadowMapSampler.ush" 3070
"../../../Engine/Shaders/Private/HeterogeneousVolumes/HeterogeneousVolumesVoxelGridRendering.usf" 3071
"../../../Engine/Shaders/Private/HeterogeneousVolumes/HeterogeneousVolumesVoxelGridPipeline.usf" 3072
"../../../Engine/Shaders/Private/HeterogeneousVolumes/HeterogeneousVolumesMaterialBakingPipeline.usf" 3073
"../../../Engine/Shaders/Private/HeterogeneousVolumes/HeterogeneousVolumesLiveShadingUtils.ush" 3074
"../../../Engine/Shaders/Private/HeterogeneousVolumes/HeterogeneousVolumesFrustumVoxelGrid.usf" 3075
"../../../Engine/Shaders/Private/HeterogeneousVolumes/HeterogeneousVolumesSparseVoxelPipeline.usf" 3076
"../../../Engine/Shaders/Private/HeterogeneousVolumes/HeterogeneousVolumesSparseVoxelUtils.ush" 3077
"../../../Engine/Shaders/Private/HeterogeneousVolumes/HeterogeneousVolumesSparseVoxelUniformBufferUtils.ush" 3078
"../../../Engine/Shaders/Private/HeterogeneousVolumes/HeterogeneousVolumesPreshadingPipeline.usf" 3079
"../../../Engine/Shaders/Private/HeterogeneousVolumes/HeterogeneousVolumesShadowMask.usf" 3080
"../../../Engine/Shaders/Private/HeterogeneousVolumes/HeterogeneousVolumesLiveShadingShadows.usf" 3081
"../../../Engine/Shaders/Private/HeterogeneousVolumes/HeterogeneousVolumesLiveShadingGlobalPipeline.usf" 3082
"../../../Engine/Shaders/Private/HeterogeneousVolumes/HeterogeneousVolumesLiveShadingPipeline.usf" 3083
"../../../Engine/Shaders/Private/HeterogeneousVolumes/HeterogeneousVolumesHardwareRayTracing.usf" 3084
"../../../Engine/Shaders/Private/HeterogeneousVolumes/HeterogeneousVolumesAmbientOcclusionPipeline.usf" 3085
"../../../Engine/Shaders/Private/HeterogeneousVolumes/HeterogeneousVolumesComposite.usf" 3086
"../../../Engine/Shaders/Private/HdrCustomResolveShaders.usf" 3087
"../../../Engine/Shaders/Private/HairStrands/RenderCurveRaster.usf" 3088
"../../../Engine/Shaders/Shared/RenderCurveDefinitions.h" 3089
"../../../Engine/Shaders/Private/HairStrands/HairStrandsVoxelRasterCompute.usf" 3090
"../../../Engine/Shaders/Private/HairStrands/HairStrandsHitProxy.usf" 3091
"../../../Engine/Shaders/Private/HairStrands/HairStrandsVisibilityRasterComputeNaive.usf" 3092
"../../../Engine/Shaders/Private/HairStrands/HairStrandsVisibilityRasterHW.usf" 3093
"../../../Engine/Shaders/Private/HairStrands/HairStrandsVisibilityRasterCompute.usf" 3094
"../../../Engine/Shaders/Private/HairStrands/HairStrandsVisibilityRasterClassification.usf" 3095
"../../../Engine/Shaders/Private/HairStrands/HairStrandsCoverage.usf" 3096
"../../../Engine/Shaders/Private/HairStrands/HairStrandsVisibilityDepthPS.usf" 3097
"../../../Engine/Shaders/Private/HairStrands/HairStrandsVisibilityTransmittanceDepthPS.usf" 3098
"../../../Engine/Shaders/Private/HairStrands/HairStrandsVisibilityFillOpaqueDepthPS.usf" 3099
"../../../Engine/Shaders/Private/HairStrands/HairStrandsVisibilityCompactionComputeRaster.usf" 3100
"../../../Engine/Shaders/Private/HairStrands/HairStrandsVisibilityCompaction.usf" 3101
"../../../Engine/Shaders/Private/HairStrands/HairStrandsVisibilityCopyIndirectArg.usf" 3102
"../../../Engine/Shaders/Private/HairStrands/HairStrandsVisibilityClearPS.usf" 3103
"../../../Engine/Shaders/Private/HairStrands/HairStrandsVisibilityPS.usf" 3104
"../../../Engine/Shaders/Private/HairStrands/HairStrandsVisibilityVS.usf" 3105
"../../../Engine/Shaders/Private/HairStrands/HairStrandsVelocity.usf" 3106
"../../../Engine/Shaders/Private/HairStrands/HairStrandsVisibilityComputeSampleCoverage.usf" 3107
"../../../Engine/Shaders/Private/HairStrands/HairStrandsMaterialPS.usf" 3108
"../../../Engine/Shaders/Private/HairStrands/HairStrandsMaterialCommon.ush" 3109
"../../../Engine/Shaders/Private/HairStrands/HairStrandsMaterialVS.usf" 3110
"../../../Engine/Shaders/Private/HairStrands/HairStrandsLightSample.usf" 3111
"../../../Engine/Shaders/Private/HairStrands/HairStrandsDeepShadowMask.usf" 3112
"../../../Engine/Shaders/Private/HairStrands/HairStrandsDeepTransmittanceMask.usf" 3113
"../../../Engine/Shaders/Private/HairStrands/HairStrandsVisibilityTile.usf" 3114
"../../../Engine/Shaders/Private/HairStrands/HairStrandsDeepShadowPS.usf" 3115
"../../../Engine/Shaders/Private/HairStrands/HairStrandsDeepShadowVS.usf" 3116
"../../../Engine/Shaders/Private/HairStrands/HairStrandsAABB.usf" 3117
"../../../Engine/Shaders/Private/HairStrands/HairStrandsLUT.usf" 3118
"../../../Engine/Shaders/Private/HairStrands/HairStrandsForwardRaster.usf" 3119
"../../../Engine/Shaders/Private/HairStrands/HairStrandsForwardCulling.usf" 3120
"../../../Engine/Shaders/Private/HairStrands/HairStrandsEnvironmentLighting.usf" 3121
"../../../Engine/Shaders/Private/HairStrands/HairStrandsEnvironmentAO.usf" 3122
"../../../Engine/Shaders/Private/HairStrands/HairStrandsDeepShadowAllocation.usf" 3123
"../../../Engine/Shaders/Private/HairStrands/HairStrandsVoxelDebug.usf" 3124
"../../../Engine/Shaders/Private/HairStrands/HairStrandsComposition.usf" 3125
"../../../Engine/Shaders/Private/HairStrands/HairStrandsGBufferCommon.ush" 3126
"../../../Engine/Shaders/Private/GPUScene/GPUSceneDataManagement.usf" 3127
"../../../Engine/Shaders/Private/GPUSceneDebugRender.usf" 3128
"../../../Engine/Shaders/Private/GPUFeedbackCompaction.usf" 3129
"../../../Engine/Shaders/Private/GPUFastFourierTransform.usf" 3130
"../../../Engine/Shaders/Private/GPUFastFourierTransform2DCore.ush" 3131
"../../../Engine/Shaders/Private/GPUFastFourierTransformCore.ush" 3132
"../../../Engine/Shaders/Private/GPUBenchmark.usf" 3133
"../../../Engine/Shaders/Private/DistanceField/GlobalDistanceFieldDebug.usf" 3134
"../../../Engine/Shaders/Private/DistanceField/GlobalDistanceFieldUpdate.ush" 3135
"../../../Engine/Shaders/Private/DistanceField/GlobalDistanceFieldMip.usf" 3136
"../../../Engine/Shaders/Private/DistanceField/GlobalDistanceField.usf" 3137
"../../../Engine/Shaders/Private/DistanceField/GlobalDistanceFieldCompositeObjects.usf" 3138
"../../../Engine/Shaders/Private/DistanceField/GlobalDistanceFieldHeightfields.usf" 3139
"../../../Engine/Shaders/Private/HeightfieldLightingShared.ush" 3140
"../../../Engine/Shaders/Private/GenerateConservativeDepth.usf" 3141
"../../../Engine/Shaders/Private/HeightFogPixelShader.usf" 3142
"../../../Engine/Shaders/Private/HeightFogVertexShader.usf" 3143
"../../../Engine/Shaders/Private/DistortFiltering.usf" 3144
"../../../Engine/Shaders/Private/DistortAccumulatePS.usf" 3145
"../../../Engine/Shaders/Private/DistortAccumulateVS.usf" 3146
"../../../Engine/Shaders/Private/DistanceFieldVisualization.usf" 3147
"../../../Engine/Shaders/Private/DistanceFieldStreaming.usf" 3148
"../../../Engine/Shaders/Private/DistanceFieldShadowing.usf" 3149
"../../../Engine/Shaders/Private/DistanceFieldScreenGridLighting.usf" 3150
"../../../Engine/Shaders/Private/DistanceFieldObjectCulling.usf" 3151
"../../../Engine/Shaders/Private/DistanceFieldLightingPost.usf" 3152
"../../../Engine/Shaders/Private/DitheredTransitionStencil.usf" 3153
"../../../Engine/Shaders/Private/CopyDepthTexture.usf" 3154
"../../../Engine/Shaders/Private/CopyDepthTextureCS.usf" 3155
"../../../Engine/Shaders/Private/DeferredDecal.usf" 3156
"../../../Engine/Shaders/Private/DecalCommon.ush" 3157
"../../../Engine/Shaders/Private/DebugViewModeVertexShader.usf" 3158
"../../../Engine/Shaders/Private/DebugViewModeCommon.ush" 3159
"../../../Engine/Shaders/Private/DebugViewModePixelShader.usf" 3160
"../../../Engine/Shaders/Private/DebugProbes.usf" 3161
"../../../Engine/Shaders/Private/MeshDecals.usf" 3162
"../../../Engine/Shaders/Private/PostProcessAmbientOcclusion.usf" 3163
"../../../Engine/Shaders/Private/ClusteredDeferredShadingPixelShader.usf" 3164
"../../../Engine/Shaders/Private/ClusteredDeferredShadingVertexShader.usf" 3165
"../../../Engine/Shaders/Private/CapsuleShadowShaders.usf" 3166
"../../../Engine/Shaders/Private/BasePassPixelShader.usf" 3167
"../../../Engine/Shaders/Private/ForwardLightingCommon.ush" 3168
"../../../Engine/Shaders/Private/Substrate/SubstrateForwardLighting.ush" 3169
"../../../Engine/Shaders/Private/ComputeShaderOutputCommon.ush" 3170
"../../../Engine/Shaders/Private/BasePassVertexShader.usf" 3171
"../../../Engine/Shaders/Private/BasePassVertexCommon.ush" 3172
"../../../Engine/Shaders/Private/SimpleElementVolumeTexturePreviewPixelShader.usf" 3173
"../../../Engine/Shaders/Private/SimpleElementTexture2DPreviewPixelShader.usf" 3174
"../../../Engine/Shaders/Private/meshpaintdilatepixelshader.usf" 3175
"../../../Engine/Shaders/Private/meshpaintdilatevertexshader.usf" 3176
"../../../Engine/Shaders/Private/MeshPaintPixelShader.usf" 3177
"../../../Engine/Shaders/Private/MeshPaintVertexShader.usf" 3178
"../../../Engine/Shaders/Private/SlateElementPixelShader.usf" 3179
"../../../Engine/Shaders/Private/SlateShaderCommon.ush" 3180
"../../../Engine/Shaders/Private/SlateMaskingShader.usf" 3181
"../../../Engine/Shaders/Private/SlateVertexShader.usf" 3182
"../../../Engine/Shaders/Private/CompositeUIPixelShader.usf" 3183
"../../../Engine/Shaders/Private/ColorDeficiency.ush" 3184
"../../../Engine/Shaders/Private/SlatePostProcessColorDeficiencyPixelShader.usf" 3185
"../../../Engine/Shaders/Private/SlatePostProcessPixelShader.usf" 3186
"../../../Engine/Shaders/Private/Tools/VisualizeTexture.usf" 3187
"../../../Engine/Shaders/Private/UpdateDescriptorHandle.usf" 3188
"../../../Engine/Shaders/Private/ByteBuffer.usf" 3189
"../../../Engine/Shaders/Private/ShaderBundleWorkGraphDispatch.usf" 3190
"../../../Engine/Shaders/Private/ShaderBundleDispatch.usf" 3191
"../../../Engine/Shaders/Private/ResolveVertexShader.usf" 3192
"../../../Engine/Shaders/Private/ResolvePixelShader.usf" 3193
"../../../Engine/Shaders/Private/Tools/SetupIndirectArgs.usf" 3194
"../../../Engine/Shaders/Private/ClearReplacementShaders.usf" 3195
"../../../Engine/Shaders/Private/Tools/DrawTexture.usf" 3196
"../../../Engine/Shaders/Private/RayTracing/RayTracingValidation.usf" 3197
"../../../Engine/Shaders/Private/RenderGraphUtilities.usf" 3198
"../../../Engine/Shaders/Private/OneColorShader.usf" 3199
"../../../Engine/Shaders/Private/OculusShaders.usf" 3200
"../../../Engine/Shaders/Private/MediaShaders.usf" 3201
"../../../Engine/Shaders/Private/GPUMessaging.usf" 3202
"../../../Engine/Shaders/Private/Tools/GPUDebugCrashUtils.usf" 3203
"../../../Engine/Shaders/Private/NullPixelShader.usf" 3204
"../../../Engine/Shaders/Private/ComputeGenerateMips.usf" 3205
"../../../Engine/Shaders/Private/Tools/DumpTexture.usf" 3206
"../../../Engine/Shaders/Private/CopyTextureShaders.usf" 3207
"../../../Engine/Shaders/Private/Tools/FullscreenVertexShader.usf" 3208
"../../../Engine/Shaders/Private/RayTracing/RayTracingDispatchDesc.usf" 3209
"../../../Engine/Shaders/Private/Bink.usf" 3210
"../../../Engine/Shaders/Private/DepthOnlyPixelShader.usf" 3211
"../../../Engine/Shaders/Private/PositionOnlyDepthVertexShader.usf" 3212
"../../../Engine/Shaders/Private/DepthOnlyVertexShader.usf" 3213
"../../../Engine/Shaders/Private/AnisotropyPassShader.usf" 3214
"/Engine/EngineResources/WhiteSquareTexture" 3215
"../../../Engine/Content/EngineResources/WhiteSquareTexture.uasset" 3216
"/Engine/EngineResources/GradientTexture0" 3217
"../../../Engine/Content/EngineResources/GradientTexture0.uasset" 3218
"/Engine/EngineResources/Black" 3219
"../../../Engine/Content/EngineResources/Black.uasset" 3220
"/Engine/EditorResources/S_Actor" 3221
"../../../Engine/Content/EditorResources/S_Actor.uasset" 3222
"/Engine/EngineFonts/RobotoDistanceField" 3223
"../../../Engine/Content/EngineFonts/RobotoDistanceField.uasset" 3224
"/Engine/EngineMaterials/DefaultTextMaterialOpaque" 3225
"../../../Engine/Content/EngineMaterials/DefaultTextMaterialOpaque.uasset" 3226
"/Engine/Functions/Engine_MaterialFunctions01/Shading/PowerToRoughness" 3227
"../../../Engine/Content/Functions/Engine_MaterialFunctions01/Shading/PowerToRoughness.uasset" 3228
"/Engine/Functions/Engine_MaterialFunctions01/Shading/ConvertFromDiffSpec" 3229
"../../../Engine/Content/Functions/Engine_MaterialFunctions01/Shading/ConvertFromDiffSpec.uasset" 3230
"/Engine/EngineMaterials/WorldGridMaterial" 3231
"../../../Engine/Content/EngineMaterials/WorldGridMaterial.uasset" 3232
"../../../Engine/Content/Functions/Engine_MaterialFunctions01/Opacity/CameraDepthFade.uasset" 3233
"../../../Engine/Content/EngineMaterials/T_Default_Material_Grid_M.uasset" 3234
"../../../Engine/Content/EngineMaterials/T_Default_Material_Grid_N.uasset" 3235
"/Engine/EngineMaterials/DefaultDeferredDecalMaterial" 3236
"../../../Engine/Content/EngineMaterials/DefaultDeferredDecalMaterial.uasset" 3237
"../../../Engine/Content/EngineMaterials/DefaultDiffuse.uasset" 3238
"/Engine/EngineMaterials/DefaultLightFunctionMaterial" 3239
"../../../Engine/Content/EngineMaterials/DefaultLightFunctionMaterial.uasset" 3240
"/Engine/EngineMaterials/DefaultPostProcessMaterial" 3241
"../../../Engine/Content/EngineMaterials/DefaultPostProcessMaterial.uasset" 3242
"../../../Engine/Content/Functions/Engine_MaterialFunctions02/Utility/BreakOutFloat2Components.uasset" 3243
"/Engine/EditorResources/S_Trigger" 3244
"../../../Engine/Content/EditorResources/S_Trigger.uasset" 3245
"/Engine/EditorResources/S_BoxReflectionCapture" 3246
"../../../Engine/Content/EditorResources/S_BoxReflectionCapture.uasset" 3247
"/Engine/EngineResources/DefaultTexture" 3248
"../../../Engine/Content/EngineResources/DefaultTexture.uasset" 3249
"/Engine/EditorResources/S_TriggerBox" 3250
"../../../Engine/Content/EditorResources/S_TriggerBox.uasset" 3251
"/Engine/EditorResources/S_TriggerCapsule" 3252
"../../../Engine/Content/EditorResources/S_TriggerCapsule.uasset" 3253
"/Engine/EditorResources/S_TriggerSphere" 3254
"../../../Engine/Content/EditorResources/S_TriggerSphere.uasset" 3255
"/Engine/EngineMeshes/Sphere" 3256
"../../../Engine/Content/EngineMeshes/Sphere.uasset" 3257
"/Engine/EngineDamageTypes/DmgTypeBP_Environmental" 3258
"../../../Engine/Content/EngineDamageTypes/DmgTypeBP_Environmental.uasset" 3259
"/Engine/EngineResources/DefaultTextureCube" 3260
"../../../Engine/Content/EngineResources/DefaultTextureCube.uasset" 3261
"/Engine/EngineResources/DefaultVolumeTexture" 3262
"../../../Engine/Content/EngineResources/DefaultVolumeTexture.uasset" 3263
"../../../Engine/Content/EngineResources/DefaultVolumeTexture2D.uasset" 3264
"/Engine/EditorResources/S_Solver" 3265
"../../../Engine/Content/EditorResources/S_Solver.uasset" 3266
"/Engine/EngineDebugMaterials/VolumeToRender" 3267
"../../../Engine/Content/EngineDebugMaterials/VolumeToRender.uasset" 3268
"/Engine/EngineDebugMaterials/M_VolumeRenderSphereTracePP" 3269
"../../../Engine/Content/EngineDebugMaterials/M_VolumeRenderSphereTracePP.uasset" 3270
"../../../Engine/Content/Functions/Engine_MaterialFunctions02/Utility/CameraDirectionVector.uasset" 3271
"/Engine/EditorMeshes/Camera/SM_CraneRig_Base" 3272
"../../../Engine/Content/EditorMeshes/Camera/SM_CraneRig_Base.uasset" 3273
"../../../Engine/Content/EditorMaterials/Camera/MI_CineMat_Rig.uasset" 3274
"../../../Engine/Content/EditorMaterials/Camera/CineMat.uasset" 3275
"/Engine/EditorMeshes/Camera/SM_CraneRig_Arm" 3276
"../../../Engine/Content/EditorMeshes/Camera/SM_CraneRig_Arm.uasset" 3277
"/Engine/EditorMeshes/Camera/SM_CraneRig_Mount" 3278
"../../../Engine/Content/EditorMeshes/Camera/SM_CraneRig_Mount.uasset" 3279
"/Engine/EditorMeshes/Camera/SM_CraneRig_Body" 3280
"../../../Engine/Content/EditorMeshes/Camera/SM_CraneRig_Body.uasset" 3281
"/Engine/EditorMeshes/Camera/SM_RailRig_Track" 3282
"../../../Engine/Content/EditorMeshes/Camera/SM_RailRig_Track.uasset" 3283
"/Engine/EditorMeshes/Camera/SM_RailRig_Mount" 3284
"../../../Engine/Content/EditorMeshes/Camera/SM_RailRig_Mount.uasset" 3285
"/Engine/EditorLandscapeResources/SplineEditorMesh" 3286
"../../../Engine/Content/EditorLandscapeResources/SplineEditorMesh.uasset" 3287
"../../../Engine/Content/EditorLandscapeResources/SplineEditorMeshMat.uasset" 3288
"/HairStrands/Materials/HairDebugMaterial" 3289
"../../Plugins/Runtime/HairStrands/Content/Materials/HairDebugMaterial.uasset" 3290
"../../../Engine/Content/Functions/Engine_MaterialFunctions02/Utility/MakeFloat2.uasset" 3291
"../../../Engine/Content/Functions/Engine_MaterialFunctions02/Utility/MakeFloat3.uasset" 3292
"../../../Engine/Content/EngineMaterials/HairColorMap.uasset" 3293
"../../../Engine/Content/EngineMaterials/HairDebugColor.uasset" 3294
"../../Plugins/Runtime/HairStrands/Content/Materials/HairGroupColors.uasset" 3295
"/HairStrands/Materials/HairDefaultMaterial" 3296
"../../Plugins/Runtime/HairStrands/Content/Materials/HairDefaultMaterial.uasset" 3297
"/HairStrands/Materials/HairCardsDefaultMaterial" 3298
"../../Plugins/Runtime/HairStrands/Content/Materials/HairCardsDefaultMaterial.uasset" 3299
"/HairStrands/Materials/HairMeshesDefaultMaterial" 3300
"../../Plugins/Runtime/HairStrands/Content/Materials/HairMeshesDefaultMaterial.uasset" 3301
"/Engine/EngineMaterials/Widget3DPassThrough_Translucent" 3302
"../../../Engine/Content/EngineMaterials/Widget3DPassThrough_Translucent.uasset" 3303
"../../../Engine/Content/EngineMaterials/Widget3DPassThrough.uasset" 3304
"/Engine/EngineMaterials/Widget3DPassThrough_Translucent_OneSided" 3305
"../../../Engine/Content/EngineMaterials/Widget3DPassThrough_Translucent_OneSided.uasset" 3306
"/Engine/EngineMaterials/Widget3DPassThrough_Opaque" 3307
"../../../Engine/Content/EngineMaterials/Widget3DPassThrough_Opaque.uasset" 3308
"/Engine/EngineMaterials/Widget3DPassThrough_Opaque_OneSided" 3309
"../../../Engine/Content/EngineMaterials/Widget3DPassThrough_Opaque_OneSided.uasset" 3310
"/Engine/EngineMaterials/Widget3DPassThrough_Masked" 3311
"../../../Engine/Content/EngineMaterials/Widget3DPassThrough_Masked.uasset" 3312
"/Engine/EngineMaterials/Widget3DPassThrough_Masked_OneSided" 3313
"../../../Engine/Content/EngineMaterials/Widget3DPassThrough_Masked_OneSided.uasset" 3314
"/Engine/VREditor/ViewportInteractionAssetContainerData" 3315
"../../../Engine/Content/VREditor/ViewportInteractionAssetContainerData.uasset" 3316
"../../../Engine/Content/VREditor/SnapGrid/SnapGridMaterial.uasset" 3317
"../../../Engine/Content/VREditor/TransformGizmo/TransformGizmoMaterial_Inst.uasset" 3318
"../../../Engine/Content/VREditor/TransformGizmo/TranslucentTransformGizmoMaterial_Inst.uasset" 3319
"../../../Engine/Content/VREditor/SnapGrid/SnapGridPlaneMesh.uasset" 3320
"../../../Engine/Content/VREditor/Sounds/UI/Drop_Item_From_ContentBrowser.uasset" 3321
"../../../Engine/Content/VREditor/Sounds/UI/Gizmo_Handle_Clicked.uasset" 3322
"../../../Engine/Content/VREditor/Sounds/UI/Object_PickUp.uasset" 3323
"../../../Engine/Content/VREditor/Sounds/UI/Object_Snaps_To_Another_Actor.uasset" 3324
"../../../Engine/Content/VREditor/Sounds/UI/Object_Snaps_To_Grid.uasset" 3325
"../../../Engine/Content/VREditor/Sounds/UI/Scaling_Down.uasset" 3326
"../../../Engine/Content/VREditor/Sounds/UI/Scaling_Up.uasset" 3327
"../../../Engine/Content/VREditor/Sounds/UI/Selection_Changes.uasset" 3328
"../../../Engine/Content/VREditor/TransformGizmo/PlaneTranslationHandle.uasset" 3329
"../../../Engine/Content/VREditor/TransformGizmo/RotationHandleFull.uasset" 3330
"../../../Engine/Content/VREditor/TransformGizmo/RotationHandleIndicator.uasset" 3331
"../../../Engine/Content/VREditor/TransformGizmo/RotationHandleQuarter.uasset" 3332
"../../../Engine/Content/VREditor/TransformGizmo/StartRotationHandleIndicator.uasset" 3333
"../../../Engine/Content/VREditor/TransformGizmo/TransformGizmoFreeRotation.uasset" 3334
"../../../Engine/Content/VREditor/TransformGizmo/TranslateArrowHandle.uasset" 3335
"../../../Engine/Content/VREditor/TransformGizmo/UniformScaleHandle.uasset" 3336
"../../../Engine/Content/Functions/Engine_MaterialFunctions02/Math/Transform3x3Matrix.uasset" 3337
"../../../Engine/Content/Functions/Engine_MaterialFunctions02/SplitComponents.uasset" 3338
"../../../Engine/Content/VREditor/TransformGizmo/TransformGizmoMaterial.uasset" 3339
"../../../Engine/Content/VREditor/TransformGizmo/TranslucentTransformGizmoMaterial.uasset" 3340
"../../../Engine/Content/Functions/Engine_MaterialFunctions02/Utility/BreakOutFloat3Components.uasset" 3341
"../../../Engine/Content/VREditor/LaserPointer/VR_LaserPower_01.uasset" 3342
"/Engine/VREditor/TransformGizmo/BoundingBoxCorner" 3343
"../../../Engine/Content/VREditor/TransformGizmo/BoundingBoxCorner.uasset" 3344
"/Engine/VREditor/TransformGizmo/BoundingBoxEdge" 3345
"../../../Engine/Content/VREditor/TransformGizmo/BoundingBoxEdge.uasset" 3346
"/Engine/ArtTools/RenderToTexture/Meshes/S_1_Unit_Plane" 3347
"../../../Engine/Content/ArtTools/RenderToTexture/Meshes/S_1_Unit_Plane.uasset" 3348
"/Engine/EngineDebugMaterials/M_SimpleUnlitTranslucent" 3349
"../../../Engine/Content/EngineDebugMaterials/M_SimpleUnlitTranslucent.uasset" 3350
"/Engine/EngineFonts/Roboto" 3351
"../../../Engine/Content/EngineFonts/Roboto.uasset" 3352
"../../../Engine/Content/EngineFonts/Faces/DroidSansFallback.uasset" 3353
"../../../Engine/Content/EngineFonts/Faces/RobotoBold.uasset" 3354
"../../../Engine/Content/EngineFonts/Faces/RobotoBoldItalic.uasset" 3355
"../../../Engine/Content/EngineFonts/Faces/RobotoItalic.uasset" 3356
"../../../Engine/Content/EngineFonts/Faces/RobotoLight.uasset" 3357
"../../../Engine/Content/EngineFonts/Faces/RobotoRegular.uasset" 3358
"/Engine/EditorMaterials/ParticleSystems/PSysThumbnail_NoImage" 3359
"../../../Engine/Content/EditorMaterials/ParticleSystems/PSysThumbnail_NoImage.uasset" 3360
"/Engine/EditorMaterials/ParticleSystems/PSysThumbnail_OOD" 3361
"../../../Engine/Content/EditorMaterials/ParticleSystems/PSysThumbnail_OOD.uasset" 3362
"/Engine/EngineResources/LandscapeVisibilityLayerInfo" 3363
"../../../Engine/Content/EngineResources/LandscapeVisibilityLayerInfo.uasset" 3364
"../../../../../../Users/Stanislav/Documents/Unreal Projects/RGO/Intermediate/ShaderAutogen/PCD3D_SM5/AutogenShaderHeaders.ush" 3365
"/ACLPlugin/ACLAnimBoneCompressionSettings" 3366
"../../Plugins/Animation/ACLPlugin/Content/ACLAnimBoneCompressionSettings.uasset" 3367
"/Engine/Animation/DefaultRecorderBoneCompression" 3368
"../../../Engine/Content/Animation/DefaultRecorderBoneCompression.uasset" 3369
"/ACLPlugin/ACLAnimCurveCompressionSettings" 3370
"../../Plugins/Animation/ACLPlugin/Content/ACLAnimCurveCompressionSettings.uasset" 3371
"/Engine/Animation/DefaultVariableFrameStrippingSettings" 3372
"../../../Engine/Content/Animation/DefaultVariableFrameStrippingSettings.uasset" 3373
"/ControlRig/Controls/ControlRigXRayMaterial" 3374
"../../Plugins/Animation/ControlRig/Content/Controls/ControlRigXRayMaterial.uasset" 3375
"/ControlRig/Controls/DefaultGizmoLibraryNormalized" 3376
"../../Plugins/Animation/ControlRig/Content/Controls/DefaultGizmoLibraryNormalized.uasset" 3377
"/AudioWidgets/Resources/ScrubHandleDown_Clamped" 3378
"../../Plugins/Runtime/AudioWidgets/Content/Resources/ScrubHandleDown_Clamped.uasset" 3379
"/Paper2D/MaskedUnlitSpriteMaterial" 3380
"../../Plugins/2D/Paper2D/Content/MaskedUnlitSpriteMaterial.uasset" 3381
"../../Plugins/2D/Paper2D/Content/DefaultSpriteMaterial.uasset" 3382
"../../Plugins/2D/Paper2D/Content/PlaceholderTextures/DummySpriteTexture.uasset" 3383
"/Paper2D/OpaqueUnlitSpriteMaterial" 3384
"../../Plugins/2D/Paper2D/Content/OpaqueUnlitSpriteMaterial.uasset" 3385
"/Paper2D/DefaultPaperTerrainMaterial" 3386
"../../Plugins/2D/Paper2D/Content/DefaultPaperTerrainMaterial.uasset" 3387
"../../Plugins/2D/Paper2D/Content/DummySprite.uasset" 3388
"/ControlRig/M_Manip" 3389
"../../Plugins/Animation/ControlRig/Content/M_Manip.uasset" 3390
"../../../Engine/Content/Functions/Engine_MaterialFunctions02/WorldPositionOffset/CameraOffset.uasset" 3391
"../../../Engine/Config/BaseUnrealInsightsSettings.ini" 3392
"/MediaPlate/SM_MediaPlateScreen" 3393
"../../Plugins/Media/MediaPlate/Content/SM_MediaPlateScreen.uasset" 3394
"../../../Engine/Intermediate/ProjectFiles/PrimaryProjectPath.txt" 3395
"/SpeedTreeImporter/SpeedTree9/SpeedTreeMaster" 3396
"../../Plugins/Editor/SpeedTreeImporter/Content/SpeedTree9/SpeedTreeMaster.uasset" 3397
"../../../Engine/Content/Functions/Engine_MaterialFunctions02/ObjectLocalBounds.uasset" 3398
"../../../Engine/Content/Functions/Engine_MaterialFunctions02/SafeNormalize.uasset" 3399
"../../../Engine/Content/Functions/Engine_MaterialFunctions02/Utility/VectorLength.uasset" 3400
"../../../Engine/Content/Functions/Engine_MaterialFunctions02/UVs/BoundingBoxBased_0-1_UVW.uasset" 3401
"../../../Engine/Content/Functions/Engine_MaterialFunctions02/WorldPositionOffset/ObjectScale.uasset" 3402
"../../Plugins/Editor/SpeedTreeImporter/Content/SpeedTree9/SpeedTreeBranchMotion.uasset" 3403
"../../Plugins/Editor/SpeedTreeImporter/Content/SpeedTree9/SpeedTreeCameraFacing.uasset" 3404
"../../Plugins/Editor/SpeedTreeImporter/Content/SpeedTree9/SpeedTreeWind.uasset" 3405
"../../Plugins/Editor/SpeedTreeImporter/Content/SpeedTree9/SpeedTreeWindMotion.uasset" 3406
"../../Plugins/Editor/SpeedTreeImporter/Content/SpeedTree9/UnpackDirection.uasset" 3407
"../../Plugins/Editor/SpeedTreeImporter/Content/SpeedTree9/UnpackInteger3.uasset" 3408
"../../Plugins/Editor/SpeedTreeImporter/Content/SpeedTree9/Empty.uasset" 3409
"../../Plugins/Editor/SpeedTreeImporter/Content/SpeedTree9/EmptyNormal.uasset" 3410
"../../Plugins/Editor/SpeedTreeImporter/Content/SpeedTree9/game_wind_noise.uasset" 3411
"/SpeedTreeImporter/SpeedTree9/SpeedTreeBillboardMaster" 3412
"../../Plugins/Editor/SpeedTreeImporter/Content/SpeedTree9/SpeedTreeBillboardMaster.uasset" 3413
"../../Plugins/Editor/SpeedTreeImporter/Content/SpeedTree9/SpeedTreeBillboard.uasset" 3414
"/Engine/BasicShapes/BasicShapeMaterial" 3415
"../../../Engine/Content/BasicShapes/BasicShapeMaterial.uasset" 3416
"/Engine/EditorMaterials/Dataflow/DataflowVertexMaterial" 3417
"../../../Engine/Content/EditorMaterials/Dataflow/DataflowVertexMaterial.uasset" 3418
"/Engine/EditorMaterials/Dataflow/DataflowTwoSidedVertexMaterial" 3419
"../../../Engine/Content/EditorMaterials/Dataflow/DataflowTwoSidedVertexMaterial.uasset" 3420
"/MeshModelingToolsetExp/Materials/PointSetOverlaidComponentMaterial" 3421
"../../Plugins/Experimental/MeshModelingToolsetExp/Content/Materials/PointSetOverlaidComponentMaterial.uasset" 3422
"../../../Engine/Content/Functions/Engine_MaterialFunctions02/Utility/FOV.uasset" 3423
"../../../Engine/Content/Functions/Engine_MaterialFunctions02/WorldPositionOffset/V2/ObjectScale.uasset" 3424
"../../../Engine/Content/Functions/Engine_MaterialFunctions03/Viewport/MF_OrthoWidth.uasset" 3425
"../../Plugins/Experimental/MeshModelingToolsetExp/Content/Materials/GetDisplacementVectorForDepthBias.uasset" 3426
"/Engine/EditorLandscapeResources/LayerVisMaterial" 3427
"../../../Engine/Content/EditorLandscapeResources/LayerVisMaterial.uasset" 3428
"../../../Engine/Content/EditorLandscapeResources/WhiteSquareTexture.uasset" 3429
"/Engine/EditorLandscapeResources/SelectBrushMaterial_Selected" 3430
"../../../Engine/Content/EditorLandscapeResources/SelectBrushMaterial_Selected.uasset" 3431
"../../../Engine/Content/EditorLandscapeResources/SelectBrushMaterial.uasset" 3432
"../../../Engine/Content/Functions/Engine_MaterialFunctions03/Math/WithinRangeFloat2.uasset" 3433
"../../../Engine/Content/EditorLandscapeResources/DefaultAlphaTexture.uasset" 3434
"/Engine/EditorLandscapeResources/SelectBrushMaterial_SelectedRegion" 3435
"../../../Engine/Content/EditorLandscapeResources/SelectBrushMaterial_SelectedRegion.uasset" 3436
"/Engine/EditorLandscapeResources/MaskBrushMaterial_MaskedRegion" 3437
"../../../Engine/Content/EditorLandscapeResources/MaskBrushMaterial_MaskedRegion.uasset" 3438
"../../../Engine/Content/EditorLandscapeResources/MaskBrushMaterial.uasset" 3439
"/Engine/EditorLandscapeResources/ColorMaskBrushMaterial_MaskedRegion" 3440
"../../../Engine/Content/EditorLandscapeResources/ColorMaskBrushMaterial_MaskedRegion.uasset" 3441
"../../../Engine/Content/EditorLandscapeResources/ColorMaskBrushMaterial.uasset" 3442
"/Engine/EditorLandscapeResources/LandscapeDirtyMaterial" 3443
"../../../Engine/Content/EditorLandscapeResources/LandscapeDirtyMaterial.uasset" 3444
"/Engine/EditorLandscapeResources/LandscapeLayerUsageMaterial" 3445
"../../../Engine/Content/EditorLandscapeResources/LandscapeLayerUsageMaterial.uasset" 3446
"../../../Engine/Content/Functions/Engine_MaterialFunctions01/Debug/DebugIntValues.uasset" 3447
"../../../Engine/Content/Functions/Engine_MaterialFunctions01/Texturing/ScaleUVsByCenter.uasset" 3448
"../../../Engine/Content/Functions/Engine_MaterialFunctions02/WorldPositionOffset/LocalPosition.uasset" 3449
"../../../Engine/Content/Functions/Engine_MaterialFunctions01/Texturing/TextureCropping.uasset" 3450
"../../../Engine/Content/Functions/Engine_MaterialFunctions02/ExampleContent/DebugNumberStrip.uasset" 3451
"C:/Users/Stanislav/AppData/Local/UnrealEngine/Editor/UInteractiveToolsPresetCollectionAsset_DefaultCollection.json" 3452
"/Engine/EngineMaterials/NaniteHiddenSectionMaterial" 3453
"../../../Engine/Content/EngineMaterials/NaniteHiddenSectionMaterial.uasset" 3454
"/Engine/EngineMaterials/RemoveSurfaceMaterial" 3455
"../../../Engine/Content/EngineMaterials/RemoveSurfaceMaterial.uasset" 3456
"/Engine/EngineDebugMaterials/DebugMeshMaterial" 3457
"../../../Engine/Content/EngineDebugMaterials/DebugMeshMaterial.uasset" 3458
"/Engine/EngineMaterials/EmissiveMeshMaterial" 3459
"../../../Engine/Content/EngineMaterials/EmissiveMeshMaterial.uasset" 3460
"../../../Engine/Content/EngineMaterials/DefaultWhiteGrid_Low.uasset" 3461
"/Engine/EngineMaterials/M_InvalidLightmapSettings" 3462
"../../../Engine/Content/EngineMaterials/M_InvalidLightmapSettings.uasset" 3463
"../../../Engine/Content/EngineMaterials/InvalidLightmapSettings.uasset" 3464
"/Engine/EngineMaterials/GizmoMaterial" 3465
"../../../Engine/Content/EngineMaterials/GizmoMaterial.uasset" 3466
"/Engine/EngineMaterials/PhAT_JointLimitMaterial" 3467
"../../../Engine/Content/EngineMaterials/PhAT_JointLimitMaterial.uasset" 3468
"/Engine/EngineMaterials/FlattenMaterial" 3469
"../../../Engine/Content/EngineMaterials/FlattenMaterial.uasset" 3470
"../../../Engine/Content/EngineMaterials/BaseFlattenDiffuseMap.uasset" 3471
"../../../Engine/Content/EngineMaterials/BaseFlattenEmissiveMap.uasset" 3472
"../../../Engine/Content/EngineMaterials/BaseFlattenGrayscaleMap.uasset" 3473
"../../../Engine/Content/EngineMaterials/BaseFlattenLinearColor.uasset" 3474
"../../../Engine/Content/EngineMaterials/BaseFlattenNormalMap.uasset" 3475
"../../../Engine/Content/Functions/Engine_MaterialFunctions02/PivotPainter2/Black_1x1_EXR_Texture.uasset" 3476
"/Engine/EngineMaterials/FlattenMaterial_VT" 3477
"../../../Engine/Content/EngineMaterials/FlattenMaterial_VT.uasset" 3478
"../../../Engine/Content/EngineMaterials/BaseFlattenDiffuseMap_VT.uasset" 3479
"../../../Engine/Content/EngineMaterials/BaseFlattenEmissiveMap_VT.uasset" 3480
"../../../Engine/Content/EngineMaterials/BaseFlattenGrayscaleMap_VT.uasset" 3481
"../../../Engine/Content/EngineMaterials/BaseFlattenLinearColor_VT.uasset" 3482
"../../../Engine/Content/EngineMaterials/BaseFlattenNormalMap_VT.uasset" 3483
"../../../Engine/Content/EngineMaterials/Black_1x1_EXR_Texture_VT.uasset" 3484
"/Engine/EngineMaterials/FlattenMaterial_WS_Normal_VT" 3485
"../../../Engine/Content/EngineMaterials/FlattenMaterial_WS_Normal_VT.uasset" 3486
"/Engine/EngineMaterials/Good64x64TilingNoiseHighFreq" 3487
"../../../Engine/Content/EngineMaterials/Good64x64TilingNoiseHighFreq.uasset" 3488
"/Engine/EngineMaterials/DefaultBokeh" 3489
"../../../Engine/Content/EngineMaterials/DefaultBokeh.uasset" 3490
"/Engine/EngineMaterials/MiniFont" 3491
"../../../Engine/Content/EngineMaterials/MiniFont.uasset" 3492
"/Engine/EngineMaterials/WeightMapPlaceholderTexture" 3493
"../../../Engine/Content/EngineMaterials/WeightMapPlaceholderTexture.uasset" 3494
"/Engine/EngineMaterials/WeightMapArrayPlaceholderTexture" 3495
"../../../Engine/Content/EngineMaterials/WeightMapArrayPlaceholderTexture.uasset" 3496
"/Engine/EngineMaterials/DefaultWhiteGrid" 3497
"../../../Engine/Content/EngineMaterials/DefaultWhiteGrid.uasset" 3498
"/Engine/EngineMaterials/PreintegratedSkinBRDF" 3499
"../../../Engine/Content/EngineMaterials/PreintegratedSkinBRDF.uasset" 3500
"/Engine/EngineMaterials/LTC/GGX_LTCAmp" 3501
"../../../Engine/Content/EngineMaterials/LTC/GGX_LTCAmp.uasset" 3502
"/Engine/EngineMaterials/LTC/GGX_LTCMat" 3503
"../../../Engine/Content/EngineMaterials/LTC/GGX_LTCMat.uasset" 3504
"/Engine/EngineMaterials/EnergyConservation/GGX_ReflectionEnergy" 3505
"../../../Engine/Content/EngineMaterials/EnergyConservation/GGX_ReflectionEnergy.uasset" 3506
"/Engine/EngineMaterials/EnergyConservation/GGX_TransmissionEnergyArray" 3507
"../../../Engine/Content/EngineMaterials/EnergyConservation/GGX_TransmissionEnergyArray.uasset" 3508
"/Engine/EngineMaterials/EnergyConservation/SheenLegacy_Energy" 3509
"../../../Engine/Content/EngineMaterials/EnergyConservation/SheenLegacy_Energy.uasset" 3510
"/Engine/EngineMaterials/DefaultPhysicalMaterial" 3511
"../../../Engine/Content/EngineMaterials/DefaultPhysicalMaterial.uasset" 3512
"/Engine/EngineMaterials/DefaultDestructiblePhysicalMaterial" 3513
"../../../Engine/Content/EngineMaterials/DefaultDestructiblePhysicalMaterial.uasset" 3514
"/Niagara/ParameterDefinitions/CoreParameters" 3515
"../../Plugins/FX/Niagara/Content/ParameterDefinitions/CoreParameters.uasset" 3516
"/Niagara/ParameterDefinitions/DecalRenderer" 3517
"../../Plugins/FX/Niagara/Content/ParameterDefinitions/DecalRenderer.uasset" 3518
"/Niagara/ParameterDefinitions/LightRenderer" 3519
"../../Plugins/FX/Niagara/Content/ParameterDefinitions/LightRenderer.uasset" 3520
"/Niagara/ParameterDefinitions/MeshRenderer" 3521
"../../Plugins/FX/Niagara/Content/ParameterDefinitions/MeshRenderer.uasset" 3522
"/Niagara/ParameterDefinitions/RibbonRenderer" 3523
"../../Plugins/FX/Niagara/Content/ParameterDefinitions/RibbonRenderer.uasset" 3524
"/Niagara/ParameterDefinitions/SpriteRenderer" 3525
"../../Plugins/FX/Niagara/Content/ParameterDefinitions/SpriteRenderer.uasset" 3526
"/DeformerGraph/Deformers/DG_LinearBlendSkin_Morph_Cloth" 3527
"../../Plugins/Animation/DeformerGraph/Content/Deformers/DG_LinearBlendSkin_Morph_Cloth.uasset" 3528
"../../Plugins/Animation/DeformerGraph/Content/DeformerFunctions/DG_Function_LinearBlendSkin_Morph_Cloth.uasset" 3529
"/DeformerGraph/Deformers/DG_LinearBlendSkin_Morph_Cloth_RecomputeNormals" 3530
"../../Plugins/Animation/DeformerGraph/Content/Deformers/DG_LinearBlendSkin_Morph_Cloth_RecomputeNormals.uasset" 3531
"../../Plugins/Animation/DeformerGraph/Content/DeformerFunctions/DG_Function_ComputeNormalsTangents.uasset" 3532
"../../Plugins/Animation/DeformerGraph/Content/DeformerFunctions/DG_Function_LinearBlendSkin_Morph_Cloth_PositionOnly.uasset" 3533
"/Engine/EditorResources/SequenceRecorder/Countdown" 3534
"../../../Engine/Content/EditorResources/SequenceRecorder/Countdown.uasset" 3535
"/Engine/EditorResources/SequenceRecorder/RecordingIndicator" 3536
"../../../Engine/Content/EditorResources/SequenceRecorder/RecordingIndicator.uasset" 3537
"/Engine/EditorMaterials/PhAT_UnselectedMaterial" 3538
"../../../Engine/Content/EditorMaterials/PhAT_UnselectedMaterial.uasset" 3539
"/Engine/EditorMaterials/PhAT_NoCollisionMaterial" 3540
"../../../Engine/Content/EditorMaterials/PhAT_NoCollisionMaterial.uasset" 3541
"/Engine/BasicShapes/Cube" 3542
"../../../Engine/Content/BasicShapes/Cube.uasset" 3543
"/Engine/BasicShapes/Sphere" 3544
"../../../Engine/Content/BasicShapes/Sphere.uasset" 3545
"../../../Engine/Content/EngineMaterials/DefaultMaterial.uasset" 3546
"/Engine/BasicShapes/Cylinder" 3547
"../../../Engine/Content/BasicShapes/Cylinder.uasset" 3548
"/Engine/BasicShapes/Cone" 3549
"../../../Engine/Content/BasicShapes/Cone.uasset" 3550
"/Engine/BasicShapes/Plane" 3551
"../../../Engine/Content/BasicShapes/Plane.uasset" 3552
"../../../Engine/Documentation/Source/Shared/Types/ABrush/ABrush.INT.udn" 3553
"../../../Engine/Content/Internationalization/icudt64l/brkitr/ru.res" 3554
"../../../Engine/Content/Internationalization/icudt64l/brkitr/root.res" 3555
"../../../Engine/Content/Internationalization/icudt64l/brkitr/char.brk" 3556
"../../../Engine/Content/Internationalization/icudt64l/brkitr/word.brk" 3557
"/Engine/EditorResources/S_Terrain" 3558
"../../../Engine/Content/EditorResources/S_Terrain.uasset" 3559
"../../../Engine/Plugins/FX/Niagara/Shaders/Private/NiagaraDataInterfaceTexture2DArrayTemplate.ush" 3560
"../../../Engine/Plugins/FX/Niagara/Shaders/Private/NiagaraDataInterfaceActorComponentTemplate.ush" 3561
"../../../Engine/Plugins/FX/Niagara/Shaders/Private/NiagaraDataInterfaceArrayTemplate.ush" 3562
"../../../Engine/Plugins/FX/Niagara/Shaders/Private/NiagaraDataInterfaceArrayRWTemplate.ush" 3563
"../../../Engine/Plugins/FX/Niagara/Shaders/Private/NiagaraDataInterfaceArrayDistributionIntTemplate.ush" 3564
"../../../Engine/Plugins/FX/Niagara/Shaders/Private/NiagaraDataInterfaceAsyncGpuTrace.ush" 3565
"../../../Engine/Plugins/FX/Niagara/Shaders/Private/NiagaraDataInterfaceAsyncGpuTraceTemplate.ush" 3566
"../../../Engine/Plugins/FX/Niagara/Shaders/Private/NiagaraDataInterfaceCamera.ush" 3567
"../../../Engine/Plugins/Experimental/ChaosNiagara/Shaders/NiagaraDataInterfaceChaosDestruction.ush" 3568
"../../../Engine/Plugins/FX/Niagara/Shaders/Private/NiagaraDataInterfaceCollisionQuery.ush" 3569
"C:/Users/Stanislav/Documents/Unreal Projects/RGO/Intermediate/ShaderAutogen/PCD3D_SM5/AutogenShaderHeaders.ush" 3570
"../../../Engine/Plugins/FX/Niagara/Shaders/Private/NiagaraDataInterfaceCollisionQueryTemplate.ush" 3571
"../../../Engine/Plugins/FX/Niagara/Shaders/Private/NiagaraDataInterfaceCurveTemplate.ush" 3572
"../../../Engine/Plugins/FX/Niagara/Shaders/Private/NiagaraDataInterfaceCubeTextureTemplate.ush" 3573
"../../../Engine/Plugins/FX/Niagara/Shaders/Private/DataChannel/NiagaraDataInterfaceDataChannelCommon.ush" 3574
"../../../Engine/Plugins/FX/Niagara/Shaders/Private/DataChannel/NiagaraDataInterfaceDataChannelTemplateCommon.ush" 3575
"../../../Engine/Plugins/FX/Niagara/Shaders/Private/DataChannel/NiagaraDataInterfaceDataChannelTemplateReadCommon.ush" 3576
"../../../Engine/Plugins/FX/Niagara/Shaders/Private/DataChannel/NiagaraDataInterfaceDataChannelTemplate_Read.ush" 3577
"../../../Engine/Plugins/FX/Niagara/Shaders/Private/DataChannel/NiagaraDataInterfaceDataChannelTemplate_Consume.ush" 3578
"../../../Engine/Plugins/FX/Niagara/Shaders/Private/DataChannel/NiagaraDataInterfaceDataChannelTemplateWriteCommon.ush" 3579
"../../../Engine/Plugins/FX/Niagara/Shaders/Private/DataChannel/NiagaraDataInterfaceDataChannelTemplate_Append.ush" 3580
"../../../Engine/Plugins/FX/Niagara/Shaders/Private/NiagaraDataInterfaceDataTableTemplate.ush" 3581
"../../../Engine/Plugins/FX/Niagara/Shaders/Private/NiagaraDataInterfaceDebugDraw.ush" 3582
"../../../Engine/Plugins/FX/Niagara/Shaders/Private/NiagaraDataInterfaceDebugDrawTemplate.ush" 3583
"../../../Engine/Plugins/FX/Niagara/Shaders/Private/NiagaraDataInterfaceDynamicMeshTemplate.ush" 3584
"../../../Engine/Plugins/FX/Niagara/Shaders/Private/NiagaraDataInterfaceEmitterPropertiesTemplate.ush" 3585
"../../../Engine/Plugins/FX/Niagara/Shaders/Private/NiagaraDataInterfaceExportTemplate.ush" 3586
"../../../Engine/Plugins/FX/Niagara/Shaders/Private/NiagaraDataInterfaceGBufferTemplate.ush" 3587
"../../../Engine/Plugins/Experimental/ChaosNiagara/Shaders/NiagaraDataInterfaceGeometryCollection.ush" 3588
"../../../Engine/Plugins/FX/Niagara/Shaders/Private/NiagaraTransformUtils.ush" 3589
"../../../Engine/Plugins/Runtime/HairStrands/Shaders/Private/NiagaraStrandsExternalForce.ush" 3590
"../../../Engine/Plugins/Runtime/HairStrands/Shaders/Private/NiagaraHookeSpringMaterial.ush" 3591
"../../../Engine/Plugins/Runtime/HairStrands/Shaders/Private/NiagaraAngularSpringMaterial.ush" 3592
"../../../Engine/Plugins/Runtime/HairStrands/Shaders/Private/NiagaraConstantVolumeMaterial.ush" 3593
"../../../Engine/Plugins/Runtime/HairStrands/Shaders/Private/NiagaraCosseratRodMaterial.ush" 3594
"../../../Engine/Plugins/Runtime/HairStrands/Shaders/Private/NiagaraStaticCollisionConstraint.ush" 3595
"../../../Engine/Plugins/Runtime/HairStrands/Shaders/Private/NiagaraDataInterfaceHairStrands.ush" 3596
"../../../Engine/Plugins/Runtime/HairStrands/Shaders/Private/NiagaraDataInterfaceHairStrandsTemplate.ush" 3597
"../../../Engine/Plugins/FX/Niagara/Shaders/Private/NiagaraDataInterfaceIntRenderTarget2D.ush" 3598
"../../../Engine/Plugins/FX/Niagara/Shaders/Private/NiagaraDataInterfaceLandscape.ush" 3599
"../../../Engine/Plugins/FX/Niagara/Shaders/Private/NiagaraDataInterfaceMemoryBufferTemplate.ush" 3600
"../../../Engine/Plugins/FX/Niagara/Shaders/Private/NiagaraDataInterfaceMeshRendererInfoTemplate.ush" 3601
"../../../Engine/Plugins/FX/Niagara/Shaders/Private/NiagaraDataInterfaceOcclusion.ush" 3602
"../../../Engine/Plugins/FX/Niagara/Shaders/Private/NiagaraDataInterfacePhysicsAsset.ush" 3603
"../../../Engine/Plugins/Experimental/ChaosNiagara/Shaders/NiagaraDataInterfacePhysicsField.ush" 3604
"../../../Engine/Plugins/FX/Niagara/Shaders/Private/NiagaraDataInterfacePlatformSetTemplate.ush" 3605
"../../../Engine/Plugins/Runtime/HairStrands/Shaders/Private/NiagaraDataInterfaceVelocityGrid.ush" 3606
"../../../Engine/Plugins/Runtime/HairStrands/Shaders/Private/NiagaraDataInterfaceVelocityGridTemplate.ush" 3607
"../../../Engine/Plugins/Runtime/HairStrands/Shaders/Private/NiagaraDataInterfacePressureGrid.ush" 3608
"../../../Engine/Plugins/Runtime/HairStrands/Shaders/Private/NiagaraDataInterfacePressureGridTemplate.ush" 3609
"../../../Engine/Plugins/FX/Niagara/Shaders/Private/NiagaraDataInterfaceRenderTarget2DTemplate.ush" 3610
"../../../Engine/Plugins/FX/Niagara/Shaders/Private/NiagaraDataInterfaceRenderTarget2DArrayTemplate.ush" 3611
"../../../Engine/Plugins/FX/Niagara/Shaders/Private/NiagaraDataInterfaceRenderTargetCubeTemplate.ush" 3612
"../../../Engine/Plugins/FX/Niagara/Shaders/Private/NiagaraDataInterfaceRenderTargetVolumeTemplate.ush" 3613
"../../../Engine/Plugins/FX/Niagara/Shaders/Private/NiagaraDataInterfaceRigidMeshCollisionQuery.ush" 3614
"../../../Engine/Plugins/FX/Niagara/Shaders/Private/NiagaraDistanceFieldQueries.ush" 3615
"../../../Engine/Plugins/FX/Niagara/Shaders/Private/NiagaraDataInterfaceSceneCapture2DTemplate.ush" 3616
"../../../Engine/Plugins/FX/Niagara/Shaders/Private/NiagaraDataInterfaceSimCacheReaderTemplate.ush" 3617
"../../../Engine/Plugins/FX/Niagara/Shaders/Private/NiagaraDataInterfaceSimpleCounterTemplate.ush" 3618
"../../../Engine/Plugins/FX/Niagara/Shaders/Private/NiagaraDataInterfaceSkeletalMesh.ush" 3619
"../../../Engine/Plugins/FX/Niagara/Shaders/Private/NiagaraBaryCentricUtils.ush" 3620
"../../../Engine/Plugins/FX/Niagara/Shaders/Private/NiagaraDataInterfaceSkeletalMeshTemplate.ush" 3621
"../../../Engine/Plugins/FX/Niagara/Shaders/Private/NiagaraDataInterfaceSocketReaderTemplate.ush" 3622
"../../../Engine/Plugins/FX/Niagara/Shaders/Private/NiagaraDataInterfaceSparseVolumeTextureTemplate.ush" 3623
"../../../Engine/Plugins/FX/Niagara/Shaders/Private/NiagaraDataInterfaceSplineTemplate.ush" 3624
"../../../Engine/Plugins/FX/Niagara/Shaders/Private/NiagaraDataInterfaceSpriteRendererInfoTemplate.ush" 3625
"../../../Engine/Plugins/FX/Niagara/Shaders/Private/NiagaraDataInterfaceStaticMeshTemplate.ush" 3626
"../../../Engine/Plugins/FX/Niagara/Shaders/Private/NiagaraDataInterfaceTextureTemplate.ush" 3627
"../../../Engine/Plugins/FX/Niagara/Shaders/Private/NiagaraDataInterfaceVirtualTexture.ush" 3628
"../../../Engine/Plugins/FX/Niagara/Shaders/Private/NiagaraDataInterfaceVirtualTextureTemplate.ush" 3629
"../../../Engine/Plugins/FX/Niagara/Shaders/Private/NiagaraDataInterfaceVirtualTextureSampleTemplate.ush" 3630
"../../../Engine/Plugins/FX/Niagara/Shaders/Private/NiagaraDataInterfaceVolumeCache.ush" 3631
"../../../Engine/Plugins/FX/Niagara/Shaders/Private/NiagaraDataInterfaceVolumeTextureTemplate.ush" 3632
"C:/Users/Stanislav/Documents/Unreal Projects/RGO/Content/ModularSciFi/Materials/Glass/MI_Glass_Corrugated_1.uasset" 3633
"C:/Users/Stanislav/Documents/Unreal Projects/RGO/Content/ModularSciFi/StaticMeshes/HardSurfaceEnvironment/RoofConnector_1/SM_RoofConnector_1_Merged.uasset" 3634
"C:/Users/Stanislav/Documents/Unreal Projects/RGO/Content/ModularSciFi/StaticMeshes/HardSurfaceEnvironment/Panel_4/SM_Panel_4_Merged.uasset" 3635
"C:/Users/Stanislav/Documents/Unreal Projects/RGO/Content/ModularSciFi/StaticMeshes/HardSurfaceEnvironment/Locker/SM_Locker_Closed.uasset" 3636
"C:/Users/Stanislav/Documents/Unreal Projects/RGO/Content/ModularSciFi/Materials/SignsDecals/MI_Signs_Decals_Black.uasset" 3637
"C:/Users/Stanislav/Documents/Unreal Projects/RGO/Content/ModularSciFi/StaticMeshes/HardSurfaceEnvironment/Stairs_3/SM_Stairs_3_Merged.uasset" 3638
"C:/Users/Stanislav/Documents/Unreal Projects/RGO/Content/ModularSciFi/StaticMeshes/HardSurfaceEnvironment/Tank_1/SM_Tank_1_Merged.uasset" 3639
"C:/Users/Stanislav/Documents/Unreal Projects/RGO/Content/ModularSciFi/StaticMeshes/HardSurfaceEnvironment/Vent/SM_VentModule_Merged.uasset" 3640
"C:/Users/Stanislav/Documents/Unreal Projects/RGO/Content/ModularSciFi/StaticMeshes/HardSurfaceEnvironment/Stairs_4/SM_Stairs_4_Merged.uasset" 3641
"C:/Users/Stanislav/Documents/Unreal Projects/RGO/Content/ModularSciFi/StaticMeshes/HardSurfaceEnvironment/MainStation/SM_MainStation_Indoor_Merged.uasset" 3642
"C:/Users/Stanislav/Documents/Unreal Projects/RGO/Content/ModularSciFi/StaticMeshes/HardSurfaceEnvironment/Pillar_1/SM_Pillar_1_Merged.uasset" 3643
"C:/Users/Stanislav/Documents/Unreal Projects/RGO/Content/ModularSciFi/StaticMeshes/HardSurfaceEnvironment/Tank_2/SM_Tank_2_Merged.uasset" 3644
"C:/Users/Stanislav/Documents/Unreal Projects/RGO/Content/ModularSciFi/StaticMeshes/HardSurfaceEnvironment/LivingModule_1/SM_LivingModule_1_Merged.uasset" 3645
"C:/Users/Stanislav/Documents/Unreal Projects/RGO/Content/ModularSciFi/StaticMeshes/HardSurfaceEnvironment/MainStation/SM_MainStation_Merged.uasset" 3646
"C:/Users/Stanislav/Documents/Unreal Projects/RGO/Content/ModularSciFi/Materials/FabricTrimsheet/MI_FabricTrim.uasset" 3647
"C:/Users/Stanislav/Documents/Unreal Projects/RGO/Content/ModularSciFi/Textures/FabricTrim/T_FabricTrim_basecolor.uasset" 3648
"C:/Users/Stanislav/Documents/Unreal Projects/RGO/Content/ModularSciFi/Textures/FabricTrim/T_FabricTrim_metallic.uasset" 3649
"C:/Users/Stanislav/Documents/Unreal Projects/RGO/Content/ModularSciFi/Textures/Checker/T_Checker_normal.uasset" 3650
"C:/Users/Stanislav/Documents/Unreal Projects/RGO/Content/ModularSciFi/Textures/FabricTrim/T_FabricTrim_ambientocclusion.uasset" 3651
"C:/Users/Stanislav/Documents/Unreal Projects/RGO/Content/ModularSciFi/Textures/Checker/T_Checker_roughness.uasset" 3652
"C:/Users/Stanislav/Documents/Unreal Projects/RGO/Content/ModularSciFi/Textures/FabricTrim/T_FabricTrim_normal.uasset" 3653
"C:/Users/Stanislav/Documents/Unreal Projects/RGO/Content/ModularSciFi/Textures/Grid1/T_Grid1_opacity.uasset" 3654
"C:/Users/Stanislav/Documents/Unreal Projects/RGO/Content/ModularSciFi/Textures/Grid1/T_Grid1_ambientocclusion.uasset" 3655
"C:/Users/Stanislav/Documents/Unreal Projects/RGO/Content/ModularSciFi/Textures/Grid1/T_Grid1_normal.uasset" 3656
"C:/Users/Stanislav/Documents/Unreal Projects/RGO/Content/ModularSciFi/Materials/Checker/MI_Checker.uasset" 3657
"C:/Users/Stanislav/Documents/Unreal Projects/RGO/Content/ModularSciFi/Textures/Grid1/T_Grid1_roughness.uasset" 3658
"C:/Users/Stanislav/Documents/Unreal Projects/RGO/Content/ModularSciFi/Materials/PaintedMetal/MI_PaintedMetal1Indoor.uasset" 3659
"C:/Users/Stanislav/Documents/Unreal Projects/RGO/Content/ModularSciFi/Textures/FabricTrim/T_FabricTrim_roughness.uasset" 3660
"C:/Users/Stanislav/Documents/Unreal Projects/RGO/Content/ModularSciFi/Textures/Checker/T_Checker_basecolor.uasset" 3661
"C:/Users/Stanislav/Documents/Unreal Projects/RGO/Content/ModularSciFi/Textures/Checker/T_Checker_ambientocclusion.uasset" 3662
"C:/Users/Stanislav/Documents/Unreal Projects/RGO/Content/ModularSciFi/Materials/Grid/MI_Grid2.uasset" 3663
"C:/Users/Stanislav/Documents/Unreal Projects/RGO/Content/ModularSciFi/Textures/Grid1/T_Grid1_basecolor.uasset" 3664
"/Game/ModularSciFi/StaticMeshes/HardSurfaceEnvironment/Vent/SM_VentModule_Merged" 3665
"../../../../../../Users/Stanislav/Documents/Unreal Projects/RGO/Content/ModularSciFi/Materials/Containers/MI_Containers.uasset" 3666
"../../../../../../Users/Stanislav/Documents/Unreal Projects/RGO/Content/ModularSciFi/Materials/GraphicalDecals/MI_GraphicalDecals.uasset" 3667
"../../../../../../Users/Stanislav/Documents/Unreal Projects/RGO/Content/ModularSciFi/Materials/HardsurfaceDecals/MI_Decals.uasset" 3668
"../../../../../../Users/Stanislav/Documents/Unreal Projects/RGO/Content/ModularSciFi/Materials/HardsurfaceDecals/MI_DecalsColor.uasset" 3669
"../../../../../../Users/Stanislav/Documents/Unreal Projects/RGO/Content/ModularSciFi/Materials/HardsurfaceDecals/MI_DecalsColor2.uasset" 3670
"../../../../../../Users/Stanislav/Documents/Unreal Projects/RGO/Content/ModularSciFi/Materials/PaintedMetal/MI_Metal.uasset" 3671
"../../../../../../Users/Stanislav/Documents/Unreal Projects/RGO/Content/ModularSciFi/Materials/PaintedMetal/MI_PaintedMetal1.uasset" 3672
"../../../../../../Users/Stanislav/Documents/Unreal Projects/RGO/Content/ModularSciFi/Materials/PaintedMetal/MI_PaintedMetal2.uasset" 3673
"../../../../../../Users/Stanislav/Documents/Unreal Projects/RGO/Content/ModularSciFi/Materials/PaintedMetal/MI_PaintedMetalRed.uasset" 3674
"../../../../../../Users/Stanislav/Documents/Unreal Projects/RGO/Content/ModularSciFi/Materials/SignsDecals/MI_Signs_Decals.uasset" 3675
"../../../../../../Users/Stanislav/Documents/Unreal Projects/RGO/Content/ModularSciFi/Materials/Trimsheet/MI_Trim2.uasset" 3676
"../../../../../../Users/Stanislav/Documents/Unreal Projects/RGO/Content/ModularSciFi/Materials/Trimsheet/MI_TrimBlack.uasset" 3677
"../../../../../../Users/Stanislav/Documents/Unreal Projects/RGO/Content/ModularSciFi/Materials/MasterMaterials/M_DiffuseMasterMaterialProps.uasset" 3678
"../../../../../../Users/Stanislav/Documents/Unreal Projects/RGO/Content/ModularSciFi/Textures/Contrainers/T_Props_Base_Color.uasset" 3679
"../../../../../../Users/Stanislav/Documents/Unreal Projects/RGO/Content/ModularSciFi/Textures/TechProps/T_Props_Emissive.uasset" 3680
"../../../../../../Users/Stanislav/Documents/Unreal Projects/RGO/Content/ModularSciFi/Textures/TechProps/T_Props_Metallic.uasset" 3681
"../../../../../../Users/Stanislav/Documents/Unreal Projects/RGO/Content/ModularSciFi/Textures/TechProps/T_Props_Mixed_AO.uasset" 3682
"../../../../../../Users/Stanislav/Documents/Unreal Projects/RGO/Content/ModularSciFi/Textures/TechProps/T_Props_Normal_OpenGL.uasset" 3683
"../../../../../../Users/Stanislav/Documents/Unreal Projects/RGO/Content/ModularSciFi/Textures/TechProps/T_Props_Roughness.uasset" 3684
"../../../../../../Users/Stanislav/Documents/Unreal Projects/RGO/Content/ModularSciFi/Materials/MasterMaterials/M_DecalMasterMaterialGraphic.uasset" 3685
"../../../../../../Users/Stanislav/Documents/Unreal Projects/RGO/Content/ModularSciFi/Materials/MasterMaterials/M_DiffuseMasterMaterial.uasset" 3686
"../../../../../../Users/Stanislav/Documents/Unreal Projects/RGO/Content/ModularSciFi/Textures/Grid1/T_Grid1_metallic.uasset" 3687
"../../../../../../Users/Stanislav/Documents/Unreal Projects/RGO/Content/ModularSciFi/Textures/SharedTextures/T_BlackBlank.uasset" 3688
"../../../../../../Users/Stanislav/Documents/Unreal Projects/RGO/Content/ModularSciFi/Materials/MasterMaterials/M_Decals.uasset" 3689
"../../../../../../Users/Stanislav/Documents/Unreal Projects/RGO/Content/ModularSciFi/Materials/HardsurfaceDecals/M_Decals_FullPasses.uasset" 3690
"../../../../../../Users/Stanislav/Documents/Unreal Projects/RGO/Content/ModularSciFi/Materials/PaintedMetal/M_PaintedMetalMasterMaterial.uasset" 3691
"../../../../../../Users/Stanislav/Documents/Unreal Projects/RGO/Content/ModularSciFi/Textures/SharedTextures/T_GrungeMask.uasset" 3692
"../../../../../../Users/Stanislav/Documents/Unreal Projects/RGO/Content/ModularSciFi/Materials/MasterMaterials/M_SignsDecals.uasset" 3693
"../../../../../../Users/Stanislav/Documents/Unreal Projects/RGO/Content/ModularSciFi/Materials/Trimsheet/MI_TrimMetallic.uasset" 3694
"../../../../../../Users/Stanislav/Documents/Unreal Projects/RGO/Content/ModularSciFi/Textures/TechProps/T_Props_Base_Color.uasset" 3695
"../../../../../../Users/Stanislav/Documents/Unreal Projects/RGO/Content/ModularSciFi/Textures/GraphicalDecals/T_GraphicDecals_1_basecolor.uasset" 3696
"../../../../../../Users/Stanislav/Documents/Unreal Projects/RGO/Content/ModularSciFi/Textures/GraphicalDecals/T_GraphicDecals_1_Curvature.uasset" 3697
"../../../../../../Users/Stanislav/Documents/Unreal Projects/RGO/Content/ModularSciFi/Textures/GraphicalDecals/T_GraphicDecals_1_normal.uasset" 3698
"../../../Engine/Content/Functions/Engine_MaterialFunctions01/Texturing/WorldAlignedTexture.uasset" 3699
"../../../../../../Users/Stanislav/Documents/Unreal Projects/RGO/Content/ModularSciFi/Textures/SharedTextures/T_Placeholder_Normal.uasset" 3700
"../../../../../../Users/Stanislav/Documents/Unreal Projects/RGO/Content/ModularSciFi/Textures/SharedTextures/T_WhiteBlank.uasset" 3701
"../../../../../../Users/Stanislav/Documents/Unreal Projects/RGO/Content/ModularSciFi/Textures/HardSurfaceDecals/T_HardDecals_Mixed_AO.uasset" 3702
"../../../../../../Users/Stanislav/Documents/Unreal Projects/RGO/Content/ModularSciFi/Textures/HardSurfaceDecals/T_HardDecals_Normal_OpenGL.uasset" 3703
"../../../../../../Users/Stanislav/Documents/Unreal Projects/RGO/Content/ModularSciFi/Textures/HardSurfaceDecals/T_HardDecals_Opacity.uasset" 3704
"../../../../../../Users/Stanislav/Documents/Unreal Projects/RGO/Content/ModularSciFi/Textures/HardSurfaceDecals/T_HardDecals_Base_Color.uasset" 3705
"../../../../../../Users/Stanislav/Documents/Unreal Projects/RGO/Content/ModularSciFi/Textures/HardSurfaceDecals/T_HardDecals_Emissive.uasset" 3706
"../../../../../../Users/Stanislav/Documents/Unreal Projects/RGO/Content/ModularSciFi/Textures/HardSurfaceDecals/T_HardDecals_Metallic.uasset" 3707
"../../../../../../Users/Stanislav/Documents/Unreal Projects/RGO/Content/ModularSciFi/Textures/HardSurfaceDecals/T_HardDecals_Roughness.uasset" 3708
"../../../Engine/Content/Functions/Engine_MaterialFunctions01/ImageAdjustment/CheapContrast.uasset" 3709
"../../../../../../Users/Stanislav/Documents/Unreal Projects/RGO/Content/ModularSciFi/MaterialsFunctions/M_ObjectAlignedTexture.uasset" 3710
"../../../../../../Users/Stanislav/Documents/Unreal Projects/RGO/Content/ModularSciFi/Textures/PaintedMetal/T_PaintedMetal_ambientocclusion.uasset" 3711
"../../../../../../Users/Stanislav/Documents/Unreal Projects/RGO/Content/ModularSciFi/Textures/PaintedMetal/T_PaintedMetal_basecolor.uasset" 3712
"../../../../../../Users/Stanislav/Documents/Unreal Projects/RGO/Content/ModularSciFi/Textures/PaintedMetal/T_PaintedMetal_metallic.uasset" 3713
"../../../../../../Users/Stanislav/Documents/Unreal Projects/RGO/Content/ModularSciFi/Textures/PaintedMetal/T_PaintedMetal_normal.uasset" 3714
"../../../../../../Users/Stanislav/Documents/Unreal Projects/RGO/Content/ModularSciFi/Textures/PaintedMetal/T_PaintedMetal_roughness.uasset" 3715
"../../../../../../Users/Stanislav/Documents/Unreal Projects/RGO/Content/ModularSciFi/Textures/SharedTextures/T_Grunge3.uasset" 3716
"../../../../../../Users/Stanislav/Documents/Unreal Projects/RGO/Content/ModularSciFi/Textures/SharedTextures/T_GrungeMask3.uasset" 3717
"../../../../../../Users/Stanislav/Documents/Unreal Projects/RGO/Content/ModularSciFi/Textures/SignsDecals/T_Signs_Alpha.uasset" 3718
"../../../../../../Users/Stanislav/Documents/Unreal Projects/RGO/Content/ModularSciFi/Textures/SignsDecals/T_Signs_Color.uasset" 3719
"../../../../../../Users/Stanislav/Documents/Unreal Projects/RGO/Content/ModularSciFi/Textures/Trimsheet/T_Trimsheet_Base_Color.uasset" 3720
"../../../../../../Users/Stanislav/Documents/Unreal Projects/RGO/Content/ModularSciFi/Textures/Trimsheet/T_Trimsheet_Emissive.uasset" 3721
"../../../../../../Users/Stanislav/Documents/Unreal Projects/RGO/Content/ModularSciFi/Textures/Trimsheet/T_Trimsheet_Metallic.uasset" 3722
"../../../../../../Users/Stanislav/Documents/Unreal Projects/RGO/Content/ModularSciFi/Textures/Trimsheet/T_Trimsheet_Mixed_AO.uasset" 3723
"../../../../../../Users/Stanislav/Documents/Unreal Projects/RGO/Content/ModularSciFi/Textures/Trimsheet/T_Trimsheet_Normal_OpenGL.uasset" 3724
"../../../../../../Users/Stanislav/Documents/Unreal Projects/RGO/Content/ModularSciFi/Textures/Trimsheet/T_Trimsheet_Roughness.uasset" 3725
"../../../Engine/Content/Functions/Engine_MaterialFunctions01/Gradient/LinearGradient.uasset" 3726
"../../../Engine/Content/Functions/Engine_MaterialFunctions02/Utility/BlendAngleCorrectedNormals.uasset" 3727
"../../../Engine/Content/EngineMaterials/T_Default_BaseColor.uasset" 3728
"../../../Engine/Content/EngineMaterials/T_Default_Normal.uasset" 3729
"/Game/ModularSciFi/StaticMeshes/HardSurfaceEnvironment/Tank_2/SM_Tank_2_Merged" 3730
"../../../../../../Users/Stanislav/Documents/Unreal Projects/RGO/Content/ModularSciFi/StaticMeshes/HardSurfaceEnvironment/Vent/SM_VentModule_Merged.uasset" 3731
"../../../../../../Users/Stanislav/Documents/Unreal Projects/RGO/Content/ModularSciFi/Materials/PaintedMetal/MI_MetalIndoor.uasset" 3732
"../../../../../../Users/Stanislav/Documents/Unreal Projects/RGO/Content/ModularSciFi/Materials/TubesTrim/MI_TubeTrim.uasset" 3733
"../../../../../../Users/Stanislav/Documents/Unreal Projects/RGO/Content/ModularSciFi/Materials/TubesTrim/MI_TubeTrim1.uasset" 3734
"../../../../../../Users/Stanislav/Documents/Unreal Projects/RGO/Content/ModularSciFi/Textures/TubesTrim/T_TubesTrim_Base_Color.uasset" 3735
"../../../../../../Users/Stanislav/Documents/Unreal Projects/RGO/Content/ModularSciFi/Textures/TubesTrim/T_TubesTrim_Metallic.uasset" 3736
"../../../../../../Users/Stanislav/Documents/Unreal Projects/RGO/Content/ModularSciFi/Textures/TubesTrim/T_TubesTrim_Mixed_AO.uasset" 3737
"../../../../../../Users/Stanislav/Documents/Unreal Projects/RGO/Content/ModularSciFi/Textures/TubesTrim/T_TubesTrim_Normal_OpenGL.uasset" 3738
"../../../../../../Users/Stanislav/Documents/Unreal Projects/RGO/Content/ModularSciFi/Textures/TubesTrim/T_TubesTrim_Roughness.uasset" 3739
"/Game/ModularSciFi/StaticMeshes/HardSurfaceEnvironment/Tank_1/SM_Tank_1_Merged" 3740
"../../../../../../Users/Stanislav/Documents/Unreal Projects/RGO/Content/ModularSciFi/StaticMeshes/HardSurfaceEnvironment/Tank_2/SM_Tank_2_Merged.uasset" 3741
"../../../../../../Users/Stanislav/Documents/Unreal Projects/RGO/Content/ModularSciFi/Materials/Emission/MI_Emission_Common.uasset" 3742
"../../../../../../Users/Stanislav/Documents/Unreal Projects/RGO/Content/ModularSciFi/Materials/Emission/M_SimpleEmissionMasterMaterial.uasset" 3743
"../../../../../../Users/Stanislav/Documents/Unreal Projects/RGO/Content/ModularSciFi/Materials/MasterMaterials/M_Glass.uasset" 3744
"../../../../../../Users/Stanislav/Documents/Unreal Projects/RGO/Content/ModularSciFi/Textures/SharedTextures/T_Glass_1.uasset" 3745
"../../../Engine/Content/Functions/Engine_MaterialFunctions01/Gradient/RadialGradientExponential.uasset" 3746
"../../../Engine/Content/Functions/Engine_MaterialFunctions01/ImageAdjustment/SceneTextureAverage.uasset" 3747
"../../../Engine/Content/Functions/Engine_MaterialFunctions01/Texturing/SpiralBlur-SceneTexture.uasset" 3748
"../../../Engine/Content/Functions/Engine_MaterialFunctions02/Texturing/ScreenAlignedUVs.uasset" 3749
"../../../../../../Users/Stanislav/Documents/Unreal Projects/RGO/Content/ModularSciFi/Textures/SharedTextures/T_Glass_Roughness.uasset" 3750
"../../../Engine/Content/Functions/Engine_MaterialFunctions01/Density/ExponentialDensity.uasset" 3751
"../../../Engine/Content/Functions/Engine_MaterialFunctions01/ImageAdjustment/BlurSampleOffsets.uasset" 3752
"../../../Engine/Content/Functions/Engine_MaterialFunctions02/ScreenResolution.uasset" 3753
"/Game/ModularSciFi/StaticMeshes/HardSurfaceEnvironment/Stairs_4/SM_Stairs_4_Merged" 3754
"/Game/ModularSciFi/StaticMeshes/HardSurfaceEnvironment/Stairs_3/SM_Stairs_3_Merged" 3755
"/Game/ModularSciFi/StaticMeshes/HardSurfaceEnvironment/RoofConnector_1/SM_RoofConnector_1_Merged" 3756
"/Game/ModularSciFi/StaticMeshes/HardSurfaceEnvironment/Pillar_1/SM_Pillar_1_Merged" 3757
"../../../../../../Users/Stanislav/Documents/Unreal Projects/RGO/Content/ModularSciFi/StaticMeshes/HardSurfaceEnvironment/Tank_1/SM_Tank_1_Merged.uasset" 3758
"../../../../../../Users/Stanislav/Documents/Unreal Projects/RGO/Content/ModularSciFi/StaticMeshes/HardSurfaceEnvironment/Stairs_4/SM_Stairs_4_Merged.uasset" 3759
"../../../../../../Users/Stanislav/Documents/Unreal Projects/RGO/Content/ModularSciFi/Materials/HardsurfaceDecals/MI_DecalsColor3.uasset" 3760
"../../../../../../Users/Stanislav/Documents/Unreal Projects/RGO/Content/ModularSciFi/StaticMeshes/HardSurfaceEnvironment/Stairs_3/SM_Stairs_3_Merged.uasset" 3761
"../../../../../../Users/Stanislav/Documents/Unreal Projects/RGO/Content/ModularSciFi/Materials/PaintedMetal/MI_PaintedMetal3.uasset" 3762
"/Game/ModularSciFi/StaticMeshes/HardSurfaceEnvironment/Panel_4/SM_Panel_4_Merged" 3763
"/Game/ModularSciFi/StaticMeshes/HardSurfaceEnvironment/MainStation/SM_MainStation_Merged" 3764
"../../../../../../Users/Stanislav/Documents/Unreal Projects/RGO/Content/ModularSciFi/StaticMeshes/HardSurfaceEnvironment/RoofConnector_1/SM_RoofConnector_1_Merged.uasset" 3765
"../../../../../../Users/Stanislav/Documents/Unreal Projects/RGO/Content/ModularSciFi/StaticMeshes/HardSurfaceEnvironment/Pillar_1/SM_Pillar_1_Merged.uasset" 3766
"../../../../../../Users/Stanislav/Documents/Unreal Projects/RGO/Content/ModularSciFi/Materials/Fabric/MI_Fabric.uasset" 3767
"../../../../../../Users/Stanislav/Documents/Unreal Projects/RGO/Content/ModularSciFi/Materials/Glass/MI_Glass_Glossy.uasset" 3768
"../../../../../../Users/Stanislav/Documents/Unreal Projects/RGO/Content/ModularSciFi/Materials/Lamps/MI_Lamps.uasset" 3769
"../../../../../../Users/Stanislav/Documents/Unreal Projects/RGO/Content/ModularSciFi/Materials/PaintedMetal/MI_PaintedMetal2Indoor.uasset" 3770
"../../../../../../Users/Stanislav/Documents/Unreal Projects/RGO/Content/ModularSciFi/Textures/Fabric_2/T_Fabric_2_ambientocclusion.uasset" 3771
"../../../../../../Users/Stanislav/Documents/Unreal Projects/RGO/Content/ModularSciFi/Textures/Fabric_2/T_Fabric_2_basecolor.uasset" 3772
"../../../../../../Users/Stanislav/Documents/Unreal Projects/RGO/Content/ModularSciFi/Textures/Fabric_2/T_Fabric_2_metallic.uasset" 3773
"../../../../../../Users/Stanislav/Documents/Unreal Projects/RGO/Content/ModularSciFi/Textures/Fabric_2/T_Fabric_2_normal.uasset" 3774
"../../../../../../Users/Stanislav/Documents/Unreal Projects/RGO/Content/ModularSciFi/Textures/Fabric_2/T_Fabric_2_roughness.uasset" 3775
"../../../../../../Users/Stanislav/Documents/Unreal Projects/RGO/Content/ModularSciFi/Textures/Lamps/T_Lamps_Base_Color.uasset" 3776
"../../../../../../Users/Stanislav/Documents/Unreal Projects/RGO/Content/ModularSciFi/Textures/Lamps/T_Lamps_Emissive.uasset" 3777
"../../../../../../Users/Stanislav/Documents/Unreal Projects/RGO/Content/ModularSciFi/Textures/Lamps/T_Lamps_Metallic.uasset" 3778
"../../../../../../Users/Stanislav/Documents/Unreal Projects/RGO/Content/ModularSciFi/Textures/Lamps/T_Lamps_Mixed_AO.uasset" 3779
"../../../../../../Users/Stanislav/Documents/Unreal Projects/RGO/Content/ModularSciFi/Textures/Lamps/T_Lamps_Normal_OpenGL.uasset" 3780
"../../../../../../Users/Stanislav/Documents/Unreal Projects/RGO/Content/ModularSciFi/Textures/Lamps/T_Lamps_Roughness.uasset" 3781
"/Game/ModularSciFi/StaticMeshes/HardSurfaceEnvironment/MainStation/SM_MainStation_Indoor_Merged" 3782
"/Game/ModularSciFi/Materials/SignsDecals/MI_Signs_Decals_Black" 3783
"/Game/ModularSciFi/StaticMeshes/HardSurfaceEnvironment/Locker/SM_Locker_Closed" 3784
"/Game/ModularSciFi/StaticMeshes/HardSurfaceEnvironment/LivingModule_1/SM_LivingModule_1_Merged" 3785
"/Game/ModularSciFi/Textures/FabricTrim/T_FabricTrim_roughness" 3786
"/Game/ModularSciFi/Textures/FabricTrim/T_FabricTrim_normal" 3787
"/Game/ModularSciFi/Textures/FabricTrim/T_FabricTrim_metallic" 3788
"/Game/ModularSciFi/Textures/FabricTrim/T_FabricTrim_basecolor" 3789
"/Game/ModularSciFi/Textures/FabricTrim/T_FabricTrim_ambientocclusion" 3790
"/Game/ModularSciFi/Materials/FabricTrimsheet/MI_FabricTrim" 3791
"C:/Users/Stanislav/Documents/Unreal Projects/RGO/Content/ModularSciFi/StaticMeshes/HardSurfaceEnvironment/LivingModule_1/SM_LivingModule_1_Indoor_Merged.uasset" 3792
"C:/Users/Stanislav/Documents/Unreal Projects/RGO/Content/ModularSciFi/StaticMeshes/HardSurfaceEnvironment/DoorFrame_1/SM_DoorFrame_1_Merged.uasset" 3793
"C:/Users/Stanislav/Documents/Unreal Projects/RGO/Content/ModularSciFi/StaticMeshes/HardSurfaceEnvironment/Construction_2/SM_Construction_2_Merged.uasset" 3794
"C:/Users/Stanislav/Documents/Unreal Projects/RGO/Content/ModularSciFi/StaticMeshes/HardSurfaceEnvironment/Construction_4/SM_Construction_4_Merged.uasset" 3795
"C:/Users/Stanislav/Documents/Unreal Projects/RGO/Content/ModularSciFi/Textures/Grid2/T_Grid2_roughness.uasset" 3796
"C:/Users/Stanislav/Documents/Unreal Projects/RGO/Content/ModularSciFi/Textures/Grid2/T_Grid2_normal.uasset" 3797
"C:/Users/Stanislav/Documents/Unreal Projects/RGO/Content/ModularSciFi/Textures/Grid2/T_Grid2_opacity.uasset" 3798
"C:/Users/Stanislav/Documents/Unreal Projects/RGO/Content/ModularSciFi/Textures/Grid2/T_Grid2_basecolor.uasset" 3799
"C:/Users/Stanislav/Documents/Unreal Projects/RGO/Content/ModularSciFi/Textures/Grid2/T_Grid2_ambientocclusion.uasset" 3800
"C:/Users/Stanislav/Documents/Unreal Projects/RGO/Content/ModularSciFi/Materials/Grid/MI_Grid.uasset" 3801
"C:/Users/Stanislav/Documents/Unreal Projects/RGO/Content/ModularSciFi/Textures/RollPanel/T_RollPanel_metallic.uasset" 3802
"C:/Users/Stanislav/Documents/Unreal Projects/RGO/Content/ModularSciFi/StaticMeshes/HardSurfaceEnvironment/Chair/SM_Chair.uasset" 3803
"C:/Users/Stanislav/Documents/Unreal Projects/RGO/Content/ModularSciFi/Textures/RollPanel/T_RollPanel_normal.uasset" 3804
"C:/Users/Stanislav/Documents/Unreal Projects/RGO/Content/ModularSciFi/StaticMeshes/HardSurfaceEnvironment/CircularPlatform/SM_CIrcularPlatform_Merged.uasset" 3805
"C:/Users/Stanislav/Documents/Unreal Projects/RGO/Content/ModularSciFi/StaticMeshes/HardSurfaceEnvironment/CargoContainer_2/SM_CargoContainer_2_Merged.uasset" 3806
"/Game/ModularSciFi/StaticMeshes/HardSurfaceEnvironment/Chair/SM_Chair" 3807
"/Game/ModularSciFi/StaticMeshes/HardSurfaceEnvironment/CircularPlatform/SM_CIrcularPlatform_Merged" 3808
"C:/Users/Stanislav/Documents/Unreal Projects/RGO/Content/ModularSciFi/Textures/RollPanel/T_RollPanel_basecolor.uasset" 3809
"C:/Users/Stanislav/Documents/Unreal Projects/RGO/Content/ModularSciFi/StaticMeshes/ShareMeshes/SM_WaterPlane.uasset" 3810
"C:/Users/Stanislav/Documents/Unreal Projects/RGO/Content/ModularSciFi/Materials/RollPanel/MI_RollPanel.uasset" 3811
"C:/Users/Stanislav/Documents/Unreal Projects/RGO/Content/ModularSciFi/StaticMeshes/HardSurfaceEnvironment/CargoContainer_1/SM_CargoContainer_1_Merged.uasset" 3812
"C:/Users/Stanislav/Documents/Unreal Projects/RGO/Content/ModularSciFi/Textures/RollPanel/T_RollPanel_ambientocclusion.uasset" 3813
"C:/Users/Stanislav/Documents/Unreal Projects/RGO/Content/ModularSciFi/StaticMeshes/ShareMeshes/SM_SkyboxSphere.uasset" 3814
"../../../../../../Users/Stanislav/Documents/Unreal Projects/RGO/Content/ModularSciFi/Materials/WaterPlane/MI_WaterPlane_Inst.uasset" 3815
"C:/Users/Stanislav/Documents/Unreal Projects/RGO/Content/ModularSciFi/StaticMeshes/Rocks/SM_Rock_9.uasset" 3816
"C:/Users/Stanislav/Documents/Unreal Projects/RGO/Content/ModularSciFi/StaticMeshes/Rocks/SM_Rock_8.uasset" 3817
"C:/Users/Stanislav/Documents/Unreal Projects/RGO/Content/ModularSciFi/StaticMeshes/Rocks/SM_Rock_6.uasset" 3818
"C:/Users/Stanislav/Documents/Unreal Projects/RGO/Content/ModularSciFi/StaticMeshes/Rocks/SM_Rock_7.uasset" 3819
"C:/Users/Stanislav/Documents/Unreal Projects/RGO/Content/ModularSciFi/StaticMeshes/Rocks/SM_Rock_5.uasset" 3820
"C:/Users/Stanislav/Documents/Unreal Projects/RGO/Content/ModularSciFi/Textures/RollPanel/T_RollPanel_roughness.uasset" 3821
"C:/Users/Stanislav/Documents/Unreal Projects/RGO/Content/ModularSciFi/StaticMeshes/Rocks/SM_Rock_4.uasset" 3822
"C:/Users/Stanislav/Documents/Unreal Projects/RGO/Content/ModularSciFi/StaticMeshes/Rocks/SM_Rock_3.uasset" 3823
"C:/Users/Stanislav/Documents/Unreal Projects/RGO/Content/ModularSciFi/Materials/Rocks/MI_Rocks.uasset" 3824
"../../../../../../Users/Stanislav/Documents/Unreal Projects/RGO/Content/ModularSciFi/Materials/WaterPlane/M_WaterPlane.uasset" 3825
"C:/Users/Stanislav/Documents/Unreal Projects/RGO/Content/ModularSciFi/StaticMeshes/Lamps/SM_Lamp_1.uasset" 3826
"C:/Users/Stanislav/Documents/Unreal Projects/RGO/Content/ModularSciFi/StaticMeshes/Rocks/SM_Rock_2.uasset" 3827
"../../../Engine/Content/Functions/Engine_MaterialFunctions01/Texturing/WorldAlignedNormal.uasset" 3828
"../../../../../../Users/Stanislav/Documents/Unreal Projects/RGO/Content/ModularSciFi/Textures/Bubbles/T_BubblesNormal.uasset" 3829
"../../../../../../Users/Stanislav/Documents/Unreal Projects/RGO/Content/ModularSciFi/Textures/CloudNoise/T_CloudNoise.uasset" 3830
"../../../../../../Users/Stanislav/Documents/Unreal Projects/RGO/Content/ModularSciFi/Textures/SharedTextures/T_CloudNoise_2.uasset" 3831
"../../../../../../Users/Stanislav/Documents/Unreal Projects/RGO/Content/ModularSciFi/Textures/SharedTextures/T_PerlinGradientMap.uasset" 3832
"../../../../../../Users/Stanislav/Documents/Unreal Projects/RGO/Content/ModularSciFi/Textures/SharedTextures/T_PerlinGradientMapNormal.uasset" 3833
"../../../../../../Users/Stanislav/Documents/Unreal Projects/RGO/Content/ModularSciFi/Textures/Water/T_WaterDirt_ambientocclusion.uasset" 3834
"../../../../../../Users/Stanislav/Documents/Unreal Projects/RGO/Content/ModularSciFi/Textures/Water/T_WaterDirt_basecolor.uasset" 3835
"../../../../../../Users/Stanislav/Documents/Unreal Projects/RGO/Content/ModularSciFi/Textures/Water/T_WaterDirt_height.uasset" 3836
"../../../../../../Users/Stanislav/Documents/Unreal Projects/RGO/Content/ModularSciFi/StaticMeshes/HardSurfaceEnvironment/Panel_4/SM_Panel_4_Merged.uasset" 3837
"../../../../../../Users/Stanislav/Documents/Unreal Projects/RGO/Content/ModularSciFi/Textures/Water/T_WaterDirt_normal.uasset" 3838
"../../../../../../Users/Stanislav/Documents/Unreal Projects/RGO/Content/ModularSciFi/Textures/Water/T_WaterDirt_roughness.uasset" 3839
"../../../../../../Users/Stanislav/Documents/Unreal Projects/RGO/Content/ModularSciFi/Textures/Water/T_WaterFoam.uasset" 3840
"../../../Engine/Content/Functions/Engine_MaterialFunctions02/WorldAlignedNormals_HighQuality.uasset" 3841
"../../../Engine/Content/EngineMaterials/DefaultNormal_Uncompressed.uasset" 3842
"../../../Engine/Content/Functions/Engine_MaterialFunctions02/Math/CreateThirdOrthogonalVector.uasset" 3843
"/Game/ModularSciFi/StaticMeshes/HardSurfaceEnvironment/Construction_2/SM_Construction_2_Merged" 3844
"/Game/ModularSciFi/StaticMeshes/HardSurfaceEnvironment/Construction_4/SM_Construction_4_Merged" 3845
"/Game/ModularSciFi/StaticMeshes/HardSurfaceEnvironment/DoorFrame_1/SM_DoorFrame_1_Merged" 3846
"/Game/ModularSciFi/StaticMeshes/HardSurfaceEnvironment/LivingModule_1/SM_LivingModule_1_Indoor_Merged" 3847
"/Game/ModularSciFi/Textures/RollPanel/T_RollPanel_normal" 3848
"/Game/ModularSciFi/Textures/RollPanel/T_RollPanel_metallic" 3849
"/Game/ModularSciFi/StaticMeshes/HardSurfaceEnvironment/CargoContainer_2/SM_CargoContainer_2_Merged" 3850
"/Game/ModularSciFi/StaticMeshes/HardSurfaceEnvironment/CargoContainer_1/SM_CargoContainer_1_Merged" 3851
"/Game/ModularSciFi/StaticMeshes/ShareMeshes/SM_WaterPlane" 3852
"/Game/ModularSciFi/StaticMeshes/ShareMeshes/SM_SkyboxSphere" 3853
"C:/Users/Stanislav/Documents/Unreal Projects/RGO/Content/ModularSciFi/StaticMeshes/Grass/SM_Plant_7.uasset" 3854
"C:/Users/Stanislav/Documents/Unreal Projects/RGO/Content/ModularSciFi/StaticMeshes/Grass/SM_Plant_5.uasset" 3855
"C:/Users/Stanislav/Documents/Unreal Projects/RGO/Content/ModularSciFi/StaticMeshes/Grass/SM_Plant_3.uasset" 3856
"C:/Users/Stanislav/Documents/Unreal Projects/RGO/Content/ModularSciFi/StaticMeshes/Grass/SM_Plant_6.uasset" 3857
"/Game/ModularSciFi/StaticMeshes/Rocks/SM_Rock_9" 3858
"C:/Users/Stanislav/Documents/Unreal Projects/RGO/Content/ModularSciFi/StaticMeshes/Grass/SM_Plant_4.uasset" 3859
"C:/Users/Stanislav/Documents/Unreal Projects/RGO/Content/ModularSciFi/StaticMeshes/Grass/SM_Plant_8.uasset" 3860
"C:/Users/Stanislav/Documents/Unreal Projects/RGO/Content/ModularSciFi/StaticMeshes/Grass/SM_Plant_2.uasset" 3861
"C:/Users/Stanislav/Documents/Unreal Projects/RGO/Content/ModularSciFi/StaticMeshes/Grass/SM_GrassSingle_3.uasset" 3862
"C:/Users/Stanislav/Documents/Unreal Projects/RGO/Content/ModularSciFi/StaticMeshes/Grass/SM_GrassSingle_2.uasset" 3863
"C:/Users/Stanislav/Documents/Unreal Projects/RGO/Content/ModularSciFi/StaticMeshes/Grass/SM_Plant_9.uasset" 3864
"../../../../../../Users/Stanislav/Documents/Unreal Projects/RGO/Content/ModularSciFi/Materials/MasterMaterials/M_RocksMasterMaterial.uasset" 3865
"C:/Users/Stanislav/Documents/Unreal Projects/RGO/Content/ModularSciFi/Textures/Grass/T_Grass_basecolor.uasset" 3866
"C:/Users/Stanislav/Documents/Unreal Projects/RGO/Content/ModularSciFi/Textures/Grass/T_Grass_alpha.uasset" 3867
"C:/Users/Stanislav/Documents/Unreal Projects/RGO/Content/ModularSciFi/Textures/Grass/T_Grass_roughness.uasset" 3868
"C:/Users/Stanislav/Documents/Unreal Projects/RGO/Content/ModularSciFi/Textures/Grass/T_Grass_ambientocclusion.uasset" 3869
"../../../../../../Users/Stanislav/Documents/Unreal Projects/RGO/Content/ModularSciFi/Textures/Bedrock/T_Bedrock_ambientocclusion.uasset" 3870
"../../../../../../Users/Stanislav/Documents/Unreal Projects/RGO/Content/ModularSciFi/Textures/Bedrock/T_Bedrock_basecolor.uasset" 3871
"../../../../../../Users/Stanislav/Documents/Unreal Projects/RGO/Content/ModularSciFi/Textures/Bedrock/T_Bedrock_normal.uasset" 3872
"../../../../../../Users/Stanislav/Documents/Unreal Projects/RGO/Content/ModularSciFi/Textures/Bedrock/T_Bedrock_roughness.uasset" 3873
"../../../../../../Users/Stanislav/Documents/Unreal Projects/RGO/Content/ModularSciFi/Textures/Bedrock/T_BedrockSmall_ambientocclusion.uasset" 3874
"../../../../../../Users/Stanislav/Documents/Unreal Projects/RGO/Content/ModularSciFi/StaticMeshes/HardSurfaceEnvironment/MainStation/SM_MainStation_Merged.uasset" 3875
"../../../../../../Users/Stanislav/Documents/Unreal Projects/RGO/Content/ModularSciFi/Textures/Bedrock/T_BedrockSmall_basecolor.uasset" 3876
"../../../../../../Users/Stanislav/Documents/Unreal Projects/RGO/Content/ModularSciFi/Textures/Bedrock/T_BedrockSmall_height.uasset" 3877
"../../../../../../Users/Stanislav/Documents/Unreal Projects/RGO/Content/ModularSciFi/Textures/Bedrock/T_BedrockSmall_normal.uasset" 3878
"../../../../../../Users/Stanislav/Documents/Unreal Projects/RGO/Content/ModularSciFi/Textures/Bedrock/T_BedrockSmall_roughness.uasset" 3879
"../../../../../../Users/Stanislav/Documents/Unreal Projects/RGO/Content/ModularSciFi/Textures/Rocks/T_Rocks_normal.uasset" 3880
"../../../Engine/Content/Functions/Engine_MaterialFunctions01/Texturing/FlattenNormal.uasset" 3881
"../../../Engine/Content/Functions/Engine_MaterialFunctions03/Blends/Blend_Overlay.uasset" 3882
"../../../../../../Users/Stanislav/Documents/Unreal Projects/RGO/Content/ModularSciFi/Textures/Rocks/T_Rocks_ao.uasset" 3883
"../../../../../../Users/Stanislav/Documents/Unreal Projects/RGO/Content/ModularSciFi/Textures/Rocks/T_Rocks_curve.uasset" 3884
"../../../Engine/Content/EngineMaterials/BlendFunc_DefBase.uasset" 3885
"../../../Engine/Content/EngineMaterials/BlendFunc_DefBlend.uasset" 3886
"/Game/ModularSciFi/StaticMeshes/Rocks/SM_Rock_8" 3887
"/Game/ModularSciFi/StaticMeshes/Rocks/SM_Rock_7" 3888
"/Game/ModularSciFi/StaticMeshes/Rocks/SM_Rock_6" 3889
"/Game/ModularSciFi/StaticMeshes/Rocks/SM_Rock_5" 3890
"/Game/ModularSciFi/StaticMeshes/Rocks/SM_Rock_4" 3891
"../../../../../../Users/Stanislav/Documents/Unreal Projects/RGO/Content/ModularSciFi/StaticMeshes/HardSurfaceEnvironment/MainStation/SM_MainStation_Indoor_Merged.uasset" 3892
"/Game/ModularSciFi/StaticMeshes/Rocks/SM_Rock_3" 3893
"/Game/ModularSciFi/StaticMeshes/Rocks/SM_Rock_2" 3894
"/Game/ModularSciFi/StaticMeshes/Lamps/SM_Lamp_1" 3895
"/Game/ModularSciFi/Textures/Grass/T_Grass_alpha" 3896
"/Game/ModularSciFi/Textures/Grass/T_Grass_ambientocclusion" 3897
"/Game/ModularSciFi/Textures/Grass/T_Grass_basecolor" 3898
"/Game/ModularSciFi/Textures/Grass/T_Grass_roughness" 3899
"C:/Users/Stanislav/Documents/Unreal Projects/RGO/Content/ModularSciFi/StaticMeshes/Grass/SM_GrassSingle_1.uasset" 3900
"C:/Users/Stanislav/Documents/Unreal Projects/RGO/Content/ModularSciFi/Materials/Glass/MI_Grass.uasset" 3901
"../../../Engine/Content/Functions/Engine_MaterialFunctions01/WorldPositionOffset/SimpleGrassWind.uasset" 3902
"C:/Users/Stanislav/Documents/Unreal Projects/RGO/Content/ModularSciFi/Materials/Glass/M_Grass_Simple.uasset" 3903
"C:/Users/Stanislav/Documents/Unreal Projects/RGO/Content/ModularSciFi/StaticMeshes/Containers/SM_Box_1.uasset" 3904
"C:/Users/Stanislav/Documents/Unreal Projects/RGO/Content/ModularSciFi/StaticMeshes/Cliffs/SM_Cliff_3.uasset" 3905
"C:/Users/Stanislav/Documents/Unreal Projects/RGO/Content/ModularSciFi/Textures/Cliffs/T_Cliffs_ao.uasset" 3906
"C:/Users/Stanislav/Documents/Unreal Projects/RGO/Content/ModularSciFi/Textures/Cliffs/T_Cliffs_normal.uasset" 3907
"C:/Users/Stanislav/Documents/Unreal Projects/RGO/Content/ModularSciFi/StaticMeshes/Containers/SM_Box_2.uasset" 3908
"C:/Users/Stanislav/Documents/Unreal Projects/RGO/Content/ModularSciFi/Textures/Cliffs/T_Cliffs_curve.uasset" 3909
"C:/Users/Stanislav/Documents/Unreal Projects/RGO/Content/ModularSciFi/StaticMeshes/Cliffs/SM_Cliff_2.uasset" 3910
"C:/Users/Stanislav/Documents/Unreal Projects/RGO/Content/ModularSciFi/Textures/Grass/T_Grass_normal.uasset" 3911
"C:/Users/Stanislav/Documents/Unreal Projects/RGO/Content/ModularSciFi/StaticMeshes/Cliffs/SM_Cliff_1.uasset" 3912
"C:/Users/Stanislav/Documents/Unreal Projects/RGO/Content/ModularSciFi/Materials/Cliffs/MI_Cliffs1.uasset" 3913
"../../../Engine/Content/EngineDebugMaterials/HeatmapGradient.uasset" 3914
"C:/Users/Stanislav/Documents/Unreal Projects/RGO/Content/ModularSciFi/Textures/Skybox/T_SkyboxTexture.uasset" 3915
"C:/Users/Stanislav/Documents/Unreal Projects/RGO/Content/ModularSciFi/Textures/Soil/T_Soil_roughness.uasset" 3916
"C:/Users/Stanislav/Documents/Unreal Projects/RGO/Content/ModularSciFi/Materials/Skybox/MI_Skybox_Inst.uasset" 3917
"C:/Users/Stanislav/Documents/Unreal Projects/RGO/Content/ModularSciFi/Textures/Soil/T_Soil_height.uasset" 3918
"C:/Users/Stanislav/Documents/Unreal Projects/RGO/Content/ModularSciFi/Textures/Soil/T_Soil_basecolor.uasset" 3919
"C:/Users/Stanislav/Documents/Unreal Projects/RGO/Content/ModularSciFi/Materials/Skybox/M_Skybox.uasset" 3920
"../../../Engine/Content/Functions/Engine_MaterialFunctions01/ImageAdjustment/CheapContrast_RGB.uasset" 3921
"../../../../../../Users/Stanislav/Documents/Unreal Projects/RGO/Content/ModularSciFi/StaticMeshes/HardSurfaceEnvironment/Locker/SM_Locker_Closed.uasset" 3922
"C:/Users/Stanislav/AppData/Local/Temp/UnrealShaderWorkingDir/60BAF9C148F71C07CE7C478BA04524F0/2/WorkerOutputOnly.out" 3923
"/Game/ModularSciFi/StaticMeshes/Cliffs/SM_Cliff_2" 3924
"/Game/ModularSciFi/Materials/Skybox/M_Skybox" 3925
"/Game/ModularSciFi/StaticMeshes/Grass/SM_GrassSingle_2" 3926
"/Game/ModularSciFi/StaticMeshes/Grass/SM_GrassSingle_3" 3927
"/Game/ModularSciFi/StaticMeshes/Grass/SM_Plant_2" 3928
"/Game/ModularSciFi/StaticMeshes/Grass/SM_Plant_3" 3929
"/Game/ModularSciFi/StaticMeshes/Grass/SM_Plant_4" 3930
"/Game/ModularSciFi/StaticMeshes/Grass/SM_Plant_5" 3931
"/Game/ModularSciFi/StaticMeshes/Grass/SM_Plant_6" 3932
"/Game/ModularSciFi/StaticMeshes/Grass/SM_Plant_7" 3933
"/Game/ModularSciFi/StaticMeshes/Cliffs/SM_Cliff_1" 3934
"/Game/ModularSciFi/StaticMeshes/Cliffs/SM_Cliff_3" 3935
"/Game/ModularSciFi/StaticMeshes/Grass/SM_Plant_8" 3936
"/Game/ModularSciFi/StaticMeshes/Grass/SM_Plant_9" 3937
"/Game/ModularSciFi/StaticMeshes/Containers/SM_Box_1" 3938
"/Game/ModularSciFi/StaticMeshes/Containers/SM_Box_2" 3939
"/Game/ModularSciFi/StaticMeshes/Grass/SM_GrassSingle_1" 3940
"/Game/ModularSciFi/Textures/Soil/T_Soil_basecolor" 3941
"/Game/ModularSciFi/Textures/Soil/T_Soil_height" 3942
"/Game/ModularSciFi/Textures/Soil/T_Soil_roughness" 3943
"/Game/ModularSciFi/Materials/Skybox/MI_Skybox_Inst" 3944
"C:/Users/Stanislav/Documents/Unreal Projects/RGO/Content/ModularSciFi/Textures/Landscape/T_Terrain_Curvature.uasset" 3945
"C:/Users/Stanislav/Documents/Unreal Projects/RGO/Content/ModularSciFi/Textures/SharedTextures/T_GradientMap.uasset" 3946
"C:/Users/Stanislav/Documents/Unreal Projects/RGO/Content/ModularSciFi/Textures/Landscape/T_Terrain_Normal_2.uasset" 3947
"C:/Users/Stanislav/Documents/Unreal Projects/RGO/Content/ModularSciFi/Textures/Graysand/T_Graysand_roughness.uasset" 3948
"C:/Users/Stanislav/Documents/Unreal Projects/RGO/Content/ModularSciFi/Textures/Landscape/T_TerrainNormals_CurvatureMap.uasset" 3949
"C:/Users/Stanislav/Documents/Unreal Projects/RGO/Content/ModularSciFi/Textures/Graysand/T_Graysand_normal.uasset" 3950
"C:/Users/Stanislav/Documents/Unreal Projects/RGO/Content/ModularSciFi/Textures/Landscape/T_RocksDecal_basecolor.uasset" 3951
"C:/Users/Stanislav/Documents/Unreal Projects/RGO/Content/ModularSciFi/Textures/Landscape/T_RocksDecal_height.uasset" 3952
"C:/Users/Stanislav/Documents/Unreal Projects/RGO/Content/ModularSciFi/Textures/Landscape/T_TerrainNormals_normal.uasset" 3953
"C:/Users/Stanislav/Documents/Unreal Projects/RGO/Content/ModularSciFi/Textures/Landscape/T_RocksDecal_normal.uasset" 3954
"C:/Users/Stanislav/Documents/Unreal Projects/RGO/Content/ModularSciFi/Textures/Graysand/T_Graysand_height.uasset" 3955
"C:/Users/Stanislav/Documents/Unreal Projects/RGO/Content/ModularSciFi/Textures/Landscape/T_RocksDecal_ambientocclusion.uasset" 3956
"C:/Users/Stanislav/Documents/Unreal Projects/RGO/Content/ModularSciFi/Textures/Bedrock/T_Bedrock_height.uasset" 3957
"/Game/ModularSciFi/Textures/Graysand/T_Graysand_height" 3958
"/Game/ModularSciFi/Textures/Landscape/T_RocksDecal_ambientocclusion" 3959
"C:/Users/Stanislav/Documents/Unreal Projects/RGO/Content/ModularSciFi/Textures/Landscape/T_TerrainNormals_Maskp.uasset" 3960
"C:/Users/Stanislav/Documents/Unreal Projects/RGO/Content/ModularSciFi/Textures/Graysand/T_Graysand_basecolor.uasset" 3961
"/Game/ModularSciFi/Textures/Landscape/T_RocksDecal_basecolor" 3962
"C:/Users/Stanislav/Documents/Unreal Projects/RGO/Content/ModularSciFi/Textures/Soil/T_Soil_normal.uasset" 3963
"/Game/ModularSciFi/Textures/Landscape/T_RocksDecal_height" 3964
"/Game/ModularSciFi/Textures/Landscape/T_RocksDecal_normal" 3965
"/Game/ModularSciFi/Textures/Graysand/T_Graysand_normal" 3966
"/Game/ModularSciFi/Textures/Graysand/T_Graysand_roughness" 3967
"../../../Engine/Content/Functions/Engine_MaterialFunctions02/ExampleContent/Greyscale.uasset" 3968
"/Game/ModularSciFi/Textures/Landscape/T_TerrainNormals_CurvatureMap" 3969
"../../../Engine/Content/Functions/Engine_MaterialFunctions02/Math/MultiplyAdd.uasset" 3970
"C:/Users/Stanislav/Documents/Unreal Projects/RGO/Content/ModularSciFi/Textures/Soil/T_Soil_ambientocclusion.uasset" 3971
"/Game/ModularSciFi/Textures/Landscape/T_TerrainNormals_normal" 3972
"C:/Users/Stanislav/Documents/Unreal Projects/RGO/Content/ModularSciFi/Landscape/BedRock_LayerInfo.uasset" 3973
"/Game/ModularSciFi/Textures/Landscape/T_Terrain_Curvature" 3974
"/Game/ModularSciFi/Textures/Landscape/T_Terrain_Normal_2" 3975
"/Game/ModularSciFi/Textures/SharedTextures/T_GradientMap" 3976
"/Engine/Functions/Engine_MaterialFunctions02/ExampleContent/Greyscale" 3977
"/Engine/Functions/Engine_MaterialFunctions02/Math/MultiplyAdd" 3978
"/Game/ModularSciFi/Textures/Soil/T_Soil_normal" 3979
"C:/Users/Stanislav/Documents/Unreal Projects/RGO/Content/ModularSciFi/Materials/Landscape/MI_LandScapeMaterial_Inst.uasset" 3980
"/Game/ModularSciFi/Textures/Bedrock/T_Bedrock_height" 3981
"/Game/ModularSciFi/Landscape/BedRock_LayerInfo" 3982
"/Game/ModularSciFi/Textures/Graysand/T_Graysand_basecolor" 3983
"/Game/ModularSciFi/Textures/Landscape/T_TerrainNormals_Maskp" 3984
"../../../Engine/Content/VREditor/UI/KeyDiskMaterial.uasset" 3985
"C:/Users/Stanislav/Documents/Unreal Projects/RGO/Content/ModularSciFi/Landscape/Soil_LayerInfo.uasset" 3986
"C:/Users/Stanislav/Documents/Unreal Projects/RGO/Content/ModularSciFi/Landscape/Sand_LayerInfo.uasset" 3987
"/Game/ModularSciFi/Textures/Soil/T_Soil_ambientocclusion" 3988
"/Engine/VREditor/UI/KeyDiskMaterial" 3989
"/Game/ModularSciFi/Landscape/Sand_LayerInfo" 3990
"/Game/ModularSciFi/Landscape/Soil_LayerInfo" 3991
"../../../Engine/Content/Functions/Engine_MaterialFunctions02/ExampleContent/Gradient.uasset" 3992
"/Engine/Functions/Engine_MaterialFunctions02/ExampleContent/Gradient" 3993
"../../../Engine/Content/VREditor/UI/DiscMaterial.uasset" 3994
"C:/Users/Stanislav/Documents/Unreal Projects/RGO/Content/FPS_Weapon_Bundle/Weapons/Meshes/KA_Val/SK_KA_Val_X_Skeleton.uasset" 3995
"C:/Users/Stanislav/Documents/Unreal Projects/RGO/Content/FPS_Weapon_Bundle/Weapons/Textures/KA_Val/T_KA_Val_NRM.uasset" 3996
"C:/Users/Stanislav/Documents/Unreal Projects/RGO/Content/FPS_Weapon_Bundle/Weapons/Meshes/KA_Val/SK_KA_Val_X_Physics.uasset" 3997
"C:/Users/Stanislav/Documents/Unreal Projects/RGO/Content/ModularSciFi/Textures/Graysand/T_Graysand_ambientocclusion.uasset" 3998
"C:/Users/Stanislav/Documents/Unreal Projects/RGO/Content/ModularSciFi/Materials/Landscape/M_LandScapeMaterial.uasset" 3999
"../../../Engine/Content/Functions/Engine_MaterialFunctions02/Gradients/GradientMap_Multi.uasset" 4000
"C:/Users/Stanislav/Documents/Unreal Projects/RGO/Content/FPS_Weapon_Bundle/Weapons/Materials/KA_Val/M_KA_Val.uasset" 4001
"C:/Users/Stanislav/Documents/Unreal Projects/RGO/Content/FPS_Weapon_Bundle/Weapons/Textures/KA_Val/T_KA_Val_ALB.uasset" 4002
"C:/Users/Stanislav/Documents/Unreal Projects/RGO/Content/FPS_Weapon_Bundle/Weapons/Meshes/KA_Val/SK_KA_Val_X.uasset" 4003
"C:/Users/Stanislav/Documents/Unreal Projects/RGO/Content/FPS_Weapon_Bundle/Weapons/Meshes/AR4/SK_AR4_X_Skeleton.uasset" 4004
"C:/Users/Stanislav/Documents/Unreal Projects/RGO/Content/Blueprints/Weapon/BP_VAL.uasset" 4005
"C:/Users/Stanislav/Documents/Unreal Projects/RGO/Content/FPS_Weapon_Bundle/Weapons/Textures/KA_Val/T_KA_Val_M_MSK.uasset" 4006
"C:/Users/Stanislav/Documents/Unreal Projects/RGO/Content/FPS_Weapon_Bundle/Weapons/Textures/AR4/T_AR4_NRM.uasset" 4007
"C:/Users/Stanislav/Documents/Unreal Projects/RGO/Content/FPS_Weapon_Bundle/Weapons/Meshes/AR4/SK_AR4_X_Physics.uasset" 4008
"C:/Users/Stanislav/Documents/Unreal Projects/RGO/Content/FPS_Weapon_Bundle/Weapons/Materials/AR4/M_AR4.uasset" 4009
"C:/Users/Stanislav/Documents/Unreal Projects/RGO/Content/FPS_Weapon_Bundle/Weapons/Textures/AR4/T_AR4_M_MSK.uasset" 4010
"C:/Users/Stanislav/Documents/Unreal Projects/RGO/Content/FPS_Weapon_Bundle/Weapons/Meshes/AR4/SK_AR4_X.uasset" 4011
"C:/Users/Stanislav/Documents/Unreal Projects/RGO/Content/FX/FX_Bullet_M4A1.uasset" 4012
"C:/Users/Stanislav/Documents/Unreal Projects/RGO/Content/FPS_Weapon_Bundle/Weapons/Textures/AR4/T_AR4_ALB.uasset" 4013
"C:/Users/Stanislav/Documents/Unreal Projects/RGO/Content/FPS_Weapon_Bundle/Weapons/Meshes/Ka47/SK_KA47_X_Physics.uasset" 4014
"C:/Users/Stanislav/Documents/Unreal Projects/RGO/Content/FPS_Weapon_Bundle/Weapons/Textures/KA47/T_KA47_NRM.uasset" 4015
"C:/Users/Stanislav/Documents/Unreal Projects/RGO/Content/Blueprints/Weapon/BP_M4A1.uasset" 4016
"C:/Users/Stanislav/Documents/Unreal Projects/RGO/Content/FPS_Weapon_Bundle/Weapons/Meshes/Ka47/SK_KA47_X_Skeleton.uasset" 4017
"C:/Users/Stanislav/Documents/Unreal Projects/RGO/Content/FPS_Weapon_Bundle/Weapons/Textures/KA47/T_KA47_M_MSK.uasset" 4018
"C:/Users/Stanislav/Documents/Unreal Projects/RGO/Content/FPS_Weapon_Bundle/Weapons/Textures/Ammunition/T_762x39_M_MSK.uasset" 4019
"C:/Users/Stanislav/Documents/Unreal Projects/RGO/Content/FPS_Weapon_Bundle/Weapons/Textures/Ammunition/T_762x39_ALB.uasset" 4020
"C:/Users/Stanislav/Documents/Unreal Projects/RGO/Content/FPS_Weapon_Bundle/Weapons/Textures/Ammunition/T_762x39_NRM.uasset" 4021
"C:/Users/Stanislav/Documents/Unreal Projects/RGO/Content/FPS_Weapon_Bundle/Weapons/Textures/KA47/T_KA47_ALB.uasset" 4022
"C:/Users/Stanislav/Documents/Unreal Projects/RGO/Content/FPS_Weapon_Bundle/Weapons/Materials/Ka47/M_KA47.uasset" 4023
"C:/Users/Stanislav/Documents/Unreal Projects/RGO/Content/FPS_Weapon_Bundle/Weapons/Textures/Patterns/T_Stripes__Pattern.uasset" 4024
"../../../../../../Users/Stanislav/Documents/Unreal Projects/RGO/Content/ModularSciFi/StaticMeshes/HardSurfaceEnvironment/LivingModule_1/SM_LivingModule_1_Merged.uasset" 4025
"../../../../../../Users/Stanislav/Documents/Unreal Projects/RGO/Content/ModularSciFi/StaticMeshes/HardSurfaceEnvironment/Chair/SM_Chair.uasset" 4026
"C:/Users/Stanislav/AppData/Local/Temp/UnrealShaderWorkingDir/60BAF9C148F71C07CE7C478BA04524F0/5/WorkerOutputOnly.out" 4027
"/Engine/Functions/Engine_MaterialFunctions02/Gradients/GradientMap_Multi" 4028
"/Game/FPS_Weapon_Bundle/Weapons/Textures/Patterns/T_Stripes__Pattern" 4029
"/Game/FPS_Weapon_Bundle/Weapons/Materials/Ka47/M_KA47" 4030
"../../../../../../Users/Stanislav/Documents/Unreal Projects/RGO/Content/FPS_Weapon_Bundle/Weapons/Materials/Master_Material/M_Weapon_Master_USE.uasset" 4031
"../../../../../../Users/Stanislav/Documents/Unreal Projects/RGO/Content/FPS_Weapon_Bundle/Weapons/Textures/KA74U/T_KA74U_ALB.uasset" 4032
"../../../../../../Users/Stanislav/Documents/Unreal Projects/RGO/Content/FPS_Weapon_Bundle/Weapons/Textures/KA74U/T_KA74U_M_MSK.uasset" 4033
"../../../../../../Users/Stanislav/Documents/Unreal Projects/RGO/Content/FPS_Weapon_Bundle/Weapons/Textures/KA74U/T_KA74U_NRM.uasset" 4034
"/Game/FPS_Weapon_Bundle/Weapons/Meshes/AR4/SK_AR4_X" 4035
"../../../../../../Users/Stanislav/Documents/Unreal Projects/RGO/Content/FPS_Weapon_Bundle/Weapons/Materials/Ammunition/M_762x39_Empty.uasset" 4036
"../../../../../../Users/Stanislav/Documents/Unreal Projects/RGO/Content/FPS_Weapon_Bundle/Weapons/Meshes/AR4/SK_AR4_X.uasset" 4037
"/Game/FPS_Weapon_Bundle/Weapons/Textures/KA_Val/T_KA_Val_NRM" 4038
"/Game/FPS_Weapon_Bundle/Weapons/Meshes/KA_Val/SK_KA_Val_X_Physics" 4039
"/Game/FPS_Weapon_Bundle/Weapons/Meshes/KA_Val/SK_KA_Val_X_Skeleton" 4040
"/Engine/VREditor/UI/DiscMaterial" 4041
"/Game/FPS_Weapon_Bundle/Weapons/Meshes/Ka47/SK_KA47_X_Physics" 4042
"/Game/ModularSciFi/Materials/Landscape/MI_LandScapeMaterial_Inst" 4043
"/Game/FPS_Weapon_Bundle/Weapons/Meshes/Ka47/SK_KA47_X_Skeleton" 4044
"/Game/Blueprints/Weapon/BP_VAL" 4045
"../../../../../../Users/Stanislav/Documents/Unreal Projects/RGO/Content/FPS_Weapon_Bundle/Weapons/Meshes/KA_Val/SK_KA_Val_X.uasset" 4046
"/Game/Blueprints/Weapon/BP_M4A1" 4047
"../../Plugins/FX/Niagara/Content/DefaultAssets/DefaultRIbbonMaterial.uasset" 4048
"../../Plugins/FX/Niagara/Content/DynamicInputs/Helpers/SimulationPosition.uasset" 4049
"../../Plugins/FX/Niagara/Content/DynamicInputs/Multiply/Multiply_VectorByFloat.uasset" 4050
"../../Plugins/FX/Niagara/Content/DynamicInputs/ValueFromCurve/FloatFromCurve.uasset" 4051
"../../Plugins/FX/Niagara/Content/Modules/Beams/BeamEmitterSetup.uasset" 4052
"../../Plugins/FX/Niagara/Content/Modules/Beams/BeamWidth.uasset" 4053
"C:/Users/Stanislav/AppData/Local/Temp/UnrealShaderWorkingDir/60BAF9C148F71C07CE7C478BA04524F0/7/WorkerOutputOnly.out" 4054
"../../Plugins/FX/Niagara/Content/Modules/Beams/SpawnBeam.uasset" 4055
"../../Plugins/FX/Niagara/Content/Modules/Emitter/EmitterState.uasset" 4056
"../../Plugins/FX/Niagara/Content/Modules/Emitter/SpawnBurst_Instantaneous.uasset" 4057
"../../Plugins/FX/Niagara/Content/Modules/Solvers/SolveForcesAndVelocity.uasset" 4058
"../../Plugins/FX/Niagara/Content/Modules/Spawn/Initialization/V2/InitializeParticle.uasset" 4059
"../../Plugins/FX/Niagara/Content/Modules/Spawn/Velocity/AddVelocity.uasset" 4060
"../../Plugins/FX/Niagara/Content/Modules/System/SystemState.uasset" 4061
"../../Plugins/FX/Niagara/Content/Modules/Update/Color/Color.uasset" 4062
"../../Plugins/FX/Niagara/Content/Modules/Update/Lifetime/ParticleState.uasset" 4063
"../../Plugins/FX/Niagara/Content/Modules/Update/Velocity/InheritVelocity.uasset" 4064
"../../Plugins/FX/Niagara/Content/Enums/Angles/ENiagara_AngleInput.uasset" 4065
"../../Plugins/FX/Niagara/Content/Enums/ENiagara_ColorInitializationMode.uasset" 4066
"../../Plugins/FX/Niagara/Content/Enums/ENiagara_EmitterStateOptions.uasset" 4067
"../../Plugins/FX/Niagara/Content/Enums/ENiagara_InfiniteLoopDuration.uasset" 4068
"../../Plugins/FX/Niagara/Content/Enums/ENiagara_LifetimeMode.uasset" 4069
"../../Plugins/FX/Niagara/Content/Enums/ENiagara_MassInitializationMode.uasset" 4070
"../../Plugins/FX/Niagara/Content/Enums/ENiagara_PositionInitializationMode.uasset" 4071
"../../Plugins/FX/Niagara/Content/Enums/ENiagara_SizeScaleMode.uasset" 4072
"../../Plugins/FX/Niagara/Content/Enums/ENiagara_SpriteRotationMode.uasset" 4073
"../../Plugins/FX/Niagara/Content/Enums/ENiagara_UVFlippingMode.uasset" 4074
"../../Plugins/FX/Niagara/Content/Enums/ENiagaraChannelCorrelation.uasset" 4075
"../../Plugins/FX/Niagara/Content/Enums/ENiagaraEmitterLifeCycleMode.uasset" 4076
"../../Plugins/FX/Niagara/Content/Enums/ENiagaraEmitterScalabilityMode_Limited.uasset" 4077
"../../Plugins/FX/Niagara/Content/Enums/ENiagaraInactiveMode.uasset" 4078
"../../Plugins/FX/Niagara/Content/Enums/ENiagaraRandomnessMode.uasset" 4079
"C:/Users/Stanislav/AppData/Local/Temp/UnrealShaderWorkingDir/60BAF9C148F71C07CE7C478BA04524F0/1/WorkerOutputOnly.out" 4080
"../../Plugins/FX/Niagara/Content/Enums/ENiagaraSystemInactiveMode.uasset" 4081
"../../Plugins/FX/Niagara/Content/Enums/Ribbons/ENiagara_UnsetDirectSet.uasset" 4082
"C:/Users/Stanislav/AppData/Local/Temp/UnrealShaderWorkingDir/60BAF9C148F71C07CE7C478BA04524F0/6/WorkerOutputOnly.out" 4083
"../../Plugins/FX/Niagara/Content/Enums/Ribbons/ENiagara_UnsetDirectSetRandom.uasset" 4084
"../../Plugins/FX/Niagara/Content/Enums/Transforms/ENiagara_RotationMode.uasset" 4085
"../../Plugins/FX/Niagara/Content/Enums/Utility/ENiagara_VelocityMode.uasset" 4086
"../../Plugins/FX/Niagara/Content/Functions/DirectionAndLengthSafe.uasset" 4087
"../../Plugins/FX/Niagara/Content/Functions/Localspace/TransformPosition.uasset" 4088
"../../Plugins/FX/Niagara/Content/Functions/Localspace/TransformVector.uasset" 4089
"../../Plugins/FX/Niagara/Content/Functions/NormalizedExecutionIndex.uasset" 4090
"../../Plugins/FX/Niagara/Content/Functions/Spline/FindPositionOnBezierSpline.uasset" 4091
"../../Plugins/FX/Niagara/Content/Functions/Emitter/EmitterChangeState.uasset" 4092
"../../Plugins/FX/Niagara/Content/Icons/Modules/T_Icon_Scalability_Emitter.uasset" 4093
"../../Plugins/FX/Niagara/Content/Icons/Modules/T_Icon_Scalability_System.uasset" 4094
"../../Plugins/FX/Niagara/Content/Functions/V2/CalculateRandomRangeFloat.uasset" 4095
"../../Plugins/FX/Niagara/Content/Enums/ENiagaraRandomnessEvaluation.uasset" 4096
"../../Plugins/FX/Niagara/Content/Functions/Drag/DragVelocity.uasset" 4097
"../../Plugins/FX/Niagara/Content/Functions/Math/CentimeterMeterConversion.uasset" 4098
"../../Plugins/FX/Niagara/Content/Functions/Rotation/MultiplyVectorWithQuaternion.uasset" 4099
"../../Plugins/FX/Niagara/Content/Modules/Solvers/ApplyRotationVector.uasset" 4100
"C:/Users/Stanislav/AppData/Local/Temp/UnrealShaderWorkingDir/60BAF9C148F71C07CE7C478BA04524F0/0/WorkerOutputOnly.out" 4101
"../../Plugins/FX/Niagara/Content/Icons/Modules/T_Icon_Solver_LimitAccel.uasset" 4102
"../../Plugins/FX/Niagara/Content/Icons/Modules/T_Icon_Solver_LimitSpeed.uasset" 4103
"../../Plugins/FX/Niagara/Content/Icons/Modules/T_Icon_Solver_RotationalSolve.uasset" 4104
"../../Plugins/FX/Niagara/Content/Functions/LinearColor/HueShiftLinearColor.uasset" 4105
"../../Plugins/FX/Niagara/Content/Functions/Localspace/SimulationPosition.uasset" 4106
"../../Plugins/FX/Niagara/Content/Functions/V2/CalculateRandomBool.uasset" 4107
"../../../../../../Users/Stanislav/Documents/Unreal Projects/RGO/Content/ModularSciFi/StaticMeshes/HardSurfaceEnvironment/CircularPlatform/SM_CIrcularPlatform_Merged.uasset" 4108
"../../Plugins/FX/Niagara/Content/Functions/V2/CalculateRandomRange.uasset" 4109
"../../Plugins/FX/Niagara/Content/Functions/V2/CalculateRandomRangeInteger.uasset" 4110
"../../Plugins/FX/Niagara/Content/Functions/Math/CalculateRandomPointInConeSphereIntersection.uasset" 4111
"../../Plugins/FX/Niagara/Content/Functions/Math/SaturateFloat.uasset" 4112
"../../Plugins/FX/Niagara/Content/Functions/Rotation/AngleUnitConverter.uasset" 4113
"../../Plugins/FX/Niagara/Content/Functions/Rotation/AxisAngleToQuaternion.uasset" 4114
"../../Plugins/FX/Niagara/Content/Functions/Rotation/FindQuatBetween.uasset" 4115
"../../Plugins/FX/Niagara/Content/Functions/Rotation/InvertQuaternion.uasset" 4116
"../../Plugins/FX/Niagara/Content/Functions/Rotation/MakeQuaternionFrom3BasisVectors.uasset" 4117
"../../../../../../Users/Stanislav/Documents/Unreal Projects/RGO/Content/ModularSciFi/StaticMeshes/HardSurfaceEnvironment/Construction_2/SM_Construction_2_Merged.uasset" 4118
"../../Plugins/FX/Niagara/Content/Functions/Rotation/MultiplyQuaternion.uasset" 4119
"../../Plugins/FX/Niagara/Content/Functions/Rotation/TransformStack/TransformStack_Rotation.uasset" 4120
"../../Plugins/FX/Niagara/Content/Functions/Rotation/XYZRotationToQuaternion.uasset" 4121
"../../Plugins/FX/Niagara/Content/Functions/V2/CalculateRandomUnitVector.uasset" 4122
"../../Plugins/FX/Niagara/Content/Functions/V2/DistanceBasedFalloff.uasset" 4123
"../../Plugins/FX/Niagara/Content/Functions/System/SystemChangeState.uasset" 4124
"../../Plugins/FX/Niagara/Content/Icons/Modules/T_Icon_Particle_InfiniteLife.uasset" 4125
"../../Plugins/FX/Niagara/Content/Functions/Localspace/TransformBase.uasset" 4126
"../../Plugins/FX/Niagara/Content/Functions/RandomRangeFloat.uasset" 4127
"../../Plugins/FX/Niagara/Content/Functions/Rotation/MatrixToQuaternion.uasset" 4128
"../../Plugins/FX/Niagara/Content/Functions/NormalizeDistanceRange.uasset" 4129
"../../Plugins/FX/Niagara/Content/Functions/GetRandomInfo.uasset" 4130
"C:/Users/Stanislav/AppData/Local/Temp/UnrealShaderWorkingDir/60BAF9C148F71C07CE7C478BA04524F0/3/WorkerOutputOnly.out" 4131
"C:/Users/Stanislav/Documents/Unreal Projects/RGO/Content/Blueprints/Weapon/BP_AK-47.uasset" 4132
"C:/Users/Stanislav/Documents/Unreal Projects/RGO/Content/Imput/IA_Zoom.uasset" 4133
"C:/Users/Stanislav/Documents/Unreal Projects/RGO/Content/FPS_Weapon_Bundle/Weapons/Meshes/Ka47/SK_KA47_X.uasset" 4134
"C:/Users/Stanislav/Documents/Unreal Projects/RGO/Content/Imput/IMC_Default.uasset" 4135
"C:/Users/Stanislav/Documents/Unreal Projects/RGO/Content/Imput/IMC_UI.uasset" 4136
"C:/Users/Stanislav/Documents/Unreal Projects/RGO/Content/Imput/IA_Run.uasset" 4137
"C:/Users/Stanislav/Documents/Unreal Projects/RGO/Content/Imput/IA_Rotate.uasset" 4138
"C:/Users/Stanislav/Documents/Unreal Projects/RGO/Content/Imput/IA_Reload.uasset" 4139
"C:/Users/Stanislav/Documents/Unreal Projects/RGO/Content/FX/FX_Bullet_AK-47.uasset" 4140
"C:/Users/Stanislav/Documents/Unreal Projects/RGO/Content/Imput/IA_Shoot.uasset" 4141
"C:/Users/Stanislav/Documents/Unreal Projects/RGO/Content/Blueprints/BP_TestSpawner.uasset" 4142
"C:/Users/Stanislav/Documents/Unreal Projects/RGO/Content/Blueprints/BP_PC_Main.uasset" 4143
"C:/Users/Stanislav/Documents/Unreal Projects/RGO/Content/Imput/IA_Move.uasset" 4144
"C:/Users/Stanislav/Documents/Unreal Projects/RGO/Content/Imput/IA_Pause.uasset" 4145
"C:/Users/Stanislav/Documents/Unreal Projects/RGO/Content/Widgets/M_VignetteBloody.uasset" 4146
"C:/Users/Stanislav/Documents/Unreal Projects/RGO/Content/Widgets/MI_VignetteBloody.uasset" 4147
"C:/Users/Stanislav/Documents/Unreal Projects/RGO/Content/Widgets/BP_UW_Pause.uasset" 4148
"C:/Users/Stanislav/Documents/Unreal Projects/RGO/Content/Blueprints/BP_HUD_Main.uasset" 4149
"C:/Users/Stanislav/Documents/Unreal Projects/RGO/Content/Widgets/BP_UW_HUD.uasset" 4150
"C:/Users/Stanislav/Documents/Unreal Projects/RGO/Content/Characters/Heroes/Mannequin/Textures/Manny/T_Manny_02_N.uasset" 4151
"C:/Users/Stanislav/Documents/Unreal Projects/RGO/Content/Characters/Heroes/Mannequin/Textures/Manny/T_Manny_02_MSK3.uasset" 4152
"C:/Users/Stanislav/Documents/Unreal Projects/RGO/Content/Characters/Heroes/Mannequin/Textures/Manny/T_Manny_02_MSK2.uasset" 4153
"C:/Users/Stanislav/Documents/Unreal Projects/RGO/Content/Characters/Heroes/Mannequin/Textures/Manny/T_Manny_02_MSK1.uasset" 4154
"C:/Users/Stanislav/Documents/Unreal Projects/RGO/Content/Characters/Heroes/Mannequin/Textures/Manny/T_Manny_02_MSK.uasset" 4155
"C:/Users/Stanislav/Documents/Unreal Projects/RGO/Content/Characters/Heroes/Mannequin/Textures/Shared/T_OrangePeel_N.uasset" 4156
"C:/Users/Stanislav/Documents/Unreal Projects/RGO/Content/Characters/Heroes/Mannequin/Textures/Manny/T_Manny_02_D.uasset" 4157
"C:/Users/Stanislav/Documents/Unreal Projects/RGO/Content/Characters/Heroes/Mannequin/Textures/Manny/T_Manny_01_MSK3.uasset" 4158
"C:/Users/Stanislav/Documents/Unreal Projects/RGO/Content/Characters/Heroes/Mannequin/Textures/Manny/T_Manny_01_N.uasset" 4159
"C:/Users/Stanislav/Documents/Unreal Projects/RGO/Content/Characters/Heroes/Mannequin/Textures/Shared/T_Detail_Normal.uasset" 4160
"C:/Users/Stanislav/Documents/Unreal Projects/RGO/Content/Characters/Heroes/Mannequin/Textures/Manny/T_Manny_01_MSK2.uasset" 4161
"C:/Users/Stanislav/Documents/Unreal Projects/RGO/Content/Characters/Heroes/Mannequin/Textures/Manny/T_Manny_01_MSK1.uasset" 4162
"C:/Users/Stanislav/Documents/Unreal Projects/RGO/Content/Characters/Heroes/Mannequin/Materials/Instances/Manny/MI_Manny_02_Blue.uasset" 4163
"/Game/FPS_Weapon_Bundle/Weapons/Meshes/Ka47/SK_KA47_X" 4164
"../../../../../../Users/Stanislav/Documents/Unreal Projects/RGO/Content/FPS_Weapon_Bundle/Weapons/Meshes/Ka47/SK_KA47_X.uasset" 4165
"/Game/FX/FX_Bullet_AK-47" 4166
"/Game/Blueprints/Weapon/BP_AK-47" 4167
"/Game/Blueprints/BP_TestSpawner" 4168
"../../../Engine/Content/EditorBlueprintResources/StandardMacros.uasset" 4169
"../../../../../../Users/Stanislav/Documents/Unreal Projects/RGO/Content/Blueprints/BP_GM_Main.uasset" 4170
"../../../../../../Users/Stanislav/Documents/Unreal Projects/RGO/Content/Blueprints/BP_ThirdPersonCharacter.uasset" 4171
"../../../../../../Users/Stanislav/Documents/Unreal Projects/RGO/Content/Animations/ABP_DefaultSkeleton.uasset" 4172
"../../../../../../Users/Stanislav/Documents/Unreal Projects/RGO/Content/ModularSciFi/StaticMeshes/HardSurfaceEnvironment/Construction_4/SM_Construction_4_Merged.uasset" 4173
"../../../../../../Users/Stanislav/Documents/Unreal Projects/RGO/Content/AI/BP_AIC_Base.uasset" 4174
"../../../../../../Users/Stanislav/Documents/Unreal Projects/RGO/Content/Characters/Heroes/Mannequin/Meshes/SKM_Manny.uasset" 4175
"../../../../../../Users/Stanislav/Documents/Unreal Projects/RGO/Content/Characters/Heroes/Mannequin/Animations/Locomotion/Rifle/MF_Rifle_Idle_ADS.uasset" 4176
"../../../../../../Users/Stanislav/Documents/Unreal Projects/RGO/Content/Characters/Heroes/Mannequin/Animations/Locomotion/Unarmed/MM_Unarmed_Idle_Ready.uasset" 4177
"../../../../../../Users/Stanislav/Documents/Unreal Projects/RGO/Content/Animations/BS_Rifle.uasset" 4178
"../../../../../../Users/Stanislav/Documents/Unreal Projects/RGO/Content/Animations/BS_Unarmed.uasset" 4179
"../../../../../../Users/Stanislav/Documents/Unreal Projects/RGO/Content/Characters/Heroes/Mannequin/Meshes/SK_Mannequin.uasset" 4180
"../../../../../../Users/Stanislav/Documents/Unreal Projects/RGO/Content/AI/BT_Base.uasset" 4181
"../../../../../../Users/Stanislav/Documents/Unreal Projects/RGO/Content/Characters/Heroes/Mannequin/Rig/ABP_Manny_PostProcess.uasset" 4182
"../../../../../../Users/Stanislav/Documents/Unreal Projects/RGO/Content/Characters/Heroes/Mannequin/Materials/Instances/Manny/MI_Manny_01_Blue.uasset" 4183
"../../../../../../Users/Stanislav/Documents/Unreal Projects/RGO/Content/Characters/Heroes/Mannequin/Rig/PA_Mannequin.uasset" 4184
"../../../Engine/Content/Animation/DefaultAnimBoneCompressionSettings.uasset" 4185
"../../../Engine/Content/Animation/DefaultAnimCurveCompressionSettings.uasset" 4186
"../../../../../../Users/Stanislav/Documents/Unreal Projects/RGO/Content/Characters/Heroes/Mannequin/Animations/AnimModifiers/FootFXAnimModifier.uasset" 4187
"../../../../../../Users/Stanislav/Documents/Unreal Projects/RGO/Content/Characters/Heroes/Mannequin/Animations/Locomotion/Rifle/MF_Rifle_Jog_Bwd.uasset" 4188
"../../../../../../Users/Stanislav/Documents/Unreal Projects/RGO/Content/Characters/Heroes/Mannequin/Animations/Locomotion/Rifle/MF_Rifle_Jog_Fwd.uasset" 4189
"../../../../../../Users/Stanislav/Documents/Unreal Projects/RGO/Content/Characters/Heroes/Mannequin/Animations/Locomotion/Rifle/MF_Rifle_Jog_Left.uasset" 4190
"../../../../../../Users/Stanislav/Documents/Unreal Projects/RGO/Content/Characters/Heroes/Mannequin/Animations/Locomotion/Rifle/MF_Rifle_Jog_Right.uasset" 4191
"../../../../../../Users/Stanislav/Documents/Unreal Projects/RGO/Content/Characters/Heroes/Mannequin/Animations/Locomotion/Rifle/MF_Rifle_Walk_Bwd.uasset" 4192
"../../../../../../Users/Stanislav/Documents/Unreal Projects/RGO/Content/Characters/Heroes/Mannequin/Animations/Locomotion/Rifle/MF_Rifle_Walk_Fwd.uasset" 4193
"../../../../../../Users/Stanislav/Documents/Unreal Projects/RGO/Content/Characters/Heroes/Mannequin/Animations/Locomotion/Rifle/MF_Rifle_Walk_Left.uasset" 4194
"../../../../../../Users/Stanislav/Documents/Unreal Projects/RGO/Content/Characters/Heroes/Mannequin/Animations/Locomotion/Rifle/MF_Rifle_Walk_Right.uasset" 4195
"../../../../../../Users/Stanislav/Documents/Unreal Projects/RGO/Content/Characters/Heroes/Mannequin/Animations/Locomotion/Unarmed/MM_Unarmed_Jog_Bwd.uasset" 4196
"../../../../../../Users/Stanislav/Documents/Unreal Projects/RGO/Content/Characters/Heroes/Mannequin/Animations/Locomotion/Unarmed/MM_Unarmed_Jog_Fwd.uasset" 4197
"../../../../../../Users/Stanislav/Documents/Unreal Projects/RGO/Content/Characters/Heroes/Mannequin/Animations/Locomotion/Unarmed/MM_Unarmed_Jog_Left.uasset" 4198
"../../../../../../Users/Stanislav/Documents/Unreal Projects/RGO/Content/Characters/Heroes/Mannequin/Animations/Locomotion/Unarmed/MM_Unarmed_Jog_Right.uasset" 4199
"../../../../../../Users/Stanislav/Documents/Unreal Projects/RGO/Content/Characters/Heroes/Mannequin/Animations/Locomotion/Unarmed/MM_Unarmed_Walk_Bwd.uasset" 4200
"../../../../../../Users/Stanislav/Documents/Unreal Projects/RGO/Content/Characters/Heroes/Mannequin/Animations/Locomotion/Unarmed/MM_Unarmed_Walk_Fwd.uasset" 4201
"../../../../../../Users/Stanislav/Documents/Unreal Projects/RGO/Content/Characters/Heroes/Mannequin/Animations/Locomotion/Unarmed/MM_Unarmed_Walk_Left.uasset" 4202
"../../../../../../Users/Stanislav/Documents/Unreal Projects/RGO/Content/Characters/Heroes/Mannequin/Animations/Locomotion/Unarmed/MM_Unarmed_Walk_Right.uasset" 4203
"../../../../../../Users/Stanislav/Documents/Unreal Projects/RGO/Content/AI/BBD_Base.uasset" 4204
"../../../../../../Users/Stanislav/Documents/Unreal Projects/RGO/Content/AI/BTS_SearchEnemie.uasset" 4205
"../../../../../../Users/Stanislav/Documents/Unreal Projects/RGO/Content/AI/BTS_Shoot.uasset" 4206
"../../../../../../Users/Stanislav/Documents/Unreal Projects/RGO/Content/AI/BTS_TurnTarget.uasset" 4207
"../../../../../../Users/Stanislav/Documents/Unreal Projects/RGO/Content/AI/BTT_FindingShelter.uasset" 4208
"../../../../../../Users/Stanislav/Documents/Unreal Projects/RGO/Content/AI/BTT_RandomLocation.uasset" 4209
"../../../../../../Users/Stanislav/Documents/Unreal Projects/RGO/Content/AI/BTT_SetTarget.uasset" 4210
"../../../../../../Users/Stanislav/Documents/Unreal Projects/RGO/Content/Characters/Heroes/Mannequin/Rig/CR_Mannequin_Procedural.uasset" 4211
"../../../../../../Users/Stanislav/Documents/Unreal Projects/RGO/Content/Characters/Heroes/Mannequin/Rig/Poses/Manny/Manny_calf_l_pose.uasset" 4212
"../../../../../../Users/Stanislav/Documents/Unreal Projects/RGO/Content/Characters/Heroes/Mannequin/Rig/Poses/Manny/Manny_calf_r_pose.uasset" 4213
"../../../../../../Users/Stanislav/Documents/Unreal Projects/RGO/Content/Characters/Heroes/Mannequin/Rig/Poses/Manny/Manny_clavicle_l_pose.uasset" 4214
"../../../../../../Users/Stanislav/Documents/Unreal Projects/RGO/Content/Characters/Heroes/Mannequin/Rig/Poses/Manny/Manny_clavicle_r_pose.uasset" 4215
"../../../../../../Users/Stanislav/Documents/Unreal Projects/RGO/Content/Characters/Heroes/Mannequin/Rig/Poses/Manny/Manny_foot_l_pose.uasset" 4216
"../../../../../../Users/Stanislav/Documents/Unreal Projects/RGO/Content/Characters/Heroes/Mannequin/Rig/Poses/Manny/Manny_foot_r_pose.uasset" 4217
"../../../../../../Users/Stanislav/Documents/Unreal Projects/RGO/Content/Characters/Heroes/Mannequin/Rig/Poses/Manny/Manny_hand_l_pose.uasset" 4218
"../../../../../../Users/Stanislav/Documents/Unreal Projects/RGO/Content/Characters/Heroes/Mannequin/Rig/Poses/Manny/Manny_hand_r_pose.uasset" 4219
"../../../../../../Users/Stanislav/Documents/Unreal Projects/RGO/Content/Characters/Heroes/Mannequin/Rig/Poses/Manny/Manny_lowerarm_l_pose.uasset" 4220
"../../../../../../Users/Stanislav/Documents/Unreal Projects/RGO/Content/Characters/Heroes/Mannequin/Rig/Poses/Manny/Manny_lowerarm_r_pose.uasset" 4221
"../../../../../../Users/Stanislav/Documents/Unreal Projects/RGO/Content/Characters/Heroes/Mannequin/Rig/Poses/Manny/Manny_thigh_l_pose.uasset" 4222
"../../../../../../Users/Stanislav/Documents/Unreal Projects/RGO/Content/Characters/Heroes/Mannequin/Rig/Poses/Manny/Manny_thigh_r_pose.uasset" 4223
"../../../../../../Users/Stanislav/Documents/Unreal Projects/RGO/Content/Characters/Heroes/Mannequin/Rig/Poses/Manny/Manny_upperarm_l_pose.uasset" 4224
"../../../../../../Users/Stanislav/Documents/Unreal Projects/RGO/Content/Characters/Heroes/Mannequin/Rig/Poses/Manny/Manny_upperarm_r_pose.uasset" 4225
"../../../../../../Users/Stanislav/Documents/Unreal Projects/RGO/Content/ModularSciFi/StaticMeshes/HardSurfaceEnvironment/DoorFrame_1/SM_DoorFrame_1_Merged.uasset" 4226
"../../../../../../Users/Stanislav/Documents/Unreal Projects/RGO/Content/Characters/Heroes/Mannequin/Materials/M_Mannequin.uasset" 4227
"../../../../../../Users/Stanislav/Documents/Unreal Projects/RGO/Content/Characters/Heroes/Mannequin/Textures/Manny/T_Manny_01_D.uasset" 4228
"../../../../../../Users/Stanislav/Documents/Unreal Projects/RGO/Content/Characters/Heroes/Mannequin/Textures/Manny/T_Manny_01_MSK.uasset" 4229
"C:/Users/Stanislav/AppData/Local/Temp/UnrealShaderWorkingDir/60BAF9C148F71C07CE7C478BA04524F0/9/WorkerOutputOnly.out" 4230
"../../../../../../Users/Stanislav/Documents/Unreal Projects/RGO/Content/Characters/PhysicsMaterials/PM_Character.uasset" 4231
"../../../../../../Users/Stanislav/Documents/Unreal Projects/RGO/Content/Characters/Heroes/Mannequin/Textures/Shared/T_UE_Logo_V2.uasset" 4232
"../../../../../../Users/Stanislav/Documents/Unreal Projects/RGO/Content/Characters/Effects/AnimationNotifies/AN_FootPlant_Left.uasset" 4233
"../../../../../../Users/Stanislav/Documents/Unreal Projects/RGO/Content/Characters/Effects/AnimationNotifies/AN_FootPlant_Right.uasset" 4234
"../../../../../../Users/Stanislav/Documents/Unreal Projects/RGO/Content/Characters/Heroes/Mannequin/Animations/AnimModifiers/FootFXAnimModifier_FootDefinition.uasset" 4235
"../../../../../../Users/Stanislav/Documents/Unreal Projects/RGO/Content/Characters/Heroes/Mannequin/Animations/AnimModifiers/FootstepEffectTagModifier.uasset" 4236
"../../../../../../Users/Stanislav/Documents/Unreal Projects/RGO/Content/AI/EQS_FindingShelter.uasset" 4237
"../../Plugins/Animation/ControlRig/Content/Controls/DefaultGizmoLibrary.uasset" 4238
"../../../../../../Users/Stanislav/Documents/Unreal Projects/RGO/Content/Characters/Heroes/Mannequin/Rig/Poses/Manny/Manny_calf_l_anim.uasset" 4239
"../../../../../../Users/Stanislav/Documents/Unreal Projects/RGO/Content/Characters/Heroes/Mannequin/Rig/Poses/Manny/Manny_calf_r_anim.uasset" 4240
"../../../../../../Users/Stanislav/Documents/Unreal Projects/RGO/Content/Characters/Heroes/Mannequin/Rig/Poses/Manny/Manny_clavicle_l_anim.uasset" 4241
"../../../../../../Users/Stanislav/Documents/Unreal Projects/RGO/Content/Characters/Heroes/Mannequin/Rig/Poses/Manny/Manny_clavicle_r_anim.uasset" 4242
"../../../../../../Users/Stanislav/Documents/Unreal Projects/RGO/Content/Characters/Heroes/Mannequin/Rig/Poses/Manny/Manny_foot_l_anim.uasset" 4243
"../../../../../../Users/Stanislav/Documents/Unreal Projects/RGO/Content/Characters/Heroes/Mannequin/Rig/Poses/Manny/Manny_foot_r_anim.uasset" 4244
"../../../../../../Users/Stanislav/Documents/Unreal Projects/RGO/Content/Characters/Heroes/Mannequin/Rig/Poses/Manny/Manny_hand_l_anim.uasset" 4245
"../../../../../../Users/Stanislav/Documents/Unreal Projects/RGO/Content/Characters/Heroes/Mannequin/Rig/Poses/Manny/Manny_hand_r_anim.uasset" 4246
"../../../../../../Users/Stanislav/Documents/Unreal Projects/RGO/Content/Characters/Heroes/Mannequin/Rig/Poses/Manny/Manny_lowerarm_l_anim.uasset" 4247
"../../../../../../Users/Stanislav/Documents/Unreal Projects/RGO/Content/Characters/Heroes/Mannequin/Rig/Poses/Manny/Manny_lowerarm_r_anim.uasset" 4248
"../../../../../../Users/Stanislav/Documents/Unreal Projects/RGO/Content/Characters/Heroes/Mannequin/Rig/Poses/Manny/Manny_thigh_l_anim.uasset" 4249
"../../../../../../Users/Stanislav/Documents/Unreal Projects/RGO/Content/Characters/Heroes/Mannequin/Rig/Poses/Manny/Manny_thigh_r_anim.uasset" 4250
"../../../../../../Users/Stanislav/Documents/Unreal Projects/RGO/Content/Characters/Heroes/Mannequin/Rig/Poses/Manny/Manny_upperarm_l_anim.uasset" 4251
"../../../../../../Users/Stanislav/Documents/Unreal Projects/RGO/Content/Characters/Heroes/Mannequin/Rig/Poses/Manny/Manny_upperarm_r_anim.uasset" 4252
"../../../../../../Users/Stanislav/Documents/Unreal Projects/RGO/Content/Characters/Heroes/Mannequin/Materials/Functions/CA_Mannequin_new.uasset" 4253
"../../../Engine/Content/Functions/Engine_MaterialFunctions02/Texturing/ScreenAlignedPixelToPixelUVs.uasset" 4254
"../../../Engine/Content/Functions/Engine_MaterialFunctions02/Utility/AppendMany.uasset" 4255
"../../../Engine/Content/Functions/Engine_MaterialFunctions02/Utility/DitherTemporalAA.uasset" 4256
"../../../../../../Users/Stanislav/Documents/Unreal Projects/RGO/Content/Characters/Effects/MaterialFunctions/MF_MannequinEdge.uasset" 4257
"../../../../../../Users/Stanislav/Documents/Unreal Projects/RGO/Content/Characters/Effects/MaterialFunctions/MF_MannequinHitMacro.uasset" 4258
"../../../../../../Users/Stanislav/Documents/Unreal Projects/RGO/Content/Characters/Effects/MaterialFunctions/MF_MannequinLaunchEdgeGlow.uasset" 4259
"../../../../../../Users/Stanislav/Documents/Unreal Projects/RGO/Content/Characters/Heroes/Mannequin/Materials/Functions/MF_BaseColorFallOff.uasset" 4260
"../../../../../../Users/Stanislav/Documents/Unreal Projects/RGO/Content/Characters/Heroes/Mannequin/Materials/Functions/MF_Diffraction.uasset" 4261
"../../../../../../Users/Stanislav/Documents/Unreal Projects/RGO/Content/Characters/Heroes/Mannequin/Materials/Functions/MF_logo.uasset" 4262
"../../../../../../Users/Stanislav/Documents/Unreal Projects/RGO/Content/Characters/Effects/Textures/General/squares.uasset" 4263
"../../../../../../Users/Stanislav/Documents/Unreal Projects/RGO/Content/Characters/Heroes/Mannequin/Materials/Functions/ChromaticCurve2.uasset" 4264
"../../../../../../Users/Stanislav/Documents/Unreal Projects/RGO/Content/ModularSciFi/StaticMeshes/HardSurfaceEnvironment/LivingModule_1/SM_LivingModule_1_Indoor_Merged.uasset" 4265
"C:/Users/Stanislav/AppData/Local/Temp/UnrealShaderWorkingDir/60BAF9C148F71C07CE7C478BA04524F0/4/WorkerOutputOnly.out" 4266
"../../../../../../Users/Stanislav/Documents/Unreal Projects/RGO/Content/ModularSciFi/StaticMeshes/HardSurfaceEnvironment/CargoContainer_2/SM_CargoContainer_2_Merged.uasset" 4267
"../../../../../../Users/Stanislav/Documents/Unreal Projects/RGO/Content/ModularSciFi/StaticMeshes/HardSurfaceEnvironment/CargoContainer_1/SM_CargoContainer_1_Merged.uasset" 4268
"../../../../../../Users/Stanislav/Documents/Unreal Projects/RGO/Content/ModularSciFi/StaticMeshes/ShareMeshes/SM_WaterPlane.uasset" 4269
"../../../../../../Users/Stanislav/Documents/Unreal Projects/RGO/Content/ModularSciFi/StaticMeshes/ShareMeshes/SM_SkyboxSphere.uasset" 4270
"C:/Users/Stanislav/Documents/Unreal Projects/RGO/Content/FirstAidKit/the_medical_bag/scene/Textures/material_baseColor.uasset" 4271
"C:/Users/Stanislav/Documents/Unreal Projects/RGO/Content/FirstAidKit/the_medical_bag/scene/Textures/material_emissive.uasset" 4272
"../../../Engine/Plugins/Interchange/Assets/Content/gltf/MaterialBodies/MF_Default_Body.uasset" 4273
"C:/Users/Stanislav/Documents/Unreal Projects/RGO/Content/FirstAidKit/the_medical_bag/scene/Textures/material_metallicRoughness.uasset" 4274
"../../../Engine/Plugins/Interchange/Assets/Content/gltf/MaterialFunctions/MF_TransformUVs.uasset" 4275
"../../../Engine/Plugins/Interchange/Assets/Content/gltf/Textures/T_Anisotropy_Direction_Linear.uasset" 4276
"../../../Engine/Plugins/Interchange/Assets/Content/gltf/MaterialFunctions/MF_RotateV2.uasset" 4277
"../../../Engine/Plugins/Interchange/Assets/Content/gltf/MaterialFunctions/MF_SpecularAnisotropy.uasset" 4278
"../../../Engine/Plugins/Interchange/Assets/Content/gltf/MaterialFunctions/MF_Specular.uasset" 4279
"../../../Engine/Plugins/Interchange/Assets/Content/gltf/MaterialFunctions/MF_Occlusion.uasset" 4280
"C:/Users/Stanislav/Documents/Unreal Projects/RGO/Content/FirstAidKit/the_medical_bag/scene/Textures/material_normal.uasset" 4281
"../../../Engine/Plugins/Interchange/Assets/Content/gltf/Textures/T_White_Linear.uasset" 4282
"../../../Engine/Plugins/Interchange/Assets/Content/gltf/MaterialFunctions/MF_Normals.uasset" 4283
"../../../Engine/Plugins/Interchange/Assets/Content/gltf/MaterialFunctions/MF_ScaleNormal.uasset" 4284
"../../../Engine/Plugins/Interchange/Assets/Content/gltf/MaterialFunctions/MF_RotateNormals_TS.uasset" 4285
"../../../Engine/Plugins/Interchange/Assets/Content/gltf/Textures/T_Generic_N.uasset" 4286
"../../../Engine/Plugins/Interchange/Assets/Content/gltf/MaterialFunctions/MF_IOR.uasset" 4287
"../../../Engine/Plugins/Interchange/Assets/Content/gltf/Textures/T_White_srgb.uasset" 4288
"../../../Engine/Plugins/Interchange/Assets/Content/gltf/MaterialFunctions/MF_Iridescence.uasset" 4289
"../../../Engine/Plugins/Interchange/Assets/Content/gltf/MaterialFunctions/MF_Emissive.uasset" 4290
"../../../Engine/Plugins/Interchange/Assets/Content/gltf/MaterialFunctions/MF_MetallicRoughness.uasset" 4291
"C:/Users/Stanislav/Documents/Unreal Projects/RGO/Content/FirstAidKit/the_medical_bag/scene/StaticMeshes/defaultMaterial_b5fd4b9af57eec06b6397f6bdde84c96.uasset" 4292
"../../../Engine/Plugins/Interchange/Assets/Content/Functions/MF_IridescenceNoLUT.uasset" 4293
"../../../Engine/Plugins/Interchange/Assets/Content/gltf/M_Default.uasset" 4294
"../../../Engine/Plugins/Interchange/Assets/Content/gltf/MaterialInstances/MI_Default_Opaque_DS.uasset" 4295
"C:/Users/Stanislav/Documents/Unreal Projects/RGO/Content/FirstAidKit/the_medical_bag/scene/Materials/material.uasset" 4296
"C:/Users/Stanislav/Documents/Unreal Projects/RGO/Content/Blueprints/BP_TEST_DoorActor.uasset" 4297
"C:/Users/Stanislav/Documents/Unreal Projects/RGO/Content/ModularSciFi/StaticMeshes/HardSurfaceEnvironment/Door1/SM_Door_1_Merged.uasset" 4298
"C:/Users/Stanislav/Documents/Unreal Projects/RGO/Content/Blueprints/BP_FirstAidKitActor.uasset" 4299
"C:/Users/Stanislav/Documents/Unreal Projects/RGO/Content/Maps/Level_1.umap" 4300
"C:/Users/Stanislav/Documents/Unreal Projects/RGO/Content/FX/FX_Bullet_VAL.uasset" 4301
"../../../Engine/Plugins/Interchange/Assets/Content/gltf/MaterialFunctions/MF_BaseColor.uasset" 4302
"../../../../../../Users/Stanislav/Documents/Unreal Projects/RGO/Content/ModularSciFi/StaticMeshes/Rocks/SM_Rock_9.uasset" 4303
"../../../../../../Users/Stanislav/Documents/Unreal Projects/RGO/Content/ModularSciFi/StaticMeshes/Rocks/SM_Rock_8.uasset" 4304
"../../../../../../Users/Stanislav/Documents/Unreal Projects/RGO/Content/ModularSciFi/StaticMeshes/Rocks/SM_Rock_7.uasset" 4305
"../../../../../../Users/Stanislav/Documents/Unreal Projects/RGO/Content/ModularSciFi/StaticMeshes/Rocks/SM_Rock_6.uasset" 4306
"../../../../../../Users/Stanislav/Documents/Unreal Projects/RGO/Content/ModularSciFi/StaticMeshes/Rocks/SM_Rock_5.uasset" 4307
"../../../../../../Users/Stanislav/Documents/Unreal Projects/RGO/Content/ModularSciFi/StaticMeshes/Rocks/SM_Rock_4.uasset" 4308
"../../../../../../Users/Stanislav/Documents/Unreal Projects/RGO/Content/ModularSciFi/StaticMeshes/Rocks/SM_Rock_3.uasset" 4309
"../../../../../../Users/Stanislav/Documents/Unreal Projects/RGO/Content/ModularSciFi/StaticMeshes/Rocks/SM_Rock_2.uasset" 4310
"../../../../../../Users/Stanislav/Documents/Unreal Projects/RGO/Content/ModularSciFi/StaticMeshes/Lamps/SM_Lamp_1.uasset" 4311
"../../../../../../Users/Stanislav/Documents/Unreal Projects/RGO/Content/ModularSciFi/StaticMeshes/Cliffs/SM_Cliff_2.uasset" 4312
"C:/Users/Stanislav/AppData/Local/Temp/UnrealShaderWorkingDir/60BAF9C148F71C07CE7C478BA04524F0/8/WorkerOutputOnly.out" 4313
"../../../../../../Users/Stanislav/Documents/Unreal Projects/RGO/Content/ModularSciFi/StaticMeshes/Grass/SM_GrassSingle_2.uasset" 4314
"../../../../../../Users/Stanislav/Documents/Unreal Projects/RGO/Content/ModularSciFi/StaticMeshes/Grass/SM_GrassSingle_3.uasset" 4315
"../../../../../../Users/Stanislav/Documents/Unreal Projects/RGO/Content/ModularSciFi/StaticMeshes/Grass/SM_Plant_2.uasset" 4316
"../../../../../../Users/Stanislav/Documents/Unreal Projects/RGO/Content/ModularSciFi/StaticMeshes/Grass/SM_Plant_3.uasset" 4317
"../../../../../../Users/Stanislav/Documents/Unreal Projects/RGO/Content/ModularSciFi/StaticMeshes/Grass/SM_Plant_4.uasset" 4318
"../../../../../../Users/Stanislav/Documents/Unreal Projects/RGO/Content/ModularSciFi/StaticMeshes/Grass/SM_Plant_5.uasset" 4319
"../../../../../../Users/Stanislav/Documents/Unreal Projects/RGO/Content/ModularSciFi/StaticMeshes/Grass/SM_Plant_6.uasset" 4320
"../../../../../../Users/Stanislav/Documents/Unreal Projects/RGO/Content/ModularSciFi/StaticMeshes/Grass/SM_Plant_7.uasset" 4321
"../../../../../../Users/Stanislav/Documents/Unreal Projects/RGO/Content/ModularSciFi/StaticMeshes/Cliffs/SM_Cliff_1.uasset" 4322
"../../../../../../Users/Stanislav/Documents/Unreal Projects/RGO/Content/ModularSciFi/StaticMeshes/Cliffs/SM_Cliff_3.uasset" 4323
"../../../../../../Users/Stanislav/Documents/Unreal Projects/RGO/Content/ModularSciFi/StaticMeshes/Grass/SM_Plant_8.uasset" 4324
"../../../../../../Users/Stanislav/Documents/Unreal Projects/RGO/Content/ModularSciFi/StaticMeshes/Grass/SM_Plant_9.uasset" 4325
"../../../../../../Users/Stanislav/Documents/Unreal Projects/RGO/Content/ModularSciFi/StaticMeshes/Containers/SM_Box_1.uasset" 4326
"../../../../../../Users/Stanislav/Documents/Unreal Projects/RGO/Content/ModularSciFi/StaticMeshes/Containers/SM_Box_2.uasset" 4327
"../../../../../../Users/Stanislav/Documents/Unreal Projects/RGO/Content/ModularSciFi/StaticMeshes/Grass/SM_GrassSingle_1.uasset" 4328
"/InterchangeAssets/gltf/MaterialFunctions/MF_Emissive" 4329
"/InterchangeAssets/gltf/MaterialFunctions/MF_IOR" 4330
"/InterchangeAssets/gltf/MaterialFunctions/MF_Iridescence" 4331
"/InterchangeAssets/gltf/MaterialFunctions/MF_MetallicRoughness" 4332
"/InterchangeAssets/gltf/MaterialFunctions/MF_Normals" 4333
"/InterchangeAssets/gltf/MaterialFunctions/MF_Occlusion" 4334
"/InterchangeAssets/gltf/MaterialFunctions/MF_RotateV2" 4335
"/InterchangeAssets/gltf/MaterialFunctions/MF_Specular" 4336
"/InterchangeAssets/gltf/MaterialFunctions/MF_SpecularAnisotropy" 4337
"/InterchangeAssets/gltf/MaterialFunctions/MF_TransformUVs" 4338
"/InterchangeAssets/gltf/MaterialBodies/MF_Default_Body" 4339
"/Game/FirstAidKit/the_medical_bag/scene/Textures/material_baseColor" 4340
"/Game/FirstAidKit/the_medical_bag/scene/Textures/material_emissive" 4341
"/Game/FirstAidKit/the_medical_bag/scene/Textures/material_metallicRoughness" 4342
"/Game/FirstAidKit/the_medical_bag/scene/Textures/material_normal" 4343
"/InterchangeAssets/gltf/M_Default" 4344
"/InterchangeAssets/gltf/MaterialInstances/MI_Default_Opaque_DS" 4345
"/Game/FirstAidKit/the_medical_bag/scene/Materials/material" 4346
"/Game/FirstAidKit/the_medical_bag/scene/StaticMeshes/defaultMaterial_b5fd4b9af57eec06b6397f6bdde84c96" 4347
"/Game/Blueprints/BP_FirstAidKitActor" 4348
"/Game/ModularSciFi/StaticMeshes/HardSurfaceEnvironment/Door1/SM_Door_1_Merged" 4349
"/Game/Blueprints/BP_TEST_DoorActor" 4350
"/Game/Maps/Level_1" 4351
"../../../../../../Users/Stanislav/Documents/Unreal Projects/RGO/Content/FirstAidKit/the_medical_bag/scene/StaticMeshes/defaultMaterial_b5fd4b9af57eec06b6397f6bdde84c96.uasset" 4352
"../../../../../../Users/Stanislav/Documents/Unreal Projects/RGO/Content/ModularSciFi/StaticMeshes/HardSurfaceEnvironment/Door1/SM_Door_1_Merged.uasset" 4353
"../../../../../../Users/Stanislav/Documents/Unreal Projects/RGO/Content/Maps/Level_1.umap" 4354
"/Game/FX/FX_Bullet_VAL" 4355
"C:/Users/Stanislav/Documents/Unreal Projects/RGO/Content/Characters/Heroes/Mannequin/Animations/Actions/MM_Rifle_Reload_Montage.uasset" 4356
"C:/Users/Stanislav/Documents/Unreal Projects/RGO/Content/Characters/Heroes/Mannequin/Animations/Actions/MM_Rifle_Reload.uasset" 4357
"C:/Users/Stanislav/Documents/Unreal Projects/RGO/Content/Characters/Heroes/Mannequin/Animations/Actions/MM_Rifle_Fire_Montage.uasset" 4358
"C:/Users/Stanislav/Documents/Unreal Projects/RGO/Content/FX/FX_Bullet.uasset" 4359
"C:/Users/Stanislav/Documents/Unreal Projects/RGO/Content/Blueprints/Weapon/BP_WeaponLogic.uasset" 4360
"C:/Users/Stanislav/Documents/Unreal Projects/RGO/Content/DataTable/NewDataTable2.uasset" 4361
"C:/Users/Stanislav/Documents/Unreal Projects/RGO/Content/AI/BP_SoldierBotCharacter.uasset" 4362
"C:/Users/Stanislav/Documents/Unreal Projects/RGO/Content/Characters/Heroes/Mannequin/Animations/Actions/MM_Rifle_Fire.uasset" 4363
"C:/Users/Stanislav/Documents/Unreal Projects/RGO/Content/Characters/Heroes/Mannequin/Materials/Instances/Manny/MI_Manny_02_Red.uasset" 4364
"C:/Users/Stanislav/Documents/Unreal Projects/RGO/Content/Characters/Heroes/Mannequin/Materials/Instances/Manny/MI_Manny_01_Red.uasset" 4365
"C:/Users/Stanislav/Documents/Unreal Projects/RGO/Content/DataTable/NewDataTable1.uasset" 4366
"../../../Engine/Content/EngineSounds/Submixes/MasterEQEffectPreset.uasset" 4367
"../../../Engine/Content/EngineSounds/Submixes/MasterReverbEffectPreset.uasset" 4368
"C:/Users/Stanislav/Documents/Unreal Projects/RGO/Content/Blueprints/BP_GameInstance_Main.uasset" 4369
"C:/Users/Stanislav/Documents/Unreal Projects/RGO/Content/DataTable/NewDataTable.uasset" 4370
"C:/Users/Stanislav/Documents/Unreal Projects/RGO/Content/Widgets/BP_UW_Menu.uasset" 4371
"../../../Engine/Content/EngineSounds/Submixes/MasterSubmixDefault.uasset" 4372
"../../../Engine/Content/EngineSounds/Submixes/MasterEQSubmixDefault.uasset" 4373
"../../../Engine/Content/EngineSounds/Submixes/MasterReverbSubmixDefault.uasset" 4374
"C:/Users/Stanislav/Documents/Unreal Projects/RGO/Content/Widgets/BP_UW_BarBase.uasset" 4375
"C:/Users/Stanislav/Documents/Unreal Projects/RGO/Content/ModularSciFi/StaticMeshes/HardSurfaceEnvironment/Tubes/SM_Tube_5_3.uasset" 4376
"C:/Users/Stanislav/Documents/Unreal Projects/RGO/Content/ModularSciFi/StaticMeshes/HardSurfaceEnvironment/WallBracket/SM_WallBracket_Merged.uasset" 4377
"C:/Users/Stanislav/Documents/Unreal Projects/RGO/Content/ModularSciFi/StaticMeshes/HardSurfaceEnvironment/WallPump/SM_WallPump_Merged.uasset" 4378
"C:/Users/Stanislav/Documents/Unreal Projects/RGO/Content/ModularSciFi/StaticMeshes/HardSurfaceEnvironment/Tubes/SM_Tube_5_2.uasset" 4379
"C:/Users/Stanislav/Documents/Unreal Projects/RGO/Content/ModularSciFi/StaticMeshes/HardSurfaceEnvironment/WallPanel_1/SM_WallPanel_1_Merged.uasset" 4380
"C:/Users/Stanislav/Documents/Unreal Projects/RGO/Content/ModularSciFi/StaticMeshes/HardSurfaceEnvironment/RoofConnector_4/SM_RoofConnector_4_Merged.uasset" 4381
"C:/Users/Stanislav/Documents/Unreal Projects/RGO/Content/ModularSciFi/StaticMeshes/HardSurfaceEnvironment/Stair_Single/SM_Stair_Single_Merged.uasset" 4382
"C:/Users/Stanislav/Documents/Unreal Projects/RGO/Content/ModularSciFi/StaticMeshes/HardSurfaceEnvironment/RoofConnector_5/SM_RoofConnector_5_Merged.uasset" 4383
"C:/Users/Stanislav/Documents/Unreal Projects/RGO/Content/ModularSciFi/StaticMeshes/HardSurfaceEnvironment/Stairs_6/SM_Stairs_6_Merged.uasset" 4384
"C:/Users/Stanislav/Documents/Unreal Projects/RGO/Content/ModularSciFi/StaticMeshes/HardSurfaceEnvironment/Stairs_1/SM_Stairs_1_Merged.uasset" 4385
"C:/Users/Stanislav/Documents/Unreal Projects/RGO/Content/ModularSciFi/StaticMeshes/HardSurfaceEnvironment/Stairs_2/SM_Stairs_2_Merged.uasset" 4386
"C:/Users/Stanislav/Documents/Unreal Projects/RGO/Content/ModularSciFi/StaticMeshes/HardSurfaceEnvironment/Tubes/SM_Tube_3_4.uasset" 4387
"../../../Engine/Plugins/Interchange/Assets/Shaders/ThinFilmFunctions.usf" 4388
"/Game/ModularSciFi/StaticMeshes/HardSurfaceEnvironment/RoofConnector_4/SM_RoofConnector_4_Merged" 4389
"/Game/ModularSciFi/StaticMeshes/HardSurfaceEnvironment/RoofConnector_5/SM_RoofConnector_5_Merged" 4390
"/Game/ModularSciFi/StaticMeshes/HardSurfaceEnvironment/Stairs_1/SM_Stairs_1_Merged" 4391
"/Game/ModularSciFi/StaticMeshes/HardSurfaceEnvironment/Stairs_2/SM_Stairs_2_Merged" 4392
"/Game/ModularSciFi/StaticMeshes/HardSurfaceEnvironment/Stairs_6/SM_Stairs_6_Merged" 4393
"/Game/ModularSciFi/StaticMeshes/HardSurfaceEnvironment/Stair_Single/SM_Stair_Single_Merged" 4394
"/Game/ModularSciFi/StaticMeshes/HardSurfaceEnvironment/Tubes/SM_Tube_3_4" 4395
"/Game/ModularSciFi/StaticMeshes/HardSurfaceEnvironment/Tubes/SM_Tube_5_2" 4396
"/Game/ModularSciFi/StaticMeshes/HardSurfaceEnvironment/Tubes/SM_Tube_5_3" 4397
"/Game/ModularSciFi/StaticMeshes/HardSurfaceEnvironment/WallBracket/SM_WallBracket_Merged" 4398
"/Game/ModularSciFi/StaticMeshes/HardSurfaceEnvironment/WallPanel_1/SM_WallPanel_1_Merged" 4399
"/Game/ModularSciFi/StaticMeshes/HardSurfaceEnvironment/WallPump/SM_WallPump_Merged" 4400
"../../../../../../Users/Stanislav/Documents/Unreal Projects/RGO/Content/ModularSciFi/StaticMeshes/HardSurfaceEnvironment/RoofConnector_4/SM_RoofConnector_4_Merged.uasset" 4401
"../../../../../../Users/Stanislav/Documents/Unreal Projects/RGO/Content/ModularSciFi/Materials/TechProps/MI_TechProps.uasset" 4402
"/Game/Widgets/BP_UW_Menu" 4403
"/Engine/EngineSounds/Submixes/MasterReverbSubmixDefault" 4404
"/Game/Blueprints/BP_GameInstance_Main" 4405
"../../../../../../Users/Stanislav/Documents/Unreal Projects/RGO/Content/ModularSciFi/StaticMeshes/HardSurfaceEnvironment/RoofConnector_5/SM_RoofConnector_5_Merged.uasset" 4406
"../../../../../../Users/Stanislav/Documents/Unreal Projects/RGO/Content/ModularSciFi/StaticMeshes/HardSurfaceEnvironment/Stairs_1/SM_Stairs_1_Merged.uasset" 4407
"../../../../../../Users/Stanislav/Documents/Unreal Projects/RGO/Content/ModularSciFi/StaticMeshes/HardSurfaceEnvironment/Stairs_2/SM_Stairs_2_Merged.uasset" 4408
"C:/Users/Stanislav/Documents/Unreal Projects/RGO/Content/ModularSciFi/StaticMeshes/HardSurfaceEnvironment/Pump_2/SM_Pump_2_Merged.uasset" 4409
"C:/Users/Stanislav/Documents/Unreal Projects/RGO/Content/ModularSciFi/StaticMeshes/HardSurfaceEnvironment/Pump/SM_Pump_Merged.uasset" 4410
"C:/Users/Stanislav/Documents/Unreal Projects/RGO/Content/ModularSciFi/StaticMeshes/HardSurfaceEnvironment/Pole/SM_Pole_Merged.uasset" 4411
"C:/Users/Stanislav/Documents/Unreal Projects/RGO/Content/ModularSciFi/StaticMeshes/HardSurfaceEnvironment/Platform_2/SM_Platform_2_Merged.uasset" 4412
"C:/Users/Stanislav/Documents/Unreal Projects/RGO/Content/ModularSciFi/StaticMeshes/HardSurfaceEnvironment/Panel_3/SM_Panel_Merged.uasset" 4413
"C:/Users/Stanislav/Documents/Unreal Projects/RGO/Content/ModularSciFi/StaticMeshes/HardSurfaceEnvironment/Platform_1/SM_Platform_1_Merged.uasset" 4414
"C:/Users/Stanislav/Documents/Unreal Projects/RGO/Content/ModularSciFi/StaticMeshes/HardSurfaceEnvironment/Panel_1/SM_Panel_1_Merged.uasset" 4415
"C:/Users/Stanislav/Documents/Unreal Projects/RGO/Content/ModularSciFi/StaticMeshes/HardSurfaceEnvironment/Modular_Wall_1/SM_Modular_Wall_1_Merged.uasset" 4416
"C:/Users/Stanislav/Documents/Unreal Projects/RGO/Content/ModularSciFi/StaticMeshes/HardSurfaceEnvironment/RoofConnector_3/SM_RoofConnector_3_Merged.uasset" 4417
"C:/Users/Stanislav/Documents/Unreal Projects/RGO/Content/ModularSciFi/StaticMeshes/HardSurfaceEnvironment/Modular_WallWindow_1/SM_WallWindow_1_Merged.uasset" 4418
"C:/Users/Stanislav/Documents/Unreal Projects/RGO/Content/ModularSciFi/StaticMeshes/HardSurfaceEnvironment/Modular_WallSupport_1/SM_Modular_WallSupport_1_Merged.uasset" 4419
"C:/Users/Stanislav/Documents/Unreal Projects/RGO/Content/ModularSciFi/StaticMeshes/HardSurfaceEnvironment/RoofConnector_2/SM_RoofConnector_2_Merged.uasset" 4420
"C:/Users/Stanislav/Documents/Unreal Projects/RGO/Content/ModularSciFi/StaticMeshes/HardSurfaceEnvironment/Modular_Lamp/SM_Modular_Lamp_Merged.uasset" 4421
"C:/Users/Stanislav/Documents/Unreal Projects/RGO/Content/ModularSciFi/StaticMeshes/HardSurfaceEnvironment/Modular_IndoorWallWindow_3/SM_Modular_IndoorWallWindow_3_Merged.uasset" 4422
"C:/Users/Stanislav/Documents/Unreal Projects/RGO/Content/ModularSciFi/StaticMeshes/HardSurfaceEnvironment/Modular_InteriorColumn/SM_InteriorColumn_Merged.uasset" 4423
"C:/Users/Stanislav/Documents/Unreal Projects/RGO/Content/ModularSciFi/StaticMeshes/HardSurfaceEnvironment/Modular_Floor/SM_Modular_Merged.uasset" 4424
"C:/Users/Stanislav/Documents/Unreal Projects/RGO/Content/ModularSciFi/StaticMeshes/HardSurfaceEnvironment/Modular_Ceiling_Window1/SM_Modular_Ceiling_Window1_Merged.uasset" 4425
"C:/Users/Stanislav/Documents/Unreal Projects/RGO/Content/ModularSciFi/StaticMeshes/HardSurfaceEnvironment/Modular_Corner/SM_Modular_Corner_Merged.uasset" 4426
"C:/Users/Stanislav/Documents/Unreal Projects/RGO/Content/ModularSciFi/StaticMeshes/HardSurfaceEnvironment/Modular_Door_Var1/SM_Modular_DoorModule_Merged.uasset" 4427
"C:/Users/Stanislav/Documents/Unreal Projects/RGO/Content/ModularSciFi/StaticMeshes/HardSurfaceEnvironment/Modular_WallWindow_2/SM_Modular_WallWindow_2_Merged.uasset" 4428
"C:/Users/Stanislav/Documents/Unreal Projects/RGO/Content/ModularSciFi/StaticMeshes/HardSurfaceEnvironment/Modular_IndoorCorner/SM_Modular_IndoorCorner_Merged.uasset" 4429
"C:/Users/Stanislav/Documents/Unreal Projects/RGO/Content/ModularSciFi/StaticMeshes/HardSurfaceEnvironment/Modular_Ceiling/SM_Modular_RoofModule_Merged.uasset" 4430
"C:/Users/Stanislav/Documents/Unreal Projects/RGO/Content/ModularSciFi/StaticMeshes/HardSurfaceEnvironment/Panel_2/SM_Panel_2_Merged.uasset" 4431
"C:/Users/Stanislav/Documents/Unreal Projects/RGO/Content/ModularSciFi/StaticMeshes/HardSurfaceEnvironment/Modular_InteriorDoorConnector/SM_Modular_InteriorDoorConnector_Merged.uasset" 4432
"C:/Users/Stanislav/Documents/Unreal Projects/RGO/Content/ModularSciFi/StaticMeshes/HardSurfaceEnvironment/LivingModule_3/SM_LivingModule_3_Merged.uasset" 4433
"C:/Users/Stanislav/Documents/Unreal Projects/RGO/Content/ModularSciFi/StaticMeshes/HardSurfaceEnvironment/LivingModule_4/SM_LivingModule_4_Indoor_Merged.uasset" 4434
"C:/Users/Stanislav/Documents/Unreal Projects/RGO/Content/ModularSciFi/StaticMeshes/HardSurfaceEnvironment/Modular_BridgeConnector_5/SM_Modular_BridgeConnector_5_Merged.uasset" 4435
"C:/Users/Stanislav/Documents/Unreal Projects/RGO/Content/ModularSciFi/StaticMeshes/HardSurfaceEnvironment/LivingModule_3/SM_LivingModule_3_Indoor_3_Merged.uasset" 4436
"C:/Users/Stanislav/Documents/Unreal Projects/RGO/Content/ModularSciFi/StaticMeshes/HardSurfaceEnvironment/LivingModule_4/SM_LivingModule_4_Merged.uasset" 4437
"C:/Users/Stanislav/Documents/Unreal Projects/RGO/Content/ModularSciFi/StaticMeshes/HardSurfaceEnvironment/Modular_WallWindow_3/SM_Modular_WallWindow_3_Merged.uasset" 4438
"C:/Users/Stanislav/Documents/Unreal Projects/RGO/Content/ModularSciFi/StaticMeshes/HardSurfaceEnvironment/LivingModule_2/SM_LivingModule_2_Merged.uasset" 4439
"C:/Users/Stanislav/Documents/Unreal Projects/RGO/Content/ModularSciFi/StaticMeshes/HardSurfaceEnvironment/LivingModule_2/SM_LivingModule_2_Indoor_Merged.uasset" 4440
"/Game/ModularSciFi/StaticMeshes/HardSurfaceEnvironment/LivingModule_2/SM_LivingModule_2_Indoor_Merged" 4441
"/Game/ModularSciFi/StaticMeshes/HardSurfaceEnvironment/LivingModule_2/SM_LivingModule_2_Merged" 4442
"/Game/ModularSciFi/StaticMeshes/HardSurfaceEnvironment/LivingModule_3/SM_LivingModule_3_Indoor_3_Merged" 4443
"/Game/ModularSciFi/StaticMeshes/HardSurfaceEnvironment/LivingModule_3/SM_LivingModule_3_Merged" 4444
"/Game/ModularSciFi/StaticMeshes/HardSurfaceEnvironment/LivingModule_4/SM_LivingModule_4_Indoor_Merged" 4445
"/Game/ModularSciFi/StaticMeshes/HardSurfaceEnvironment/LivingModule_4/SM_LivingModule_4_Merged" 4446
"/Game/ModularSciFi/StaticMeshes/HardSurfaceEnvironment/Modular_BridgeConnector_5/SM_Modular_BridgeConnector_5_Merged" 4447
"/Game/ModularSciFi/StaticMeshes/HardSurfaceEnvironment/Modular_Ceiling/SM_Modular_RoofModule_Merged" 4448
"/Game/ModularSciFi/StaticMeshes/HardSurfaceEnvironment/Modular_Ceiling_Window1/SM_Modular_Ceiling_Window1_Merged" 4449
"/Game/ModularSciFi/StaticMeshes/HardSurfaceEnvironment/Modular_Corner/SM_Modular_Corner_Merged" 4450
"/Game/ModularSciFi/StaticMeshes/HardSurfaceEnvironment/Modular_Door_Var1/SM_Modular_DoorModule_Merged" 4451
"/Game/ModularSciFi/StaticMeshes/HardSurfaceEnvironment/Modular_Floor/SM_Modular_Merged" 4452
"/Game/ModularSciFi/StaticMeshes/HardSurfaceEnvironment/Modular_IndoorCorner/SM_Modular_IndoorCorner_Merged" 4453
"/Game/ModularSciFi/StaticMeshes/HardSurfaceEnvironment/Modular_IndoorWallWindow_3/SM_Modular_IndoorWallWindow_3_Merged" 4454
"/Game/ModularSciFi/StaticMeshes/HardSurfaceEnvironment/Modular_InteriorColumn/SM_InteriorColumn_Merged" 4455
"/Game/ModularSciFi/StaticMeshes/HardSurfaceEnvironment/Modular_InteriorDoorConnector/SM_Modular_InteriorDoorConnector_Merged" 4456
"/Game/ModularSciFi/StaticMeshes/HardSurfaceEnvironment/Modular_Lamp/SM_Modular_Lamp_Merged" 4457
"/Game/ModularSciFi/StaticMeshes/HardSurfaceEnvironment/Modular_WallSupport_1/SM_Modular_WallSupport_1_Merged" 4458
"/Game/ModularSciFi/StaticMeshes/HardSurfaceEnvironment/Modular_WallWindow_1/SM_WallWindow_1_Merged" 4459
"/Game/ModularSciFi/StaticMeshes/HardSurfaceEnvironment/Modular_WallWindow_2/SM_Modular_WallWindow_2_Merged" 4460
"/Game/ModularSciFi/StaticMeshes/HardSurfaceEnvironment/Modular_WallWindow_3/SM_Modular_WallWindow_3_Merged" 4461
"/Game/ModularSciFi/StaticMeshes/HardSurfaceEnvironment/Modular_Wall_1/SM_Modular_Wall_1_Merged" 4462
"/Game/ModularSciFi/StaticMeshes/HardSurfaceEnvironment/Panel_1/SM_Panel_1_Merged" 4463
"/Game/ModularSciFi/StaticMeshes/HardSurfaceEnvironment/Panel_2/SM_Panel_2_Merged" 4464
"/Game/ModularSciFi/StaticMeshes/HardSurfaceEnvironment/Panel_3/SM_Panel_Merged" 4465
"/Game/ModularSciFi/StaticMeshes/HardSurfaceEnvironment/Platform_1/SM_Platform_1_Merged" 4466
"/Game/ModularSciFi/StaticMeshes/HardSurfaceEnvironment/Platform_2/SM_Platform_2_Merged" 4467
"/Game/ModularSciFi/StaticMeshes/HardSurfaceEnvironment/Pole/SM_Pole_Merged" 4468
"/Game/ModularSciFi/StaticMeshes/HardSurfaceEnvironment/Pump/SM_Pump_Merged" 4469
"/Game/ModularSciFi/StaticMeshes/HardSurfaceEnvironment/Pump_2/SM_Pump_2_Merged" 4470
"/Game/ModularSciFi/StaticMeshes/HardSurfaceEnvironment/RoofConnector_2/SM_RoofConnector_2_Merged" 4471
"/Game/ModularSciFi/StaticMeshes/HardSurfaceEnvironment/RoofConnector_3/SM_RoofConnector_3_Merged" 4472
"C:/Users/Stanislav/Documents/Unreal Projects/RGO/Content/ModularSciFi/StaticMeshes/HardSurfaceEnvironment/Fence_1/SM_Fence_1_Merged.uasset" 4473
"C:/Users/Stanislav/Documents/Unreal Projects/RGO/Content/ModularSciFi/StaticMeshes/HardSurfaceEnvironment/Construction_9/SM_Construction_9_Merged.uasset" 4474
"C:/Users/Stanislav/Documents/Unreal Projects/RGO/Content/ModularSciFi/StaticMeshes/HardSurfaceEnvironment/Door_2/SM_Door_2_Merged.uasset" 4475
"C:/Users/Stanislav/Documents/Unreal Projects/RGO/Content/ModularSciFi/StaticMeshes/HardSurfaceEnvironment/Construction_7/SM_Construction_7_Merged.uasset" 4476
"C:/Users/Stanislav/Documents/Unreal Projects/RGO/Content/ModularSciFi/StaticMeshes/HardSurfaceEnvironment/Construction_6/SM_Construction_6_Merged.uasset" 4477
"C:/Users/Stanislav/Documents/Unreal Projects/RGO/Content/ModularSciFi/StaticMeshes/HardSurfaceEnvironment/IndoorWallFence/SM_IndoorWallFence_Merged.uasset" 4478
"C:/Users/Stanislav/Documents/Unreal Projects/RGO/Content/ModularSciFi/StaticMeshes/HardSurfaceEnvironment/Construction_1/SM_Construction_1_Merged.uasset" 4479
"C:/Users/Stanislav/Documents/Unreal Projects/RGO/Content/ModularSciFi/StaticMeshes/HardSurfaceEnvironment/Base_1/SM_PistonBase_Merged.uasset" 4480
"C:/Users/Stanislav/Documents/Unreal Projects/RGO/Content/ModularSciFi/StaticMeshes/HardSurfaceEnvironment/Fence_3/SM_Fence_3_Merged.uasset" 4481
"C:/Users/Stanislav/Documents/Unreal Projects/RGO/Content/ModularSciFi/StaticMeshes/HardSurfaceEnvironment/Construction_3/SM_Construction_3_Merged.uasset" 4482
"C:/Users/Stanislav/Documents/Unreal Projects/RGO/Content/ModularSciFi/Textures/FogClouds/T_FogCloud_normal_2.uasset" 4483
"C:/Users/Stanislav/Documents/Unreal Projects/RGO/Content/ModularSciFi/Textures/FogClouds/T_CloudShadow_2.uasset" 4484
"C:/Users/Stanislav/Documents/Unreal Projects/RGO/Content/ModularSciFi/Textures/FogClouds/T_FogCloud_basecolor2.uasset" 4485
"C:/Users/Stanislav/Documents/Unreal Projects/RGO/Content/ModularSciFi/StaticMeshes/HardSurfaceEnvironment/Base_2/SM_PistonBase_2_Merged.uasset" 4486
"C:/Users/Stanislav/Documents/Unreal Projects/RGO/Content/ModularSciFi/Materials/Grid/MI_Grid3.uasset" 4487
"C:/Users/Stanislav/Documents/Unreal Projects/RGO/Content/ModularSciFi/StaticMeshes/HardSurfaceEnvironment/Fence_2/SM_Fence_2_Merged.uasset" 4488
"C:/Users/Stanislav/Documents/Unreal Projects/RGO/Content/ModularSciFi/Textures/FogClouds/T_FogCloud_normal.uasset" 4489
"C:/Users/Stanislav/Documents/Unreal Projects/RGO/Content/ModularSciFi/Textures/FogClouds/T_CloudShadow_1.uasset" 4490
"C:/Users/Stanislav/Documents/Unreal Projects/RGO/Content/ModularSciFi/Materials/VFX/FogCloud/M_FogCloud.uasset" 4491
"C:/Users/Stanislav/Documents/Unreal Projects/RGO/Content/ModularSciFi/Materials/Display/MI_Dispalay_Red.uasset" 4492
"C:/Users/Stanislav/Documents/Unreal Projects/RGO/Content/ModularSciFi/Materials/VFX/FogCloud/MI_FogCloud.uasset" 4493
"C:/Users/Stanislav/Documents/Unreal Projects/RGO/Content/ModularSciFi/StaticMeshes/TechProps/SM_Terminal_2.uasset" 4494
"C:/Users/Stanislav/Documents/Unreal Projects/RGO/Content/ModularSciFi/Materials/VFX/FogCloud/MI_FogCloud_2.uasset" 4495
"C:/Users/Stanislav/Documents/Unreal Projects/RGO/Content/ModularSciFi/Textures/FogClouds/T_FogCloud_basecolor.uasset" 4496
"C:/Users/Stanislav/Documents/Unreal Projects/RGO/Content/ModularSciFi/Textures/FogClouds/T_CloudAO_1.uasset" 4497
"C:/Users/Stanislav/Documents/Unreal Projects/RGO/Content/ModularSciFi/StaticMeshes/ShareMeshes/SM_Spline.uasset" 4498
"C:/Users/Stanislav/Documents/Unreal Projects/RGO/Content/ModularSciFi/StaticMeshes/ProceduralStaticMesh/SM_OffRoad_18.uasset" 4499
"C:/Users/Stanislav/Documents/Unreal Projects/RGO/Content/ModularSciFi/StaticMeshes/TechProps/SM_Switch_3.uasset" 4500
"C:/Users/Stanislav/Documents/Unreal Projects/RGO/Content/ModularSciFi/StaticMeshes/TechProps/SM_Terminal_1.uasset" 4501
"C:/Users/Stanislav/Documents/Unreal Projects/RGO/Content/ModularSciFi/StaticMeshes/HardSurfaceEnvironment/Construction_8/SM_Construction_8_Merged.uasset" 4502
"../../../../../../Users/Stanislav/Documents/Unreal Projects/RGO/Content/ModularSciFi/StaticMeshes/HardSurfaceEnvironment/Stairs_6/SM_Stairs_6_Merged.uasset" 4503
"C:/Users/Stanislav/Documents/Unreal Projects/RGO/Content/ModularSciFi/StaticMeshes/HardSurfaceEnvironment/Construction_5/SM_Construction_5_Merged.uasset" 4504
"C:/Users/Stanislav/Documents/Unreal Projects/RGO/Content/ModularSciFi/Textures/FogClouds/T_CloudAO_2.uasset" 4505
"/Game/ModularSciFi/StaticMeshes/ShareMeshes/SM_Spline" 4506
"/Game/ModularSciFi/StaticMeshes/TechProps/SM_Switch_3" 4507
"/Game/ModularSciFi/StaticMeshes/TechProps/SM_Terminal_1" 4508
"../../../../../../Users/Stanislav/Documents/Unreal Projects/RGO/Content/ModularSciFi/Materials/Display/M_Display.uasset" 4509
"/Game/ModularSciFi/StaticMeshes/TechProps/SM_Terminal_2" 4510
"/Game/ModularSciFi/Materials/VFX/FogCloud/MI_FogCloud_2" 4511
"/Game/ModularSciFi/StaticMeshes/HardSurfaceEnvironment/Base_1/SM_PistonBase_Merged" 4512
"/Game/ModularSciFi/StaticMeshes/HardSurfaceEnvironment/Base_2/SM_PistonBase_2_Merged" 4513
"/Game/ModularSciFi/StaticMeshes/HardSurfaceEnvironment/Construction_1/SM_Construction_1_Merged" 4514
"/Game/ModularSciFi/StaticMeshes/HardSurfaceEnvironment/Construction_3/SM_Construction_3_Merged" 4515
"../../../../../../Users/Stanislav/Documents/Unreal Projects/RGO/Content/ModularSciFi/StaticMeshes/HardSurfaceEnvironment/Stair_Single/SM_Stair_Single_Merged.uasset" 4516
"../../../../../../Users/Stanislav/Documents/Unreal Projects/RGO/Content/ModularSciFi/StaticMeshes/HardSurfaceEnvironment/Tubes/SM_Tube_3_4.uasset" 4517
"../../../../../../Users/Stanislav/Documents/Unreal Projects/RGO/Content/ModularSciFi/StaticMeshes/HardSurfaceEnvironment/Tubes/SM_Tube_5_2.uasset" 4518
"../../../../../../Users/Stanislav/Documents/Unreal Projects/RGO/Content/ModularSciFi/StaticMeshes/HardSurfaceEnvironment/Tubes/SM_Tube_5_3.uasset" 4519
"../../../../../../Users/Stanislav/Documents/Unreal Projects/RGO/Content/ModularSciFi/StaticMeshes/HardSurfaceEnvironment/WallBracket/SM_WallBracket_Merged.uasset" 4520
"../../../../../../Users/Stanislav/Documents/Unreal Projects/RGO/Content/ModularSciFi/StaticMeshes/HardSurfaceEnvironment/WallPanel_1/SM_WallPanel_1_Merged.uasset" 4521
"../../../../../../Users/Stanislav/Documents/Unreal Projects/RGO/Content/ModularSciFi/StaticMeshes/HardSurfaceEnvironment/WallPump/SM_WallPump_Merged.uasset" 4522
"../../../../../../Users/Stanislav/Documents/Unreal Projects/RGO/Content/ModularSciFi/StaticMeshes/HardSurfaceEnvironment/LivingModule_2/SM_LivingModule_2_Indoor_Merged.uasset" 4523
"../../../../../../Users/Stanislav/Documents/Unreal Projects/RGO/Content/ModularSciFi/StaticMeshes/HardSurfaceEnvironment/LivingModule_2/SM_LivingModule_2_Merged.uasset" 4524
"../../../../../../Users/Stanislav/Documents/Unreal Projects/RGO/Content/ModularSciFi/StaticMeshes/HardSurfaceEnvironment/LivingModule_3/SM_LivingModule_3_Indoor_3_Merged.uasset" 4525
"../../../../../../Users/Stanislav/Documents/Unreal Projects/RGO/Content/ModularSciFi/StaticMeshes/HardSurfaceEnvironment/LivingModule_3/SM_LivingModule_3_Merged.uasset" 4526
"../../../../../../Users/Stanislav/Documents/Unreal Projects/RGO/Content/ModularSciFi/StaticMeshes/HardSurfaceEnvironment/LivingModule_4/SM_LivingModule_4_Indoor_Merged.uasset" 4527
"../../../../../../Users/Stanislav/Documents/Unreal Projects/RGO/Content/ModularSciFi/StaticMeshes/HardSurfaceEnvironment/LivingModule_4/SM_LivingModule_4_Merged.uasset" 4528
"../../../../../../Users/Stanislav/Documents/Unreal Projects/RGO/Content/ModularSciFi/StaticMeshes/HardSurfaceEnvironment/Modular_BridgeConnector_5/SM_Modular_BridgeConnector_5_Merged.uasset" 4529
"C:/Users/Stanislav/AppData/Local/Temp/UnrealShaderWorkingDir/60BAF9C148F71C07CE7C478BA04524F0/10/WorkerOutputOnly.out" 4530
"/Game/ModularSciFi/StaticMeshes/HardSurfaceEnvironment/Construction_5/SM_Construction_5_Merged" 4531
"/Game/ModularSciFi/StaticMeshes/HardSurfaceEnvironment/Construction_6/SM_Construction_6_Merged" 4532
"/Game/ModularSciFi/StaticMeshes/HardSurfaceEnvironment/Construction_7/SM_Construction_7_Merged" 4533
"/Game/ModularSciFi/StaticMeshes/HardSurfaceEnvironment/Construction_8/SM_Construction_8_Merged" 4534
"/Game/ModularSciFi/StaticMeshes/HardSurfaceEnvironment/Construction_9/SM_Construction_9_Merged" 4535
"/Game/ModularSciFi/StaticMeshes/HardSurfaceEnvironment/Door_2/SM_Door_2_Merged" 4536
"/Game/ModularSciFi/StaticMeshes/ProceduralStaticMesh/SM_OffRoad_18" 4537
"/Game/ModularSciFi/StaticMeshes/HardSurfaceEnvironment/Fence_1/SM_Fence_1_Merged" 4538
"/Game/ModularSciFi/StaticMeshes/HardSurfaceEnvironment/Fence_2/SM_Fence_2_Merged" 4539
"/Game/ModularSciFi/StaticMeshes/HardSurfaceEnvironment/Fence_3/SM_Fence_3_Merged" 4540
"/Game/ModularSciFi/StaticMeshes/HardSurfaceEnvironment/IndoorWallFence/SM_IndoorWallFence_Merged" 4541
"C:/Users/Stanislav/Documents/Unreal Projects/RGO/Content/ModularSciFi/StaticMeshes/ProceduralStaticMesh/SM_OffRoad_17.uasset" 4542
"C:/Users/Stanislav/Documents/Unreal Projects/RGO/Content/ModularSciFi/StaticMeshes/ProceduralStaticMesh/SM_OffRoad_11.uasset" 4543
"C:/Users/Stanislav/Documents/Unreal Projects/RGO/Content/ModularSciFi/StaticMeshes/ProceduralStaticMesh/SM_OffRoad_9.uasset" 4544
"C:/Users/Stanislav/Documents/Unreal Projects/RGO/Content/ModularSciFi/StaticMeshes/ProceduralStaticMesh/SM_OffRoad_8.uasset" 4545
"C:/Users/Stanislav/Documents/Unreal Projects/RGO/Content/ModularSciFi/StaticMeshes/ProceduralStaticMesh/SM_OffRoad_15.uasset" 4546
"C:/Users/Stanislav/Documents/Unreal Projects/RGO/Content/ModularSciFi/StaticMeshes/ProceduralStaticMesh/SM_OffRoad_7.uasset" 4547
"C:/Users/Stanislav/Documents/Unreal Projects/RGO/Content/ModularSciFi/StaticMeshes/ProceduralStaticMesh/SM_OffRoad_13.uasset" 4548
"C:/Users/Stanislav/Documents/Unreal Projects/RGO/Content/ModularSciFi/StaticMeshes/ProceduralStaticMesh/SM_OffRoad_6.uasset" 4549
"C:/Users/Stanislav/Documents/Unreal Projects/RGO/Content/ModularSciFi/Textures/Mineral/T_Mineral_normal.uasset" 4550
"C:/Users/Stanislav/Documents/Unreal Projects/RGO/Content/ModularSciFi/Textures/Mineral/T_Mineral_curve.uasset" 4551
"C:/Users/Stanislav/Documents/Unreal Projects/RGO/Content/ModularSciFi/StaticMeshes/Mineral/SM_Mineral_3.uasset" 4552
"C:/Users/Stanislav/Documents/Unreal Projects/RGO/Content/ModularSciFi/Textures/Mineral/T_Mineral_ao.uasset" 4553
"C:/Users/Stanislav/Documents/Unreal Projects/RGO/Content/ModularSciFi/StaticMeshes/Mineral/SM_Mineral_2.uasset" 4554
"C:/Users/Stanislav/Documents/Unreal Projects/RGO/Content/ModularSciFi/Materials/Mineral/MI_Mineral_1.uasset" 4555
"C:/Users/Stanislav/Documents/Unreal Projects/RGO/Content/ModularSciFi/StaticMeshes/Mineral/SM_Mineral_1.uasset" 4556
"C:/Users/Stanislav/Documents/Unreal Projects/RGO/Content/ModularSciFi/Textures/Mud/T_Mud2_Overlay.uasset" 4557
"C:/Users/Stanislav/Documents/Unreal Projects/RGO/Content/ModularSciFi/StaticMeshes/DirtPile_2/SM_DirtPile_2.uasset" 4558
"C:/Users/Stanislav/Documents/Unreal Projects/RGO/Content/ModularSciFi/StaticMeshes/Containers/SM_Connector_1.uasset" 4559
"C:/Users/Stanislav/Documents/Unreal Projects/RGO/Content/ModularSciFi/StaticMeshes/Containers/SM_Barrel_2.uasset" 4560
"C:/Users/Stanislav/Documents/Unreal Projects/RGO/Content/ModularSciFi/StaticMeshes/DirtPile_1/SM_DirtPile_1.uasset" 4561
"C:/Users/Stanislav/Documents/Unreal Projects/RGO/Content/ModularSciFi/Textures/SharedTextures/T_Wave.uasset" 4562
"C:/Users/Stanislav/Documents/Unreal Projects/RGO/Content/ModularSciFi/Materials/WaterPlane/M_WaterWaves.uasset" 4563
"C:/Users/Stanislav/Documents/Unreal Projects/RGO/Content/ModularSciFi/StaticMeshes/Containers/SM_Barrel_1.uasset" 4564
"C:/Users/Stanislav/Documents/Unreal Projects/RGO/Content/ModularSciFi/Textures/SharedTextures/T_Waves.uasset" 4565
"C:/Users/Stanislav/Documents/Unreal Projects/RGO/Content/ModularSciFi/Materials/DirtPiles/MI_DirtPile2.uasset" 4566
"C:/Users/Stanislav/Documents/Unreal Projects/RGO/Content/ModularSciFi/Materials/Puddles/MI_Puddle_3_Wet_Toxic.uasset" 4567
"C:/Users/Stanislav/Documents/Unreal Projects/RGO/Content/ModularSciFi/Materials/WaterPlane/MI_WaterWaves.uasset" 4568
"C:/Users/Stanislav/Documents/Unreal Projects/RGO/Content/ModularSciFi/Textures/Puddles/T_Puddle_3.uasset" 4569
"C:/Users/Stanislav/Documents/Unreal Projects/RGO/Content/ModularSciFi/Textures/Puddles/T_Puddle_3_Mask.uasset" 4570
"C:/Users/Stanislav/Documents/Unreal Projects/RGO/Content/ModularSciFi/StaticMeshes/ProceduralStaticMesh/SM_OffRoad_12.uasset" 4571
"C:/Users/Stanislav/Documents/Unreal Projects/RGO/Content/ModularSciFi/Textures/Mud/T_Mud2_normal.uasset" 4572
"C:/Users/Stanislav/Documents/Unreal Projects/RGO/Content/ModularSciFi/Materials/Puddles/MI_Puddle_3_Wet.uasset" 4573
"C:/Users/Stanislav/AppData/Local/Temp/UnrealShaderWorkingDir/60BAF9C148F71C07CE7C478BA04524F0/12/WorkerOutputOnly.out" 4574
"/Game/ModularSciFi/Textures/Puddles/T_Puddle_3" 4575
"/Game/ModularSciFi/Textures/Puddles/T_Puddle_3_Mask" 4576
"/Game/ModularSciFi/Materials/Puddles/MI_Puddle_3_Wet" 4577
"../../../../../../Users/Stanislav/Documents/Unreal Projects/RGO/Content/ModularSciFi/Materials/Puddles/M_PuddleDecal.uasset" 4578
"../../../Engine/Content/Functions/Engine_MaterialFunctions02/Lerp_Multiple_Float3.uasset" 4579
"../../../../../../Users/Stanislav/Documents/Unreal Projects/RGO/Content/ModularSciFi/Textures/Puddles/T_Puddle_1.uasset" 4580
"../../../../../../Users/Stanislav/Documents/Unreal Projects/RGO/Content/ModularSciFi/Textures/Puddles/T_Puddle_1_Mask.uasset" 4581
"../../../Engine/Content/Functions/Engine_MaterialFunctions02/Math/TimeWithSpeedVariable.uasset" 4582
"/Game/ModularSciFi/Materials/Puddles/MI_Puddle_3_Wet_Toxic" 4583
"/Game/ModularSciFi/Materials/WaterPlane/MI_WaterWaves" 4584
"/Game/ModularSciFi/StaticMeshes/Containers/SM_Barrel_1" 4585
"/Game/ModularSciFi/StaticMeshes/Containers/SM_Barrel_2" 4586
"/Game/ModularSciFi/StaticMeshes/Containers/SM_Connector_1" 4587
"/Game/ModularSciFi/StaticMeshes/DirtPile_1/SM_DirtPile_1" 4588
"../../../../../../Users/Stanislav/Documents/Unreal Projects/RGO/Content/ModularSciFi/Materials/DirtPiles/MI_DirtPile_1.uasset" 4589
"../../../../../../Users/Stanislav/Documents/Unreal Projects/RGO/Content/ModularSciFi/Materials/MasterMaterials/M_WorldAlignedMasterMaterial.uasset" 4590
"../../../../../../Users/Stanislav/Documents/Unreal Projects/RGO/Content/ModularSciFi/Textures/Mud/T_Mud1_Normal.uasset" 4591
"../../../../../../Users/Stanislav/Documents/Unreal Projects/RGO/Content/ModularSciFi/Textures/Mud/T_Mud1_Overlay.uasset" 4592
"/Game/ModularSciFi/StaticMeshes/DirtPile_2/SM_DirtPile_2" 4593
"/Game/ModularSciFi/StaticMeshes/Mineral/SM_Mineral_1" 4594
"/Game/ModularSciFi/StaticMeshes/Mineral/SM_Mineral_2" 4595
"/Game/ModularSciFi/StaticMeshes/Mineral/SM_Mineral_3" 4596
"/Game/ModularSciFi/StaticMeshes/ProceduralStaticMesh/SM_OffRoad_6" 4597
"/Game/ModularSciFi/StaticMeshes/ProceduralStaticMesh/SM_OffRoad_7" 4598
"/Game/ModularSciFi/StaticMeshes/ProceduralStaticMesh/SM_OffRoad_8" 4599
"/Game/ModularSciFi/StaticMeshes/ProceduralStaticMesh/SM_OffRoad_9" 4600
"/Game/ModularSciFi/StaticMeshes/ProceduralStaticMesh/SM_OffRoad_11" 4601
"/Game/ModularSciFi/StaticMeshes/ProceduralStaticMesh/SM_OffRoad_12" 4602
"/Game/ModularSciFi/StaticMeshes/ProceduralStaticMesh/SM_OffRoad_13" 4603
"/Game/ModularSciFi/StaticMeshes/ProceduralStaticMesh/SM_OffRoad_15" 4604
"/Game/ModularSciFi/StaticMeshes/ProceduralStaticMesh/SM_OffRoad_17" 4605
"../../../Engine/Plugins/Animation/DeformerGraph/Shaders/Private/DataInterfaceCustomComputeKernel.ush" 4606
"../../../Engine/Plugins/Animation/DeformerGraph/Shaders/Private/DataInterfaceCloth.ush" 4607
"../../../Engine/Plugins/Animation/DeformerGraph/Shaders/Private/DataInterfaceSkinnedMeshRead.ush" 4608
"../../../Engine/Plugins/Animation/DeformerGraph/Shaders/Private/DataInterfaceSkeleton.ush" 4609
"../../../Engine/Plugins/Animation/DeformerGraph/Shaders/Private/DataInterfaceSkeletonCommon.ush" 4610
"../../../Engine/Plugins/Animation/DeformerGraph/Shaders/Private/DataInterfaceMorphTarget.ush" 4611
"../../../Engine/Plugins/Animation/DeformerGraph/Shaders/Private/DataInterfaceSkinnedMeshWrite.ush" 4612
"C:/Users/Stanislav/AppData/Local/Temp/UnrealShaderWorkingDir/60BAF9C148F71C07CE7C478BA04524F0/11/WorkerOutputOnly.out" 4613
"C:/Users/Stanislav/Documents/Unreal Projects/RGO/Content/ModularSciFi/Textures/Puddles/T_Puddle_2_Mask.uasset" 4614
"C:/Users/Stanislav/Documents/Unreal Projects/RGO/Content/ModularSciFi/Materials/Puddles/MI_Puddle_2_Wet.uasset" 4615
"C:/Users/Stanislav/Documents/Unreal Projects/RGO/Content/ModularSciFi/Materials/Puddles/MI_Puddle_1_Wet.uasset" 4616
"C:/Users/Stanislav/Documents/Unreal Projects/RGO/Content/ModularSciFi/Textures/Puddles/T_Puddle_2.uasset" 4617
"C:/Users/Stanislav/Documents/Unreal Projects/RGO/Content/ModularSciFi/Materials/Puddles/M_PuddleDecal_NoNormal.uasset" 4618
"C:/Users/Stanislav/Documents/Unreal Projects/RGO/Content/ModularSciFi/Materials/Puddles/MI_Puddle_1.uasset" 4619
"C:/Users/Stanislav/Documents/Unreal Projects/RGO/Content/ModularSciFi/Materials/OffroadDecal/M_OffroadDecal.uasset" 4620
"C:/Users/Stanislav/Documents/Unreal Projects/RGO/Content/ModularSciFi/Textures/Offroad/T_Offroad_Mask.uasset" 4621
"C:/Users/Stanislav/Documents/Unreal Projects/RGO/Content/ModularSciFi/Textures/Offroad/T_Offroad_Normal.uasset" 4622
"C:/Users/Stanislav/Documents/Unreal Projects/RGO/Content/ModularSciFi/Textures/Offroad/T_Offroad_Curvature.uasset" 4623
"C:/Users/Stanislav/Documents/Unreal Projects/RGO/Content/ModularSciFi/Materials/HardsurfaceDecals/MI_DecalsColor3_Flicker.uasset" 4624
"C:/Users/Stanislav/Documents/Unreal Projects/RGO/Content/ModularSciFi/Materials/OffroadDecal/MI_OffroadDecal.uasset" 4625
"C:/Users/Stanislav/Documents/Unreal Projects/RGO/Content/ModularSciFi/Materials/HardsurfaceDecals/MI_DecalsColor_Flicker.uasset" 4626
"C:/Users/Stanislav/Documents/Unreal Projects/RGO/Content/ModularSciFi/Materials/HardsurfaceDecals/MI_DecalsColor2_Flicker.uasset" 4627
"C:/Users/Stanislav/Documents/Unreal Projects/RGO/Content/ModularSciFi/Materials/Emission/MI_Emission_Common_2.uasset" 4628
"C:/Users/Stanislav/Documents/Unreal Projects/RGO/Content/ModularSciFi/Materials/Emission/MI_Emission_Common_3.uasset" 4629
"C:/Users/Stanislav/Documents/Unreal Projects/RGO/Content/ModularSciFi/Materials/Display/MI_Display_Yellow.uasset" 4630
"C:/Users/Stanislav/Documents/Unreal Projects/RGO/Content/ModularSciFi/Materials/Display/MI_Dispaly_Off.uasset" 4631
"C:/Users/Stanislav/Documents/Unreal Projects/RGO/Content/ModularSciFi/Textures/Particles/T_Particle.uasset" 4632
"C:/Users/Stanislav/Documents/Unreal Projects/RGO/Content/ModularSciFi/Materials/VFX/Dust/M_Dust_Particle.uasset" 4633
"../../../Engine/Plugins/FX/Niagara/Content/Enums/ENiagaraMeshTransforms.uasset" 4634
"../../../Engine/Plugins/FX/Niagara/Content/Modules/Collision/AddRotationalVelocity.uasset" 4635
"../../../Engine/Plugins/FX/Niagara/Content/DynamicInputs/UniformRange/V2/RandomRangeVector.uasset" 4636
"../../../Engine/Plugins/FX/Niagara/Content/DynamicInputs/UniformRange/V2/RandomRangeFloat.uasset" 4637
"C:/Users/Stanislav/Documents/Unreal Projects/RGO/Content/ModularSciFi/FX/Dust/FXS_Dust.uasset" 4638
"C:/Users/Stanislav/Documents/Unreal Projects/RGO/Content/ModularSciFi/Materials/VFX/Bubbles/MI_BubbleParticle.uasset" 4639
"../../../Engine/Plugins/FX/Niagara/Content/Enums/SpriteRenderer/ENiagara_ScaleSpriteSize.uasset" 4640
"C:/Users/Stanislav/Documents/Unreal Projects/RGO/Content/ModularSciFi/Textures/Bubbles/T_BubbleNormal.uasset" 4641
"C:/Users/Stanislav/Documents/Unreal Projects/RGO/Content/ModularSciFi/FX/Bubbles/FXE_BubblesEmitter.uasset" 4642
"C:/Users/Stanislav/Documents/Unreal Projects/RGO/Content/ModularSciFi/Materials/VFX/Bubbles/M_BubbleParticle.uasset" 4643
"../../../Engine/Plugins/FX/Niagara/Content/Modules/Update/Size/ScaleSpriteSize.uasset" 4644
"C:/Users/Stanislav/Documents/Unreal Projects/RGO/Content/ModularSciFi/Textures/Bubbles/T_Bubble.uasset" 4645
"../../../../../../Users/Stanislav/Documents/Unreal Projects/RGO/Content/ModularSciFi/StaticMeshes/HardSurfaceEnvironment/Modular_Ceiling/SM_Modular_RoofModule_Merged.uasset" 4646
"../../../../../../Users/Stanislav/Documents/Unreal Projects/RGO/Content/ModularSciFi/StaticMeshes/HardSurfaceEnvironment/Modular_Ceiling_Window1/SM_Modular_Ceiling_Window1_Merged.uasset" 4647
"../../../../../../Users/Stanislav/Documents/Unreal Projects/RGO/Content/ModularSciFi/StaticMeshes/HardSurfaceEnvironment/Modular_Corner/SM_Modular_Corner_Merged.uasset" 4648
"../../../../../../Users/Stanislav/Documents/Unreal Projects/RGO/Content/ModularSciFi/StaticMeshes/HardSurfaceEnvironment/Modular_Door_Var1/SM_Modular_DoorModule_Merged.uasset" 4649
"../../../../../../Users/Stanislav/Documents/Unreal Projects/RGO/Content/ModularSciFi/StaticMeshes/HardSurfaceEnvironment/Modular_Floor/SM_Modular_Merged.uasset" 4650
"../../../../../../Users/Stanislav/Documents/Unreal Projects/RGO/Content/ModularSciFi/StaticMeshes/HardSurfaceEnvironment/Modular_IndoorCorner/SM_Modular_IndoorCorner_Merged.uasset" 4651
"../../../../../../Users/Stanislav/Documents/Unreal Projects/RGO/Content/ModularSciFi/StaticMeshes/HardSurfaceEnvironment/Modular_IndoorWallWindow_3/SM_Modular_IndoorWallWindow_3_Merged.uasset" 4652
"../../../../../../Users/Stanislav/Documents/Unreal Projects/RGO/Content/ModularSciFi/StaticMeshes/HardSurfaceEnvironment/Modular_InteriorColumn/SM_InteriorColumn_Merged.uasset" 4653
"../../../../../../Users/Stanislav/Documents/Unreal Projects/RGO/Content/ModularSciFi/StaticMeshes/HardSurfaceEnvironment/Modular_InteriorDoorConnector/SM_Modular_InteriorDoorConnector_Merged.uasset" 4654
"../../../../../../Users/Stanislav/Documents/Unreal Projects/RGO/Content/ModularSciFi/StaticMeshes/HardSurfaceEnvironment/Modular_Lamp/SM_Modular_Lamp_Merged.uasset" 4655
"../../../../../../Users/Stanislav/Documents/Unreal Projects/RGO/Content/ModularSciFi/StaticMeshes/HardSurfaceEnvironment/Modular_WallSupport_1/SM_Modular_WallSupport_1_Merged.uasset" 4656
"../../../../../../Users/Stanislav/Documents/Unreal Projects/RGO/Content/ModularSciFi/StaticMeshes/HardSurfaceEnvironment/Modular_WallWindow_1/SM_WallWindow_1_Merged.uasset" 4657
"../../../../../../Users/Stanislav/Documents/Unreal Projects/RGO/Content/ModularSciFi/StaticMeshes/HardSurfaceEnvironment/Modular_WallWindow_2/SM_Modular_WallWindow_2_Merged.uasset" 4658
"../../../../../../Users/Stanislav/Documents/Unreal Projects/RGO/Content/ModularSciFi/StaticMeshes/HardSurfaceEnvironment/Modular_WallWindow_3/SM_Modular_WallWindow_3_Merged.uasset" 4659
"../../../../../../Users/Stanislav/Documents/Unreal Projects/RGO/Content/ModularSciFi/StaticMeshes/HardSurfaceEnvironment/Modular_Wall_1/SM_Modular_Wall_1_Merged.uasset" 4660
"../../../../../../Users/Stanislav/Documents/Unreal Projects/RGO/Content/ModularSciFi/StaticMeshes/HardSurfaceEnvironment/Panel_1/SM_Panel_1_Merged.uasset" 4661
"../../../../../../Users/Stanislav/Documents/Unreal Projects/RGO/Content/ModularSciFi/StaticMeshes/HardSurfaceEnvironment/Panel_2/SM_Panel_2_Merged.uasset" 4662
"../../../../../../Users/Stanislav/Documents/Unreal Projects/RGO/Content/ModularSciFi/StaticMeshes/HardSurfaceEnvironment/Panel_3/SM_Panel_Merged.uasset" 4663
"../../../../../../Users/Stanislav/Documents/Unreal Projects/RGO/Content/ModularSciFi/StaticMeshes/HardSurfaceEnvironment/Platform_1/SM_Platform_1_Merged.uasset" 4664
"../../../../../../Users/Stanislav/Documents/Unreal Projects/RGO/Content/ModularSciFi/StaticMeshes/HardSurfaceEnvironment/Platform_2/SM_Platform_2_Merged.uasset" 4665
"../../../../../../Users/Stanislav/Documents/Unreal Projects/RGO/Content/ModularSciFi/StaticMeshes/HardSurfaceEnvironment/Pole/SM_Pole_Merged.uasset" 4666
"../../../../../../Users/Stanislav/Documents/Unreal Projects/RGO/Content/ModularSciFi/StaticMeshes/HardSurfaceEnvironment/Pump/SM_Pump_Merged.uasset" 4667
"../../../../../../Users/Stanislav/Documents/Unreal Projects/RGO/Content/ModularSciFi/StaticMeshes/HardSurfaceEnvironment/Pump_2/SM_Pump_2_Merged.uasset" 4668
"../../../../../../Users/Stanislav/Documents/Unreal Projects/RGO/Content/ModularSciFi/StaticMeshes/HardSurfaceEnvironment/RoofConnector_2/SM_RoofConnector_2_Merged.uasset" 4669
"../../../../../../Users/Stanislav/Documents/Unreal Projects/RGO/Content/ModularSciFi/StaticMeshes/HardSurfaceEnvironment/RoofConnector_3/SM_RoofConnector_3_Merged.uasset" 4670
"../../../../../../Users/Stanislav/Documents/Unreal Projects/RGO/Content/ModularSciFi/StaticMeshes/ShareMeshes/SM_Spline.uasset" 4671
"../../../../../../Users/Stanislav/Documents/Unreal Projects/RGO/Content/ModularSciFi/StaticMeshes/TechProps/SM_Switch_3.uasset" 4672
"../../../../../../Users/Stanislav/Documents/Unreal Projects/RGO/Content/ModularSciFi/StaticMeshes/TechProps/SM_Terminal_1.uasset" 4673
"../../../../../../Users/Stanislav/Documents/Unreal Projects/RGO/Content/ModularSciFi/StaticMeshes/TechProps/SM_Terminal_2.uasset" 4674
"../../../../../../Users/Stanislav/Documents/Unreal Projects/RGO/Content/ModularSciFi/StaticMeshes/HardSurfaceEnvironment/Base_1/SM_PistonBase_Merged.uasset" 4675
"../../../../../../Users/Stanislav/Documents/Unreal Projects/RGO/Content/ModularSciFi/StaticMeshes/HardSurfaceEnvironment/Base_2/SM_PistonBase_2_Merged.uasset" 4676
"../../../../../../Users/Stanislav/Documents/Unreal Projects/RGO/Content/ModularSciFi/StaticMeshes/HardSurfaceEnvironment/Construction_1/SM_Construction_1_Merged.uasset" 4677
"../../../../../../Users/Stanislav/Documents/Unreal Projects/RGO/Content/ModularSciFi/StaticMeshes/HardSurfaceEnvironment/Construction_3/SM_Construction_3_Merged.uasset" 4678
"../../../../../../Users/Stanislav/Documents/Unreal Projects/RGO/Content/ModularSciFi/StaticMeshes/HardSurfaceEnvironment/Construction_5/SM_Construction_5_Merged.uasset" 4679
"../../../../../../Users/Stanislav/Documents/Unreal Projects/RGO/Content/ModularSciFi/StaticMeshes/HardSurfaceEnvironment/Construction_6/SM_Construction_6_Merged.uasset" 4680
"../../../../../../Users/Stanislav/Documents/Unreal Projects/RGO/Content/ModularSciFi/StaticMeshes/HardSurfaceEnvironment/Construction_7/SM_Construction_7_Merged.uasset" 4681
"../../../../../../Users/Stanislav/Documents/Unreal Projects/RGO/Content/ModularSciFi/StaticMeshes/HardSurfaceEnvironment/Construction_8/SM_Construction_8_Merged.uasset" 4682
"../../../../../../Users/Stanislav/Documents/Unreal Projects/RGO/Content/ModularSciFi/StaticMeshes/HardSurfaceEnvironment/Construction_9/SM_Construction_9_Merged.uasset" 4683
"../../../../../../Users/Stanislav/Documents/Unreal Projects/RGO/Content/ModularSciFi/StaticMeshes/HardSurfaceEnvironment/Door_2/SM_Door_2_Merged.uasset" 4684
"../../../../../../Users/Stanislav/Documents/Unreal Projects/RGO/Content/ModularSciFi/StaticMeshes/ProceduralStaticMesh/SM_OffRoad_18.uasset" 4685
"../../../../../../Users/Stanislav/Documents/Unreal Projects/RGO/Content/ModularSciFi/StaticMeshes/HardSurfaceEnvironment/Fence_1/SM_Fence_1_Merged.uasset" 4686
"../../../../../../Users/Stanislav/Documents/Unreal Projects/RGO/Content/ModularSciFi/StaticMeshes/HardSurfaceEnvironment/Fence_2/SM_Fence_2_Merged.uasset" 4687
"../../../../../../Users/Stanislav/Documents/Unreal Projects/RGO/Content/ModularSciFi/StaticMeshes/HardSurfaceEnvironment/Fence_3/SM_Fence_3_Merged.uasset" 4688
"../../../../../../Users/Stanislav/Documents/Unreal Projects/RGO/Content/ModularSciFi/StaticMeshes/HardSurfaceEnvironment/IndoorWallFence/SM_IndoorWallFence_Merged.uasset" 4689
"../../../../../../Users/Stanislav/Documents/Unreal Projects/RGO/Content/ModularSciFi/StaticMeshes/Containers/SM_Barrel_1.uasset" 4690
"../../../../../../Users/Stanislav/Documents/Unreal Projects/RGO/Content/ModularSciFi/StaticMeshes/Containers/SM_Barrel_2.uasset" 4691
"../../../../../../Users/Stanislav/Documents/Unreal Projects/RGO/Content/ModularSciFi/StaticMeshes/Containers/SM_Connector_1.uasset" 4692
"../../../../../../Users/Stanislav/Documents/Unreal Projects/RGO/Content/ModularSciFi/StaticMeshes/DirtPile_1/SM_DirtPile_1.uasset" 4693
"../../../../../../Users/Stanislav/Documents/Unreal Projects/RGO/Content/ModularSciFi/StaticMeshes/DirtPile_2/SM_DirtPile_2.uasset" 4694
"../../../../../../Users/Stanislav/Documents/Unreal Projects/RGO/Content/ModularSciFi/StaticMeshes/Mineral/SM_Mineral_1.uasset" 4695
"../../../../../../Users/Stanislav/Documents/Unreal Projects/RGO/Content/ModularSciFi/StaticMeshes/Mineral/SM_Mineral_2.uasset" 4696
"../../../../../../Users/Stanislav/Documents/Unreal Projects/RGO/Content/ModularSciFi/StaticMeshes/Mineral/SM_Mineral_3.uasset" 4697
"../../../../../../Users/Stanislav/Documents/Unreal Projects/RGO/Content/ModularSciFi/StaticMeshes/ProceduralStaticMesh/SM_OffRoad_6.uasset" 4698
"../../../../../../Users/Stanislav/Documents/Unreal Projects/RGO/Content/ModularSciFi/StaticMeshes/ProceduralStaticMesh/SM_OffRoad_7.uasset" 4699
"../../../../../../Users/Stanislav/Documents/Unreal Projects/RGO/Content/ModularSciFi/StaticMeshes/ProceduralStaticMesh/SM_OffRoad_8.uasset" 4700
"../../../../../../Users/Stanislav/Documents/Unreal Projects/RGO/Content/ModularSciFi/StaticMeshes/ProceduralStaticMesh/SM_OffRoad_9.uasset" 4701
"../../../../../../Users/Stanislav/Documents/Unreal Projects/RGO/Content/ModularSciFi/StaticMeshes/ProceduralStaticMesh/SM_OffRoad_11.uasset" 4702
"../../../../../../Users/Stanislav/Documents/Unreal Projects/RGO/Content/ModularSciFi/StaticMeshes/ProceduralStaticMesh/SM_OffRoad_12.uasset" 4703
"../../../../../../Users/Stanislav/Documents/Unreal Projects/RGO/Content/ModularSciFi/StaticMeshes/ProceduralStaticMesh/SM_OffRoad_13.uasset" 4704
"../../../../../../Users/Stanislav/Documents/Unreal Projects/RGO/Content/ModularSciFi/StaticMeshes/ProceduralStaticMesh/SM_OffRoad_15.uasset" 4705
"../../../../../../Users/Stanislav/Documents/Unreal Projects/RGO/Content/ModularSciFi/StaticMeshes/ProceduralStaticMesh/SM_OffRoad_17.uasset" 4706
"../../../Engine/Plugins/Animation/DeformerGraph/Shaders/Private/DataInterfaceRawBuffer.ush" 4707
"../../../Engine/Plugins/Runtime/ComputeFramework/Shaders/Private/BufferAlias.ush" 4708
"../../../Engine/Plugins/Animation/DeformerGraph/Shaders/Private/DataInterfaceSkinnedMesh.ush" 4709
"../../../Engine/Plugins/Animation/DeformerGraph/Shaders/Private/DataInterfaceHalfEdge.ush" 4710
"/Niagara/DynamicInputs/UniformRange/V2/RandomRangeVector" 4711
"/Game/ModularSciFi/Materials/VFX/Dust/M_Dust_Particle" 4712
"/Game/ModularSciFi/Materials/Display/MI_Dispaly_Off" 4713
"/Game/ModularSciFi/Materials/Display/MI_Display_Yellow" 4714
"/Game/ModularSciFi/Materials/Emission/MI_Emission_Common_2" 4715
"/Game/ModularSciFi/Materials/Emission/MI_Emission_Common_3" 4716
"/Game/ModularSciFi/Materials/HardsurfaceDecals/MI_DecalsColor2_Flicker" 4717
"/Game/ModularSciFi/Materials/HardsurfaceDecals/MI_DecalsColor3_Flicker" 4718
"/Game/ModularSciFi/Materials/HardsurfaceDecals/MI_DecalsColor_Flicker" 4719
"/Game/ModularSciFi/Materials/OffroadDecal/MI_OffroadDecal" 4720
"/Game/ModularSciFi/Materials/Puddles/MI_Puddle_1" 4721
"/Game/ModularSciFi/Materials/Puddles/MI_Puddle_1_Wet" 4722
"/Niagara/Enums/SpriteRenderer/ENiagara_ScaleSpriteSize" 4723
"/Niagara/Modules/Update/Size/ScaleSpriteSize" 4724
"/Game/ModularSciFi/FX/Bubbles/FXE_BubblesEmitter" 4725
"../../Plugins/FX/Niagara/Content/Modules/Emitter/SpawnRate.uasset" 4726
"../../Plugins/FX/Niagara/Content/Modules/Spawn/Location/V2/ShapeLocation.uasset" 4727
"../../Plugins/FX/Niagara/Content/Modules/Update/Color/ScaleColor.uasset" 4728
"../../Plugins/FX/Niagara/Content/Enums/ENiagara_AttributeSamplingApplyOutput.uasset" 4729
"../../Plugins/FX/Niagara/Content/Enums/ENiagaraScaleColorMode.uasset" 4730
"../../Plugins/FX/Niagara/Content/Enums/ENiagaraShapeTorusMode.uasset" 4731
"../../Plugins/FX/Niagara/Content/Enums/ENiagaraSphereDistributionMode.uasset" 4732
"../../Plugins/FX/Niagara/Content/Enums/ENiagaraTorusDistributionMode.uasset" 4733
"../../Plugins/FX/Niagara/Content/Enums/Location/ENiagara_BoxPlaneMode.uasset" 4734
"../../Plugins/FX/Niagara/Content/Enums/Location/ENiagara_ConeMode.uasset" 4735
"../../Plugins/FX/Niagara/Content/Enums/Location/ENiagara_CylinderMode.uasset" 4736
"../../Plugins/FX/Niagara/Content/Enums/Location/ENiagara_LocationShapes.uasset" 4737
"../../Plugins/FX/Niagara/Content/Enums/Location/ENiagaraRingDiscMode.uasset" 4738
"../../Plugins/FX/Niagara/Content/Enums/Transforms/ENiagara_OffsetMode.uasset" 4739
"../../Plugins/FX/Niagara/Content/Enums/Transforms/ENiagara_ScaleMode.uasset" 4740
"../../Plugins/FX/Niagara/Content/Enums/Transforms/ENiagara_TransformOrder.uasset" 4741
"../../Plugins/FX/Niagara/Content/Enums/Transforms/ENiagara_TransformType.uasset" 4742
"../../Plugins/FX/Niagara/Content/Functions/ParametricTorus.uasset" 4743
"../../Plugins/FX/Niagara/Content/Functions/ParametricTorusKnot.uasset" 4744
"../../Plugins/FX/Niagara/Content/Functions/PolarToCartesianCoordinates.uasset" 4745
"../../Plugins/FX/Niagara/Content/Functions/RandomPointInBox.uasset" 4746
"../../Plugins/FX/Niagara/Content/Functions/Rotation/RotateVector2D.uasset" 4747
"../../Plugins/FX/Niagara/Content/Functions/SphericalToCartesianCoordinates.uasset" 4748
"../../Plugins/FX/Niagara/Content/Functions/V2/RemapRange.uasset" 4749
"../../Plugins/FX/Niagara/Content/Enums/ENiagaraExpansionMode.uasset" 4750
"../../Plugins/FX/Niagara/Content/Functions/IsolateLongestVectorComponent.uasset" 4751
"/Game/ModularSciFi/FX/Dust/FXS_Dust" 4752
"/Game/ModularSciFi/Materials/Puddles/MI_Puddle_2_Wet" 4753
"C:/Users/Stanislav/Documents/Unreal Projects/RGO/Content/ModularSciFi/StaticMeshes/Lamps/SM_Lamp_4.uasset" 4754
"C:/Users/Stanislav/Documents/Unreal Projects/RGO/Content/ModularSciFi/StaticMeshes/Lamps/SM_Lamp_5.uasset" 4755
"C:/Users/Stanislav/Documents/Unreal Projects/RGO/Content/ModularSciFi/FX/Bubbles/FXS_BubblesEmitter_System.uasset" 4756
"C:/Users/Stanislav/Documents/Unreal Projects/RGO/Content/ModularSciFi/Materials/Glass/M_Glass.uasset" 4757
"C:/Users/Stanislav/Documents/Unreal Projects/RGO/Content/Characters/Heroes/Mannequin/Animations/Locomotion/Unarmed/MM_Unarmed_IdleBreak_Fidget.uasset" 4758
"C:/Users/Stanislav/Documents/Unreal Projects/RGO/Content/ModularSciFi/StaticMeshes/Lamps/SM_Lamp_3.uasset" 4759
"/Game/ModularSciFi/StaticMeshes/Lamps/SM_Lamp_4" 4760
"C:/Users/Stanislav/Documents/Unreal Projects/RGO/Content/Blueprints/BP_Camera.uasset" 4761
"../../../Engine/Plugins/Interchange/Assets/Content/gltf/MaterialFunctions/MF_Clearcoat.uasset" 4762
"C:/Users/Stanislav/Documents/Unreal Projects/RGO/Content/Blueprints/MenuCameraSequence.uasset" 4763
"C:/Users/Stanislav/Documents/Unreal Projects/RGO/Content/ModularSciFi/Textures/SharedTextures/T_Glass_3.uasset" 4764
"C:/Users/Stanislav/Documents/Unreal Projects/RGO/Content/Maps/MainMenu.umap" 4765
"../../../Engine/Plugins/Interchange/Assets/Content/gltf/M_ClearCoat.uasset" 4766
"../../../Engine/Plugins/Interchange/Assets/Content/gltf/MaterialInstances/MI_ClearCoat_Opaque.uasset" 4767
"../../../Engine/Content/Functions/Engine_MaterialFunctions03/Math/RemapValueRange.uasset" 4768
"../../../Engine/Plugins/Interchange/Assets/Content/Utilities/New_LUT.uasset" 4769
"C:/Users/Stanislav/Documents/Unreal Projects/RGO/Content/ModularSciFi/Materials/Emission/MI_Emission_Common_Lamp.uasset" 4770
"../../../Engine/Plugins/Interchange/Assets/Content/gltf/MaterialInstances/MI_ClearCoat_Mask.uasset" 4771
"../../../Engine/Plugins/Interchange/Assets/Content/gltf/MaterialInstances/MI_ClearCoat_Opaque_DS.uasset" 4772
"../../../Engine/Plugins/Interchange/Assets/Content/gltf/MaterialInstances/MI_ClearCoat_Blend.uasset" 4773
"../../../Engine/Plugins/Interchange/Assets/Content/gltf/MaterialInstances/MI_ClearCoat_Mask_DS.uasset" 4774
"../../../Engine/Plugins/Interchange/Assets/Content/Functions/MF_Iridescence.uasset" 4775
"../../../Engine/Plugins/Interchange/Assets/Content/gltf/MaterialInstances/MI_ClearCoat_Blend_DS.uasset" 4776
"/Game/ModularSciFi/StaticMeshes/Lamps/SM_Lamp_5" 4777
"../../../Engine/Plugins/Interchange/Assets/Content/gltf/MaterialBodies/MF_ClearCoat_Body.uasset" 4778
"../../../Engine/Plugins/Interchange/Assets/Content/gltf/MaterialInstances/MI_Default_Mask.uasset" 4779
"../../../Engine/Plugins/Interchange/Assets/Content/gltf/MaterialInstances/MI_Default_Mask_DS.uasset" 4780
"../../../Engine/Plugins/Interchange/Assets/Content/gltf/MaterialInstances/MI_Default_Blend_DS.uasset" 4781
"../../../Engine/Plugins/Interchange/Assets/Content/gltf/MaterialInstances/MI_Default_Blend.uasset" 4782
"C:/Users/Stanislav/Documents/Unreal Projects/RGO/Content/ModularSciFi/StaticMeshes/Rocks/SM_Rock_1.uasset" 4783
"C:/Users/Stanislav/Documents/Unreal Projects/RGO/Content/Blueprints/BP_Menu_Character.uasset" 4784
"../../../Engine/Plugins/Interchange/Assets/Content/gltf/MaterialBodies/MF_Sheen_Body.uasset" 4785
"/Game/ModularSciFi/FX/Bubbles/FXS_BubblesEmitter_System" 4786
"../../../Engine/Plugins/Interchange/Assets/Content/gltf/MaterialInstances/MI_Default_Opaque.uasset" 4787
"../../../Engine/Plugins/Interchange/Assets/Content/gltf/MaterialFunctions/MF_Sheen.uasset" 4788
"/Game/Characters/Heroes/Mannequin/Animations/Locomotion/Unarmed/MM_Unarmed_IdleBreak_Fidget" 4789
"../../../../../../Users/Stanislav/Documents/Unreal Projects/RGO/Content/ModularSciFi/StaticMeshes/Lamps/SM_Lamp_4.uasset" 4790
"../../../../../../Users/Stanislav/Documents/Unreal Projects/RGO/Content/ModularSciFi/StaticMeshes/Lamps/SM_Lamp_5.uasset" 4791
"/Game/ModularSciFi/Materials/Glass/M_Glass" 4792
"/InterchangeAssets/Utilities/New_LUT" 4793
"/Engine/Functions/Engine_MaterialFunctions03/Math/RemapValueRange" 4794
"/InterchangeAssets/gltf/MaterialBodies/MF_ClearCoat_Body" 4795
"../../../Engine/Plugins/Interchange/Assets/Content/gltf/MaterialInstances/MI_Sheen_Blend.uasset" 4796
"../../../Engine/Plugins/Interchange/Assets/Content/gltf/M_Sheen.uasset" 4797
"/Game/Maps/MainMenu" 4798
"../../../Engine/Plugins/Interchange/Assets/Content/gltf/MaterialInstances/MI_Sheen_Mask.uasset" 4799
"../../../Engine/Plugins/Interchange/Assets/Content/gltf/MaterialInstances/MI_Sheen_Opaque.uasset" 4800
"../../../../../../Users/Stanislav/Documents/Unreal Projects/RGO/Content/Maps/MainMenu.umap" 4801
"../../../../../../Users/Stanislav/Documents/Unreal Projects/RGO/Content/ModularSciFi/StaticMeshes/Rocks/SM_Rock_1.uasset" 4802
"../../../../../../Users/Stanislav/Documents/Unreal Projects/RGO/Content/ModularSciFi/StaticMeshes/Lamps/SM_Lamp_3.uasset" 4803
"/InterchangeAssets/gltf/MaterialBodies/MF_Sheen_Body" 4804
"/InterchangeAssets/gltf/MaterialInstances/MI_Default_Blend_DS" 4805
"/InterchangeAssets/gltf/MaterialInstances/MI_Default_Mask_DS" 4806
"/InterchangeAssets/gltf/MaterialInstances/MI_Default_Blend" 4807
"/InterchangeAssets/gltf/MaterialInstances/MI_Default_Mask" 4808
"/InterchangeAssets/gltf/MaterialInstances/MI_Default_Opaque" 4809
"/InterchangeAssets/gltf/MaterialInstances/MI_ClearCoat_Blend_DS" 4810
"/InterchangeAssets/gltf/MaterialInstances/MI_ClearCoat_Mask_DS" 4811
"/InterchangeAssets/gltf/MaterialInstances/MI_ClearCoat_Opaque_DS" 4812
"/InterchangeAssets/gltf/MaterialInstances/MI_ClearCoat_Blend" 4813
"/InterchangeAssets/gltf/MaterialInstances/MI_ClearCoat_Mask" 4814
"/InterchangeAssets/gltf/MaterialInstances/MI_ClearCoat_Opaque" 4815
"/InterchangeAssets/gltf/MaterialInstances/MI_Sheen_Blend" 4816
"../../../Engine/Plugins/Interchange/Assets/Content/gltf/MaterialInstances/MI_Sheen_Mask_DS.uasset" 4817
"../../../Engine/Plugins/Interchange/Assets/Content/gltf/MaterialFunctions/MF_Temporal_Blur.uasset" 4818
"../../../Engine/Plugins/Interchange/Assets/Content/gltf/MaterialInstances/MI_Sheen_Opaque_DS.uasset" 4819
"../../../Engine/Plugins/Interchange/Assets/Content/gltf/MaterialBodies/MF_Transmission_Body.uasset" 4820
"../../../Engine/Plugins/Interchange/Assets/Content/gltf/MaterialInstances/MI_Sheen_Blend_DS.uasset" 4821
"../../../Engine/Plugins/Interchange/Assets/Content/gltf/MaterialFunctions/MF_Transmission.uasset" 4822
"../../../Engine/Plugins/Interchange/Assets/Content/gltf/MaterialInstances/MI_Transmission_DS.uasset" 4823
"../../../Engine/Plugins/Interchange/Assets/Content/gltf/MaterialFunctions/MF_DiffuseSpecGloss.uasset" 4824
"../../../Engine/Plugins/Interchange/Assets/Content/gltf/MaterialFunctions/MF_MaxComponentValue.uasset" 4825
"../../../Engine/Content/Functions/Engine_MaterialFunctions02/Math/AddComponents.uasset" 4826
"../../../Engine/Plugins/Interchange/Assets/Content/gltf/MaterialFunctions/MF_PerceivedBrightness.uasset" 4827
"../../../Engine/Plugins/Interchange/Assets/Content/gltf/M_Transmission.uasset" 4828
"../../../Engine/Plugins/Interchange/Assets/Content/gltf/MaterialFunctions/MF_SpecGlossToMetalRoughness.uasset" 4829
"../../../Engine/Plugins/Interchange/Assets/Content/gltf/MaterialFunctions/MF_Fresnel_DS.uasset" 4830
"/InterchangeAssets/gltf/MaterialInstances/MI_Sheen_Mask" 4831
"../../../Engine/Plugins/Interchange/Assets/Content/gltf/MaterialInstances/MI_SpecularGlossiness_Mask.uasset" 4832
"../../../Engine/Plugins/Interchange/Assets/Content/gltf/MaterialBodies/MF_SpecularGlossiness_Body.uasset" 4833
"../../../Engine/Plugins/Interchange/Assets/Content/gltf/MaterialInstances/MI_Transmission.uasset" 4834
"../../../Engine/Plugins/Interchange/Assets/Content/gltf/MaterialInstances/MI_SpecularGlossiness_Blend.uasset" 4835
"../../../Engine/Plugins/Interchange/Assets/Content/gltf/M_SpecularGlossiness.uasset" 4836
"../../../Engine/Plugins/Interchange/Assets/Content/gltf/MaterialInstances/MI_SpecularGlossiness_Mask_DS.uasset" 4837
"/InterchangeAssets/gltf/MaterialInstances/MI_Sheen_Opaque" 4838
"/InterchangeAssets/gltf/MaterialInstances/MI_SpecularGlossiness_Mask_DS" 4839
"../../../Engine/Plugins/Interchange/Assets/Content/gltf/MaterialInstances/MI_SpecularGlossiness_Blend_DS.uasset" 4840
"../../../Engine/Plugins/Interchange/Assets/Content/gltf/MaterialBodies/MF_Unlit_Body.uasset" 4841
"../../../Engine/Plugins/Interchange/Assets/Content/gltf/MaterialInstances/MI_Unlit_Opaque.uasset" 4842
"../../../Engine/Plugins/Interchange/Assets/Content/gltf/MaterialInstances/MI_SpecularGlossiness_Opaque.uasset" 4843
"../../../Engine/Plugins/Interchange/Assets/Content/gltf/MaterialInstances/MI_SpecularGlossiness_Opaque_DS.uasset" 4844
"../../../Engine/Plugins/Interchange/Assets/Content/gltf/M_Unlit.uasset" 4845
"../../../Engine/Plugins/Interchange/Assets/Content/gltf/MaterialInstances/MI_Unlit_Mask_DS.uasset" 4846
"../../../Engine/Plugins/Interchange/Assets/Content/gltf/MaterialInstances/MI_Unlit_Blend.uasset" 4847
"../../../Engine/Plugins/Interchange/Assets/Content/gltf/MaterialInstances/MI_Unlit_Blend_DS.uasset" 4848
"../../../Engine/Plugins/Interchange/Assets/Content/gltf/MaterialInstances/MI_Unlit_Opaque_DS.uasset" 4849
"../../../Engine/Plugins/Interchange/Assets/Content/gltf/MaterialInstances/MI_Unlit_Mask.uasset" 4850
"../../../Engine/Content/Functions/Engine_MaterialFunctions01/Volumetrics/BeersLaw.uasset" 4851
"/InterchangeAssets/gltf/MaterialInstances/MI_SpecularGlossiness_Blend" 4852
"/InterchangeAssets/gltf/MaterialInstances/MI_SpecularGlossiness_Mask" 4853
"/InterchangeAssets/gltf/MaterialInstances/MI_Transmission_DS" 4854
"/InterchangeAssets/gltf/MaterialInstances/MI_Transmission" 4855
"/InterchangeAssets/gltf/MaterialInstances/MI_Sheen_Blend_DS" 4856
"/InterchangeAssets/gltf/MaterialInstances/MI_Sheen_Mask_DS" 4857
"/InterchangeAssets/gltf/MaterialInstances/MI_Sheen_Opaque_DS" 4858
"/InterchangeAssets/gltf/MaterialInstances/MI_Unlit_Blend" 4859
"/InterchangeAssets/gltf/MaterialInstances/MI_Unlit_Mask" 4860
"/Engine/Functions/Engine_MaterialFunctions01/Volumetrics/BeersLaw" 4861
"/InterchangeAssets/gltf/MaterialInstances/MI_Unlit_Opaque" 4862
"/InterchangeAssets/gltf/MaterialInstances/MI_SpecularGlossiness_Blend_DS" 4863
"/InterchangeAssets/gltf/MaterialInstances/MI_Unlit_Blend_DS" 4864
"/InterchangeAssets/gltf/MaterialInstances/MI_SpecularGlossiness_Opaque_DS" 4865
"/InterchangeAssets/gltf/MaterialInstances/MI_Unlit_Mask_DS" 4866
"/InterchangeAssets/gltf/MaterialInstances/MI_Unlit_Opaque_DS" 4867
"/InterchangeAssets/gltf/MaterialInstances/MI_SpecularGlossiness_Opaque" 4868
"../../../Engine/Content/Functions/Substrate/MF_SchlickInternal.uasset" 4869
"../../../Engine/Plugins/Interchange/Assets/Content/Functions/MX_TransmissionSurface.uasset" 4870
"../../../Engine/Plugins/Interchange/Assets/Content/Functions/MX_OpenPBR_Translucent.uasset" 4871
"../../../Engine/Plugins/Interchange/Assets/Content/Functions/MX_Transmission.uasset" 4872
"../../../Engine/Plugins/Animation/ControlRig/Content/Controls/ControlRig_Sphere_solid.uasset" 4873
"../../../Engine/Plugins/Interchange/Assets/Content/Functions/MX_StandardSurface.uasset" 4874
"../../../Engine/Plugins/Animation/ControlRig/Content/Controls/ControlRig_Arrow4_1mm.uasset" 4875
"../../../Engine/Plugins/Animation/ControlRig/Content/Controls/ControlRig_Arrow2_3mm.uasset" 4876
"../../../Engine/Plugins/Animation/ControlRig/Content/Controls/ControlRig_Arrow4_3mm.uasset" 4877
"../../../Engine/Plugins/Animation/ControlRig/Content/Controls/ControlRig_Arrow4_solid.uasset" 4878
"../../../Engine/Plugins/Animation/ControlRig/Content/Controls/ControlRig_Arrow_1mm.uasset" 4879
"../../../Engine/Plugins/Animation/ControlRig/Content/Controls/ControlRig_Arrow_3mm.uasset" 4880
"../../../Engine/Plugins/Animation/ControlRig/Content/Controls/ControlRig_Box_solid.uasset" 4881
"../../../Engine/Plugins/Animation/ControlRig/Content/Controls/ControlRig_Box_3mm.uasset" 4882
"../../../Engine/Plugins/Animation/ControlRig/Content/Controls/ControlRig_Circle_1mm.uasset" 4883
"../../../Engine/Plugins/Animation/ControlRig/Content/Controls/ControlRig_Arrow_solid.uasset" 4884
"../../../Engine/Plugins/Animation/ControlRig/Content/Controls/ControlRig_Box_1mm.uasset" 4885
"../../../Engine/Plugins/Animation/ControlRig/Content/Controls/ControlRig_Arrow2_1mm.uasset" 4886
"../../../Engine/Plugins/Animation/ControlRig/Content/Controls/ControlRig_Circle_3mm.uasset" 4887
"../../../Engine/Plugins/Animation/ControlRig/Content/Controls/ControlRig_Diamond_solid.uasset" 4888
"../../../Engine/Plugins/Animation/ControlRig/Content/Controls/ControlRig_HalfCircle_1mm.uasset" 4889
"../../../Engine/Plugins/Animation/ControlRig/Content/Controls/ControlRig_Circle_solid.uasset" 4890
"../../../Engine/Plugins/Animation/ControlRig/Content/Controls/ControlRig_HalfCircle_3mm.uasset" 4891
"../../../Engine/Plugins/Animation/ControlRig/Content/Controls/ControlRig_Diamond_1mm.uasset" 4892
"../../../Engine/Plugins/Animation/ControlRig/Content/Controls/ControlRig_Hexagon_1mm.uasset" 4893
"../../../Engine/Plugins/Animation/ControlRig/Content/Controls/ControlRig_HalfCircle_solid.uasset" 4894
"../../../Engine/Plugins/Animation/ControlRig/Content/Controls/ControlRig_Diamond_3mm.uasset" 4895
"../../../Engine/Plugins/Animation/ControlRig/Content/Controls/ControlRig_Hexagon_3mm.uasset" 4896
"../../../Engine/Plugins/Animation/ControlRig/Content/Controls/ControlRig_Hexagon_solid.uasset" 4897
"../../../Engine/Plugins/Interchange/Assets/Content/Functions/MX_OpenPBR_Opaque.uasset" 4898
"../../../Engine/Plugins/Interchange/Assets/Content/Functions/MF_OrenNayerView.uasset" 4899
"../../../Engine/Plugins/Animation/ControlRig/Content/Controls/ControlRig_Arrow2_solid.uasset" 4900
"/ControlRig/Controls/ControlRig_Hexagon_solid" 4901
"/ControlRig/Controls/ControlRig_Hexagon_3mm" 4902
"/ControlRig/Controls/ControlRig_Hexagon_1mm" 4903
"/ControlRig/Controls/ControlRig_HalfCircle_solid" 4904
"/ControlRig/Controls/ControlRig_HalfCircle_3mm" 4905
"/ControlRig/Controls/ControlRig_HalfCircle_1mm" 4906
"/ControlRig/Controls/ControlRig_Diamond_solid" 4907
"/ControlRig/Controls/ControlRig_Diamond_3mm" 4908
"/ControlRig/Controls/ControlRig_Box_solid" 4909
"/ControlRig/Controls/ControlRig_Diamond_1mm" 4910
"/ControlRig/Controls/ControlRig_Circle_solid" 4911
"/ControlRig/Controls/ControlRig_Box_3mm" 4912
"/ControlRig/Controls/ControlRig_Box_1mm" 4913
"/ControlRig/Controls/ControlRig_Circle_3mm" 4914
"/ControlRig/Controls/ControlRig_Circle_1mm" 4915
"/ControlRig/Controls/ControlRig_Arrow_solid" 4916
"/ControlRig/Controls/ControlRig_Arrow_3mm" 4917
"/ControlRig/Controls/ControlRig_Arrow_1mm" 4918
"/ControlRig/Controls/ControlRig_Arrow4_solid" 4919
"/ControlRig/Controls/ControlRig_Arrow4_3mm" 4920
"/ControlRig/Controls/ControlRig_Arrow4_1mm" 4921
"/ControlRig/Controls/ControlRig_Arrow2_solid" 4922
"/ControlRig/Controls/ControlRig_Arrow2_3mm" 4923
"/ControlRig/Controls/ControlRig_Arrow2_1mm" 4924
"/ControlRig/Controls/ControlRig_Sphere_solid" 4925
"/InterchangeAssets/Functions/MX_OpenPBR_Opaque" 4926
"/InterchangeAssets/Functions/MX_OpenPBR_Translucent" 4927
"../../../Engine/Plugins/Animation/ControlRig/Content/Controls/ControlRig_Pyramid_1mm.uasset" 4928
"../../../Engine/Plugins/Animation/ControlRig/Content/Controls/ControlRig_Octagon_3mm.uasset" 4929
"../../../Engine/Plugins/Animation/ControlRig/Content/Controls/ControlRig_QuarterCircle_1mm.uasset" 4930
"../../../Engine/Plugins/Animation/ControlRig/Content/Controls/ControlRig_RoundedSquare_3mm.uasset" 4931
"../../../Engine/Plugins/Animation/ControlRig/Content/Controls/ControlRig_RoundedSquare_1mm.uasset" 4932
"../../../Engine/Plugins/Animation/ControlRig/Content/Controls/ControlRig_RoundedSquare_solid.uasset" 4933
"../../../Engine/Plugins/Animation/ControlRig/Content/Controls/ControlRig_RoundedTriangle_1mm.uasset" 4934
"../../../Engine/Plugins/Animation/ControlRig/Content/Controls/ControlRig_QuarterCircle_3mm.uasset" 4935
"../../../Engine/Plugins/Animation/ControlRig/Content/Controls/ControlRig_Octagon_1mm.uasset" 4936
"/ControlRig/Controls/ControlRig_RoundedTriangle_1mm" 4937
"/ControlRig/Controls/ControlRig_RoundedSquare_solid" 4938
"/ControlRig/Controls/ControlRig_RoundedSquare_3mm" 4939
"/ControlRig/Controls/ControlRig_RoundedSquare_1mm" 4940
"/ControlRig/Controls/ControlRig_QuarterCircle_3mm" 4941
"/ControlRig/Controls/ControlRig_QuarterCircle_1mm" 4942
"../../../Engine/Plugins/Animation/ControlRig/Content/Controls/ControlRig_Sphere_1mm.uasset" 4943
"../../../Engine/Plugins/Animation/ControlRig/Content/Controls/ControlRig_RoundedTriangle_3mm.uasset" 4944
"/ControlRig/Controls/ControlRig_Pyramid_1mm" 4945
"../../../Engine/Plugins/Animation/ControlRig/Content/Controls/ControlRig_RoundedTriangle_solid.uasset" 4946
"../../../Engine/Plugins/Animation/ControlRig/Content/Controls/ControlRig_Square_solid.uasset" 4947
"../../../Engine/Plugins/Animation/ControlRig/Content/Controls/ControlRig_Star4_3mm.uasset" 4948
"../../../Engine/Plugins/Animation/ControlRig/Content/Controls/ControlRig_Square_1mm.uasset" 4949
"../../../Engine/Plugins/Animation/ControlRig/Content/Controls/ControlRig_Star4_1mm.uasset" 4950
"/ControlRig/Controls/ControlRig_Octagon_3mm" 4951
"/ControlRig/Controls/ControlRig_Octagon_1mm" 4952
"../../../Engine/Plugins/Animation/ControlRig/Content/Controls/ControlRig_Square_3mm.uasset" 4953
"/ControlRig/Controls/ControlRig_Star4_3mm" 4954
"/ControlRig/Controls/ControlRig_Star4_1mm" 4955
"../../../Engine/Plugins/Animation/ControlRig/Content/Controls/ControlRig_Sphere_3mm.uasset" 4956
"/ControlRig/Controls/ControlRig_Square_solid" 4957
"/ControlRig/Controls/ControlRig_Square_3mm" 4958
"../../../Engine/Plugins/Animation/ControlRig/Content/Controls/ControlRig_Wedge_1mm.uasset" 4959
"../../../Engine/Plugins/Animation/ControlRig/Content/Controls/ControlRig_Wedge_solid.uasset" 4960
"../../../Engine/Plugins/Animation/ControlRig/Content/Controls/ControlRig_Triangle_solid.uasset" 4961
"../../../Engine/Plugins/Animation/ControlRig/Content/Controls/ControlRig_Triangle_1mm.uasset" 4962
"../../../Engine/Plugins/Animation/ControlRig/Content/Controls/ControlRig_Star4_solid.uasset" 4963
"/ControlRig/Controls/ControlRig_Square_1mm" 4964
"../../../Engine/Plugins/Animation/ControlRig/Content/Controls/ControlRig_Wedge_3mm.uasset" 4965
"/ControlRig/Controls/ControlRig_Sphere_1mm" 4966
"/ControlRig/Controls/ControlRig_RoundedTriangle_solid" 4967
"/ControlRig/Controls/ControlRig_RoundedTriangle_3mm" 4968
"../../../Engine/Plugins/Animation/ControlRig/Content/Controls/ControlRig_Triangle_3mm.uasset" 4969
"/ControlRig/Controls/ControlRig_Wedge_solid" 4970
"/ControlRig/Controls/ControlRig_Wedge_3mm" 4971
"../../../Engine/Content/Maps/Entry.umap" 4972
"/ControlRig/Controls/ControlRig_Wedge_1mm" 4973
"/ControlRig/Controls/ControlRig_Triangle_solid" 4974
"../../../Engine/Content/Maps/Entry_BuiltData.uasset" 4975
"/ControlRig/Controls/ControlRig_Triangle_3mm" 4976
"/ControlRig/Controls/ControlRig_Triangle_1mm" 4977
"/ControlRig/Controls/ControlRig_Star4_solid" 4978
"/ControlRig/Controls/ControlRig_Sphere_3mm" 4979
"/Engine/Maps/Entry" 4980
"C:/Users/Stanislav/Documents/Unreal Projects/RGO/Content/Characters/Heroes/Mannequin/Textures/Quinn/T_Quinn_01_D.uasset" 4981
"/Game/Characters/Heroes/Mannequin/Textures/Quinn/T_Quinn_01_D" 4982
"../../../Engine/Plugins/Animation/ControlRig/Content/Controls/ControlRig_QuarterCircle_solid.uasset" 4983
"../../../Engine/Plugins/Animation/ControlRig/Content/Controls/ControlRig_Pyramid_3mm.uasset" 4984
"../../../Engine/Plugins/Animation/ControlRig/Content/Controls/ControlRig_Pyramid_solid.uasset" 4985
"../../../Engine/Plugins/Animation/ControlRig/Content/Controls/ControlRig_Octagon_solid.uasset" 4986
"C:/Users/Stanislav/Documents/Unreal Projects/RGO/Content/Characters/Heroes/Mannequin/Textures/Quinn/T_Quinn_01_MSK.uasset" 4987
"C:/Users/Stanislav/Documents/Unreal Projects/RGO/Content/Characters/Heroes/Mannequin/Textures/Quinn/T_Quinn_02_MSK1.uasset" 4988
"C:/Users/Stanislav/Documents/Unreal Projects/RGO/Content/Characters/Heroes/Mannequin/Textures/Quinn/T_Quinn_01_N.uasset" 4989
"C:/Users/Stanislav/Documents/Unreal Projects/RGO/Content/Characters/Heroes/Mannequin/Textures/Quinn/T_Quinn_02_MSK2.uasset" 4990
"C:/Users/Stanislav/Documents/Unreal Projects/RGO/Content/Characters/Heroes/Mannequin/Textures/Quinn/T_Quinn_01_MSK2.uasset" 4991
"C:/Users/Stanislav/Documents/Unreal Projects/RGO/Content/Characters/Heroes/Mannequin/Textures/Quinn/T_Quinn_02_MSK.uasset" 4992
"C:/Users/Stanislav/Documents/Unreal Projects/RGO/Content/Characters/Heroes/Mannequin/Textures/Quinn/T_Quinn_01_MSK1.uasset" 4993
"C:/Users/Stanislav/Documents/Unreal Projects/RGO/Content/Characters/Heroes/Mannequin/Textures/Quinn/T_Quinn_02_D.uasset" 4994
"C:/Users/Stanislav/Documents/Unreal Projects/RGO/Content/Characters/Heroes/Mannequin/Textures/Quinn/T_Quinn_02_MSK3.uasset" 4995
"C:/Users/Stanislav/Documents/Unreal Projects/RGO/Content/Characters/Heroes/Mannequin/Textures/Quinn/T_Quinn_01_MSK3.uasset" 4996
"C:/Users/Stanislav/Documents/Unreal Projects/RGO/Content/Characters/Heroes/Mannequin/Rig/Poses/Quinn/Quinn_clavicle_l_pose.uasset" 4997
"C:/Users/Stanislav/Documents/Unreal Projects/RGO/Content/Characters/Heroes/Mannequin/Rig/Poses/Quinn/Quinn_calf_l_anim.uasset" 4998
"C:/Users/Stanislav/Documents/Unreal Projects/RGO/Content/Characters/Heroes/Mannequin/Rig/Poses/Quinn/Quinn_clavicle_l_anim.uasset" 4999
"C:/Users/Stanislav/Documents/Unreal Projects/RGO/Content/Characters/Heroes/Mannequin/Rig/Poses/Quinn/Quinn_calf_l_pose.uasset" 5000
"C:/Users/Stanislav/Documents/Unreal Projects/RGO/Content/Characters/Heroes/Mannequin/Rig/Poses/Quinn/Quinn_clavicle_r_anim.uasset" 5001
"C:/Users/Stanislav/Documents/Unreal Projects/RGO/Content/Characters/Heroes/Mannequin/Materials/Instances/Quinn/MI_Quinn_01_Blue.uasset" 5002
"C:/Users/Stanislav/Documents/Unreal Projects/RGO/Content/Characters/Heroes/Mannequin/Rig/Poses/Quinn/Quinn_calf_r_anim.uasset" 5003
"C:/Users/Stanislav/Documents/Unreal Projects/RGO/Content/Characters/Heroes/Mannequin/Textures/Quinn/T_Quinn_02_N.uasset" 5004
"C:/Users/Stanislav/Documents/Unreal Projects/RGO/Content/Characters/Heroes/Mannequin/Rig/Poses/Quinn/Quinn_clavicle_r_pose.uasset" 5005
"C:/Users/Stanislav/Documents/Unreal Projects/RGO/Content/Characters/Heroes/Mannequin/Rig/Poses/Quinn/Quinn_foot_l_anim.uasset" 5006
"C:/Users/Stanislav/Documents/Unreal Projects/RGO/Content/Characters/Heroes/Mannequin/Rig/Poses/Quinn/Quinn_foot_r_pose.uasset" 5007
"C:/Users/Stanislav/Documents/Unreal Projects/RGO/Content/Characters/Heroes/Mannequin/Rig/Poses/Quinn/Quinn_foot_l_pose.uasset" 5008
"C:/Users/Stanislav/Documents/Unreal Projects/RGO/Content/Characters/Heroes/Mannequin/Rig/Poses/Quinn/Quinn_hand_r_anim.uasset" 5009
"C:/Users/Stanislav/Documents/Unreal Projects/RGO/Content/Characters/Heroes/Mannequin/Rig/Poses/Quinn/Quinn_hand_l_anim.uasset" 5010
"C:/Users/Stanislav/Documents/Unreal Projects/RGO/Content/Characters/Heroes/Mannequin/Rig/Poses/Quinn/Quinn_hand_l_pose.uasset" 5011
"C:/Users/Stanislav/Documents/Unreal Projects/RGO/Content/Characters/Heroes/Mannequin/Rig/Poses/Quinn/Quinn_calf_r_pose.uasset" 5012
"C:/Users/Stanislav/Documents/Unreal Projects/RGO/Content/Characters/Heroes/Mannequin/Rig/Poses/Quinn/Quinn_hand_r_pose.uasset" 5013
"C:/Users/Stanislav/Documents/Unreal Projects/RGO/Content/Characters/Heroes/Mannequin/Rig/Poses/Quinn/Quinn_foot_r_anim.uasset" 5014
"/Game/Characters/Heroes/Mannequin/Rig/Poses/Quinn/Quinn_hand_r_pose" 5015
"/Game/Characters/Heroes/Mannequin/Rig/Poses/Quinn/Quinn_hand_l_pose" 5016
"/Game/Characters/Heroes/Mannequin/Rig/Poses/Quinn/Quinn_foot_r_pose" 5017
"/Game/Characters/Heroes/Mannequin/Rig/Poses/Quinn/Quinn_foot_l_pose" 5018
"/Game/Characters/Heroes/Mannequin/Rig/Poses/Quinn/Quinn_clavicle_r_pose" 5019
"/Game/Characters/Heroes/Mannequin/Rig/Poses/Quinn/Quinn_clavicle_l_anim" 5020
"/Game/Characters/Heroes/Mannequin/Rig/Poses/Quinn/Quinn_calf_r_pose" 5021
"/Game/Characters/Heroes/Mannequin/Rig/Poses/Quinn/Quinn_calf_l_pose" 5022
"/Game/Characters/Heroes/Mannequin/Rig/Poses/Quinn/Quinn_clavicle_l_pose" 5023
"/Game/Characters/Heroes/Mannequin/Materials/Instances/Quinn/MI_Quinn_01_Blue" 5024
"/Game/Characters/Heroes/Mannequin/Textures/Quinn/T_Quinn_02_N" 5025
"/Game/Characters/Heroes/Mannequin/Textures/Quinn/T_Quinn_02_MSK3" 5026
"/Game/Characters/Heroes/Mannequin/Textures/Quinn/T_Quinn_02_MSK2" 5027
"/Game/Characters/Heroes/Mannequin/Textures/Quinn/T_Quinn_02_MSK1" 5028
"/Game/Characters/Heroes/Mannequin/Textures/Quinn/T_Quinn_02_MSK" 5029
"/Game/Characters/Heroes/Mannequin/Textures/Quinn/T_Quinn_02_D" 5030
"/ControlRig/Controls/ControlRig_QuarterCircle_solid" 5031
"C:/Users/Stanislav/Documents/Unreal Projects/RGO/DerivedDataCache/VT/TEXTURE_7C16439390E24F1F9468894FB4D4BC55_VTCHUNKD2DAB16BFF152507817E734DBB935160EA97A322" 5032
"C:/Users/Stanislav/Documents/Unreal Projects/RGO/DerivedDataCache/VT/TEXTURE_7C16439390E24F1F9468894FB4D4BC55_VTCHUNK38740DBD4108040D6985AA56705D97D46F27920C" 5033
"C:/Users/Stanislav/Documents/Unreal Projects/RGO/DerivedDataCache/VT/TEXTURE_7C16439390E24F1F9468894FB4D4BC55_VTCHUNK2A5F9F60441DA258D18B46D59C64D5BAD50E8EE3" 5034
"C:/Users/Stanislav/Documents/Unreal Projects/RGO/DerivedDataCache/VT/TEXTURE_7C16439390E24F1F9468894FB4D4BC55_VTCHUNKC0393DE8C5B4673D99D1BECB92AA8C1F72FEB491" 5035
"C:/Users/Stanislav/Documents/Unreal Projects/RGO/DerivedDataCache/VT/TEXTURE_7C16439390E24F1F9468894FB4D4BC55_VTCHUNK02D4C3BCAD7DFA48AB32B8281FB06B8B83DB6275" 5036
"/ControlRig/Controls/ControlRig_Pyramid_solid" 5037
"/ControlRig/Controls/ControlRig_Pyramid_3mm" 5038
"/ControlRig/Controls/ControlRig_Octagon_solid" 5039
"C:/Users/Stanislav/Documents/Unreal Projects/RGO/Content/Characters/Heroes/Mannequin/Rig/Poses/Quinn/Quinn_lowerarm_l_pose.uasset" 5040
"C:/Users/Stanislav/Documents/Unreal Projects/RGO/Content/Characters/Heroes/Mannequin/Rig/Poses/Quinn/Quinn_thigh_l_anim.uasset" 5041
"C:/Users/Stanislav/Documents/Unreal Projects/RGO/Content/Characters/Heroes/Mannequin/Rig/Poses/Quinn/Quinn_lowerarm_r_pose.uasset" 5042
"C:/Users/Stanislav/Documents/Unreal Projects/RGO/Content/Characters/Heroes/Mannequin/Rig/Poses/Quinn/Quinn_lowerarm_l_anim.uasset" 5043
"C:/Users/Stanislav/Documents/Unreal Projects/RGO/Content/Characters/Heroes/Mannequin/Rig/Poses/Quinn/Quinn_lowerarm_r_anim.uasset" 5044
"C:/Users/Stanislav/Documents/Unreal Projects/RGO/Content/Characters/Heroes/Mannequin/Rig/Poses/Quinn/Quinn_thigh_l_pose.uasset" 5045
"C:/Users/Stanislav/Documents/Unreal Projects/RGO/Content/Characters/Heroes/Mannequin/Rig/Poses/Quinn/Quinn_thigh_r_anim.uasset" 5046
"C:/Users/Stanislav/Documents/Unreal Projects/RGO/Content/Characters/Heroes/Mannequin/Rig/Poses/Quinn/Quinn_upperarm_r_anim.uasset" 5047
"C:/Users/Stanislav/Documents/Unreal Projects/RGO/Content/Characters/Heroes/Mannequin/Rig/Poses/Quinn/Quinn_upperarm_l_anim.uasset" 5048
"../../../Engine/Content/EditorMaterials/PreviewShadowIndicatorMaterial.uasset" 5049
"C:/Users/Stanislav/Documents/Unreal Projects/RGO/Content/Characters/Heroes/Mannequin/Meshes/SKM_Quinn.uasset" 5050
"C:/Users/Stanislav/Documents/Unreal Projects/RGO/Content/Characters/Heroes/Mannequin/Rig/ABP_Quinn_PostProcess.uasset" 5051
"/Game/Characters/Heroes/Mannequin/Rig/Poses/Quinn/Quinn_upperarm_r_anim" 5052
"../../../Engine/Content/EngineMaterials/Substrate/GLints/dict_16_192_64_0p5_0p02_0063_0013.uasset" 5053
"../../../Engine/Content/EngineMaterials/Substrate/GLints/dict_16_192_64_0p5_0p02_0063_0012.uasset" 5054
"../../../Engine/Content/EditorMaterials/PreviewShadowIndicator.uasset" 5055
"../../../Engine/Content/EngineMaterials/Substrate/GLints/dict_16_192_64_0p5_0p02_0063_0015.uasset" 5056
"../../../Engine/Content/EngineMaterials/Substrate/GLints/dict_16_192_64_0p5_0p02_0063_0011.uasset" 5057
"../../../Engine/Content/EngineMaterials/Substrate/GLints/dict_16_192_64_0p5_0p02_0063_0010.uasset" 5058
"../../../Engine/Content/EngineMaterials/Substrate/GLints/dict_16_192_64_0p5_0p02_0063_0008.uasset" 5059
"../../../Engine/Content/EngineMaterials/Substrate/GLints/dict_16_192_64_0p5_0p02_0063_0009.uasset" 5060
"../../../Engine/Content/EngineMaterials/Substrate/GLints/dict_16_192_64_0p5_0p02_0063_0007.uasset" 5061
"../../../Engine/Content/EngineMaterials/Substrate/GLints/dict_16_192_64_0p5_0p02_0063_0014.uasset" 5062
"../../../Engine/Content/EngineMaterials/Substrate/GLints/dict_16_192_64_0p5_0p02_0063_0006.uasset" 5063
"/Game/Characters/Heroes/Mannequin/Rig/Poses/Quinn/Quinn_upperarm_l_anim" 5064
"../../../Engine/Content/EngineMaterials/Substrate/GLints/dict_16_192_64_0p5_0p02_0063_0003.uasset" 5065
"../../../Engine/Content/EngineMaterials/Substrate/GLints/dict_16_192_64_0p5_0p02_0063_0005.uasset" 5066
"../../../Engine/Content/EngineMaterials/Substrate/GLints/dict_16_192_64_0p5_0p02_0063_0001.uasset" 5067
"../../../Engine/Content/EngineMaterials/Substrate/GLints/dict_16_192_64_0p5_0p02_0063_0002.uasset" 5068
"C:/Users/Stanislav/Documents/Unreal Projects/RGO/Content/Characters/Heroes/Mannequin/Rig/Poses/Quinn/Quinn_upperarm_l_pose.uasset" 5069
"C:/Users/Stanislav/Documents/Unreal Projects/RGO/Content/Characters/Heroes/Mannequin/Materials/Instances/Quinn/MI_Quinn_02_Blue.uasset" 5070
"../../../Engine/Content/EngineMaterials/Substrate/GLints/dict_16_192_64_0p5_0p02_0063_0004.uasset" 5071
"C:/Users/Stanislav/Documents/Unreal Projects/RGO/Content/Characters/Heroes/Mannequin/Rig/Poses/Quinn/Quinn_thigh_r_pose.uasset" 5072
"C:/Users/Stanislav/Documents/Unreal Projects/RGO/Content/Characters/Heroes/Mannequin/Rig/Poses/Quinn/Quinn_upperarm_r_pose.uasset" 5073
"/Game/Characters/Heroes/Mannequin/Rig/Poses/Quinn/Quinn_thigh_r_anim" 5074
"/Game/Characters/Heroes/Mannequin/Rig/Poses/Quinn/Quinn_thigh_l_pose" 5075
"/Game/Characters/Heroes/Mannequin/Rig/Poses/Quinn/Quinn_lowerarm_r_pose" 5076
"/Game/Characters/Heroes/Mannequin/Rig/Poses/Quinn/Quinn_lowerarm_l_pose" 5077
"/Engine/EngineMaterials/Substrate/GLints/dict_16_192_64_0p5_0p02_0063_0009" 5078
"/Engine/EngineMaterials/Substrate/GLints/dict_16_192_64_0p5_0p02_0063_0010" 5079
"/Engine/EngineMaterials/Substrate/GLints/dict_16_192_64_0p5_0p02_0063_0011" 5080
"/Engine/EngineMaterials/Substrate/GLints/dict_16_192_64_0p5_0p02_0063_0012" 5081
"/Engine/EngineMaterials/Substrate/GLints/dict_16_192_64_0p5_0p02_0063_0013" 5082
"/Engine/EngineMaterials/Substrate/GLints/dict_16_192_64_0p5_0p02_0063_0014" 5083
"/Engine/EngineMaterials/Substrate/GLints/dict_16_192_64_0p5_0p02_0063_0015" 5084
"/Engine/EditorMaterials/PreviewShadowIndicatorMaterial" 5085
"/Game/Characters/Heroes/Mannequin/Meshes/SKM_Quinn" 5086
"../../../../../../Users/Stanislav/Documents/Unreal Projects/RGO/Content/Characters/Heroes/Mannequin/Textures/Quinn/T_Quinn_02_N.uasset" 5087
"../../../Engine/Content/EngineMaterials/Substrate/GLints/dict_16_192_64_0p5_0p02_0063_0000.uasset" 5088
"../../../Engine/Content/EngineMaterials/Substrate/GLints/dict_16_192_64_0p5_0p02_0062_0014.uasset" 5089
"../../../Engine/Content/EngineMaterials/Substrate/GLints/dict_16_192_64_0p5_0p02_0062_0009.uasset" 5090
"../../../Engine/Content/EngineMaterials/Substrate/GLints/dict_16_192_64_0p5_0p02_0062_0012.uasset" 5091
"../../../../../../Users/Stanislav/Documents/Unreal Projects/RGO/Content/Characters/Heroes/Mannequin/Textures/Quinn/T_Quinn_02_MSK3.uasset" 5092
"../../../Engine/Content/EngineMaterials/Substrate/GLints/dict_16_192_64_0p5_0p02_0062_0010.uasset" 5093
"../../../Engine/Content/EngineMaterials/Substrate/GLints/dict_16_192_64_0p5_0p02_0062_0015.uasset" 5094
"../../../Engine/Content/EngineMaterials/Substrate/GLints/dict_16_192_64_0p5_0p02_0062_0013.uasset" 5095
"../../../Engine/Content/EngineMaterials/Substrate/GLints/dict_16_192_64_0p5_0p02_0062_0011.uasset" 5096
"../../../../../../Users/Stanislav/Documents/Unreal Projects/RGO/Content/Characters/Heroes/Mannequin/Textures/Quinn/T_Quinn_02_MSK2.uasset" 5097
"../../../Engine/Content/EngineMaterials/Substrate/GLints/dict_16_192_64_0p5_0p02_0062_0008.uasset" 5098
"../../../../../../Users/Stanislav/Documents/Unreal Projects/RGO/Content/Characters/Heroes/Mannequin/Textures/Quinn/T_Quinn_02_MSK1.uasset" 5099
"../../../../../../Users/Stanislav/Documents/Unreal Projects/RGO/Content/Characters/Heroes/Mannequin/Textures/Quinn/T_Quinn_02_MSK.uasset" 5100
"../../../../../../Users/Stanislav/Documents/Unreal Projects/RGO/Content/Characters/Heroes/Mannequin/Textures/Quinn/T_Quinn_02_D.uasset" 5101
"../../../../../../Users/Stanislav/Documents/Unreal Projects/RGO/Content/Characters/Heroes/Mannequin/Textures/Quinn/T_Quinn_01_D.uasset" 5102
"/Engine/EngineMaterials/Substrate/GLints/dict_16_192_64_0p5_0p02_0063_0001" 5103
"/Engine/EngineMaterials/Substrate/GLints/dict_16_192_64_0p5_0p02_0063_0002" 5104
"/Engine/EngineMaterials/Substrate/GLints/dict_16_192_64_0p5_0p02_0063_0004" 5105
"/Engine/EngineMaterials/Substrate/GLints/dict_16_192_64_0p5_0p02_0063_0005" 5106
"/Engine/EngineMaterials/Substrate/GLints/dict_16_192_64_0p5_0p02_0063_0006" 5107
"/Engine/EngineMaterials/Substrate/GLints/dict_16_192_64_0p5_0p02_0063_0007" 5108
"/Engine/EngineMaterials/Substrate/GLints/dict_16_192_64_0p5_0p02_0063_0003" 5109
"/Engine/EngineMaterials/Substrate/GLints/dict_16_192_64_0p5_0p02_0063_0008" 5110
"/Engine/EngineMaterials/Substrate/GLints/dict_16_192_64_0p5_0p02_0062_0008" 5111
"/Engine/EngineMaterials/Substrate/GLints/dict_16_192_64_0p5_0p02_0062_0009" 5112
"/Engine/EngineMaterials/Substrate/GLints/dict_16_192_64_0p5_0p02_0062_0010" 5113
"/Engine/EngineMaterials/Substrate/GLints/dict_16_192_64_0p5_0p02_0062_0011" 5114
"/Engine/EngineMaterials/Substrate/GLints/dict_16_192_64_0p5_0p02_0062_0012" 5115
"/Engine/EngineMaterials/Substrate/GLints/dict_16_192_64_0p5_0p02_0062_0013" 5116
"/Engine/EngineMaterials/Substrate/GLints/dict_16_192_64_0p5_0p02_0062_0014" 5117
"/Engine/EngineMaterials/Substrate/GLints/dict_16_192_64_0p5_0p02_0062_0015" 5118
"/Engine/EngineMaterials/Substrate/GLints/dict_16_192_64_0p5_0p02_0063_0000" 5119
"../../../Engine/Content/EngineMaterials/Substrate/GLints/dict_16_192_64_0p5_0p02_0062_0002.uasset" 5120
"../../../Engine/Content/EngineMaterials/Substrate/GLints/dict_16_192_64_0p5_0p02_0062_0003.uasset" 5121
"../../../Engine/Content/EngineMaterials/Substrate/GLints/dict_16_192_64_0p5_0p02_0062_0004.uasset" 5122
"../../../Engine/Content/EngineMaterials/Substrate/GLints/dict_16_192_64_0p5_0p02_0061_0015.uasset" 5123
"../../../Engine/Content/EngineMaterials/Substrate/GLints/dict_16_192_64_0p5_0p02_0062_0000.uasset" 5124
"../../../Engine/Content/EngineMaterials/Substrate/GLints/dict_16_192_64_0p5_0p02_0062_0001.uasset" 5125
"../../../Engine/Content/EngineMaterials/Substrate/GLints/dict_16_192_64_0p5_0p02_0062_0005.uasset" 5126
"../../../Engine/Content/EngineMaterials/Substrate/GLints/dict_16_192_64_0p5_0p02_0062_0006.uasset" 5127
"../../../Engine/Content/EngineMaterials/Substrate/GLints/dict_16_192_64_0p5_0p02_0061_0014.uasset" 5128
"../../../Engine/Content/EngineMaterials/Substrate/GLints/dict_16_192_64_0p5_0p02_0062_0007.uasset" 5129
"../../../../../../Users/Stanislav/Documents/Unreal Projects/RGO/Content/Characters/Heroes/Mannequin/Meshes/SKM_Quinn.uasset" 5130
"../../../Engine/Content/EngineMaterials/Substrate/GLints/dict_16_192_64_0p5_0p02_0061_0008.uasset" 5131
"../../../Engine/Content/EngineMaterials/Substrate/GLints/dict_16_192_64_0p5_0p02_0061_0012.uasset" 5132
"../../../Engine/Content/EngineMaterials/Substrate/GLints/dict_16_192_64_0p5_0p02_0061_0009.uasset" 5133
"../../../Engine/Content/EngineMaterials/Substrate/GLints/dict_16_192_64_0p5_0p02_0061_0013.uasset" 5134
"../../../Engine/Content/EngineMaterials/Substrate/GLints/dict_16_192_64_0p5_0p02_0061_0007.uasset" 5135
"../../../Engine/Content/EngineMaterials/Substrate/GLints/dict_16_192_64_0p5_0p02_0061_0010.uasset" 5136
"../../../Engine/Content/EngineMaterials/Substrate/GLints/dict_16_192_64_0p5_0p02_0061_0005.uasset" 5137
"../../../Engine/Content/EngineMaterials/Substrate/GLints/dict_16_192_64_0p5_0p02_0061_0004.uasset" 5138
"../../../Engine/Content/EngineMaterials/Substrate/GLints/dict_16_192_64_0p5_0p02_0061_0006.uasset" 5139
"../../../Engine/Content/EngineMaterials/Substrate/GLints/dict_16_192_64_0p5_0p02_0061_0003.uasset" 5140
"../../../Engine/Content/EngineMaterials/Substrate/GLints/dict_16_192_64_0p5_0p02_0061_0000.uasset" 5141
"../../../Engine/Content/EngineMaterials/Substrate/GLints/dict_16_192_64_0p5_0p02_0061_0001.uasset" 5142
"../../../Engine/Content/EngineMaterials/Substrate/GLints/dict_16_192_64_0p5_0p02_0061_0002.uasset" 5143
"../../../Engine/Content/EngineMaterials/Substrate/GLints/dict_16_192_64_0p5_0p02_0060_0014.uasset" 5144
"../../../Engine/Content/EngineMaterials/Substrate/GLints/dict_16_192_64_0p5_0p02_0060_0013.uasset" 5145
"../../../Engine/Content/EngineMaterials/Substrate/GLints/dict_16_192_64_0p5_0p02_0060_0010.uasset" 5146
"../../../Engine/Content/EngineMaterials/Substrate/GLints/dict_16_192_64_0p5_0p02_0060_0009.uasset" 5147
"../../../Engine/Content/EngineMaterials/Substrate/GLints/dict_16_192_64_0p5_0p02_0060_0015.uasset" 5148
"../../../Engine/Content/EngineMaterials/Substrate/GLints/dict_16_192_64_0p5_0p02_0060_0012.uasset" 5149
"../../../Engine/Content/EngineMaterials/Substrate/GLints/dict_16_192_64_0p5_0p02_0060_0008.uasset" 5150
"../../../Engine/Content/EngineMaterials/Substrate/GLints/dict_16_192_64_0p5_0p02_0060_0011.uasset" 5151
"../../../Engine/Content/EngineMaterials/Substrate/GLints/dict_16_192_64_0p5_0p02_0061_0011.uasset" 5152
"../../../../../../Users/Stanislav/Documents/Unreal Projects/RGO/Content/Characters/Heroes/Mannequin/Textures/Quinn/T_Quinn_01_N.uasset" 5153
"../../../../../../Users/Stanislav/Documents/Unreal Projects/RGO/Content/Characters/Heroes/Mannequin/Textures/Quinn/T_Quinn_01_MSK3.uasset" 5154
"../../../../../../Users/Stanislav/Documents/Unreal Projects/RGO/Content/Characters/Heroes/Mannequin/Textures/Quinn/T_Quinn_01_MSK2.uasset" 5155
"../../../../../../Users/Stanislav/Documents/Unreal Projects/RGO/Content/Characters/Heroes/Mannequin/Textures/Quinn/T_Quinn_01_MSK1.uasset" 5156
"../../../../../../Users/Stanislav/Documents/Unreal Projects/RGO/Content/Characters/Heroes/Mannequin/Textures/Quinn/T_Quinn_01_MSK.uasset" 5157
"/Engine/EngineMaterials/Substrate/GLints/dict_16_192_64_0p5_0p02_0061_0001" 5158
"/Engine/EngineMaterials/Substrate/GLints/dict_16_192_64_0p5_0p02_0061_0002" 5159
"/Engine/EngineMaterials/Substrate/GLints/dict_16_192_64_0p5_0p02_0061_0003" 5160
"/Engine/EngineMaterials/Substrate/GLints/dict_16_192_64_0p5_0p02_0061_0004" 5161
"/Engine/EngineMaterials/Substrate/GLints/dict_16_192_64_0p5_0p02_0061_0005" 5162
"/Engine/EngineMaterials/Substrate/GLints/dict_16_192_64_0p5_0p02_0061_0006" 5163
"/Engine/EngineMaterials/Substrate/GLints/dict_16_192_64_0p5_0p02_0061_0007" 5164
"/Engine/EngineMaterials/Substrate/GLints/dict_16_192_64_0p5_0p02_0061_0008" 5165
"/Engine/EngineMaterials/Substrate/GLints/dict_16_192_64_0p5_0p02_0061_0009" 5166
"/Engine/EngineMaterials/Substrate/GLints/dict_16_192_64_0p5_0p02_0061_0010" 5167
"/Engine/EngineMaterials/Substrate/GLints/dict_16_192_64_0p5_0p02_0061_0011" 5168
"/Engine/EngineMaterials/Substrate/GLints/dict_16_192_64_0p5_0p02_0061_0012" 5169
"/Engine/EngineMaterials/Substrate/GLints/dict_16_192_64_0p5_0p02_0061_0013" 5170
"/Engine/EngineMaterials/Substrate/GLints/dict_16_192_64_0p5_0p02_0060_0008" 5171
"/Engine/EngineMaterials/Substrate/GLints/dict_16_192_64_0p5_0p02_0061_0014" 5172
"/Engine/EngineMaterials/Substrate/GLints/dict_16_192_64_0p5_0p02_0060_0009" 5173
"/Engine/EngineMaterials/Substrate/GLints/dict_16_192_64_0p5_0p02_0061_0015" 5174
"/Engine/EngineMaterials/Substrate/GLints/dict_16_192_64_0p5_0p02_0060_0010" 5175
"/Engine/EngineMaterials/Substrate/GLints/dict_16_192_64_0p5_0p02_0060_0011" 5176
"/Engine/EngineMaterials/Substrate/GLints/dict_16_192_64_0p5_0p02_0060_0012" 5177
"/Engine/EngineMaterials/Substrate/GLints/dict_16_192_64_0p5_0p02_0060_0013" 5178
"/Engine/EngineMaterials/Substrate/GLints/dict_16_192_64_0p5_0p02_0060_0014" 5179
"/Engine/EngineMaterials/Substrate/GLints/dict_16_192_64_0p5_0p02_0060_0015" 5180
"/Engine/EngineMaterials/Substrate/GLints/dict_16_192_64_0p5_0p02_0061_0000" 5181
"/Engine/EngineMaterials/Substrate/GLints/dict_16_192_64_0p5_0p02_0062_0000" 5182
"/Engine/EngineMaterials/Substrate/GLints/dict_16_192_64_0p5_0p02_0062_0001" 5183
"/Engine/EngineMaterials/Substrate/GLints/dict_16_192_64_0p5_0p02_0062_0002" 5184
"/Engine/EngineMaterials/Substrate/GLints/dict_16_192_64_0p5_0p02_0062_0003" 5185
"/Engine/EngineMaterials/Substrate/GLints/dict_16_192_64_0p5_0p02_0062_0004" 5186
"/Engine/EngineMaterials/Substrate/GLints/dict_16_192_64_0p5_0p02_0062_0005" 5187
"/Engine/EngineMaterials/Substrate/GLints/dict_16_192_64_0p5_0p02_0062_0006" 5188
"/Engine/EngineMaterials/Substrate/GLints/dict_16_192_64_0p5_0p02_0062_0007" 5189
"../../../Engine/Content/EngineMaterials/Substrate/GLints/dict_16_192_64_0p5_0p02_0060_0004.uasset" 5190
"../../../Engine/Content/EngineMaterials/Substrate/GLints/dict_16_192_64_0p5_0p02_0060_0005.uasset" 5191
"../../../Engine/Content/EngineMaterials/Substrate/GLints/dict_16_192_64_0p5_0p02_0060_0001.uasset" 5192
"../../../Engine/Content/EngineMaterials/Substrate/GLints/dict_16_192_64_0p5_0p02_0060_0003.uasset" 5193
"../../../Engine/Content/EngineMaterials/Substrate/GLints/dict_16_192_64_0p5_0p02_0060_0002.uasset" 5194
"../../../Engine/Content/EngineMaterials/Substrate/GLints/dict_16_192_64_0p5_0p02_0060_0000.uasset" 5195
"../../../Engine/Content/EngineMaterials/Substrate/GLints/dict_16_192_64_0p5_0p02_0060_0007.uasset" 5196
"../../../Engine/Content/EngineMaterials/Substrate/GLints/dict_16_192_64_0p5_0p02_0059_0012.uasset" 5197
"../../../Engine/Content/EngineMaterials/Substrate/GLints/dict_16_192_64_0p5_0p02_0059_0009.uasset" 5198
"../../../Engine/Content/EngineMaterials/Substrate/GLints/dict_16_192_64_0p5_0p02_0059_0011.uasset" 5199
"../../../Engine/Content/EngineMaterials/Substrate/GLints/dict_16_192_64_0p5_0p02_0059_0013.uasset" 5200
"../../../Engine/Content/EngineMaterials/Substrate/GLints/dict_16_192_64_0p5_0p02_0059_0008.uasset" 5201
"../../../Engine/Content/EngineMaterials/Substrate/GLints/dict_16_192_64_0p5_0p02_0060_0006.uasset" 5202
"/Engine/EngineMaterials/Substrate/GLints/dict_16_192_64_0p5_0p02_0059_0008" 5203
"../../../Engine/Content/EngineMaterials/Substrate/GLints/dict_16_192_64_0p5_0p02_0059_0010.uasset" 5204
"/Engine/EngineMaterials/Substrate/GLints/dict_16_192_64_0p5_0p02_0059_0009" 5205
"/Engine/EngineMaterials/Substrate/GLints/dict_16_192_64_0p5_0p02_0059_0011" 5206
"/Engine/EngineMaterials/Substrate/GLints/dict_16_192_64_0p5_0p02_0059_0012" 5207
"/Engine/EngineMaterials/Substrate/GLints/dict_16_192_64_0p5_0p02_0059_0013" 5208
"/Engine/EngineMaterials/Substrate/GLints/dict_16_192_64_0p5_0p02_0060_0000" 5209
"/Engine/EngineMaterials/Substrate/GLints/dict_16_192_64_0p5_0p02_0060_0001" 5210
"/Engine/EngineMaterials/Substrate/GLints/dict_16_192_64_0p5_0p02_0060_0002" 5211
"/Engine/EngineMaterials/Substrate/GLints/dict_16_192_64_0p5_0p02_0060_0003" 5212
"/Engine/EngineMaterials/Substrate/GLints/dict_16_192_64_0p5_0p02_0060_0004" 5213
"/Engine/EngineMaterials/Substrate/GLints/dict_16_192_64_0p5_0p02_0060_0005" 5214
"/Engine/EngineMaterials/Substrate/GLints/dict_16_192_64_0p5_0p02_0060_0006" 5215
"/Engine/EngineMaterials/Substrate/GLints/dict_16_192_64_0p5_0p02_0060_0007" 5216
"/Engine/EngineMaterials/Substrate/GLints/dict_16_192_64_0p5_0p02_0059_0010" 5217
"../../../Engine/Content/EngineMaterials/Substrate/GLints/dict_16_192_64_0p5_0p02_0059_0000.uasset" 5218
"../../../Engine/Content/EngineMaterials/Substrate/GLints/dict_16_192_64_0p5_0p02_0059_0002.uasset" 5219
"../../../Engine/Content/EngineMaterials/Substrate/GLints/dict_16_192_64_0p5_0p02_0059_0001.uasset" 5220
"../../../Engine/Content/EngineMaterials/Substrate/GLints/dict_16_192_64_0p5_0p02_0059_0003.uasset" 5221
"../../../Engine/Content/EngineMaterials/Substrate/GLints/dict_16_192_64_0p5_0p02_0059_0007.uasset" 5222
"../../../Engine/Content/EngineMaterials/Substrate/GLints/dict_16_192_64_0p5_0p02_0059_0006.uasset" 5223
"../../../Engine/Content/EngineMaterials/Substrate/GLints/dict_16_192_64_0p5_0p02_0059_0005.uasset" 5224
"../../../Engine/Content/EngineMaterials/Substrate/GLints/dict_16_192_64_0p5_0p02_0059_0004.uasset" 5225
"../../../Engine/Content/EngineMaterials/Substrate/GLints/dict_16_192_64_0p5_0p02_0058_0015.uasset" 5226
"/Engine/EngineMaterials/Substrate/GLints/dict_16_192_64_0p5_0p02_0058_0015" 5227
"/Engine/EngineMaterials/Substrate/GLints/dict_16_192_64_0p5_0p02_0059_0000" 5228
"/Engine/EngineMaterials/Substrate/GLints/dict_16_192_64_0p5_0p02_0059_0001" 5229
"/Engine/EngineMaterials/Substrate/GLints/dict_16_192_64_0p5_0p02_0059_0002" 5230
"../../../Engine/Content/EngineMaterials/Substrate/GLints/dict_16_192_64_0p5_0p02_0058_0009.uasset" 5231
"../../../Engine/Content/EngineMaterials/Substrate/GLints/dict_16_192_64_0p5_0p02_0058_0014.uasset" 5232
"../../../Engine/Content/EngineMaterials/Substrate/GLints/dict_16_192_64_0p5_0p02_0058_0010.uasset" 5233
"../../../Engine/Content/EngineMaterials/Substrate/GLints/dict_16_192_64_0p5_0p02_0058_0013.uasset" 5234
"../../../Engine/Content/EngineMaterials/Substrate/GLints/dict_16_192_64_0p5_0p02_0058_0012.uasset" 5235
"../../../Engine/Content/EngineMaterials/Substrate/GLints/dict_16_192_64_0p5_0p02_0058_0008.uasset" 5236
"../../../Engine/Content/EngineMaterials/Substrate/GLints/dict_16_192_64_0p5_0p02_0058_0011.uasset" 5237
"/Engine/EngineMaterials/Substrate/GLints/dict_16_192_64_0p5_0p02_0059_0003" 5238
"/Engine/EngineMaterials/Substrate/GLints/dict_16_192_64_0p5_0p02_0059_0004" 5239
"/Engine/EngineMaterials/Substrate/GLints/dict_16_192_64_0p5_0p02_0059_0005" 5240
"/Engine/EngineMaterials/Substrate/GLints/dict_16_192_64_0p5_0p02_0059_0006" 5241
"/Engine/EngineMaterials/Substrate/GLints/dict_16_192_64_0p5_0p02_0059_0007" 5242
"/Engine/EngineMaterials/Substrate/GLints/dict_16_192_64_0p5_0p02_0058_0008" 5243
"/Engine/EngineMaterials/Substrate/GLints/dict_16_192_64_0p5_0p02_0058_0009" 5244
"/Engine/EngineMaterials/Substrate/GLints/dict_16_192_64_0p5_0p02_0058_0010" 5245
"/Engine/EngineMaterials/Substrate/GLints/dict_16_192_64_0p5_0p02_0058_0011" 5246
"/Engine/EngineMaterials/Substrate/GLints/dict_16_192_64_0p5_0p02_0058_0012" 5247
"/Engine/EngineMaterials/Substrate/GLints/dict_16_192_64_0p5_0p02_0058_0013" 5248
"/Engine/EngineMaterials/Substrate/GLints/dict_16_192_64_0p5_0p02_0058_0014" 5249
"../../../Engine/Content/EngineMaterials/Substrate/GLints/dict_16_192_64_0p5_0p02_0058_0001.uasset" 5250
"../../../Engine/Content/EngineMaterials/Substrate/GLints/dict_16_192_64_0p5_0p02_0058_0000.uasset" 5251
"../../../Engine/Content/EngineMaterials/Substrate/GLints/dict_16_192_64_0p5_0p02_0058_0007.uasset" 5252
"../../../Engine/Content/EngineMaterials/Substrate/GLints/dict_16_192_64_0p5_0p02_0058_0003.uasset" 5253
"../../../Engine/Content/EngineMaterials/Substrate/GLints/dict_16_192_64_0p5_0p02_0058_0002.uasset" 5254
"../../../Engine/Content/EngineMaterials/Substrate/GLints/dict_16_192_64_0p5_0p02_0057_0015.uasset" 5255
"../../../Engine/Content/EngineMaterials/Substrate/GLints/dict_16_192_64_0p5_0p02_0058_0004.uasset" 5256
"../../../Engine/Content/EngineMaterials/Substrate/GLints/dict_16_192_64_0p5_0p02_0058_0005.uasset" 5257
"../../../Engine/Content/EngineMaterials/Substrate/GLints/dict_16_192_64_0p5_0p02_0058_0006.uasset" 5258
"/Engine/EngineMaterials/Substrate/GLints/dict_16_192_64_0p5_0p02_0057_0015" 5259
"/Engine/EngineMaterials/Substrate/GLints/dict_16_192_64_0p5_0p02_0058_0000" 5260
"/Engine/EngineMaterials/Substrate/GLints/dict_16_192_64_0p5_0p02_0058_0001" 5261
"/Engine/EngineMaterials/Substrate/GLints/dict_16_192_64_0p5_0p02_0058_0002" 5262
"/Engine/EngineMaterials/Substrate/GLints/dict_16_192_64_0p5_0p02_0058_0003" 5263
"/Engine/EngineMaterials/Substrate/GLints/dict_16_192_64_0p5_0p02_0058_0004" 5264
"/Engine/EngineMaterials/Substrate/GLints/dict_16_192_64_0p5_0p02_0058_0005" 5265
"../../../Engine/Content/EngineMaterials/Substrate/GLints/dict_16_192_64_0p5_0p02_0057_0012.uasset" 5266
"../../../Engine/Content/EngineMaterials/Substrate/GLints/dict_16_192_64_0p5_0p02_0057_0014.uasset" 5267
"../../../Engine/Content/EngineMaterials/Substrate/GLints/dict_16_192_64_0p5_0p02_0057_0007.uasset" 5268
"../../../Engine/Content/EngineMaterials/Substrate/GLints/dict_16_192_64_0p5_0p02_0057_0013.uasset" 5269
"/Engine/EngineMaterials/Substrate/GLints/dict_16_192_64_0p5_0p02_0058_0006" 5270
"../../../Engine/Content/EngineMaterials/Substrate/GLints/dict_16_192_64_0p5_0p02_0057_0008.uasset" 5271
"../../../Engine/Content/EngineMaterials/Substrate/GLints/dict_16_192_64_0p5_0p02_0057_0009.uasset" 5272
"../../../Engine/Content/EngineMaterials/Substrate/GLints/dict_16_192_64_0p5_0p02_0057_0010.uasset" 5273
"../../../Engine/Content/EngineMaterials/Substrate/GLints/dict_16_192_64_0p5_0p02_0057_0011.uasset" 5274
"/Engine/EngineMaterials/Substrate/GLints/dict_16_192_64_0p5_0p02_0058_0007" 5275
"/Engine/EngineMaterials/Substrate/GLints/dict_16_192_64_0p5_0p02_0057_0007" 5276
"/Engine/EngineMaterials/Substrate/GLints/dict_16_192_64_0p5_0p02_0057_0008" 5277
"/Engine/EngineMaterials/Substrate/GLints/dict_16_192_64_0p5_0p02_0057_0009" 5278
"/Engine/EngineMaterials/Substrate/GLints/dict_16_192_64_0p5_0p02_0057_0011" 5279
"/Engine/EngineMaterials/Substrate/GLints/dict_16_192_64_0p5_0p02_0057_0012" 5280
"/Engine/EngineMaterials/Substrate/GLints/dict_16_192_64_0p5_0p02_0057_0010" 5281
"/Engine/EngineMaterials/Substrate/GLints/dict_16_192_64_0p5_0p02_0057_0013" 5282
"/Engine/EngineMaterials/Substrate/GLints/dict_16_192_64_0p5_0p02_0057_0014" 5283
"../../../Engine/Content/EngineMaterials/Substrate/GLints/dict_16_192_64_0p5_0p02_0057_0005.uasset" 5284
"../../../Engine/Content/EngineMaterials/Substrate/GLints/dict_16_192_64_0p5_0p02_0056_0013.uasset" 5285
"../../../Engine/Content/EngineMaterials/Substrate/GLints/dict_16_192_64_0p5_0p02_0057_0001.uasset" 5286
"../../../Engine/Content/EngineMaterials/Substrate/GLints/dict_16_192_64_0p5_0p02_0057_0003.uasset" 5287
"../../../Engine/Content/EngineMaterials/Substrate/GLints/dict_16_192_64_0p5_0p02_0057_0002.uasset" 5288
"../../../Engine/Content/EngineMaterials/Substrate/GLints/dict_16_192_64_0p5_0p02_0056_0015.uasset" 5289
"../../../Engine/Content/EngineMaterials/Substrate/GLints/dict_16_192_64_0p5_0p02_0056_0014.uasset" 5290
"../../../Engine/Content/EngineMaterials/Substrate/GLints/dict_16_192_64_0p5_0p02_0056_0012.uasset" 5291
"../../../Engine/Content/EngineMaterials/Substrate/GLints/dict_16_192_64_0p5_0p02_0059_0014.uasset" 5292
"../../../Engine/Content/EngineMaterials/Substrate/GLints/dict_16_192_64_0p5_0p02_0057_0004.uasset" 5293
"../../../Engine/Content/EngineMaterials/Substrate/GLints/dict_16_192_64_0p5_0p02_0057_0000.uasset" 5294
"../../../Engine/Content/EngineMaterials/Substrate/GLints/dict_16_192_64_0p5_0p02_0059_0015.uasset" 5295
"/Engine/EngineMaterials/Substrate/GLints/dict_16_192_64_0p5_0p02_0056_0012" 5296
"../../../Engine/Content/EngineMaterials/Substrate/GLints/dict_16_192_64_0p5_0p02_0056_0011.uasset" 5297
"/Engine/EngineMaterials/Substrate/GLints/dict_16_192_64_0p5_0p02_0056_0013" 5298
"../../../Engine/Content/EngineMaterials/Substrate/GLints/dict_16_192_64_0p5_0p02_0057_0006.uasset" 5299
"/Engine/EngineMaterials/Substrate/GLints/dict_16_192_64_0p5_0p02_0056_0014" 5300
"/Engine/EngineMaterials/Substrate/GLints/dict_16_192_64_0p5_0p02_0056_0015" 5301
"/Engine/EngineMaterials/Substrate/GLints/dict_16_192_64_0p5_0p02_0057_0000" 5302
"../../../Engine/Content/EngineMaterials/Substrate/GLints/dict_16_192_64_0p5_0p02_0056_0006.uasset" 5303
"../../../Engine/Content/EngineMaterials/Substrate/GLints/dict_16_192_64_0p5_0p02_0056_0003.uasset" 5304
"../../../Engine/Content/EngineMaterials/Substrate/GLints/dict_16_192_64_0p5_0p02_0056_0005.uasset" 5305
"../../../Engine/Content/EngineMaterials/Substrate/GLints/dict_16_192_64_0p5_0p02_0056_0004.uasset" 5306
"../../../Engine/Content/EngineMaterials/Substrate/GLints/dict_16_192_64_0p5_0p02_0056_0010.uasset" 5307
"../../../Engine/Content/EngineMaterials/Substrate/GLints/dict_16_192_64_0p5_0p02_0056_0009.uasset" 5308
"../../../Engine/Content/EngineMaterials/Substrate/GLints/dict_16_192_64_0p5_0p02_0056_0002.uasset" 5309
"../../../Engine/Content/EngineMaterials/Substrate/GLints/dict_16_192_64_0p5_0p02_0056_0000.uasset" 5310
"../../../Engine/Content/EngineMaterials/Substrate/GLints/dict_16_192_64_0p5_0p02_0056_0008.uasset" 5311
"../../../Engine/Content/EngineMaterials/Substrate/GLints/dict_16_192_64_0p5_0p02_0056_0007.uasset" 5312
"/Engine/EngineMaterials/Substrate/GLints/dict_16_192_64_0p5_0p02_0057_0001" 5313
"../../../Engine/Content/EngineMaterials/Substrate/GLints/dict_16_192_64_0p5_0p02_0056_0001.uasset" 5314
"/Engine/EngineMaterials/Substrate/GLints/dict_16_192_64_0p5_0p02_0057_0002" 5315
"/Engine/EngineMaterials/Substrate/GLints/dict_16_192_64_0p5_0p02_0057_0003" 5316
"/Engine/EngineMaterials/Substrate/GLints/dict_16_192_64_0p5_0p02_0057_0004" 5317
"/Engine/EngineMaterials/Substrate/GLints/dict_16_192_64_0p5_0p02_0057_0005" 5318
"/Engine/EngineMaterials/Substrate/GLints/dict_16_192_64_0p5_0p02_0059_0014" 5319
"/Engine/EngineMaterials/Substrate/GLints/dict_16_192_64_0p5_0p02_0059_0015" 5320
"/Engine/EngineMaterials/Substrate/GLints/dict_16_192_64_0p5_0p02_0056_0010" 5321
"/Engine/EngineMaterials/Substrate/GLints/dict_16_192_64_0p5_0p02_0056_0011" 5322
"/Engine/EngineMaterials/Substrate/GLints/dict_16_192_64_0p5_0p02_0057_0006" 5323
"/Engine/EngineMaterials/Substrate/GLints/dict_16_192_64_0p5_0p02_0056_0000" 5324
"/Engine/EngineMaterials/Substrate/GLints/dict_16_192_64_0p5_0p02_0056_0001" 5325
"/Engine/EngineMaterials/Substrate/GLints/dict_16_192_64_0p5_0p02_0056_0002" 5326
"/Engine/EngineMaterials/Substrate/GLints/dict_16_192_64_0p5_0p02_0056_0003" 5327
"/Engine/EngineMaterials/Substrate/GLints/dict_16_192_64_0p5_0p02_0056_0004" 5328
"/Engine/EngineMaterials/Substrate/GLints/dict_16_192_64_0p5_0p02_0056_0005" 5329
"/Engine/EngineMaterials/Substrate/GLints/dict_16_192_64_0p5_0p02_0056_0006" 5330
"/Engine/EngineMaterials/Substrate/GLints/dict_16_192_64_0p5_0p02_0056_0007" 5331
"/Engine/EngineMaterials/Substrate/GLints/dict_16_192_64_0p5_0p02_0056_0008" 5332
"/Engine/EngineMaterials/Substrate/GLints/dict_16_192_64_0p5_0p02_0056_0009" 5333
"../../../Engine/Content/EngineMaterials/Substrate/GLints/dict_16_192_64_0p5_0p02_0055_0009.uasset" 5334
"../../../Engine/Content/EngineMaterials/Substrate/GLints/dict_16_192_64_0p5_0p02_0055_0010.uasset" 5335
"../../../Engine/Content/EngineMaterials/Substrate/GLints/dict_16_192_64_0p5_0p02_0055_0015.uasset" 5336
"../../../Engine/Content/EngineMaterials/Substrate/GLints/dict_16_192_64_0p5_0p02_0055_0012.uasset" 5337
"../../../Engine/Content/EngineMaterials/Substrate/GLints/dict_16_192_64_0p5_0p02_0055_0011.uasset" 5338
"../../../Engine/Content/EngineMaterials/Substrate/GLints/dict_16_192_64_0p5_0p02_0055_0013.uasset" 5339
"../../../Engine/Content/EngineMaterials/Substrate/GLints/dict_16_192_64_0p5_0p02_0055_0005.uasset" 5340
"../../../Engine/Content/EngineMaterials/Substrate/GLints/dict_16_192_64_0p5_0p02_0055_0002.uasset" 5341
"../../../Engine/Content/EngineMaterials/Substrate/GLints/dict_16_192_64_0p5_0p02_0055_0007.uasset" 5342
"../../../Engine/Content/EngineMaterials/Substrate/GLints/dict_16_192_64_0p5_0p02_0055_0003.uasset" 5343
"../../../Engine/Content/EngineMaterials/Substrate/GLints/dict_16_192_64_0p5_0p02_0055_0008.uasset" 5344
"../../../Engine/Content/EngineMaterials/Substrate/GLints/dict_16_192_64_0p5_0p02_0055_0006.uasset" 5345
"../../../Engine/Content/EngineMaterials/Substrate/GLints/dict_16_192_64_0p5_0p02_0055_0004.uasset" 5346
"../../../Engine/Content/EngineMaterials/Substrate/GLints/dict_16_192_64_0p5_0p02_0055_0014.uasset" 5347
"../../../Engine/Content/EngineMaterials/Substrate/GLints/dict_16_192_64_0p5_0p02_0055_0000.uasset" 5348
"../../../Engine/Content/EngineMaterials/Substrate/GLints/dict_16_192_64_0p5_0p02_0054_0015.uasset" 5349
"../../../Engine/Content/EngineMaterials/Substrate/GLints/dict_16_192_64_0p5_0p02_0055_0001.uasset" 5350
"/Engine/EngineMaterials/Substrate/GLints/dict_16_192_64_0p5_0p02_0054_0015" 5351
"../../../Engine/Content/EngineMaterials/Substrate/GLints/dict_16_192_64_0p5_0p02_0054_0014.uasset" 5352
"/Engine/EngineMaterials/Substrate/GLints/dict_16_192_64_0p5_0p02_0055_0000" 5353
"../../../Engine/Content/EngineMaterials/Substrate/GLints/dict_16_192_64_0p5_0p02_0054_0013.uasset" 5354
"/Engine/EngineMaterials/Substrate/GLints/dict_16_192_64_0p5_0p02_0055_0002" 5355
"/Engine/EngineMaterials/Substrate/GLints/dict_16_192_64_0p5_0p02_0055_0003" 5356
"/Engine/EngineMaterials/Substrate/GLints/dict_16_192_64_0p5_0p02_0055_0004" 5357
"../../../Engine/Content/EngineMaterials/Substrate/GLints/dict_16_192_64_0p5_0p02_0054_0008.uasset" 5358
"../../../Engine/Content/EngineMaterials/Substrate/GLints/dict_16_192_64_0p5_0p02_0054_0009.uasset" 5359
"../../../Engine/Content/EngineMaterials/Substrate/GLints/dict_16_192_64_0p5_0p02_0054_0011.uasset" 5360
"/Engine/EngineMaterials/Substrate/GLints/dict_16_192_64_0p5_0p02_0055_0005" 5361
"../../../Engine/Content/EngineMaterials/Substrate/GLints/dict_16_192_64_0p5_0p02_0054_0010.uasset" 5362
"/Engine/EngineMaterials/Substrate/GLints/dict_16_192_64_0p5_0p02_0055_0006" 5363
"/Engine/EngineMaterials/Substrate/GLints/dict_16_192_64_0p5_0p02_0055_0009" 5364
"/Engine/EngineMaterials/Substrate/GLints/dict_16_192_64_0p5_0p02_0055_0010" 5365
"/Engine/EngineMaterials/Substrate/GLints/dict_16_192_64_0p5_0p02_0055_0011" 5366
"/Engine/EngineMaterials/Substrate/GLints/dict_16_192_64_0p5_0p02_0055_0012" 5367
"/Engine/EngineMaterials/Substrate/GLints/dict_16_192_64_0p5_0p02_0055_0013" 5368
"/Engine/EngineMaterials/Substrate/GLints/dict_16_192_64_0p5_0p02_0055_0014" 5369
"/Engine/EngineMaterials/Substrate/GLints/dict_16_192_64_0p5_0p02_0055_0015" 5370
"/Engine/EngineMaterials/Substrate/GLints/dict_16_192_64_0p5_0p02_0055_0007" 5371
"/Engine/EngineMaterials/Substrate/GLints/dict_16_192_64_0p5_0p02_0055_0008" 5372
"../../../Engine/Content/EngineMaterials/Substrate/GLints/dict_16_192_64_0p5_0p02_0054_0007.uasset" 5373
"/Engine/EngineMaterials/Substrate/GLints/dict_16_192_64_0p5_0p02_0054_0013" 5374
"../../../Engine/Content/EngineMaterials/Substrate/GLints/dict_16_192_64_0p5_0p02_0054_0005.uasset" 5375
"/Engine/EngineMaterials/Substrate/GLints/dict_16_192_64_0p5_0p02_0054_0014" 5376
"/Engine/EngineMaterials/Substrate/GLints/dict_16_192_64_0p5_0p02_0055_0001" 5377
"../../../Engine/Content/EngineMaterials/Substrate/GLints/dict_16_192_64_0p5_0p02_0054_0012.uasset" 5378
"/Engine/EngineMaterials/Substrate/GLints/dict_16_192_64_0p5_0p02_0054_0007" 5379
"/Engine/EngineMaterials/Substrate/GLints/dict_16_192_64_0p5_0p02_0054_0008" 5380
"/Engine/EngineMaterials/Substrate/GLints/dict_16_192_64_0p5_0p02_0054_0009" 5381
"/Engine/EngineMaterials/Substrate/GLints/dict_16_192_64_0p5_0p02_0054_0010" 5382
"/Engine/EngineMaterials/Substrate/GLints/dict_16_192_64_0p5_0p02_0054_0011" 5383
"/Engine/EngineMaterials/Substrate/GLints/dict_16_192_64_0p5_0p02_0054_0005" 5384
"/Engine/EngineMaterials/Substrate/GLints/dict_16_192_64_0p5_0p02_0054_0012" 5385
"../../../Engine/Content/EngineMaterials/Substrate/GLints/dict_16_192_64_0p5_0p02_0054_0001.uasset" 5386
"../../../Engine/Content/EngineMaterials/Substrate/GLints/dict_16_192_64_0p5_0p02_0054_0000.uasset" 5387
"../../../Engine/Content/EngineMaterials/Substrate/GLints/dict_16_192_64_0p5_0p02_0054_0003.uasset" 5388
"../../../Engine/Content/EngineMaterials/Substrate/GLints/dict_16_192_64_0p5_0p02_0054_0002.uasset" 5389
"../../../Engine/Content/EngineMaterials/Substrate/GLints/dict_16_192_64_0p5_0p02_0053_0012.uasset" 5390
"../../../Engine/Content/EngineMaterials/Substrate/GLints/dict_16_192_64_0p5_0p02_0053_0011.uasset" 5391
"../../../Engine/Content/EngineMaterials/Substrate/GLints/dict_16_192_64_0p5_0p02_0053_0014.uasset" 5392
"../../../Engine/Content/EngineMaterials/Substrate/GLints/dict_16_192_64_0p5_0p02_0053_0010.uasset" 5393
"../../../Engine/Content/EngineMaterials/Substrate/GLints/dict_16_192_64_0p5_0p02_0053_0013.uasset" 5394
"../../../Engine/Content/EngineMaterials/Substrate/GLints/dict_16_192_64_0p5_0p02_0054_0004.uasset" 5395
"../../../Engine/Content/EngineMaterials/Substrate/GLints/dict_16_192_64_0p5_0p02_0054_0006.uasset" 5396
"../../../Engine/Content/EngineMaterials/Substrate/GLints/dict_16_192_64_0p5_0p02_0053_0009.uasset" 5397
"../../../Engine/Content/EngineMaterials/Substrate/GLints/dict_16_192_64_0p5_0p02_0053_0008.uasset" 5398
"../../../Engine/Content/EngineMaterials/Substrate/GLints/dict_16_192_64_0p5_0p02_0053_0015.uasset" 5399
"../../../Engine/Content/EngineMaterials/Substrate/GLints/dict_16_192_64_0p5_0p02_0053_0005.uasset" 5400
"../../../Engine/Content/EngineMaterials/Substrate/GLints/dict_16_192_64_0p5_0p02_0053_0006.uasset" 5401
"../../../Engine/Content/EngineMaterials/Substrate/GLints/dict_16_192_64_0p5_0p02_0053_0004.uasset" 5402
"../../../Engine/Content/EngineMaterials/Substrate/GLints/dict_16_192_64_0p5_0p02_0053_0007.uasset" 5403
"/Engine/EngineMaterials/Substrate/GLints/dict_16_192_64_0p5_0p02_0054_0000" 5404
"/Engine/EngineMaterials/Substrate/GLints/dict_16_192_64_0p5_0p02_0054_0001" 5405
"../../../Engine/Content/EngineMaterials/Substrate/GLints/dict_16_192_64_0p5_0p02_0052_0015.uasset" 5406
"../../../Engine/Content/EngineMaterials/Substrate/GLints/dict_16_192_64_0p5_0p02_0052_0014.uasset" 5407
"../../../Engine/Content/EngineMaterials/Substrate/GLints/dict_16_192_64_0p5_0p02_0052_0010.uasset" 5408
"../../../Engine/Content/EngineMaterials/Substrate/GLints/dict_16_192_64_0p5_0p02_0053_0002.uasset" 5409
"../../../Engine/Content/EngineMaterials/Substrate/GLints/dict_16_192_64_0p5_0p02_0053_0001.uasset" 5410
"../../../Engine/Content/EngineMaterials/Substrate/GLints/dict_16_192_64_0p5_0p02_0052_0011.uasset" 5411
"/Engine/EngineMaterials/Substrate/GLints/dict_16_192_64_0p5_0p02_0054_0002" 5412
"../../../Engine/Content/EngineMaterials/Substrate/GLints/dict_16_192_64_0p5_0p02_0053_0000.uasset" 5413
"../../../Engine/Content/EngineMaterials/Substrate/GLints/dict_16_192_64_0p5_0p02_0053_0003.uasset" 5414
"/Engine/EngineMaterials/Substrate/GLints/dict_16_192_64_0p5_0p02_0053_0008" 5415
"/Engine/EngineMaterials/Substrate/GLints/dict_16_192_64_0p5_0p02_0053_0009" 5416
"/Engine/EngineMaterials/Substrate/GLints/dict_16_192_64_0p5_0p02_0053_0010" 5417
"/Engine/EngineMaterials/Substrate/GLints/dict_16_192_64_0p5_0p02_0053_0011" 5418
"/Engine/EngineMaterials/Substrate/GLints/dict_16_192_64_0p5_0p02_0053_0012" 5419
"/Engine/EngineMaterials/Substrate/GLints/dict_16_192_64_0p5_0p02_0053_0013" 5420
"/Engine/EngineMaterials/Substrate/GLints/dict_16_192_64_0p5_0p02_0054_0003" 5421
"/Engine/EngineMaterials/Substrate/GLints/dict_16_192_64_0p5_0p02_0054_0004" 5422
"/Engine/EngineMaterials/Substrate/GLints/dict_16_192_64_0p5_0p02_0053_0014" 5423
"/Engine/EngineMaterials/Substrate/GLints/dict_16_192_64_0p5_0p02_0053_0015" 5424
"/Engine/EngineMaterials/Substrate/GLints/dict_16_192_64_0p5_0p02_0054_0006" 5425
"/Engine/EngineMaterials/Substrate/GLints/dict_16_192_64_0p5_0p02_0053_0000" 5426
"/Engine/EngineMaterials/Substrate/GLints/dict_16_192_64_0p5_0p02_0053_0001" 5427
"../../../Engine/Content/EngineMaterials/Substrate/GLints/dict_16_192_64_0p5_0p02_0052_0012.uasset" 5428
"/Engine/EngineMaterials/Substrate/GLints/dict_16_192_64_0p5_0p02_0052_0010" 5429
"/Engine/EngineMaterials/Substrate/GLints/dict_16_192_64_0p5_0p02_0053_0002" 5430
"/Engine/EngineMaterials/Substrate/GLints/dict_16_192_64_0p5_0p02_0053_0003" 5431
"../../../Engine/Content/EngineMaterials/Substrate/GLints/dict_16_192_64_0p5_0p02_0052_0009.uasset" 5432
"../../../Engine/Content/EngineMaterials/Substrate/GLints/dict_16_192_64_0p5_0p02_0052_0013.uasset" 5433
"/Engine/EngineMaterials/Substrate/GLints/dict_16_192_64_0p5_0p02_0053_0004" 5434
"/Engine/EngineMaterials/Substrate/GLints/dict_16_192_64_0p5_0p02_0053_0005" 5435
"/Engine/EngineMaterials/Substrate/GLints/dict_16_192_64_0p5_0p02_0053_0006" 5436
"/Engine/EngineMaterials/Substrate/GLints/dict_16_192_64_0p5_0p02_0053_0007" 5437
"/Engine/EngineMaterials/Substrate/GLints/dict_16_192_64_0p5_0p02_0052_0011" 5438
"/Engine/EngineMaterials/Substrate/GLints/dict_16_192_64_0p5_0p02_0052_0014" 5439
"/Engine/EngineMaterials/Substrate/GLints/dict_16_192_64_0p5_0p02_0052_0015" 5440
"/Engine/EngineMaterials/Substrate/GLints/dict_16_192_64_0p5_0p02_0052_0009" 5441
"/Engine/EngineMaterials/Substrate/GLints/dict_16_192_64_0p5_0p02_0052_0012" 5442
"/Engine/EngineMaterials/Substrate/GLints/dict_16_192_64_0p5_0p02_0052_0013" 5443
"../../../Engine/Content/EngineMaterials/Substrate/GLints/dict_16_192_64_0p5_0p02_0052_0006.uasset" 5444
"../../../Engine/Content/EngineMaterials/Substrate/GLints/dict_16_192_64_0p5_0p02_0052_0008.uasset" 5445
"../../../Engine/Content/EngineMaterials/Substrate/GLints/dict_16_192_64_0p5_0p02_0052_0007.uasset" 5446
"../../../Engine/Content/EngineMaterials/Substrate/GLints/dict_16_192_64_0p5_0p02_0052_0001.uasset" 5447
"../../../Engine/Content/EngineMaterials/Substrate/GLints/dict_16_192_64_0p5_0p02_0051_0011.uasset" 5448
"../../../Engine/Content/EngineMaterials/Substrate/GLints/dict_16_192_64_0p5_0p02_0052_0004.uasset" 5449
"../../../Engine/Content/EngineMaterials/Substrate/GLints/dict_16_192_64_0p5_0p02_0051_0014.uasset" 5450
"../../../Engine/Content/EngineMaterials/Substrate/GLints/dict_16_192_64_0p5_0p02_0051_0015.uasset" 5451
"../../../Engine/Content/EngineMaterials/Substrate/GLints/dict_16_192_64_0p5_0p02_0051_0013.uasset" 5452
"../../../Engine/Content/EngineMaterials/Substrate/GLints/dict_16_192_64_0p5_0p02_0052_0005.uasset" 5453
"../../../Engine/Content/EngineMaterials/Substrate/GLints/dict_16_192_64_0p5_0p02_0052_0002.uasset" 5454
"../../../Engine/Content/EngineMaterials/Substrate/GLints/dict_16_192_64_0p5_0p02_0052_0003.uasset" 5455
"../../../Engine/Content/EngineMaterials/Substrate/GLints/dict_16_192_64_0p5_0p02_0051_0012.uasset" 5456
"../../../Engine/Content/EngineMaterials/Substrate/GLints/dict_16_192_64_0p5_0p02_0051_0008.uasset" 5457
"../../../Engine/Content/EngineMaterials/Substrate/GLints/dict_16_192_64_0p5_0p02_0051_0010.uasset" 5458
"../../../Engine/Content/EngineMaterials/Substrate/GLints/dict_16_192_64_0p5_0p02_0051_0005.uasset" 5459
"../../../Engine/Content/EngineMaterials/Substrate/GLints/dict_16_192_64_0p5_0p02_0051_0004.uasset" 5460
"../../../Engine/Content/EngineMaterials/Substrate/GLints/dict_16_192_64_0p5_0p02_0051_0009.uasset" 5461
"../../../Engine/Content/EngineMaterials/Substrate/GLints/dict_16_192_64_0p5_0p02_0051_0007.uasset" 5462
"../../../Engine/Content/EngineMaterials/Substrate/GLints/dict_16_192_64_0p5_0p02_0052_0000.uasset" 5463
"../../../Engine/Content/EngineMaterials/Substrate/GLints/dict_16_192_64_0p5_0p02_0051_0000.uasset" 5464
"../../../Engine/Content/EngineMaterials/Substrate/GLints/dict_16_192_64_0p5_0p02_0051_0003.uasset" 5465
"../../../Engine/Content/EngineMaterials/Substrate/GLints/dict_16_192_64_0p5_0p02_0051_0001.uasset" 5466
"../../../Engine/Content/EngineMaterials/Substrate/GLints/dict_16_192_64_0p5_0p02_0050_0014.uasset" 5467
"../../../Engine/Content/EngineMaterials/Substrate/GLints/dict_16_192_64_0p5_0p02_0050_0015.uasset" 5468
"../../../Engine/Content/EngineMaterials/Substrate/GLints/dict_16_192_64_0p5_0p02_0051_0006.uasset" 5469
"../../../Engine/Content/EngineMaterials/Substrate/GLints/dict_16_192_64_0p5_0p02_0050_0011.uasset" 5470
"../../../Engine/Content/EngineMaterials/Substrate/GLints/dict_16_192_64_0p5_0p02_0051_0002.uasset" 5471
"../../../Engine/Content/EngineMaterials/Substrate/GLints/dict_16_192_64_0p5_0p02_0050_0010.uasset" 5472
"../../../Engine/Content/EngineMaterials/Substrate/GLints/dict_16_192_64_0p5_0p02_0050_0012.uasset" 5473
"../../../Engine/Content/EngineMaterials/Substrate/GLints/dict_16_192_64_0p5_0p02_0050_0013.uasset" 5474
"/Engine/EngineMaterials/Substrate/GLints/dict_16_192_64_0p5_0p02_0051_0008" 5475
"../../../Engine/Content/EngineMaterials/Substrate/GLints/dict_16_192_64_0p5_0p02_0050_0009.uasset" 5476
"/Engine/EngineMaterials/Substrate/GLints/dict_16_192_64_0p5_0p02_0051_0009" 5477
"/Engine/EngineMaterials/Substrate/GLints/dict_16_192_64_0p5_0p02_0052_0008" 5478
"/Engine/EngineMaterials/Substrate/GLints/dict_16_192_64_0p5_0p02_0050_0012" 5479
"/Engine/EngineMaterials/Substrate/GLints/dict_16_192_64_0p5_0p02_0050_0013" 5480
"/Engine/EngineMaterials/Substrate/GLints/dict_16_192_64_0p5_0p02_0050_0014" 5481
"/Engine/EngineMaterials/Substrate/GLints/dict_16_192_64_0p5_0p02_0050_0015" 5482
"/Engine/EngineMaterials/Substrate/GLints/dict_16_192_64_0p5_0p02_0051_0000" 5483
"/Engine/EngineMaterials/Substrate/GLints/dict_16_192_64_0p5_0p02_0051_0001" 5484
"/Engine/EngineMaterials/Substrate/GLints/dict_16_192_64_0p5_0p02_0051_0002" 5485
"/Engine/EngineMaterials/Substrate/GLints/dict_16_192_64_0p5_0p02_0051_0003" 5486
"/Engine/EngineMaterials/Substrate/GLints/dict_16_192_64_0p5_0p02_0051_0010" 5487
"/Engine/EngineMaterials/Substrate/GLints/dict_16_192_64_0p5_0p02_0051_0004" 5488
"/Engine/EngineMaterials/Substrate/GLints/dict_16_192_64_0p5_0p02_0051_0011" 5489
"/Engine/EngineMaterials/Substrate/GLints/dict_16_192_64_0p5_0p02_0051_0012" 5490
"/Engine/EngineMaterials/Substrate/GLints/dict_16_192_64_0p5_0p02_0051_0013" 5491
"/Engine/EngineMaterials/Substrate/GLints/dict_16_192_64_0p5_0p02_0051_0014" 5492
"/Engine/EngineMaterials/Substrate/GLints/dict_16_192_64_0p5_0p02_0051_0015" 5493
"/Engine/EngineMaterials/Substrate/GLints/dict_16_192_64_0p5_0p02_0052_0000" 5494
"/Engine/EngineMaterials/Substrate/GLints/dict_16_192_64_0p5_0p02_0052_0001" 5495
"/Engine/EngineMaterials/Substrate/GLints/dict_16_192_64_0p5_0p02_0052_0002" 5496
"/Engine/EngineMaterials/Substrate/GLints/dict_16_192_64_0p5_0p02_0052_0003" 5497
"/Engine/EngineMaterials/Substrate/GLints/dict_16_192_64_0p5_0p02_0052_0004" 5498
"/Engine/EngineMaterials/Substrate/GLints/dict_16_192_64_0p5_0p02_0052_0006" 5499
"/Engine/EngineMaterials/Substrate/GLints/dict_16_192_64_0p5_0p02_0052_0005" 5500
"/Engine/EngineMaterials/Substrate/GLints/dict_16_192_64_0p5_0p02_0051_0005" 5501
"/Engine/EngineMaterials/Substrate/GLints/dict_16_192_64_0p5_0p02_0050_0010" 5502
"/Engine/EngineMaterials/Substrate/GLints/dict_16_192_64_0p5_0p02_0050_0011" 5503
"/Engine/EngineMaterials/Substrate/GLints/dict_16_192_64_0p5_0p02_0051_0006" 5504
"/Engine/EngineMaterials/Substrate/GLints/dict_16_192_64_0p5_0p02_0051_0007" 5505
"/Engine/EngineMaterials/Substrate/GLints/dict_16_192_64_0p5_0p02_0052_0007" 5506
"/Engine/EngineMaterials/Substrate/GLints/dict_16_192_64_0p5_0p02_0050_0009" 5507
"../../../Engine/Content/EngineMaterials/Substrate/GLints/dict_16_192_64_0p5_0p02_0050_0005.uasset" 5508
"../../../Engine/Content/EngineMaterials/Substrate/GLints/dict_16_192_64_0p5_0p02_0050_0008.uasset" 5509
"../../../Engine/Content/EngineMaterials/Substrate/GLints/dict_16_192_64_0p5_0p02_0050_0007.uasset" 5510
"../../../Engine/Content/EngineMaterials/Substrate/GLints/dict_16_192_64_0p5_0p02_0050_0003.uasset" 5511
"../../../Engine/Content/EngineMaterials/Substrate/GLints/dict_16_192_64_0p5_0p02_0050_0004.uasset" 5512
"/Engine/EngineMaterials/Substrate/GLints/dict_16_192_64_0p5_0p02_0050_0003" 5513
"/Engine/EngineMaterials/Substrate/GLints/dict_16_192_64_0p5_0p02_0050_0004" 5514
"/Engine/EngineMaterials/Substrate/GLints/dict_16_192_64_0p5_0p02_0050_0005" 5515
"/Engine/EngineMaterials/Substrate/GLints/dict_16_192_64_0p5_0p02_0050_0007" 5516
"../../../Engine/Content/EngineMaterials/Substrate/GLints/dict_16_192_64_0p5_0p02_0050_0001.uasset" 5517
"/Engine/EngineMaterials/Substrate/GLints/dict_16_192_64_0p5_0p02_0050_0008" 5518
"/Engine/EngineMaterials/Substrate/GLints/dict_16_192_64_0p5_0p02_0050_0001" 5519
"../../../Engine/Content/EngineMaterials/Substrate/GLints/dict_16_192_64_0p5_0p02_0050_0006.uasset" 5520
"../../../Engine/Content/EngineMaterials/Substrate/GLints/dict_16_192_64_0p5_0p02_0049_0014.uasset" 5521
"../../../Engine/Content/EngineMaterials/Substrate/GLints/dict_16_192_64_0p5_0p02_0049_0013.uasset" 5522
"../../../Engine/Content/EngineMaterials/Substrate/GLints/dict_16_192_64_0p5_0p02_0049_0012.uasset" 5523
"../../../Engine/Content/EngineMaterials/Substrate/GLints/dict_16_192_64_0p5_0p02_0049_0015.uasset" 5524
"../../../Engine/Content/EngineMaterials/Substrate/GLints/dict_16_192_64_0p5_0p02_0050_0002.uasset" 5525
"../../../Engine/Content/EngineMaterials/Substrate/GLints/dict_16_192_64_0p5_0p02_0049_0010.uasset" 5526
"../../../Engine/Content/EngineMaterials/Substrate/GLints/dict_16_192_64_0p5_0p02_0049_0011.uasset" 5527
"../../../Engine/Content/EngineMaterials/Substrate/GLints/dict_16_192_64_0p5_0p02_0049_0008.uasset" 5528
"../../../Engine/Content/EngineMaterials/Substrate/GLints/dict_16_192_64_0p5_0p02_0049_0007.uasset" 5529
"../../../Engine/Content/EngineMaterials/Substrate/GLints/dict_16_192_64_0p5_0p02_0049_0005.uasset" 5530
"../../../Engine/Content/EngineMaterials/Substrate/GLints/dict_16_192_64_0p5_0p02_0049_0009.uasset" 5531
"../../../Engine/Content/EngineMaterials/Substrate/GLints/dict_16_192_64_0p5_0p02_0049_0000.uasset" 5532
"../../../Engine/Content/EngineMaterials/Substrate/GLints/dict_16_192_64_0p5_0p02_0049_0006.uasset" 5533
"../../../Engine/Content/EngineMaterials/Substrate/GLints/dict_16_192_64_0p5_0p02_0048_0015.uasset" 5534
"../../../Engine/Content/EngineMaterials/Substrate/GLints/dict_16_192_64_0p5_0p02_0049_0001.uasset" 5535
"../../../Engine/Content/EngineMaterials/Substrate/GLints/dict_16_192_64_0p5_0p02_0049_0002.uasset" 5536
"../../../Engine/Content/EngineMaterials/Substrate/GLints/dict_16_192_64_0p5_0p02_0048_0014.uasset" 5537
"../../../Engine/Content/EngineMaterials/Substrate/GLints/dict_16_192_64_0p5_0p02_0049_0003.uasset" 5538
"../../../Engine/Content/EngineMaterials/Substrate/GLints/dict_16_192_64_0p5_0p02_0048_0012.uasset" 5539
"../../../Engine/Content/EngineMaterials/Substrate/GLints/dict_16_192_64_0p5_0p02_0049_0004.uasset" 5540
"../../../Engine/Content/EngineMaterials/Substrate/GLints/dict_16_192_64_0p5_0p02_0048_0007.uasset" 5541
"../../../Engine/Content/EngineMaterials/Substrate/GLints/dict_16_192_64_0p5_0p02_0048_0011.uasset" 5542
"../../../Engine/Content/EngineMaterials/Substrate/GLints/dict_16_192_64_0p5_0p02_0048_0013.uasset" 5543
"../../../Engine/Content/EngineMaterials/Substrate/GLints/dict_16_192_64_0p5_0p02_0048_0009.uasset" 5544
"../../../Engine/Content/EngineMaterials/Substrate/GLints/dict_16_192_64_0p5_0p02_0050_0000.uasset" 5545
"../../../Engine/Content/EngineMaterials/Substrate/GLints/dict_16_192_64_0p5_0p02_0048_0008.uasset" 5546
"../../../Engine/Content/EngineMaterials/Substrate/GLints/dict_16_192_64_0p5_0p02_0048_0003.uasset" 5547
"../../../Engine/Content/EngineMaterials/Substrate/GLints/dict_16_192_64_0p5_0p02_0048_0010.uasset" 5548
"../../../Engine/Content/EngineMaterials/Substrate/GLints/dict_16_192_64_0p5_0p02_0048_0004.uasset" 5549
"../../../Engine/Content/EngineMaterials/Substrate/GLints/dict_16_192_64_0p5_0p02_0048_0005.uasset" 5550
"/Engine/EngineMaterials/Substrate/GLints/dict_16_192_64_0p5_0p02_0048_0010" 5551
"/Engine/EngineMaterials/Substrate/GLints/dict_16_192_64_0p5_0p02_0048_0011" 5552
"/Engine/EngineMaterials/Substrate/GLints/dict_16_192_64_0p5_0p02_0048_0012" 5553
"/Engine/EngineMaterials/Substrate/GLints/dict_16_192_64_0p5_0p02_0048_0009" 5554
"/Engine/EngineMaterials/Substrate/GLints/dict_16_192_64_0p5_0p02_0048_0013" 5555
"/Engine/EngineMaterials/Substrate/GLints/dict_16_192_64_0p5_0p02_0048_0014" 5556
"/Engine/EngineMaterials/Substrate/GLints/dict_16_192_64_0p5_0p02_0048_0015" 5557
"/Engine/EngineMaterials/Substrate/GLints/dict_16_192_64_0p5_0p02_0049_0000" 5558
"/Engine/EngineMaterials/Substrate/GLints/dict_16_192_64_0p5_0p02_0049_0001" 5559
"/Engine/EngineMaterials/Substrate/GLints/dict_16_192_64_0p5_0p02_0049_0002" 5560
"/Engine/EngineMaterials/Substrate/GLints/dict_16_192_64_0p5_0p02_0049_0003" 5561
"/Engine/EngineMaterials/Substrate/GLints/dict_16_192_64_0p5_0p02_0049_0004" 5562
"/Engine/EngineMaterials/Substrate/GLints/dict_16_192_64_0p5_0p02_0049_0005" 5563
"/Engine/EngineMaterials/Substrate/GLints/dict_16_192_64_0p5_0p02_0049_0006" 5564
"/Engine/EngineMaterials/Substrate/GLints/dict_16_192_64_0p5_0p02_0049_0007" 5565
"/Engine/EngineMaterials/Substrate/GLints/dict_16_192_64_0p5_0p02_0049_0008" 5566
"/Engine/EngineMaterials/Substrate/GLints/dict_16_192_64_0p5_0p02_0049_0009" 5567
"/Engine/EngineMaterials/Substrate/GLints/dict_16_192_64_0p5_0p02_0049_0010" 5568
"/Engine/EngineMaterials/Substrate/GLints/dict_16_192_64_0p5_0p02_0049_0011" 5569
"/Engine/EngineMaterials/Substrate/GLints/dict_16_192_64_0p5_0p02_0049_0012" 5570
"/Engine/EngineMaterials/Substrate/GLints/dict_16_192_64_0p5_0p02_0049_0013" 5571
"/Engine/EngineMaterials/Substrate/GLints/dict_16_192_64_0p5_0p02_0049_0014" 5572
"/Engine/EngineMaterials/Substrate/GLints/dict_16_192_64_0p5_0p02_0049_0015" 5573
"/Engine/EngineMaterials/Substrate/GLints/dict_16_192_64_0p5_0p02_0050_0000" 5574
"/Engine/EngineMaterials/Substrate/GLints/dict_16_192_64_0p5_0p02_0048_0003" 5575
"/Engine/EngineMaterials/Substrate/GLints/dict_16_192_64_0p5_0p02_0050_0002" 5576
"/Engine/EngineMaterials/Substrate/GLints/dict_16_192_64_0p5_0p02_0048_0004" 5577
"/Engine/EngineMaterials/Substrate/GLints/dict_16_192_64_0p5_0p02_0048_0005" 5578
"/Engine/EngineMaterials/Substrate/GLints/dict_16_192_64_0p5_0p02_0050_0006" 5579
"/Engine/EngineMaterials/Substrate/GLints/dict_16_192_64_0p5_0p02_0048_0007" 5580
"/Engine/EngineMaterials/Substrate/GLints/dict_16_192_64_0p5_0p02_0048_0008" 5581
"../../../Engine/Content/EngineMaterials/Substrate/GLints/dict_16_192_64_0p5_0p02_0048_0006.uasset" 5582
"/Engine/EngineMaterials/Substrate/GLints/dict_16_192_64_0p5_0p02_0048_0006" 5583
"../../../Engine/Content/EngineMaterials/Substrate/GLints/dict_16_192_64_0p5_0p02_0048_0001.uasset" 5584
"../../../Engine/Content/EngineMaterials/Substrate/GLints/dict_16_192_64_0p5_0p02_0048_0002.uasset" 5585
"../../../Engine/Content/EngineMaterials/Substrate/GLints/dict_16_192_64_0p5_0p02_0047_0014.uasset" 5586
"../../../Engine/Content/EngineMaterials/Substrate/GLints/dict_16_192_64_0p5_0p02_0048_0000.uasset" 5587
"../../../Engine/Content/EngineMaterials/Substrate/GLints/dict_16_192_64_0p5_0p02_0047_0012.uasset" 5588
"../../../Engine/Content/EngineMaterials/Substrate/GLints/dict_16_192_64_0p5_0p02_0047_0013.uasset" 5589
"../../../Engine/Content/EngineMaterials/Substrate/GLints/dict_16_192_64_0p5_0p02_0047_0008.uasset" 5590
"../../../Engine/Content/EngineMaterials/Substrate/GLints/dict_16_192_64_0p5_0p02_0047_0009.uasset" 5591
"../../../Engine/Content/EngineMaterials/Substrate/GLints/dict_16_192_64_0p5_0p02_0047_0011.uasset" 5592
"../../../Engine/Content/EngineMaterials/Substrate/GLints/dict_16_192_64_0p5_0p02_0047_0015.uasset" 5593
"/Engine/EngineMaterials/Substrate/GLints/dict_16_192_64_0p5_0p02_0047_0008" 5594
"../../../Engine/Content/EngineMaterials/Substrate/GLints/dict_16_192_64_0p5_0p02_0047_0010.uasset" 5595
"/Engine/EngineMaterials/Substrate/GLints/dict_16_192_64_0p5_0p02_0047_0009" 5596
"/Engine/EngineMaterials/Substrate/GLints/dict_16_192_64_0p5_0p02_0047_0011" 5597
"/Engine/EngineMaterials/Substrate/GLints/dict_16_192_64_0p5_0p02_0047_0012" 5598
"/Engine/EngineMaterials/Substrate/GLints/dict_16_192_64_0p5_0p02_0047_0013" 5599
"/Engine/EngineMaterials/Substrate/GLints/dict_16_192_64_0p5_0p02_0047_0014" 5600
"/Engine/EngineMaterials/Substrate/GLints/dict_16_192_64_0p5_0p02_0048_0000" 5601
"/Engine/EngineMaterials/Substrate/GLints/dict_16_192_64_0p5_0p02_0048_0001" 5602
"/Engine/EngineMaterials/Substrate/GLints/dict_16_192_64_0p5_0p02_0048_0002" 5603
"/Engine/EngineMaterials/Substrate/GLints/dict_16_192_64_0p5_0p02_0047_0010" 5604
"../../../Engine/Content/EngineMaterials/Substrate/GLints/dict_16_192_64_0p5_0p02_0047_0004.uasset" 5605
"/Engine/EngineMaterials/Substrate/GLints/dict_16_192_64_0p5_0p02_0047_0015" 5606
"../../../Engine/Content/EngineMaterials/Substrate/GLints/dict_16_192_64_0p5_0p02_0047_0005.uasset" 5607
"../../../Engine/Content/EngineMaterials/Substrate/GLints/dict_16_192_64_0p5_0p02_0047_0006.uasset" 5608
"/Engine/EngineMaterials/Substrate/GLints/dict_16_192_64_0p5_0p02_0047_0004" 5609
"/Engine/EngineMaterials/Substrate/GLints/dict_16_192_64_0p5_0p02_0047_0005" 5610
"/Engine/EngineMaterials/Substrate/GLints/dict_16_192_64_0p5_0p02_0047_0006" 5611
"../../../Engine/Content/EngineMaterials/Substrate/GLints/dict_16_192_64_0p5_0p02_0047_0003.uasset" 5612
"../../../Engine/Content/EngineMaterials/Substrate/GLints/dict_16_192_64_0p5_0p02_0046_0013.uasset" 5613
"../../../Engine/Content/EngineMaterials/Substrate/GLints/dict_16_192_64_0p5_0p02_0047_0001.uasset" 5614
"../../../Engine/Content/EngineMaterials/Substrate/GLints/dict_16_192_64_0p5_0p02_0046_0014.uasset" 5615
"../../../Engine/Content/EngineMaterials/Substrate/GLints/dict_16_192_64_0p5_0p02_0046_0015.uasset" 5616
"../../../Engine/Content/EngineMaterials/Substrate/GLints/dict_16_192_64_0p5_0p02_0047_0000.uasset" 5617
"../../../Engine/Content/EngineMaterials/Substrate/GLints/dict_16_192_64_0p5_0p02_0047_0002.uasset" 5618
"../../../Engine/Content/EngineMaterials/Substrate/GLints/dict_16_192_64_0p5_0p02_0046_0010.uasset" 5619
"../../../Engine/Content/EngineMaterials/Substrate/GLints/dict_16_192_64_0p5_0p02_0046_0012.uasset" 5620
"../../../Engine/Content/EngineMaterials/Substrate/GLints/dict_16_192_64_0p5_0p02_0047_0007.uasset" 5621
"../../../Engine/Content/EngineMaterials/Substrate/GLints/dict_16_192_64_0p5_0p02_0046_0011.uasset" 5622
"../../../Engine/Content/EngineMaterials/Substrate/GLints/dict_16_192_64_0p5_0p02_0046_0007.uasset" 5623
"../../../Engine/Content/EngineMaterials/Substrate/GLints/dict_16_192_64_0p5_0p02_0046_0009.uasset" 5624
"../../../Engine/Content/EngineMaterials/Substrate/GLints/dict_16_192_64_0p5_0p02_0046_0008.uasset" 5625
"../../../Engine/Content/EngineMaterials/Substrate/GLints/dict_16_192_64_0p5_0p02_0046_0005.uasset" 5626
"/Engine/EngineMaterials/Substrate/GLints/dict_16_192_64_0p5_0p02_0046_0005" 5627
"../../../Engine/Content/EngineMaterials/Substrate/GLints/dict_16_192_64_0p5_0p02_0046_0004.uasset" 5628
"/Engine/EngineMaterials/Substrate/GLints/dict_16_192_64_0p5_0p02_0046_0007" 5629
"/Engine/EngineMaterials/Substrate/GLints/dict_16_192_64_0p5_0p02_0046_0008" 5630
"../../../Engine/Content/EngineMaterials/Substrate/GLints/dict_16_192_64_0p5_0p02_0046_0002.uasset" 5631
"/Engine/EngineMaterials/Substrate/GLints/dict_16_192_64_0p5_0p02_0046_0009" 5632
"/Engine/EngineMaterials/Substrate/GLints/dict_16_192_64_0p5_0p02_0046_0010" 5633
"/Engine/EngineMaterials/Substrate/GLints/dict_16_192_64_0p5_0p02_0046_0011" 5634
"/Engine/EngineMaterials/Substrate/GLints/dict_16_192_64_0p5_0p02_0046_0012" 5635
"/Engine/EngineMaterials/Substrate/GLints/dict_16_192_64_0p5_0p02_0046_0013" 5636
"/Engine/EngineMaterials/Substrate/GLints/dict_16_192_64_0p5_0p02_0046_0014" 5637
"/Engine/EngineMaterials/Substrate/GLints/dict_16_192_64_0p5_0p02_0046_0015" 5638
"../../../Engine/Content/EngineMaterials/Substrate/GLints/dict_16_192_64_0p5_0p02_0046_0000.uasset" 5639
"/Engine/EngineMaterials/Substrate/GLints/dict_16_192_64_0p5_0p02_0047_0000" 5640
"/Engine/EngineMaterials/Substrate/GLints/dict_16_192_64_0p5_0p02_0047_0001" 5641
"/Engine/EngineMaterials/Substrate/GLints/dict_16_192_64_0p5_0p02_0047_0002" 5642
"/Engine/EngineMaterials/Substrate/GLints/dict_16_192_64_0p5_0p02_0047_0003" 5643
"/Engine/EngineMaterials/Substrate/GLints/dict_16_192_64_0p5_0p02_0047_0007" 5644
"/Engine/EngineMaterials/Substrate/GLints/dict_16_192_64_0p5_0p02_0046_0004" 5645
"../../../Engine/Content/EngineMaterials/Substrate/GLints/dict_16_192_64_0p5_0p02_0045_0015.uasset" 5646
"../../../Engine/Content/EngineMaterials/Substrate/GLints/dict_16_192_64_0p5_0p02_0045_0011.uasset" 5647
"../../../Engine/Content/EngineMaterials/Substrate/GLints/dict_16_192_64_0p5_0p02_0046_0001.uasset" 5648
"/Engine/EngineMaterials/Substrate/GLints/dict_16_192_64_0p5_0p02_0046_0000" 5649
"/Engine/EngineMaterials/Substrate/GLints/dict_16_192_64_0p5_0p02_0046_0002" 5650
"../../../Engine/Content/EngineMaterials/Substrate/GLints/dict_16_192_64_0p5_0p02_0045_0014.uasset" 5651
"/Engine/EngineMaterials/Substrate/GLints/dict_16_192_64_0p5_0p02_0045_0011" 5652
"../../../Engine/Content/EngineMaterials/Substrate/GLints/dict_16_192_64_0p5_0p02_0046_0003.uasset" 5653
"/Engine/EngineMaterials/Substrate/GLints/dict_16_192_64_0p5_0p02_0045_0015" 5654
"/Engine/EngineMaterials/Substrate/GLints/dict_16_192_64_0p5_0p02_0046_0001" 5655
"/Engine/EngineMaterials/Substrate/GLints/dict_16_192_64_0p5_0p02_0045_0014" 5656
"/Engine/EngineMaterials/Substrate/GLints/dict_16_192_64_0p5_0p02_0046_0003" 5657
"../../../Engine/Content/EngineMaterials/Substrate/GLints/dict_16_192_64_0p5_0p02_0045_0012.uasset" 5658
"../../../Engine/Content/EngineMaterials/Substrate/GLints/dict_16_192_64_0p5_0p02_0045_0009.uasset" 5659
"../../../Engine/Content/EngineMaterials/Substrate/GLints/dict_16_192_64_0p5_0p02_0045_0010.uasset" 5660
"../../../Engine/Content/EngineMaterials/Substrate/GLints/dict_16_192_64_0p5_0p02_0045_0013.uasset" 5661
"../../../Engine/Content/EngineMaterials/Substrate/GLints/dict_16_192_64_0p5_0p02_0045_0007.uasset" 5662
"../../../Engine/Content/EngineMaterials/Substrate/GLints/dict_16_192_64_0p5_0p02_0045_0005.uasset" 5663
"../../../Engine/Content/EngineMaterials/Substrate/GLints/dict_16_192_64_0p5_0p02_0045_0006.uasset" 5664
"/Engine/EngineMaterials/Substrate/GLints/dict_16_192_64_0p5_0p02_0045_0006" 5665
"/Engine/EngineMaterials/Substrate/GLints/dict_16_192_64_0p5_0p02_0045_0007" 5666
"/Engine/EngineMaterials/Substrate/GLints/dict_16_192_64_0p5_0p02_0045_0005" 5667
"../../../Engine/Content/EngineMaterials/Substrate/GLints/dict_16_192_64_0p5_0p02_0046_0006.uasset" 5668
"/Engine/EngineMaterials/Substrate/GLints/dict_16_192_64_0p5_0p02_0045_0010" 5669
"/Engine/EngineMaterials/Substrate/GLints/dict_16_192_64_0p5_0p02_0045_0012" 5670
"/Engine/EngineMaterials/Substrate/GLints/dict_16_192_64_0p5_0p02_0045_0013" 5671
"/Engine/EngineMaterials/Substrate/GLints/dict_16_192_64_0p5_0p02_0045_0009" 5672
"../../../Engine/Content/EngineMaterials/Substrate/GLints/dict_16_192_64_0p5_0p02_0045_0003.uasset" 5673
"../../../Engine/Content/EngineMaterials/Substrate/GLints/dict_16_192_64_0p5_0p02_0045_0002.uasset" 5674
"/Engine/EngineMaterials/Substrate/GLints/dict_16_192_64_0p5_0p02_0046_0006" 5675
"../../../Engine/Content/EngineMaterials/Substrate/GLints/dict_16_192_64_0p5_0p02_0045_0004.uasset" 5676
"../../../Engine/Content/EngineMaterials/Substrate/GLints/dict_16_192_64_0p5_0p02_0045_0008.uasset" 5677
"/Engine/EngineMaterials/Substrate/GLints/dict_16_192_64_0p5_0p02_0045_0002" 5678
"/Engine/EngineMaterials/Substrate/GLints/dict_16_192_64_0p5_0p02_0045_0003" 5679
"../../../Engine/Content/EngineMaterials/Substrate/GLints/dict_16_192_64_0p5_0p02_0045_0001.uasset" 5680
"../../../Engine/Content/EngineMaterials/Substrate/GLints/dict_16_192_64_0p5_0p02_0045_0000.uasset" 5681
"../../../Engine/Content/EngineMaterials/Substrate/GLints/dict_16_192_64_0p5_0p02_0044_0014.uasset" 5682
"../../../Engine/Content/EngineMaterials/Substrate/GLints/dict_16_192_64_0p5_0p02_0044_0015.uasset" 5683
"/Engine/EngineMaterials/Substrate/GLints/dict_16_192_64_0p5_0p02_0044_0014" 5684
"/Engine/EngineMaterials/Substrate/GLints/dict_16_192_64_0p5_0p02_0044_0015" 5685
"/Engine/EngineMaterials/Substrate/GLints/dict_16_192_64_0p5_0p02_0045_0000" 5686
"/Engine/EngineMaterials/Substrate/GLints/dict_16_192_64_0p5_0p02_0045_0001" 5687
"/Engine/EngineMaterials/Substrate/GLints/dict_16_192_64_0p5_0p02_0045_0004" 5688
"../../../Engine/Content/EngineMaterials/Substrate/GLints/dict_16_192_64_0p5_0p02_0044_0010.uasset" 5689
"../../../Engine/Content/EngineMaterials/Substrate/GLints/dict_16_192_64_0p5_0p02_0044_0011.uasset" 5690
"/Engine/EngineMaterials/Substrate/GLints/dict_16_192_64_0p5_0p02_0045_0008" 5691
"/Engine/EngineMaterials/Substrate/GLints/dict_16_192_64_0p5_0p02_0044_0010" 5692
"/Engine/EngineMaterials/Substrate/GLints/dict_16_192_64_0p5_0p02_0044_0011" 5693
"../../../Engine/Content/EngineMaterials/Substrate/GLints/dict_16_192_64_0p5_0p02_0044_0005.uasset" 5694
"../../../Engine/Content/EngineMaterials/Substrate/GLints/dict_16_192_64_0p5_0p02_0044_0008.uasset" 5695
"../../../Engine/Content/EngineMaterials/Substrate/GLints/dict_16_192_64_0p5_0p02_0044_0009.uasset" 5696
"../../../Engine/Content/EngineMaterials/Substrate/GLints/dict_16_192_64_0p5_0p02_0044_0013.uasset" 5697
"../../../Engine/Content/EngineMaterials/Substrate/GLints/dict_16_192_64_0p5_0p02_0044_0012.uasset" 5698
"../../../Engine/Content/EngineMaterials/Substrate/GLints/dict_16_192_64_0p5_0p02_0044_0004.uasset" 5699
"../../../Engine/Content/EngineMaterials/Substrate/GLints/dict_16_192_64_0p5_0p02_0044_0001.uasset" 5700
"../../../Engine/Content/EngineMaterials/Substrate/GLints/dict_16_192_64_0p5_0p02_0043_0014.uasset" 5701
"../../../Engine/Content/EngineMaterials/Substrate/GLints/dict_16_192_64_0p5_0p02_0044_0006.uasset" 5702
"../../../Engine/Content/EngineMaterials/Substrate/GLints/dict_16_192_64_0p5_0p02_0044_0007.uasset" 5703
"../../../Engine/Content/EngineMaterials/Substrate/GLints/dict_16_192_64_0p5_0p02_0044_0000.uasset" 5704
"../../../Engine/Content/EngineMaterials/Substrate/GLints/dict_16_192_64_0p5_0p02_0044_0002.uasset" 5705
"/Engine/EngineMaterials/Substrate/GLints/dict_16_192_64_0p5_0p02_0044_0006" 5706
"/Engine/EngineMaterials/Substrate/GLints/dict_16_192_64_0p5_0p02_0044_0007" 5707
"/Engine/EngineMaterials/Substrate/GLints/dict_16_192_64_0p5_0p02_0044_0008" 5708
"/Engine/EngineMaterials/Substrate/GLints/dict_16_192_64_0p5_0p02_0044_0009" 5709
"../../../Engine/Content/EngineMaterials/Substrate/GLints/dict_16_192_64_0p5_0p02_0043_0008.uasset" 5710
"../../../Engine/Content/EngineMaterials/Substrate/GLints/dict_16_192_64_0p5_0p02_0043_0012.uasset" 5711
"../../../Engine/Content/EngineMaterials/Substrate/GLints/dict_16_192_64_0p5_0p02_0043_0011.uasset" 5712
"../../../Engine/Content/EngineMaterials/Substrate/GLints/dict_16_192_64_0p5_0p02_0043_0009.uasset" 5713
"../../../Engine/Content/EngineMaterials/Substrate/GLints/dict_16_192_64_0p5_0p02_0043_0015.uasset" 5714
"../../../Engine/Content/EngineMaterials/Substrate/GLints/dict_16_192_64_0p5_0p02_0043_0013.uasset" 5715
"/Engine/EngineMaterials/Substrate/GLints/dict_16_192_64_0p5_0p02_0044_0012" 5716
"/Engine/EngineMaterials/Substrate/GLints/dict_16_192_64_0p5_0p02_0044_0013" 5717
"/Engine/EngineMaterials/Substrate/GLints/dict_16_192_64_0p5_0p02_0044_0000" 5718
"/Engine/EngineMaterials/Substrate/GLints/dict_16_192_64_0p5_0p02_0043_0014" 5719
"/Engine/EngineMaterials/Substrate/GLints/dict_16_192_64_0p5_0p02_0044_0001" 5720
"/Engine/EngineMaterials/Substrate/GLints/dict_16_192_64_0p5_0p02_0044_0004" 5721
"../../../Engine/Content/EngineMaterials/Substrate/GLints/dict_16_192_64_0p5_0p02_0044_0003.uasset" 5722
"/Engine/EngineMaterials/Substrate/GLints/dict_16_192_64_0p5_0p02_0044_0005" 5723
"/Engine/EngineMaterials/Substrate/GLints/dict_16_192_64_0p5_0p02_0044_0003" 5724
"/Engine/EngineMaterials/Substrate/GLints/dict_16_192_64_0p5_0p02_0043_0008" 5725
"/Engine/EngineMaterials/Substrate/GLints/dict_16_192_64_0p5_0p02_0043_0009" 5726
"/Engine/EngineMaterials/Substrate/GLints/dict_16_192_64_0p5_0p02_0043_0011" 5727
"/Engine/EngineMaterials/Substrate/GLints/dict_16_192_64_0p5_0p02_0043_0012" 5728
"/Engine/EngineMaterials/Substrate/GLints/dict_16_192_64_0p5_0p02_0043_0013" 5729
"/Engine/EngineMaterials/Substrate/GLints/dict_16_192_64_0p5_0p02_0043_0015" 5730
"../../../Engine/Content/EngineMaterials/Substrate/GLints/dict_16_192_64_0p5_0p02_0043_0006.uasset" 5731
"../../../Engine/Content/EngineMaterials/Substrate/GLints/dict_16_192_64_0p5_0p02_0043_0005.uasset" 5732
"/Engine/EngineMaterials/Substrate/GLints/dict_16_192_64_0p5_0p02_0043_0005" 5733
"/Engine/EngineMaterials/Substrate/GLints/dict_16_192_64_0p5_0p02_0043_0006" 5734
"../../../Engine/Content/EngineMaterials/Substrate/GLints/dict_16_192_64_0p5_0p02_0043_0004.uasset" 5735
"../../../Engine/Content/EngineMaterials/Substrate/GLints/dict_16_192_64_0p5_0p02_0043_0003.uasset" 5736
"../../../Engine/Content/EngineMaterials/Substrate/GLints/dict_16_192_64_0p5_0p02_0043_0007.uasset" 5737
"../../../Engine/Content/EngineMaterials/Substrate/GLints/dict_16_192_64_0p5_0p02_0042_0013.uasset" 5738
"../../../Engine/Content/EngineMaterials/Substrate/GLints/dict_16_192_64_0p5_0p02_0042_0015.uasset" 5739
"../../../Engine/Content/EngineMaterials/Substrate/GLints/dict_16_192_64_0p5_0p02_0043_0000.uasset" 5740
"../../../Engine/Content/EngineMaterials/Substrate/GLints/dict_16_192_64_0p5_0p02_0043_0001.uasset" 5741
"../../../Engine/Content/EngineMaterials/Substrate/GLints/dict_16_192_64_0p5_0p02_0042_0014.uasset" 5742
"../../../Engine/Content/EngineMaterials/Substrate/GLints/dict_16_192_64_0p5_0p02_0043_0002.uasset" 5743
"../../../Engine/Content/EngineMaterials/Substrate/GLints/dict_16_192_64_0p5_0p02_0043_0010.uasset" 5744
"../../../Engine/Content/EngineMaterials/Substrate/GLints/dict_16_192_64_0p5_0p02_0042_0010.uasset" 5745
"../../../Engine/Content/EngineMaterials/Substrate/GLints/dict_16_192_64_0p5_0p02_0042_0011.uasset" 5746
"/Engine/EngineMaterials/Substrate/GLints/dict_16_192_64_0p5_0p02_0043_0004" 5747
"/Engine/EngineMaterials/Substrate/GLints/dict_16_192_64_0p5_0p02_0042_0013" 5748
"../../../Engine/Content/EngineMaterials/Substrate/GLints/dict_16_192_64_0p5_0p02_0042_0007.uasset" 5749
"../../../Engine/Content/EngineMaterials/Substrate/GLints/dict_16_192_64_0p5_0p02_0042_0009.uasset" 5750
"../../../Engine/Content/EngineMaterials/Substrate/GLints/dict_16_192_64_0p5_0p02_0042_0006.uasset" 5751
"/Engine/EngineMaterials/Substrate/GLints/dict_16_192_64_0p5_0p02_0042_0014" 5752
"../../../Engine/Content/EngineMaterials/Substrate/GLints/dict_16_192_64_0p5_0p02_0042_0004.uasset" 5753
"../../../Engine/Content/EngineMaterials/Substrate/GLints/dict_16_192_64_0p5_0p02_0042_0002.uasset" 5754
"../../../Engine/Content/EngineMaterials/Substrate/GLints/dict_16_192_64_0p5_0p02_0042_0008.uasset" 5755
"/Engine/EngineMaterials/Substrate/GLints/dict_16_192_64_0p5_0p02_0042_0015" 5756
"/Engine/EngineMaterials/Substrate/GLints/dict_16_192_64_0p5_0p02_0043_0000" 5757
"../../../Engine/Content/EngineMaterials/Substrate/GLints/dict_16_192_64_0p5_0p02_0042_0005.uasset" 5758
"/Engine/EngineMaterials/Substrate/GLints/dict_16_192_64_0p5_0p02_0043_0001" 5759
"../../../Engine/Content/EngineMaterials/Substrate/GLints/dict_16_192_64_0p5_0p02_0042_0012.uasset" 5760
"/Engine/EngineMaterials/Substrate/GLints/dict_16_192_64_0p5_0p02_0043_0007" 5761
"/Engine/EngineMaterials/Substrate/GLints/dict_16_192_64_0p5_0p02_0043_0002" 5762
"/Engine/EngineMaterials/Substrate/GLints/dict_16_192_64_0p5_0p02_0043_0010" 5763
"/Engine/EngineMaterials/Substrate/GLints/dict_16_192_64_0p5_0p02_0043_0003" 5764
"/Engine/EngineMaterials/Substrate/GLints/dict_16_192_64_0p5_0p02_0042_0010" 5765
"/Engine/EngineMaterials/Substrate/GLints/dict_16_192_64_0p5_0p02_0044_0002" 5766
"/Engine/EngineMaterials/Substrate/GLints/dict_16_192_64_0p5_0p02_0042_0011" 5767
"/Engine/EngineMaterials/Substrate/GLints/dict_16_192_64_0p5_0p02_0042_0002" 5768
"/Engine/EngineMaterials/Substrate/GLints/dict_16_192_64_0p5_0p02_0042_0004" 5769
"/Engine/EngineMaterials/Substrate/GLints/dict_16_192_64_0p5_0p02_0042_0012" 5770
"/Engine/EngineMaterials/Substrate/GLints/dict_16_192_64_0p5_0p02_0042_0006" 5771
"../../../Engine/Content/EngineMaterials/Substrate/GLints/dict_16_192_64_0p5_0p02_0041_0014.uasset" 5772
"../../../Engine/Content/EngineMaterials/Substrate/GLints/dict_16_192_64_0p5_0p02_0041_0015.uasset" 5773
"/Engine/EngineMaterials/Substrate/GLints/dict_16_192_64_0p5_0p02_0042_0007" 5774
"/Engine/EngineMaterials/Substrate/GLints/dict_16_192_64_0p5_0p02_0042_0008" 5775
"../../../Engine/Content/EngineMaterials/Substrate/GLints/dict_16_192_64_0p5_0p02_0042_0003.uasset" 5776
"/Engine/EngineMaterials/Substrate/GLints/dict_16_192_64_0p5_0p02_0042_0009" 5777
"/Engine/EngineMaterials/Substrate/GLints/dict_16_192_64_0p5_0p02_0042_0003" 5778
"/Engine/EngineMaterials/Substrate/GLints/dict_16_192_64_0p5_0p02_0041_0014" 5779
"/Engine/EngineMaterials/Substrate/GLints/dict_16_192_64_0p5_0p02_0041_0015" 5780
"/Engine/EngineMaterials/Substrate/GLints/dict_16_192_64_0p5_0p02_0042_0005" 5781
"../../../Engine/Content/EngineMaterials/Substrate/GLints/dict_16_192_64_0p5_0p02_0041_0008.uasset" 5782
"../../../Engine/Content/EngineMaterials/Substrate/GLints/dict_16_192_64_0p5_0p02_0041_0009.uasset" 5783
"../../../Engine/Content/EngineMaterials/Substrate/GLints/dict_16_192_64_0p5_0p02_0041_0011.uasset" 5784
"../../../Engine/Content/EngineMaterials/Substrate/GLints/dict_16_192_64_0p5_0p02_0041_0010.uasset" 5785
"../../../Engine/Content/EngineMaterials/Substrate/GLints/dict_16_192_64_0p5_0p02_0042_0000.uasset" 5786
"../../../Engine/Content/EngineMaterials/Substrate/GLints/dict_16_192_64_0p5_0p02_0042_0001.uasset" 5787
"../../../Engine/Content/EngineMaterials/Substrate/GLints/dict_16_192_64_0p5_0p02_0041_0013.uasset" 5788
"../../../Engine/Content/EngineMaterials/Substrate/GLints/dict_16_192_64_0p5_0p02_0041_0005.uasset" 5789
"../../../Engine/Content/EngineMaterials/Substrate/GLints/dict_16_192_64_0p5_0p02_0041_0006.uasset" 5790
"../../../Engine/Content/EngineMaterials/Substrate/GLints/dict_16_192_64_0p5_0p02_0041_0007.uasset" 5791
"../../../Engine/Content/EngineMaterials/Substrate/GLints/dict_16_192_64_0p5_0p02_0041_0004.uasset" 5792
"../../../Engine/Content/EngineMaterials/Substrate/GLints/dict_16_192_64_0p5_0p02_0041_0001.uasset" 5793
"../../../Engine/Content/EngineMaterials/Substrate/GLints/dict_16_192_64_0p5_0p02_0041_0012.uasset" 5794
"../../../Engine/Content/EngineMaterials/Substrate/GLints/dict_16_192_64_0p5_0p02_0040_0015.uasset" 5795
"../../../Engine/Content/EngineMaterials/Substrate/GLints/dict_16_192_64_0p5_0p02_0041_0002.uasset" 5796
"/Engine/EngineMaterials/Substrate/GLints/dict_16_192_64_0p5_0p02_0041_0010" 5797
"../../../Engine/Content/EngineMaterials/Substrate/GLints/dict_16_192_64_0p5_0p02_0040_0014.uasset" 5798
"../../../Engine/Content/EngineMaterials/Substrate/GLints/dict_16_192_64_0p5_0p02_0040_0013.uasset" 5799
"../../../Engine/Content/EngineMaterials/Substrate/GLints/dict_16_192_64_0p5_0p02_0041_0000.uasset" 5800
"/Engine/EngineMaterials/Substrate/GLints/dict_16_192_64_0p5_0p02_0042_0001" 5801
"/Engine/EngineMaterials/Substrate/GLints/dict_16_192_64_0p5_0p02_0040_0015" 5802
"/Engine/EngineMaterials/Substrate/GLints/dict_16_192_64_0p5_0p02_0041_0008" 5803
"/Engine/EngineMaterials/Substrate/GLints/dict_16_192_64_0p5_0p02_0041_0009" 5804
"/Engine/EngineMaterials/Substrate/GLints/dict_16_192_64_0p5_0p02_0041_0001" 5805
"/Engine/EngineMaterials/Substrate/GLints/dict_16_192_64_0p5_0p02_0041_0011" 5806
"/Engine/EngineMaterials/Substrate/GLints/dict_16_192_64_0p5_0p02_0041_0012" 5807
"/Engine/EngineMaterials/Substrate/GLints/dict_16_192_64_0p5_0p02_0041_0002" 5808
"/Engine/EngineMaterials/Substrate/GLints/dict_16_192_64_0p5_0p02_0041_0004" 5809
"../../../Engine/Content/EngineMaterials/Substrate/GLints/dict_16_192_64_0p5_0p02_0040_0009.uasset" 5810
"../../../Engine/Content/EngineMaterials/Substrate/GLints/dict_16_192_64_0p5_0p02_0040_0010.uasset" 5811
"../../../Engine/Content/EngineMaterials/Substrate/GLints/dict_16_192_64_0p5_0p02_0040_0008.uasset" 5812
"/Engine/EngineMaterials/Substrate/GLints/dict_16_192_64_0p5_0p02_0041_0013" 5813
"/Engine/EngineMaterials/Substrate/GLints/dict_16_192_64_0p5_0p02_0042_0000" 5814
"/Engine/EngineMaterials/Substrate/GLints/dict_16_192_64_0p5_0p02_0041_0005" 5815
"/Engine/EngineMaterials/Substrate/GLints/dict_16_192_64_0p5_0p02_0041_0006" 5816
"/Engine/EngineMaterials/Substrate/GLints/dict_16_192_64_0p5_0p02_0041_0007" 5817
"/Engine/EngineMaterials/Substrate/GLints/dict_16_192_64_0p5_0p02_0040_0013" 5818
"../../../Engine/Content/EngineMaterials/Substrate/GLints/dict_16_192_64_0p5_0p02_0040_0007.uasset" 5819
"../../../Engine/Content/EngineMaterials/Substrate/GLints/dict_16_192_64_0p5_0p02_0041_0003.uasset" 5820
"/Engine/EngineMaterials/Substrate/GLints/dict_16_192_64_0p5_0p02_0040_0014" 5821
"../../../Engine/Content/EngineMaterials/Substrate/GLints/dict_16_192_64_0p5_0p02_0040_0011.uasset" 5822
"/Engine/EngineMaterials/Substrate/GLints/dict_16_192_64_0p5_0p02_0041_0000" 5823
"../../../Engine/Content/EngineMaterials/Substrate/GLints/dict_16_192_64_0p5_0p02_0040_0012.uasset" 5824
"/Engine/EngineMaterials/Substrate/GLints/dict_16_192_64_0p5_0p02_0040_0008" 5825
"/Engine/EngineMaterials/Substrate/GLints/dict_16_192_64_0p5_0p02_0040_0009" 5826
"/Engine/EngineMaterials/Substrate/GLints/dict_16_192_64_0p5_0p02_0040_0010" 5827
"/Engine/EngineMaterials/Substrate/GLints/dict_16_192_64_0p5_0p02_0040_0011" 5828
"/Engine/EngineMaterials/Substrate/GLints/dict_16_192_64_0p5_0p02_0040_0012" 5829
"/Engine/EngineMaterials/Substrate/GLints/dict_16_192_64_0p5_0p02_0040_0007" 5830
"/Engine/EngineMaterials/Substrate/GLints/dict_16_192_64_0p5_0p02_0041_0003" 5831
"../../../Engine/Content/EngineMaterials/Substrate/GLints/dict_16_192_64_0p5_0p02_0040_0006.uasset" 5832
"../../../Engine/Content/EngineMaterials/Substrate/GLints/dict_16_192_64_0p5_0p02_0040_0003.uasset" 5833
"../../../Engine/Content/EngineMaterials/Substrate/GLints/dict_16_192_64_0p5_0p02_0040_0000.uasset" 5834
"../../../Engine/Content/EngineMaterials/Substrate/GLints/dict_16_192_64_0p5_0p02_0040_0004.uasset" 5835
"../../../Engine/Content/EngineMaterials/Substrate/GLints/dict_16_192_64_0p5_0p02_0040_0005.uasset" 5836
"../../../Engine/Content/EngineMaterials/Substrate/GLints/dict_16_192_64_0p5_0p02_0040_0002.uasset" 5837
"../../../Engine/Content/EngineMaterials/Substrate/GLints/dict_16_192_64_0p5_0p02_0039_0013.uasset" 5838
"../../../Engine/Content/EngineMaterials/Substrate/GLints/dict_16_192_64_0p5_0p02_0039_0009.uasset" 5839
"../../../Engine/Content/EngineMaterials/Substrate/GLints/dict_16_192_64_0p5_0p02_0039_0012.uasset" 5840
"../../../Engine/Content/EngineMaterials/Substrate/GLints/dict_16_192_64_0p5_0p02_0040_0001.uasset" 5841
"../../../Engine/Content/EngineMaterials/Substrate/GLints/dict_16_192_64_0p5_0p02_0039_0014.uasset" 5842
"../../../Engine/Content/EngineMaterials/Substrate/GLints/dict_16_192_64_0p5_0p02_0039_0010.uasset" 5843
"../../../Engine/Content/EngineMaterials/Substrate/GLints/dict_16_192_64_0p5_0p02_0039_0005.uasset" 5844
"../../../Engine/Content/EngineMaterials/Substrate/GLints/dict_16_192_64_0p5_0p02_0039_0004.uasset" 5845
"../../../Engine/Content/EngineMaterials/Substrate/GLints/dict_16_192_64_0p5_0p02_0039_0015.uasset" 5846
"../../../Engine/Content/EngineMaterials/Substrate/GLints/dict_16_192_64_0p5_0p02_0039_0006.uasset" 5847
"../../../Engine/Content/EngineMaterials/Substrate/GLints/dict_16_192_64_0p5_0p02_0039_0007.uasset" 5848
"/Engine/EngineMaterials/Substrate/GLints/dict_16_192_64_0p5_0p02_0040_0004" 5849
"../../../Engine/Content/EngineMaterials/Substrate/GLints/dict_16_192_64_0p5_0p02_0039_0003.uasset" 5850
"../../../Engine/Content/EngineMaterials/Substrate/GLints/dict_16_192_64_0p5_0p02_0039_0001.uasset" 5851
"../../../Engine/Content/EngineMaterials/Substrate/GLints/dict_16_192_64_0p5_0p02_0038_0015.uasset" 5852
"../../../Engine/Content/EngineMaterials/Substrate/GLints/dict_16_192_64_0p5_0p02_0039_0008.uasset" 5853
"../../../Engine/Content/EngineMaterials/Substrate/GLints/dict_16_192_64_0p5_0p02_0039_0000.uasset" 5854
"/Engine/EngineMaterials/Substrate/GLints/dict_16_192_64_0p5_0p02_0040_0001" 5855
"../../../Engine/Content/EngineMaterials/Substrate/GLints/dict_16_192_64_0p5_0p02_0039_0002.uasset" 5856
"../../../Engine/Content/EngineMaterials/Substrate/GLints/dict_16_192_64_0p5_0p02_0038_0014.uasset" 5857
"/Engine/EngineMaterials/Substrate/GLints/dict_16_192_64_0p5_0p02_0040_0005" 5858
"/Engine/EngineMaterials/Substrate/GLints/dict_16_192_64_0p5_0p02_0040_0006" 5859
"/Engine/EngineMaterials/Substrate/GLints/dict_16_192_64_0p5_0p02_0040_0000" 5860
"/Engine/EngineMaterials/Substrate/GLints/dict_16_192_64_0p5_0p02_0039_0004" 5861
"/Engine/EngineMaterials/Substrate/GLints/dict_16_192_64_0p5_0p02_0039_0005" 5862
"/Engine/EngineMaterials/Substrate/GLints/dict_16_192_64_0p5_0p02_0039_0006" 5863
"../../../Engine/Content/EngineMaterials/Substrate/GLints/dict_16_192_64_0p5_0p02_0038_0013.uasset" 5864
"../../../Engine/Content/EngineMaterials/Substrate/GLints/dict_16_192_64_0p5_0p02_0038_0012.uasset" 5865
"/Engine/EngineMaterials/Substrate/GLints/dict_16_192_64_0p5_0p02_0039_0007" 5866
"/Engine/EngineMaterials/Substrate/GLints/dict_16_192_64_0p5_0p02_0039_0009" 5867
"/Engine/EngineMaterials/Substrate/GLints/dict_16_192_64_0p5_0p02_0039_0010" 5868
"/Engine/EngineMaterials/Substrate/GLints/dict_16_192_64_0p5_0p02_0040_0002" 5869
"../../../Engine/Content/EngineMaterials/Substrate/GLints/dict_16_192_64_0p5_0p02_0038_0010.uasset" 5870
"../../../Engine/Content/EngineMaterials/Substrate/GLints/dict_16_192_64_0p5_0p02_0038_0011.uasset" 5871
"/Engine/EngineMaterials/Substrate/GLints/dict_16_192_64_0p5_0p02_0040_0003" 5872
"/Engine/EngineMaterials/Substrate/GLints/dict_16_192_64_0p5_0p02_0039_0012" 5873
"/Engine/EngineMaterials/Substrate/GLints/dict_16_192_64_0p5_0p02_0039_0013" 5874
"/Engine/EngineMaterials/Substrate/GLints/dict_16_192_64_0p5_0p02_0039_0014" 5875
"/Engine/EngineMaterials/Substrate/GLints/dict_16_192_64_0p5_0p02_0039_0015" 5876
"../../../Engine/Content/EngineMaterials/Substrate/GLints/dict_16_192_64_0p5_0p02_0038_0007.uasset" 5877
"../../../Engine/Content/EngineMaterials/Substrate/GLints/dict_16_192_64_0p5_0p02_0038_0008.uasset" 5878
"../../../Engine/Content/EngineMaterials/Substrate/GLints/dict_16_192_64_0p5_0p02_0038_0009.uasset" 5879
"/Engine/EngineMaterials/Substrate/GLints/dict_16_192_64_0p5_0p02_0039_0001" 5880
"/Engine/EngineMaterials/Substrate/GLints/dict_16_192_64_0p5_0p02_0039_0002" 5881
"/Engine/EngineMaterials/Substrate/GLints/dict_16_192_64_0p5_0p02_0038_0007" 5882
"/Engine/EngineMaterials/Substrate/GLints/dict_16_192_64_0p5_0p02_0038_0008" 5883
"/Engine/EngineMaterials/Substrate/GLints/dict_16_192_64_0p5_0p02_0038_0009" 5884
"/Engine/EngineMaterials/Substrate/GLints/dict_16_192_64_0p5_0p02_0038_0011" 5885
"/Engine/EngineMaterials/Substrate/GLints/dict_16_192_64_0p5_0p02_0038_0012" 5886
"/Engine/EngineMaterials/Substrate/GLints/dict_16_192_64_0p5_0p02_0039_0003" 5887
"/Engine/EngineMaterials/Substrate/GLints/dict_16_192_64_0p5_0p02_0038_0013" 5888
"/Engine/EngineMaterials/Substrate/GLints/dict_16_192_64_0p5_0p02_0039_0008" 5889
"/Engine/EngineMaterials/Substrate/GLints/dict_16_192_64_0p5_0p02_0038_0010" 5890
"/Engine/EngineMaterials/Substrate/GLints/dict_16_192_64_0p5_0p02_0038_0014" 5891
"/Engine/EngineMaterials/Substrate/GLints/dict_16_192_64_0p5_0p02_0038_0015" 5892
"/Engine/EngineMaterials/Substrate/GLints/dict_16_192_64_0p5_0p02_0039_0000" 5893
"../../../Engine/Content/EngineMaterials/Substrate/GLints/dict_16_192_64_0p5_0p02_0038_0001.uasset" 5894
"../../../Engine/Content/EngineMaterials/Substrate/GLints/dict_16_192_64_0p5_0p02_0037_0011.uasset" 5895
"../../../Engine/Content/EngineMaterials/Substrate/GLints/dict_16_192_64_0p5_0p02_0038_0000.uasset" 5896
"../../../Engine/Content/EngineMaterials/Substrate/GLints/dict_16_192_64_0p5_0p02_0038_0005.uasset" 5897
"../../../Engine/Content/EngineMaterials/Substrate/GLints/dict_16_192_64_0p5_0p02_0038_0004.uasset" 5898
"../../../Engine/Content/EngineMaterials/Substrate/GLints/dict_16_192_64_0p5_0p02_0038_0003.uasset" 5899
"../../../Engine/Content/EngineMaterials/Substrate/GLints/dict_16_192_64_0p5_0p02_0037_0013.uasset" 5900
"../../../Engine/Content/EngineMaterials/Substrate/GLints/dict_16_192_64_0p5_0p02_0038_0006.uasset" 5901
"../../../Engine/Content/EngineMaterials/Substrate/GLints/dict_16_192_64_0p5_0p02_0037_0014.uasset" 5902
"../../../Engine/Content/EngineMaterials/Substrate/GLints/dict_16_192_64_0p5_0p02_0038_0002.uasset" 5903
"../../../Engine/Content/EngineMaterials/Substrate/GLints/dict_16_192_64_0p5_0p02_0037_0010.uasset" 5904
"../../../Engine/Content/EngineMaterials/Substrate/GLints/dict_16_192_64_0p5_0p02_0037_0015.uasset" 5905
"../../../Engine/Content/EngineMaterials/Substrate/GLints/dict_16_192_64_0p5_0p02_0039_0011.uasset" 5906
"../../../Engine/Content/EngineMaterials/Substrate/GLints/dict_16_192_64_0p5_0p02_0037_0012.uasset" 5907
"/Engine/EngineMaterials/Substrate/GLints/dict_16_192_64_0p5_0p02_0037_0010" 5908
"/Engine/EngineMaterials/Substrate/GLints/dict_16_192_64_0p5_0p02_0037_0011" 5909
"/Engine/EngineMaterials/Substrate/GLints/dict_16_192_64_0p5_0p02_0037_0012" 5910
"../../../Engine/Content/EngineMaterials/Substrate/GLints/dict_16_192_64_0p5_0p02_0037_0006.uasset" 5911
"../../../Engine/Content/EngineMaterials/Substrate/GLints/dict_16_192_64_0p5_0p02_0037_0005.uasset" 5912
"../../../Engine/Content/EngineMaterials/Substrate/GLints/dict_16_192_64_0p5_0p02_0037_0004.uasset" 5913
"../../../Engine/Content/EngineMaterials/Substrate/GLints/dict_16_192_64_0p5_0p02_0037_0003.uasset" 5914
"../../../Engine/Content/EngineMaterials/Substrate/GLints/dict_16_192_64_0p5_0p02_0037_0007.uasset" 5915
"../../../Engine/Content/EngineMaterials/Substrate/GLints/dict_16_192_64_0p5_0p02_0037_0001.uasset" 5916
"../../../Engine/Content/EngineMaterials/Substrate/GLints/dict_16_192_64_0p5_0p02_0037_0009.uasset" 5917
"../../../Engine/Content/EngineMaterials/Substrate/GLints/dict_16_192_64_0p5_0p02_0037_0008.uasset" 5918
"../../../Engine/Content/EngineMaterials/Substrate/GLints/dict_16_192_64_0p5_0p02_0036_0015.uasset" 5919
"../../../Engine/Content/EngineMaterials/Substrate/GLints/dict_16_192_64_0p5_0p02_0036_0014.uasset" 5920
"../../../Engine/Content/EngineMaterials/Substrate/GLints/dict_16_192_64_0p5_0p02_0037_0002.uasset" 5921
"../../../Engine/Content/EngineMaterials/Substrate/GLints/dict_16_192_64_0p5_0p02_0037_0000.uasset" 5922
"/Engine/EngineMaterials/Substrate/GLints/dict_16_192_64_0p5_0p02_0037_0013" 5923
"/Engine/EngineMaterials/Substrate/GLints/dict_16_192_64_0p5_0p02_0037_0014" 5924
"/Engine/EngineMaterials/Substrate/GLints/dict_16_192_64_0p5_0p02_0037_0015" 5925
"/Engine/EngineMaterials/Substrate/GLints/dict_16_192_64_0p5_0p02_0038_0000" 5926
"/Engine/EngineMaterials/Substrate/GLints/dict_16_192_64_0p5_0p02_0039_0011" 5927
"/Engine/EngineMaterials/Substrate/GLints/dict_16_192_64_0p5_0p02_0038_0001" 5928
"/Engine/EngineMaterials/Substrate/GLints/dict_16_192_64_0p5_0p02_0038_0002" 5929
"/Engine/EngineMaterials/Substrate/GLints/dict_16_192_64_0p5_0p02_0038_0003" 5930
"/Engine/EngineMaterials/Substrate/GLints/dict_16_192_64_0p5_0p02_0038_0004" 5931
"/Engine/EngineMaterials/Substrate/GLints/dict_16_192_64_0p5_0p02_0038_0005" 5932
"/Engine/EngineMaterials/Substrate/GLints/dict_16_192_64_0p5_0p02_0038_0006" 5933
"/Engine/EngineMaterials/Substrate/GLints/dict_16_192_64_0p5_0p02_0037_0006" 5934
"../../../Engine/Content/EngineMaterials/Substrate/GLints/dict_16_192_64_0p5_0p02_0036_0013.uasset" 5935
"/Engine/EngineMaterials/Substrate/GLints/dict_16_192_64_0p5_0p02_0037_0007" 5936
"/Engine/EngineMaterials/Substrate/GLints/dict_16_192_64_0p5_0p02_0037_0008" 5937
"/Engine/EngineMaterials/Substrate/GLints/dict_16_192_64_0p5_0p02_0037_0009" 5938
"../../../Engine/Content/EngineMaterials/Substrate/GLints/dict_16_192_64_0p5_0p02_0036_0008.uasset" 5939
"/Engine/EngineMaterials/Substrate/GLints/dict_16_192_64_0p5_0p02_0036_0014" 5940
"../../../Engine/Content/EngineMaterials/Substrate/GLints/dict_16_192_64_0p5_0p02_0036_0009.uasset" 5941
"/Engine/EngineMaterials/Substrate/GLints/dict_16_192_64_0p5_0p02_0036_0015" 5942
"/Engine/EngineMaterials/Substrate/GLints/dict_16_192_64_0p5_0p02_0037_0000" 5943
"/Engine/EngineMaterials/Substrate/GLints/dict_16_192_64_0p5_0p02_0037_0001" 5944
"/Engine/EngineMaterials/Substrate/GLints/dict_16_192_64_0p5_0p02_0037_0002" 5945
"../../../Engine/Content/EngineMaterials/Substrate/GLints/dict_16_192_64_0p5_0p02_0036_0012.uasset" 5946
"../../../Engine/Content/EngineMaterials/Substrate/GLints/dict_16_192_64_0p5_0p02_0036_0010.uasset" 5947
"/Engine/EngineMaterials/Substrate/GLints/dict_16_192_64_0p5_0p02_0037_0003" 5948
"../../../Engine/Content/EngineMaterials/Substrate/GLints/dict_16_192_64_0p5_0p02_0036_0011.uasset" 5949
"/Engine/EngineMaterials/Substrate/GLints/dict_16_192_64_0p5_0p02_0037_0004" 5950
"/Engine/EngineMaterials/Substrate/GLints/dict_16_192_64_0p5_0p02_0037_0005" 5951
"/Engine/EngineMaterials/Substrate/GLints/dict_16_192_64_0p5_0p02_0036_0008" 5952
"/Engine/EngineMaterials/Substrate/GLints/dict_16_192_64_0p5_0p02_0036_0009" 5953
"/Engine/EngineMaterials/Substrate/GLints/dict_16_192_64_0p5_0p02_0036_0010" 5954
"/Engine/EngineMaterials/Substrate/GLints/dict_16_192_64_0p5_0p02_0036_0011" 5955
"/Engine/EngineMaterials/Substrate/GLints/dict_16_192_64_0p5_0p02_0036_0012" 5956
"../../../Engine/Content/EngineMaterials/Substrate/GLints/dict_16_192_64_0p5_0p02_0036_0006.uasset" 5957
"../../../Engine/Content/EngineMaterials/Substrate/GLints/dict_16_192_64_0p5_0p02_0036_0005.uasset" 5958
"../../../Engine/Content/EngineMaterials/Substrate/GLints/dict_16_192_64_0p5_0p02_0036_0002.uasset" 5959
"../../../Engine/Content/EngineMaterials/Substrate/GLints/dict_16_192_64_0p5_0p02_0035_0015.uasset" 5960
"../../../Engine/Content/EngineMaterials/Substrate/GLints/dict_16_192_64_0p5_0p02_0036_0007.uasset" 5961
"/Engine/EngineMaterials/Substrate/GLints/dict_16_192_64_0p5_0p02_0036_0013" 5962
"/Engine/EngineMaterials/Substrate/GLints/dict_16_192_64_0p5_0p02_0035_0015" 5963
"/Engine/EngineMaterials/Substrate/GLints/dict_16_192_64_0p5_0p02_0036_0002" 5964
"/Engine/EngineMaterials/Substrate/GLints/dict_16_192_64_0p5_0p02_0036_0005" 5965
"/Engine/EngineMaterials/Substrate/GLints/dict_16_192_64_0p5_0p02_0036_0006" 5966
"/Engine/EngineMaterials/Substrate/GLints/dict_16_192_64_0p5_0p02_0036_0007" 5967
"../../../Engine/Content/EngineMaterials/Substrate/GLints/dict_16_192_64_0p5_0p02_0036_0003.uasset" 5968
"/Engine/EngineMaterials/Substrate/GLints/dict_16_192_64_0p5_0p02_0036_0003" 5969
"../../../Engine/Content/EngineMaterials/Substrate/GLints/dict_16_192_64_0p5_0p02_0036_0004.uasset" 5970
"../../../Engine/Content/EngineMaterials/Substrate/GLints/dict_16_192_64_0p5_0p02_0036_0000.uasset" 5971
"/Engine/EngineMaterials/Substrate/GLints/dict_16_192_64_0p5_0p02_0036_0000" 5972
"/Engine/EngineMaterials/Substrate/GLints/dict_16_192_64_0p5_0p02_0036_0004" 5973
"../../../Engine/Content/EngineMaterials/Substrate/GLints/dict_16_192_64_0p5_0p02_0036_0001.uasset" 5974
"../../../Engine/Content/EngineMaterials/Substrate/GLints/dict_16_192_64_0p5_0p02_0035_0010.uasset" 5975
"../../../Engine/Content/EngineMaterials/Substrate/GLints/dict_16_192_64_0p5_0p02_0035_0012.uasset" 5976
"../../../Engine/Content/EngineMaterials/Substrate/GLints/dict_16_192_64_0p5_0p02_0035_0013.uasset" 5977
"../../../Engine/Content/EngineMaterials/Substrate/GLints/dict_16_192_64_0p5_0p02_0035_0007.uasset" 5978
"../../../Engine/Content/EngineMaterials/Substrate/GLints/dict_16_192_64_0p5_0p02_0035_0008.uasset" 5979
"../../../Engine/Content/EngineMaterials/Substrate/GLints/dict_16_192_64_0p5_0p02_0035_0009.uasset" 5980
"../../../Engine/Content/EngineMaterials/Substrate/GLints/dict_16_192_64_0p5_0p02_0035_0014.uasset" 5981
"../../../Engine/Content/EngineMaterials/Substrate/GLints/dict_16_192_64_0p5_0p02_0035_0006.uasset" 5982
"../../../Engine/Content/EngineMaterials/Substrate/GLints/dict_16_192_64_0p5_0p02_0035_0004.uasset" 5983
"../../../Engine/Content/EngineMaterials/Substrate/GLints/dict_16_192_64_0p5_0p02_0035_0011.uasset" 5984
"../../../Engine/Content/EngineMaterials/Substrate/GLints/dict_16_192_64_0p5_0p02_0035_0003.uasset" 5985
"../../../Engine/Content/EngineMaterials/Substrate/GLints/dict_16_192_64_0p5_0p02_0035_0002.uasset" 5986
"../../../Engine/Content/EngineMaterials/Substrate/GLints/dict_16_192_64_0p5_0p02_0035_0005.uasset" 5987
"../../../Engine/Content/EngineMaterials/Substrate/GLints/dict_16_192_64_0p5_0p02_0034_0013.uasset" 5988
"../../../Engine/Content/EngineMaterials/Substrate/GLints/dict_16_192_64_0p5_0p02_0034_0012.uasset" 5989
"../../../Engine/Content/EngineMaterials/Substrate/GLints/dict_16_192_64_0p5_0p02_0034_0015.uasset" 5990
"../../../Engine/Content/EngineMaterials/Substrate/GLints/dict_16_192_64_0p5_0p02_0034_0010.uasset" 5991
"../../../Engine/Content/EngineMaterials/Substrate/GLints/dict_16_192_64_0p5_0p02_0035_0001.uasset" 5992
"../../../Engine/Content/EngineMaterials/Substrate/GLints/dict_16_192_64_0p5_0p02_0034_0014.uasset" 5993
"../../../Engine/Content/EngineMaterials/Substrate/GLints/dict_16_192_64_0p5_0p02_0035_0000.uasset" 5994
"/Engine/EngineMaterials/Substrate/GLints/dict_16_192_64_0p5_0p02_0034_0010" 5995
"/Engine/EngineMaterials/Substrate/GLints/dict_16_192_64_0p5_0p02_0034_0014" 5996
"/Engine/EngineMaterials/Substrate/GLints/dict_16_192_64_0p5_0p02_0034_0015" 5997
"/Engine/EngineMaterials/Substrate/GLints/dict_16_192_64_0p5_0p02_0035_0000" 5998
"/Engine/EngineMaterials/Substrate/GLints/dict_16_192_64_0p5_0p02_0035_0001" 5999
"../../../Engine/Content/EngineMaterials/Substrate/GLints/dict_16_192_64_0p5_0p02_0034_0011.uasset" 6000
"/Engine/EngineMaterials/Substrate/GLints/dict_16_192_64_0p5_0p02_0035_0010" 6001
"/Engine/EngineMaterials/Substrate/GLints/dict_16_192_64_0p5_0p02_0034_0012" 6002
"/Engine/EngineMaterials/Substrate/GLints/dict_16_192_64_0p5_0p02_0034_0013" 6003
"../../../Engine/Content/EngineMaterials/Substrate/GLints/dict_16_192_64_0p5_0p02_0034_0008.uasset" 6004
"../../../Engine/Content/EngineMaterials/Substrate/GLints/dict_16_192_64_0p5_0p02_0034_0009.uasset" 6005
"../../../Engine/Content/EngineMaterials/Substrate/GLints/dict_16_192_64_0p5_0p02_0034_0004.uasset" 6006
"../../../Engine/Content/EngineMaterials/Substrate/GLints/dict_16_192_64_0p5_0p02_0034_0005.uasset" 6007
"/Engine/EngineMaterials/Substrate/GLints/dict_16_192_64_0p5_0p02_0035_0002" 6008
"../../../Engine/Content/EngineMaterials/Substrate/GLints/dict_16_192_64_0p5_0p02_0034_0006.uasset" 6009
"/Engine/EngineMaterials/Substrate/GLints/dict_16_192_64_0p5_0p02_0035_0003" 6010
"/Engine/EngineMaterials/Substrate/GLints/dict_16_192_64_0p5_0p02_0035_0004" 6011
"/Engine/EngineMaterials/Substrate/GLints/dict_16_192_64_0p5_0p02_0035_0011" 6012
"../../../Engine/Content/EngineMaterials/Substrate/GLints/dict_16_192_64_0p5_0p02_0034_0007.uasset" 6013
"/Engine/EngineMaterials/Substrate/GLints/dict_16_192_64_0p5_0p02_0035_0012" 6014
"/Engine/EngineMaterials/Substrate/GLints/dict_16_192_64_0p5_0p02_0035_0013" 6015
"/Engine/EngineMaterials/Substrate/GLints/dict_16_192_64_0p5_0p02_0035_0014" 6016
"/Engine/EngineMaterials/Substrate/GLints/dict_16_192_64_0p5_0p02_0035_0005" 6017
"/Engine/EngineMaterials/Substrate/GLints/dict_16_192_64_0p5_0p02_0035_0006" 6018
"/Engine/EngineMaterials/Substrate/GLints/dict_16_192_64_0p5_0p02_0035_0007" 6019
"/Engine/EngineMaterials/Substrate/GLints/dict_16_192_64_0p5_0p02_0036_0001" 6020
"/Engine/EngineMaterials/Substrate/GLints/dict_16_192_64_0p5_0p02_0035_0008" 6021
"/Engine/EngineMaterials/Substrate/GLints/dict_16_192_64_0p5_0p02_0035_0009" 6022
"../../../Engine/Content/EngineMaterials/Substrate/GLints/dict_16_192_64_0p5_0p02_0034_0003.uasset" 6023
"../../../Engine/Content/EngineMaterials/Substrate/GLints/dict_16_192_64_0p5_0p02_0034_0001.uasset" 6024
"../../../Engine/Content/EngineMaterials/Substrate/GLints/dict_16_192_64_0p5_0p02_0034_0000.uasset" 6025
"../../../Engine/Content/EngineMaterials/Substrate/GLints/dict_16_192_64_0p5_0p02_0034_0002.uasset" 6026
"/Engine/EngineMaterials/Substrate/GLints/dict_16_192_64_0p5_0p02_0034_0008" 6027
"/Engine/EngineMaterials/Substrate/GLints/dict_16_192_64_0p5_0p02_0034_0009" 6028
"/Engine/EngineMaterials/Substrate/GLints/dict_16_192_64_0p5_0p02_0034_0011" 6029
"/Engine/EngineMaterials/Substrate/GLints/dict_16_192_64_0p5_0p02_0034_0003" 6030
"/Engine/EngineMaterials/Substrate/GLints/dict_16_192_64_0p5_0p02_0034_0000" 6031
"/Engine/EngineMaterials/Substrate/GLints/dict_16_192_64_0p5_0p02_0034_0004" 6032
"/Engine/EngineMaterials/Substrate/GLints/dict_16_192_64_0p5_0p02_0034_0002" 6033
"/Engine/EngineMaterials/Substrate/GLints/dict_16_192_64_0p5_0p02_0034_0001" 6034
"/Engine/EngineMaterials/Substrate/GLints/dict_16_192_64_0p5_0p02_0034_0005" 6035
"/Engine/EngineMaterials/Substrate/GLints/dict_16_192_64_0p5_0p02_0034_0006" 6036
"/Engine/EngineMaterials/Substrate/GLints/dict_16_192_64_0p5_0p02_0034_0007" 6037
"../../../Engine/Content/EngineMaterials/Substrate/GLints/dict_16_192_64_0p5_0p02_0033_0010.uasset" 6038
"../../../Engine/Content/EngineMaterials/Substrate/GLints/dict_16_192_64_0p5_0p02_0033_0003.uasset" 6039
"../../../Engine/Content/EngineMaterials/Substrate/GLints/dict_16_192_64_0p5_0p02_0033_0014.uasset" 6040
"../../../Engine/Content/EngineMaterials/Substrate/GLints/dict_16_192_64_0p5_0p02_0033_0009.uasset" 6041
"../../../Engine/Content/EngineMaterials/Substrate/GLints/dict_16_192_64_0p5_0p02_0033_0013.uasset" 6042
"../../../Engine/Content/EngineMaterials/Substrate/GLints/dict_16_192_64_0p5_0p02_0033_0005.uasset" 6043
"../../../Engine/Content/EngineMaterials/Substrate/GLints/dict_16_192_64_0p5_0p02_0033_0007.uasset" 6044
"../../../Engine/Content/EngineMaterials/Substrate/GLints/dict_16_192_64_0p5_0p02_0033_0004.uasset" 6045
"../../../Engine/Content/EngineMaterials/Substrate/GLints/dict_16_192_64_0p5_0p02_0033_0012.uasset" 6046
"../../../Engine/Content/EngineMaterials/Substrate/GLints/dict_16_192_64_0p5_0p02_0033_0011.uasset" 6047
"../../../Engine/Content/EngineMaterials/Substrate/GLints/dict_16_192_64_0p5_0p02_0033_0006.uasset" 6048
"/Engine/EngineMaterials/Substrate/GLints/dict_16_192_64_0p5_0p02_0033_0003" 6049
"/Engine/EngineMaterials/Substrate/GLints/dict_16_192_64_0p5_0p02_0033_0004" 6050
"/Engine/EngineMaterials/Substrate/GLints/dict_16_192_64_0p5_0p02_0033_0005" 6051
"/Engine/EngineMaterials/Substrate/GLints/dict_16_192_64_0p5_0p02_0033_0006" 6052
"/Engine/EngineMaterials/Substrate/GLints/dict_16_192_64_0p5_0p02_0033_0007" 6053
"/Engine/EngineMaterials/Substrate/GLints/dict_16_192_64_0p5_0p02_0033_0009" 6054
"/Engine/EngineMaterials/Substrate/GLints/dict_16_192_64_0p5_0p02_0033_0010" 6055
"/Engine/EngineMaterials/Substrate/GLints/dict_16_192_64_0p5_0p02_0033_0011" 6056
"../../../Engine/Content/EngineMaterials/Substrate/GLints/dict_16_192_64_0p5_0p02_0032_0013.uasset" 6057
"../../../Engine/Content/EngineMaterials/Substrate/GLints/dict_16_192_64_0p5_0p02_0032_0011.uasset" 6058
"../../../Engine/Content/EngineMaterials/Substrate/GLints/dict_16_192_64_0p5_0p02_0032_0010.uasset" 6059
"../../../Engine/Content/EngineMaterials/Substrate/GLints/dict_16_192_64_0p5_0p02_0032_0015.uasset" 6060
"../../../Engine/Content/EngineMaterials/Substrate/GLints/dict_16_192_64_0p5_0p02_0033_0008.uasset" 6061
"../../../Engine/Content/EngineMaterials/Substrate/GLints/dict_16_192_64_0p5_0p02_0032_0014.uasset" 6062
"../../../Engine/Content/EngineMaterials/Substrate/GLints/dict_16_192_64_0p5_0p02_0032_0009.uasset" 6063
"/Engine/EngineMaterials/Substrate/GLints/dict_16_192_64_0p5_0p02_0033_0012" 6064
"../../../Engine/Content/EngineMaterials/Substrate/GLints/dict_16_192_64_0p5_0p02_0033_0001.uasset" 6065
"/Engine/EngineMaterials/Substrate/GLints/dict_16_192_64_0p5_0p02_0033_0013" 6066
"/Engine/EngineMaterials/Substrate/GLints/dict_16_192_64_0p5_0p02_0033_0014" 6067
"/Engine/EngineMaterials/Substrate/GLints/dict_16_192_64_0p5_0p02_0032_0011" 6068
"../../../Engine/Content/EngineMaterials/Substrate/GLints/dict_16_192_64_0p5_0p02_0033_0000.uasset" 6069
"/Engine/EngineMaterials/Substrate/GLints/dict_16_192_64_0p5_0p02_0032_0013" 6070
"/Engine/EngineMaterials/Substrate/GLints/dict_16_192_64_0p5_0p02_0032_0014" 6071
"/Engine/EngineMaterials/Substrate/GLints/dict_16_192_64_0p5_0p02_0032_0015" 6072
"/Engine/EngineMaterials/Substrate/GLints/dict_16_192_64_0p5_0p02_0033_0001" 6073
"/Engine/EngineMaterials/Substrate/GLints/dict_16_192_64_0p5_0p02_0033_0008" 6074
"/Engine/EngineMaterials/Substrate/GLints/dict_16_192_64_0p5_0p02_0032_0009" 6075
"/Engine/EngineMaterials/Substrate/GLints/dict_16_192_64_0p5_0p02_0032_0010" 6076
"/Engine/EngineMaterials/Substrate/GLints/dict_16_192_64_0p5_0p02_0033_0000" 6077
"../../../Engine/Content/EngineMaterials/Substrate/GLints/dict_16_192_64_0p5_0p02_0032_0000.uasset" 6078
"../../../Engine/Content/EngineMaterials/Substrate/GLints/dict_16_192_64_0p5_0p02_0032_0004.uasset" 6079
"../../../Engine/Content/EngineMaterials/Substrate/GLints/dict_16_192_64_0p5_0p02_0032_0006.uasset" 6080
"../../../Engine/Content/EngineMaterials/Substrate/GLints/dict_16_192_64_0p5_0p02_0032_0005.uasset" 6081
"../../../Engine/Content/EngineMaterials/Substrate/GLints/dict_16_192_64_0p5_0p02_0032_0001.uasset" 6082
"../../../Engine/Content/EngineMaterials/Substrate/GLints/dict_16_192_64_0p5_0p02_0032_0003.uasset" 6083
"../../../Engine/Content/EngineMaterials/Substrate/GLints/dict_16_192_64_0p5_0p02_0032_0012.uasset" 6084
"/Engine/EngineMaterials/Substrate/GLints/dict_16_192_64_0p5_0p02_0032_0000" 6085
"/Engine/EngineMaterials/Substrate/GLints/dict_16_192_64_0p5_0p02_0032_0001" 6086
"/Engine/EngineMaterials/Substrate/GLints/dict_16_192_64_0p5_0p02_0032_0012" 6087
"/Engine/EngineMaterials/Substrate/GLints/dict_16_192_64_0p5_0p02_0032_0003" 6088
"/Engine/EngineMaterials/Substrate/GLints/dict_16_192_64_0p5_0p02_0032_0004" 6089
"/Engine/EngineMaterials/Substrate/GLints/dict_16_192_64_0p5_0p02_0032_0005" 6090
"/Engine/EngineMaterials/Substrate/GLints/dict_16_192_64_0p5_0p02_0032_0006" 6091
"../../../Engine/Content/EngineMaterials/Substrate/GLints/dict_16_192_64_0p5_0p02_0032_0002.uasset" 6092
"../../../Engine/Content/EngineMaterials/Substrate/GLints/dict_16_192_64_0p5_0p02_0031_0015.uasset" 6093
"../../../Engine/Content/EngineMaterials/Substrate/GLints/dict_16_192_64_0p5_0p02_0033_0002.uasset" 6094
"../../../Engine/Content/EngineMaterials/Substrate/GLints/dict_16_192_64_0p5_0p02_0031_0014.uasset" 6095
"../../../Engine/Content/EngineMaterials/Substrate/GLints/dict_16_192_64_0p5_0p02_0031_0008.uasset" 6096
"../../../Engine/Content/EngineMaterials/Substrate/GLints/dict_16_192_64_0p5_0p02_0031_0007.uasset" 6097
"../../../Engine/Content/EngineMaterials/Substrate/GLints/dict_16_192_64_0p5_0p02_0031_0009.uasset" 6098
"../../../Engine/Content/EngineMaterials/Substrate/GLints/dict_16_192_64_0p5_0p02_0032_0008.uasset" 6099
"../../../Engine/Content/EngineMaterials/Substrate/GLints/dict_16_192_64_0p5_0p02_0031_0013.uasset" 6100
"../../../Engine/Content/EngineMaterials/Substrate/GLints/dict_16_192_64_0p5_0p02_0031_0011.uasset" 6101
"../../../Engine/Content/EngineMaterials/Substrate/GLints/dict_16_192_64_0p5_0p02_0032_0007.uasset" 6102
"../../../Engine/Content/EngineMaterials/Substrate/GLints/dict_16_192_64_0p5_0p02_0031_0012.uasset" 6103
"../../../Engine/Content/EngineMaterials/Substrate/GLints/dict_16_192_64_0p5_0p02_0031_0005.uasset" 6104
"../../../Engine/Content/EngineMaterials/Substrate/GLints/dict_16_192_64_0p5_0p02_0031_0006.uasset" 6105
"/Engine/EngineMaterials/Substrate/GLints/dict_16_192_64_0p5_0p02_0032_0002" 6106
"../../../Engine/Content/EngineMaterials/Substrate/GLints/dict_16_192_64_0p5_0p02_0030_0013.uasset" 6107
"../../../Engine/Content/EngineMaterials/Substrate/GLints/dict_16_192_64_0p5_0p02_0031_0001.uasset" 6108
"../../../Engine/Content/EngineMaterials/Substrate/GLints/dict_16_192_64_0p5_0p02_0031_0010.uasset" 6109
"../../../Engine/Content/EngineMaterials/Substrate/GLints/dict_16_192_64_0p5_0p02_0030_0015.uasset" 6110
"../../../Engine/Content/EngineMaterials/Substrate/GLints/dict_16_192_64_0p5_0p02_0031_0000.uasset" 6111
"../../../Engine/Content/EngineMaterials/Substrate/GLints/dict_16_192_64_0p5_0p02_0030_0014.uasset" 6112
"../../../Engine/Content/EngineMaterials/Substrate/GLints/dict_16_192_64_0p5_0p02_0031_0003.uasset" 6113
"/Engine/EngineMaterials/Substrate/GLints/dict_16_192_64_0p5_0p02_0033_0002" 6114
"/Engine/EngineMaterials/Substrate/GLints/dict_16_192_64_0p5_0p02_0031_0005" 6115
"/Engine/EngineMaterials/Substrate/GLints/dict_16_192_64_0p5_0p02_0031_0006" 6116
"../../../Engine/Content/EngineMaterials/Substrate/GLints/dict_16_192_64_0p5_0p02_0031_0002.uasset" 6117
"../../../Engine/Content/EngineMaterials/Substrate/GLints/dict_16_192_64_0p5_0p02_0030_0009.uasset" 6118
"../../../Engine/Content/EngineMaterials/Substrate/GLints/dict_16_192_64_0p5_0p02_0030_0011.uasset" 6119
"/Engine/EngineMaterials/Substrate/GLints/dict_16_192_64_0p5_0p02_0031_0007" 6120
"/Engine/EngineMaterials/Substrate/GLints/dict_16_192_64_0p5_0p02_0031_0008" 6121
"/Engine/EngineMaterials/Substrate/GLints/dict_16_192_64_0p5_0p02_0031_0009" 6122
"/Engine/EngineMaterials/Substrate/GLints/dict_16_192_64_0p5_0p02_0031_0011" 6123
"/Engine/EngineMaterials/Substrate/GLints/dict_16_192_64_0p5_0p02_0031_0012" 6124
"/Engine/EngineMaterials/Substrate/GLints/dict_16_192_64_0p5_0p02_0031_0013" 6125
"/Engine/EngineMaterials/Substrate/GLints/dict_16_192_64_0p5_0p02_0031_0014" 6126
"/Engine/EngineMaterials/Substrate/GLints/dict_16_192_64_0p5_0p02_0031_0015" 6127
"/Engine/EngineMaterials/Substrate/GLints/dict_16_192_64_0p5_0p02_0032_0007" 6128
"/Engine/EngineMaterials/Substrate/GLints/dict_16_192_64_0p5_0p02_0032_0008" 6129
"/Engine/EngineMaterials/Substrate/GLints/dict_16_192_64_0p5_0p02_0030_0013" 6130
"/Engine/EngineMaterials/Substrate/GLints/dict_16_192_64_0p5_0p02_0030_0014" 6131
"../../../Engine/Content/EngineMaterials/Substrate/GLints/dict_16_192_64_0p5_0p02_0030_0005.uasset" 6132
"../../../Engine/Content/EngineMaterials/Substrate/GLints/dict_16_192_64_0p5_0p02_0030_0007.uasset" 6133
"../../../Engine/Content/EngineMaterials/Substrate/GLints/dict_16_192_64_0p5_0p02_0030_0006.uasset" 6134
"../../../Engine/Content/EngineMaterials/Substrate/GLints/dict_16_192_64_0p5_0p02_0031_0004.uasset" 6135
"../../../Engine/Content/EngineMaterials/Substrate/GLints/dict_16_192_64_0p5_0p02_0030_0010.uasset" 6136
"../../../Engine/Content/EngineMaterials/Substrate/GLints/dict_16_192_64_0p5_0p02_0030_0001.uasset" 6137
"../../../Engine/Content/EngineMaterials/Substrate/GLints/dict_16_192_64_0p5_0p02_0030_0000.uasset" 6138
"../../../Engine/Content/EngineMaterials/Substrate/GLints/dict_16_192_64_0p5_0p02_0030_0002.uasset" 6139
"../../../Engine/Content/EngineMaterials/Substrate/GLints/dict_16_192_64_0p5_0p02_0030_0003.uasset" 6140
"../../../Engine/Content/EngineMaterials/Substrate/GLints/dict_16_192_64_0p5_0p02_0029_0015.uasset" 6141
"../../../Engine/Content/EngineMaterials/Substrate/GLints/dict_16_192_64_0p5_0p02_0030_0008.uasset" 6142
"/Engine/EngineMaterials/Substrate/GLints/dict_16_192_64_0p5_0p02_0030_0015" 6143
"/Engine/EngineMaterials/Substrate/GLints/dict_16_192_64_0p5_0p02_0031_0000" 6144
"/Engine/EngineMaterials/Substrate/GLints/dict_16_192_64_0p5_0p02_0031_0001" 6145
"/Engine/EngineMaterials/Substrate/GLints/dict_16_192_64_0p5_0p02_0031_0002" 6146
"/Engine/EngineMaterials/Substrate/GLints/dict_16_192_64_0p5_0p02_0031_0010" 6147
"../../../Engine/Content/EngineMaterials/Substrate/GLints/dict_16_192_64_0p5_0p02_0029_0014.uasset" 6148
"../../../Engine/Content/EngineMaterials/Substrate/GLints/dict_16_192_64_0p5_0p02_0029_0012.uasset" 6149
"../../../Engine/Content/EngineMaterials/Substrate/GLints/dict_16_192_64_0p5_0p02_0030_0012.uasset" 6150
"/Engine/EngineMaterials/Substrate/GLints/dict_16_192_64_0p5_0p02_0030_0009" 6151
"/Engine/EngineMaterials/Substrate/GLints/dict_16_192_64_0p5_0p02_0030_0011" 6152
"../../../Engine/Content/EngineMaterials/Substrate/GLints/dict_16_192_64_0p5_0p02_0030_0004.uasset" 6153
"/Engine/EngineMaterials/Substrate/GLints/dict_16_192_64_0p5_0p02_0031_0003" 6154
"/Engine/EngineMaterials/Substrate/GLints/dict_16_192_64_0p5_0p02_0030_0005" 6155
"../../../Engine/Content/EngineMaterials/Substrate/GLints/dict_16_192_64_0p5_0p02_0029_0008.uasset" 6156
"../../../Engine/Content/EngineMaterials/Substrate/GLints/dict_16_192_64_0p5_0p02_0029_0007.uasset" 6157
"../../../Engine/Content/EngineMaterials/Substrate/GLints/dict_16_192_64_0p5_0p02_0029_0010.uasset" 6158
"../../../Engine/Content/EngineMaterials/Substrate/GLints/dict_16_192_64_0p5_0p02_0029_0009.uasset" 6159
"/Engine/EngineMaterials/Substrate/GLints/dict_16_192_64_0p5_0p02_0030_0006" 6160
"/Engine/EngineMaterials/Substrate/GLints/dict_16_192_64_0p5_0p02_0030_0007" 6161
"/Engine/EngineMaterials/Substrate/GLints/dict_16_192_64_0p5_0p02_0030_0012" 6162
"/Engine/EngineMaterials/Substrate/GLints/dict_16_192_64_0p5_0p02_0029_0012" 6163
"/Engine/EngineMaterials/Substrate/GLints/dict_16_192_64_0p5_0p02_0029_0014" 6164
"/Engine/EngineMaterials/Substrate/GLints/dict_16_192_64_0p5_0p02_0030_0008" 6165
"/Engine/EngineMaterials/Substrate/GLints/dict_16_192_64_0p5_0p02_0029_0015" 6166
"/Engine/EngineMaterials/Substrate/GLints/dict_16_192_64_0p5_0p02_0030_0000" 6167
"/Engine/EngineMaterials/Substrate/GLints/dict_16_192_64_0p5_0p02_0030_0001" 6168
"../../../Engine/Content/EngineMaterials/Substrate/GLints/dict_16_192_64_0p5_0p02_0029_0001.uasset" 6169
"../../../Engine/Content/EngineMaterials/Substrate/GLints/dict_16_192_64_0p5_0p02_0029_0005.uasset" 6170
"../../../Engine/Content/EngineMaterials/Substrate/GLints/dict_16_192_64_0p5_0p02_0029_0002.uasset" 6171
"../../../Engine/Content/EngineMaterials/Substrate/GLints/dict_16_192_64_0p5_0p02_0029_0004.uasset" 6172
"../../../Engine/Content/EngineMaterials/Substrate/GLints/dict_16_192_64_0p5_0p02_0029_0006.uasset" 6173
"../../../Engine/Content/EngineMaterials/Substrate/GLints/dict_16_192_64_0p5_0p02_0029_0003.uasset" 6174
"../../../Engine/Content/EngineMaterials/Substrate/GLints/dict_16_192_64_0p5_0p02_0029_0013.uasset" 6175
"/Engine/EngineMaterials/Substrate/GLints/dict_16_192_64_0p5_0p02_0030_0010" 6176
"/Engine/EngineMaterials/Substrate/GLints/dict_16_192_64_0p5_0p02_0030_0002" 6177
"/Engine/EngineMaterials/Substrate/GLints/dict_16_192_64_0p5_0p02_0030_0003" 6178
"/Engine/EngineMaterials/Substrate/GLints/dict_16_192_64_0p5_0p02_0030_0004" 6179
"/Engine/EngineMaterials/Substrate/GLints/dict_16_192_64_0p5_0p02_0031_0004" 6180
"../../../Engine/Content/EngineMaterials/Substrate/GLints/dict_16_192_64_0p5_0p02_0029_0000.uasset" 6181
"/Engine/EngineMaterials/Substrate/GLints/dict_16_192_64_0p5_0p02_0029_0007" 6182
"../../../Engine/Content/EngineMaterials/Substrate/GLints/dict_16_192_64_0p5_0p02_0028_0014.uasset" 6183
"/Engine/EngineMaterials/Substrate/GLints/dict_16_192_64_0p5_0p02_0029_0001" 6184
"/Engine/EngineMaterials/Substrate/GLints/dict_16_192_64_0p5_0p02_0029_0008" 6185
"/Engine/EngineMaterials/Substrate/GLints/dict_16_192_64_0p5_0p02_0029_0009" 6186
"/Engine/EngineMaterials/Substrate/GLints/dict_16_192_64_0p5_0p02_0029_0010" 6187
"../../../Engine/Content/EngineMaterials/Substrate/GLints/dict_16_192_64_0p5_0p02_0028_0015.uasset" 6188
"/Engine/EngineMaterials/Substrate/GLints/dict_16_192_64_0p5_0p02_0029_0013" 6189
"/Engine/EngineMaterials/Substrate/GLints/dict_16_192_64_0p5_0p02_0029_0002" 6190
"/Engine/EngineMaterials/Substrate/GLints/dict_16_192_64_0p5_0p02_0029_0003" 6191
"/Engine/EngineMaterials/Substrate/GLints/dict_16_192_64_0p5_0p02_0029_0004" 6192
"/Engine/EngineMaterials/Substrate/GLints/dict_16_192_64_0p5_0p02_0029_0005" 6193
"/Engine/EngineMaterials/Substrate/GLints/dict_16_192_64_0p5_0p02_0029_0006" 6194
"/Engine/EngineMaterials/Substrate/GLints/dict_16_192_64_0p5_0p02_0028_0014" 6195
"/Engine/EngineMaterials/Substrate/GLints/dict_16_192_64_0p5_0p02_0028_0015" 6196
"/Engine/EngineMaterials/Substrate/GLints/dict_16_192_64_0p5_0p02_0029_0000" 6197
"../../../Engine/Content/EngineMaterials/Substrate/GLints/dict_16_192_64_0p5_0p02_0028_0008.uasset" 6198
"../../../Engine/Content/EngineMaterials/Substrate/GLints/dict_16_192_64_0p5_0p02_0028_0006.uasset" 6199
"../../../Engine/Content/EngineMaterials/Substrate/GLints/dict_16_192_64_0p5_0p02_0028_0013.uasset" 6200
"../../../Engine/Content/EngineMaterials/Substrate/GLints/dict_16_192_64_0p5_0p02_0028_0005.uasset" 6201
"../../../Engine/Content/EngineMaterials/Substrate/GLints/dict_16_192_64_0p5_0p02_0028_0003.uasset" 6202
"../../../Engine/Content/EngineMaterials/Substrate/GLints/dict_16_192_64_0p5_0p02_0028_0010.uasset" 6203
"../../../Engine/Content/EngineMaterials/Substrate/GLints/dict_16_192_64_0p5_0p02_0028_0004.uasset" 6204
"../../../Engine/Content/EngineMaterials/Substrate/GLints/dict_16_192_64_0p5_0p02_0028_0012.uasset" 6205
"../../../Engine/Content/EngineMaterials/Substrate/GLints/dict_16_192_64_0p5_0p02_0033_0015.uasset" 6206
"../../../Engine/Content/EngineMaterials/Substrate/GLints/dict_16_192_64_0p5_0p02_0029_0011.uasset" 6207
"/Engine/EngineMaterials/Substrate/GLints/dict_16_192_64_0p5_0p02_0028_0013" 6208
"/Engine/EngineMaterials/Substrate/GLints/dict_16_192_64_0p5_0p02_0028_0003" 6209
"/Engine/EngineMaterials/Substrate/GLints/dict_16_192_64_0p5_0p02_0028_0004" 6210
"/Engine/EngineMaterials/Substrate/GLints/dict_16_192_64_0p5_0p02_0028_0005" 6211
"/Engine/EngineMaterials/Substrate/GLints/dict_16_192_64_0p5_0p02_0028_0006" 6212
"/Engine/EngineMaterials/Substrate/GLints/dict_16_192_64_0p5_0p02_0028_0008" 6213
"/Engine/EngineMaterials/Substrate/GLints/dict_16_192_64_0p5_0p02_0033_0015" 6214
"/Engine/EngineMaterials/Substrate/GLints/dict_16_192_64_0p5_0p02_0028_0010" 6215
"/Engine/EngineMaterials/Substrate/GLints/dict_16_192_64_0p5_0p02_0028_0012" 6216
"/Engine/EngineMaterials/Substrate/GLints/dict_16_192_64_0p5_0p02_0029_0011" 6217
"../../../Engine/Content/EngineMaterials/Substrate/GLints/dict_16_192_64_0p5_0p02_0028_0009.uasset" 6218
"../../../Engine/Content/EngineMaterials/Substrate/GLints/dict_16_192_64_0p5_0p02_0028_0011.uasset" 6219
"../../../Engine/Content/EngineMaterials/Substrate/GLints/dict_16_192_64_0p5_0p02_0027_0010.uasset" 6220
"../../../Engine/Content/EngineMaterials/Substrate/GLints/dict_16_192_64_0p5_0p02_0028_0002.uasset" 6221
"../../../Engine/Content/EngineMaterials/Substrate/GLints/dict_16_192_64_0p5_0p02_0027_0014.uasset" 6222
"../../../Engine/Content/EngineMaterials/Substrate/GLints/dict_16_192_64_0p5_0p02_0028_0007.uasset" 6223
"../../../Engine/Content/EngineMaterials/Substrate/GLints/dict_16_192_64_0p5_0p02_0027_0015.uasset" 6224
"../../../Engine/Content/EngineMaterials/Substrate/GLints/dict_16_192_64_0p5_0p02_0028_0001.uasset" 6225
"../../../Engine/Content/EngineMaterials/Substrate/GLints/dict_16_192_64_0p5_0p02_0027_0013.uasset" 6226
"../../../Engine/Content/EngineMaterials/Substrate/GLints/dict_16_192_64_0p5_0p02_0027_0011.uasset" 6227
"../../../Engine/Content/EngineMaterials/Substrate/GLints/dict_16_192_64_0p5_0p02_0028_0000.uasset" 6228
"../../../Engine/Content/EngineMaterials/Substrate/GLints/dict_16_192_64_0p5_0p02_0027_0012.uasset" 6229
"../../../Engine/Content/EngineMaterials/Substrate/GLints/dict_16_192_64_0p5_0p02_0027_0008.uasset" 6230
"../../../Engine/Content/EngineMaterials/Substrate/GLints/dict_16_192_64_0p5_0p02_0027_0009.uasset" 6231
"../../../Engine/Content/EngineMaterials/Substrate/GLints/dict_16_192_64_0p5_0p02_0027_0002.uasset" 6232
"../../../Engine/Content/EngineMaterials/Substrate/GLints/dict_16_192_64_0p5_0p02_0027_0001.uasset" 6233
"../../../Engine/Content/EngineMaterials/Substrate/GLints/dict_16_192_64_0p5_0p02_0027_0006.uasset" 6234
"../../../Engine/Content/EngineMaterials/Substrate/GLints/dict_16_192_64_0p5_0p02_0027_0003.uasset" 6235
"../../../Engine/Content/EngineMaterials/Substrate/GLints/dict_16_192_64_0p5_0p02_0027_0005.uasset" 6236
"/Engine/EngineMaterials/Substrate/GLints/dict_16_192_64_0p5_0p02_0027_0014" 6237
"../../../Engine/Content/EngineMaterials/Substrate/GLints/dict_16_192_64_0p5_0p02_0027_0004.uasset" 6238
"../../../Engine/Content/EngineMaterials/Substrate/GLints/dict_16_192_64_0p5_0p02_0027_0007.uasset" 6239
"/Engine/EngineMaterials/Substrate/GLints/dict_16_192_64_0p5_0p02_0027_0015" 6240
"/Engine/EngineMaterials/Substrate/GLints/dict_16_192_64_0p5_0p02_0028_0000" 6241
"/Engine/EngineMaterials/Substrate/GLints/dict_16_192_64_0p5_0p02_0028_0001" 6242
"/Engine/EngineMaterials/Substrate/GLints/dict_16_192_64_0p5_0p02_0028_0002" 6243
"/Engine/EngineMaterials/Substrate/GLints/dict_16_192_64_0p5_0p02_0027_0008" 6244
"/Engine/EngineMaterials/Substrate/GLints/dict_16_192_64_0p5_0p02_0027_0009" 6245
"/Engine/EngineMaterials/Substrate/GLints/dict_16_192_64_0p5_0p02_0027_0010" 6246
"/Engine/EngineMaterials/Substrate/GLints/dict_16_192_64_0p5_0p02_0027_0011" 6247
"/Engine/EngineMaterials/Substrate/GLints/dict_16_192_64_0p5_0p02_0028_0007" 6248
"/Engine/EngineMaterials/Substrate/GLints/dict_16_192_64_0p5_0p02_0028_0009" 6249
"/Engine/EngineMaterials/Substrate/GLints/dict_16_192_64_0p5_0p02_0027_0012" 6250
"/Engine/EngineMaterials/Substrate/GLints/dict_16_192_64_0p5_0p02_0028_0011" 6251
"/Engine/EngineMaterials/Substrate/GLints/dict_16_192_64_0p5_0p02_0027_0013" 6252
"../../../Engine/Content/EngineMaterials/Substrate/GLints/dict_16_192_64_0p5_0p02_0027_0000.uasset" 6253
"../../../Engine/Content/EngineMaterials/Substrate/GLints/dict_16_192_64_0p5_0p02_0026_0015.uasset" 6254
"/Engine/EngineMaterials/Substrate/GLints/dict_16_192_64_0p5_0p02_0027_0000" 6255
"/Engine/EngineMaterials/Substrate/GLints/dict_16_192_64_0p5_0p02_0027_0001" 6256
"/Engine/EngineMaterials/Substrate/GLints/dict_16_192_64_0p5_0p02_0027_0002" 6257
"/Engine/EngineMaterials/Substrate/GLints/dict_16_192_64_0p5_0p02_0027_0003" 6258
"../../../Engine/Content/EngineMaterials/Substrate/GLints/dict_16_192_64_0p5_0p02_0026_0014.uasset" 6259
"/Engine/EngineMaterials/Substrate/GLints/dict_16_192_64_0p5_0p02_0027_0004" 6260
"/Engine/EngineMaterials/Substrate/GLints/dict_16_192_64_0p5_0p02_0027_0005" 6261
"/Engine/EngineMaterials/Substrate/GLints/dict_16_192_64_0p5_0p02_0027_0006" 6262
"/Engine/EngineMaterials/Substrate/GLints/dict_16_192_64_0p5_0p02_0027_0007" 6263
"/Engine/EngineMaterials/Substrate/GLints/dict_16_192_64_0p5_0p02_0026_0015" 6264
"/Engine/EngineMaterials/Substrate/GLints/dict_16_192_64_0p5_0p02_0026_0014" 6265
"../../../Engine/Content/EngineMaterials/Substrate/GLints/dict_16_192_64_0p5_0p02_0026_0012.uasset" 6266
"../../../Engine/Content/EngineMaterials/Substrate/GLints/dict_16_192_64_0p5_0p02_0026_0010.uasset" 6267
"../../../Engine/Content/EngineMaterials/Substrate/GLints/dict_16_192_64_0p5_0p02_0026_0011.uasset" 6268
"../../../Engine/Content/EngineMaterials/Substrate/GLints/dict_16_192_64_0p5_0p02_0026_0009.uasset" 6269
"../../../Engine/Content/EngineMaterials/Substrate/GLints/dict_16_192_64_0p5_0p02_0026_0008.uasset" 6270
"../../../Engine/Content/EngineMaterials/Substrate/GLints/dict_16_192_64_0p5_0p02_0026_0006.uasset" 6271
"../../../Engine/Content/EngineMaterials/Substrate/GLints/dict_16_192_64_0p5_0p02_0026_0007.uasset" 6272
"../../../Engine/Content/EngineMaterials/Substrate/GLints/dict_16_192_64_0p5_0p02_0026_0013.uasset" 6273
"../../../Engine/Content/EngineMaterials/Substrate/GLints/dict_16_192_64_0p5_0p02_0026_0003.uasset" 6274
"../../../Engine/Content/EngineMaterials/Substrate/GLints/dict_16_192_64_0p5_0p02_0026_0004.uasset" 6275
"../../../Engine/Content/EngineMaterials/Substrate/GLints/dict_16_192_64_0p5_0p02_0026_0005.uasset" 6276
"../../../Engine/Content/EngineMaterials/Substrate/GLints/dict_16_192_64_0p5_0p02_0026_0002.uasset" 6277
"../../../Engine/Content/EngineMaterials/Substrate/GLints/dict_16_192_64_0p5_0p02_0026_0001.uasset" 6278
"../../../Engine/Content/EngineMaterials/Substrate/GLints/dict_16_192_64_0p5_0p02_0025_0015.uasset" 6279
"../../../Engine/Content/EngineMaterials/Substrate/GLints/dict_16_192_64_0p5_0p02_0025_0014.uasset" 6280
"../../../Engine/Content/EngineMaterials/Substrate/GLints/dict_16_192_64_0p5_0p02_0025_0013.uasset" 6281
"../../../Engine/Content/EngineMaterials/Substrate/GLints/dict_16_192_64_0p5_0p02_0026_0000.uasset" 6282
"../../../Engine/Content/EngineMaterials/Substrate/GLints/dict_16_192_64_0p5_0p02_0025_0009.uasset" 6283
"/Engine/EngineMaterials/Substrate/GLints/dict_16_192_64_0p5_0p02_0026_0007" 6284
"../../../Engine/Content/EngineMaterials/Substrate/GLints/dict_16_192_64_0p5_0p02_0025_0011.uasset" 6285
"../../../Engine/Content/EngineMaterials/Substrate/GLints/dict_16_192_64_0p5_0p02_0025_0012.uasset" 6286
"/Engine/EngineMaterials/Substrate/GLints/dict_16_192_64_0p5_0p02_0026_0006" 6287
"/Engine/EngineMaterials/Substrate/GLints/dict_16_192_64_0p5_0p02_0025_0013" 6288
"/Engine/EngineMaterials/Substrate/GLints/dict_16_192_64_0p5_0p02_0025_0014" 6289
"/Engine/EngineMaterials/Substrate/GLints/dict_16_192_64_0p5_0p02_0025_0015" 6290
"/Engine/EngineMaterials/Substrate/GLints/dict_16_192_64_0p5_0p02_0026_0008" 6291
"/Engine/EngineMaterials/Substrate/GLints/dict_16_192_64_0p5_0p02_0026_0009" 6292
"/Engine/EngineMaterials/Substrate/GLints/dict_16_192_64_0p5_0p02_0026_0010" 6293
"/Engine/EngineMaterials/Substrate/GLints/dict_16_192_64_0p5_0p02_0026_0011" 6294
"../../../Engine/Content/EngineMaterials/Substrate/GLints/dict_16_192_64_0p5_0p02_0025_0010.uasset" 6295
"/Engine/EngineMaterials/Substrate/GLints/dict_16_192_64_0p5_0p02_0026_0000" 6296
"/Engine/EngineMaterials/Substrate/GLints/dict_16_192_64_0p5_0p02_0026_0001" 6297
"../../../Engine/Content/EngineMaterials/Substrate/GLints/dict_16_192_64_0p5_0p02_0025_0006.uasset" 6298
"../../../Engine/Content/EngineMaterials/Substrate/GLints/dict_16_192_64_0p5_0p02_0025_0007.uasset" 6299
"../../../Engine/Content/EngineMaterials/Substrate/GLints/dict_16_192_64_0p5_0p02_0025_0005.uasset" 6300
"../../../Engine/Content/EngineMaterials/Substrate/GLints/dict_16_192_64_0p5_0p02_0025_0008.uasset" 6301
"/Engine/EngineMaterials/Substrate/GLints/dict_16_192_64_0p5_0p02_0026_0012" 6302
"/Engine/EngineMaterials/Substrate/GLints/dict_16_192_64_0p5_0p02_0026_0002" 6303
"/Engine/EngineMaterials/Substrate/GLints/dict_16_192_64_0p5_0p02_0026_0013" 6304
"/Engine/EngineMaterials/Substrate/GLints/dict_16_192_64_0p5_0p02_0026_0003" 6305
"/Engine/EngineMaterials/Substrate/GLints/dict_16_192_64_0p5_0p02_0026_0004" 6306
"../../../Engine/Content/EngineMaterials/Substrate/GLints/dict_16_192_64_0p5_0p02_0025_0004.uasset" 6307
"/Engine/EngineMaterials/Substrate/GLints/dict_16_192_64_0p5_0p02_0026_0005" 6308
"/Engine/EngineMaterials/Substrate/GLints/dict_16_192_64_0p5_0p02_0025_0008" 6309
"/Engine/EngineMaterials/Substrate/GLints/dict_16_192_64_0p5_0p02_0025_0009" 6310
"../../../Engine/Content/EngineMaterials/Substrate/GLints/dict_16_192_64_0p5_0p02_0025_0002.uasset" 6311
"../../../Engine/Content/EngineMaterials/Substrate/GLints/dict_16_192_64_0p5_0p02_0024_0015.uasset" 6312
"../../../Engine/Content/EngineMaterials/Substrate/GLints/dict_16_192_64_0p5_0p02_0025_0001.uasset" 6313
"../../../Engine/Content/EngineMaterials/Substrate/GLints/dict_16_192_64_0p5_0p02_0025_0003.uasset" 6314
"../../../Engine/Content/EngineMaterials/Substrate/GLints/dict_16_192_64_0p5_0p02_0025_0000.uasset" 6315
"/Engine/EngineMaterials/Substrate/GLints/dict_16_192_64_0p5_0p02_0025_0010" 6316
"/Engine/EngineMaterials/Substrate/GLints/dict_16_192_64_0p5_0p02_0025_0011" 6317
"/Engine/EngineMaterials/Substrate/GLints/dict_16_192_64_0p5_0p02_0025_0004" 6318
"/Engine/EngineMaterials/Substrate/GLints/dict_16_192_64_0p5_0p02_0025_0005" 6319
"/Engine/EngineMaterials/Substrate/GLints/dict_16_192_64_0p5_0p02_0025_0006" 6320
"/Engine/EngineMaterials/Substrate/GLints/dict_16_192_64_0p5_0p02_0025_0012" 6321
"/Engine/EngineMaterials/Substrate/GLints/dict_16_192_64_0p5_0p02_0025_0007" 6322
"/Engine/EngineMaterials/Substrate/GLints/dict_16_192_64_0p5_0p02_0024_0015" 6323
"/Engine/EngineMaterials/Substrate/GLints/dict_16_192_64_0p5_0p02_0025_0000" 6324
"/Engine/EngineMaterials/Substrate/GLints/dict_16_192_64_0p5_0p02_0025_0001" 6325
"/Engine/EngineMaterials/Substrate/GLints/dict_16_192_64_0p5_0p02_0025_0002" 6326
"/Engine/EngineMaterials/Substrate/GLints/dict_16_192_64_0p5_0p02_0025_0003" 6327
"../../../Engine/Content/EngineMaterials/Substrate/GLints/dict_16_192_64_0p5_0p02_0024_0014.uasset" 6328
"../../../Engine/Content/EngineMaterials/Substrate/GLints/dict_16_192_64_0p5_0p02_0024_0011.uasset" 6329
"../../../Engine/Content/EngineMaterials/Substrate/GLints/dict_16_192_64_0p5_0p02_0024_0012.uasset" 6330
"../../../Engine/Content/EngineMaterials/Substrate/GLints/dict_16_192_64_0p5_0p02_0024_0010.uasset" 6331
"../../../Engine/Content/EngineMaterials/Substrate/GLints/dict_16_192_64_0p5_0p02_0024_0008.uasset" 6332
"../../../Engine/Content/EngineMaterials/Substrate/GLints/dict_16_192_64_0p5_0p02_0024_0006.uasset" 6333
"../../../Engine/Content/EngineMaterials/Substrate/GLints/dict_16_192_64_0p5_0p02_0024_0007.uasset" 6334
"../../../Engine/Content/EngineMaterials/Substrate/GLints/dict_16_192_64_0p5_0p02_0024_0009.uasset" 6335
"../../../Engine/Content/EngineMaterials/Substrate/GLints/dict_16_192_64_0p5_0p02_0024_0003.uasset" 6336
"../../../Engine/Content/EngineMaterials/Substrate/GLints/dict_16_192_64_0p5_0p02_0024_0005.uasset" 6337
"../../../Engine/Content/EngineMaterials/Substrate/GLints/dict_16_192_64_0p5_0p02_0024_0013.uasset" 6338
"../../../Engine/Content/EngineMaterials/Substrate/GLints/dict_16_192_64_0p5_0p02_0024_0002.uasset" 6339
"../../../Engine/Content/EngineMaterials/Substrate/GLints/dict_16_192_64_0p5_0p02_0024_0000.uasset" 6340
"/Engine/EngineMaterials/Substrate/GLints/dict_16_192_64_0p5_0p02_0024_0003" 6341
"/Engine/EngineMaterials/Substrate/GLints/dict_16_192_64_0p5_0p02_0024_0005" 6342
"../../../Engine/Content/EngineMaterials/Substrate/GLints/dict_16_192_64_0p5_0p02_0024_0001.uasset" 6343
"/Engine/EngineMaterials/Substrate/GLints/dict_16_192_64_0p5_0p02_0024_0006" 6344
"/Engine/EngineMaterials/Substrate/GLints/dict_16_192_64_0p5_0p02_0024_0007" 6345
"/Engine/EngineMaterials/Substrate/GLints/dict_16_192_64_0p5_0p02_0024_0008" 6346
"/Engine/EngineMaterials/Substrate/GLints/dict_16_192_64_0p5_0p02_0024_0009" 6347
"/Engine/EngineMaterials/Substrate/GLints/dict_16_192_64_0p5_0p02_0024_0010" 6348
"/Engine/EngineMaterials/Substrate/GLints/dict_16_192_64_0p5_0p02_0024_0011" 6349
"/Engine/EngineMaterials/Substrate/GLints/dict_16_192_64_0p5_0p02_0024_0014" 6350
"/Engine/EngineMaterials/Substrate/GLints/dict_16_192_64_0p5_0p02_0024_0012" 6351
"../../../Engine/Content/EngineMaterials/Substrate/GLints/dict_16_192_64_0p5_0p02_0023_0010.uasset" 6352
"../../../Engine/Content/EngineMaterials/Substrate/GLints/dict_16_192_64_0p5_0p02_0023_0014.uasset" 6353
"../../../Engine/Content/EngineMaterials/Substrate/GLints/dict_16_192_64_0p5_0p02_0023_0009.uasset" 6354
"../../../Engine/Content/EngineMaterials/Substrate/GLints/dict_16_192_64_0p5_0p02_0023_0015.uasset" 6355
"../../../Engine/Content/EngineMaterials/Substrate/GLints/dict_16_192_64_0p5_0p02_0023_0013.uasset" 6356
"../../../Engine/Content/EngineMaterials/Substrate/GLints/dict_16_192_64_0p5_0p02_0023_0011.uasset" 6357
"../../../Engine/Content/EngineMaterials/Substrate/GLints/dict_16_192_64_0p5_0p02_0023_0012.uasset" 6358
"/Engine/EngineMaterials/Substrate/GLints/dict_16_192_64_0p5_0p02_0024_0013" 6359
"/Engine/EngineMaterials/Substrate/GLints/dict_16_192_64_0p5_0p02_0023_0013" 6360
"/Engine/EngineMaterials/Substrate/GLints/dict_16_192_64_0p5_0p02_0023_0009" 6361
"/Engine/EngineMaterials/Substrate/GLints/dict_16_192_64_0p5_0p02_0023_0010" 6362
"/Engine/EngineMaterials/Substrate/GLints/dict_16_192_64_0p5_0p02_0023_0014" 6363
"../../../Engine/Content/EngineMaterials/Substrate/GLints/dict_16_192_64_0p5_0p02_0024_0004.uasset" 6364
"/Engine/EngineMaterials/Substrate/GLints/dict_16_192_64_0p5_0p02_0023_0011" 6365
"/Engine/EngineMaterials/Substrate/GLints/dict_16_192_64_0p5_0p02_0023_0015" 6366
"../../../Engine/Content/EngineMaterials/Substrate/GLints/dict_16_192_64_0p5_0p02_0023_0008.uasset" 6367
"/Engine/EngineMaterials/Substrate/GLints/dict_16_192_64_0p5_0p02_0024_0000" 6368
"/Engine/EngineMaterials/Substrate/GLints/dict_16_192_64_0p5_0p02_0024_0001" 6369
"/Engine/EngineMaterials/Substrate/GLints/dict_16_192_64_0p5_0p02_0024_0002" 6370
"../../../Engine/Content/EngineMaterials/Substrate/GLints/dict_16_192_64_0p5_0p02_0023_0006.uasset" 6371
"../../../Engine/Content/EngineMaterials/Substrate/GLints/dict_16_192_64_0p5_0p02_0023_0007.uasset" 6372
"/Engine/EngineMaterials/Substrate/GLints/dict_16_192_64_0p5_0p02_0023_0012" 6373
"/Engine/EngineMaterials/Substrate/GLints/dict_16_192_64_0p5_0p02_0023_0006" 6374
"../../../Engine/Content/EngineMaterials/Substrate/GLints/dict_16_192_64_0p5_0p02_0022_0014.uasset" 6375
"../../../Engine/Content/EngineMaterials/Substrate/GLints/dict_16_192_64_0p5_0p02_0023_0000.uasset" 6376
"../../../Engine/Content/EngineMaterials/Substrate/GLints/dict_16_192_64_0p5_0p02_0022_0015.uasset" 6377
"../../../Engine/Content/EngineMaterials/Substrate/GLints/dict_16_192_64_0p5_0p02_0022_0012.uasset" 6378
"../../../Engine/Content/EngineMaterials/Substrate/GLints/dict_16_192_64_0p5_0p02_0022_0013.uasset" 6379
"../../../Engine/Content/EngineMaterials/Substrate/GLints/dict_16_192_64_0p5_0p02_0023_0001.uasset" 6380
"../../../Engine/Content/EngineMaterials/Substrate/GLints/dict_16_192_64_0p5_0p02_0023_0002.uasset" 6381
"../../../Engine/Content/EngineMaterials/Substrate/GLints/dict_16_192_64_0p5_0p02_0023_0005.uasset" 6382
"../../../Engine/Content/EngineMaterials/Substrate/GLints/dict_16_192_64_0p5_0p02_0023_0004.uasset" 6383
"/Engine/EngineMaterials/Substrate/GLints/dict_16_192_64_0p5_0p02_0023_0007" 6384
"/Engine/EngineMaterials/Substrate/GLints/dict_16_192_64_0p5_0p02_0023_0008" 6385
"/Engine/EngineMaterials/Substrate/GLints/dict_16_192_64_0p5_0p02_0024_0004" 6386
"/Engine/EngineMaterials/Substrate/GLints/dict_16_192_64_0p5_0p02_0023_0004" 6387
"../../../Engine/Content/EngineMaterials/Substrate/GLints/dict_16_192_64_0p5_0p02_0022_0010.uasset" 6388
"../../../Engine/Content/EngineMaterials/Substrate/GLints/dict_16_192_64_0p5_0p02_0023_0003.uasset" 6389
"../../../Engine/Content/EngineMaterials/Substrate/GLints/dict_16_192_64_0p5_0p02_0022_0011.uasset" 6390
"/Engine/EngineMaterials/Substrate/GLints/dict_16_192_64_0p5_0p02_0023_0005" 6391
"/Engine/EngineMaterials/Substrate/GLints/dict_16_192_64_0p5_0p02_0022_0015" 6392
"/Engine/EngineMaterials/Substrate/GLints/dict_16_192_64_0p5_0p02_0023_0000" 6393
"/Engine/EngineMaterials/Substrate/GLints/dict_16_192_64_0p5_0p02_0023_0001" 6394
"/Engine/EngineMaterials/Substrate/GLints/dict_16_192_64_0p5_0p02_0023_0002" 6395
"/Engine/EngineMaterials/Substrate/GLints/dict_16_192_64_0p5_0p02_0022_0012" 6396
"/Engine/EngineMaterials/Substrate/GLints/dict_16_192_64_0p5_0p02_0022_0013" 6397
"../../../Engine/Content/EngineMaterials/Substrate/GLints/dict_16_192_64_0p5_0p02_0022_0001.uasset" 6398
"../../../Engine/Content/EngineMaterials/Substrate/GLints/dict_16_192_64_0p5_0p02_0022_0006.uasset" 6399
"../../../Engine/Content/EngineMaterials/Substrate/GLints/dict_16_192_64_0p5_0p02_0022_0004.uasset" 6400
"../../../Engine/Content/EngineMaterials/Substrate/GLints/dict_16_192_64_0p5_0p02_0022_0003.uasset" 6401
"../../../Engine/Content/EngineMaterials/Substrate/GLints/dict_16_192_64_0p5_0p02_0022_0002.uasset" 6402
"../../../Engine/Content/EngineMaterials/Substrate/GLints/dict_16_192_64_0p5_0p02_0022_0005.uasset" 6403
"/Engine/EngineMaterials/Substrate/GLints/dict_16_192_64_0p5_0p02_0022_0014" 6404
"../../../Engine/Content/EngineMaterials/Substrate/GLints/dict_16_192_64_0p5_0p02_0022_0007.uasset" 6405
"/Engine/EngineMaterials/Substrate/GLints/dict_16_192_64_0p5_0p02_0023_0003" 6406
"/Engine/EngineMaterials/Substrate/GLints/dict_16_192_64_0p5_0p02_0022_0001" 6407
"/Engine/EngineMaterials/Substrate/GLints/dict_16_192_64_0p5_0p02_0022_0002" 6408
"/Engine/EngineMaterials/Substrate/GLints/dict_16_192_64_0p5_0p02_0022_0004" 6409
"/Engine/EngineMaterials/Substrate/GLints/dict_16_192_64_0p5_0p02_0022_0005" 6410
"../../../Engine/Content/EngineMaterials/Substrate/GLints/dict_16_192_64_0p5_0p02_0022_0000.uasset" 6411
"../../../Engine/Content/EngineMaterials/Substrate/GLints/dict_16_192_64_0p5_0p02_0022_0009.uasset" 6412
"/Engine/EngineMaterials/Substrate/GLints/dict_16_192_64_0p5_0p02_0022_0006" 6413
"/Engine/EngineMaterials/Substrate/GLints/dict_16_192_64_0p5_0p02_0022_0007" 6414
"/Engine/EngineMaterials/Substrate/GLints/dict_16_192_64_0p5_0p02_0022_0010" 6415
"/Engine/EngineMaterials/Substrate/GLints/dict_16_192_64_0p5_0p02_0022_0011" 6416
"/Engine/EngineMaterials/Substrate/GLints/dict_16_192_64_0p5_0p02_0022_0003" 6417
"/Engine/EngineMaterials/Substrate/GLints/dict_16_192_64_0p5_0p02_0022_0000" 6418
"../../../Engine/Content/EngineMaterials/Substrate/GLints/dict_16_192_64_0p5_0p02_0021_0013.uasset" 6419
"../../../Engine/Content/EngineMaterials/Substrate/GLints/dict_16_192_64_0p5_0p02_0021_0015.uasset" 6420
"../../../Engine/Content/EngineMaterials/Substrate/GLints/dict_16_192_64_0p5_0p02_0022_0008.uasset" 6421
"../../../Engine/Content/EngineMaterials/Substrate/GLints/dict_16_192_64_0p5_0p02_0021_0012.uasset" 6422
"../../../Engine/Content/EngineMaterials/Substrate/GLints/dict_16_192_64_0p5_0p02_0021_0014.uasset" 6423
"../../../Engine/Content/EngineMaterials/Substrate/GLints/dict_16_192_64_0p5_0p02_0021_0008.uasset" 6424
"../../../Engine/Content/EngineMaterials/Substrate/GLints/dict_16_192_64_0p5_0p02_0021_0005.uasset" 6425
"../../../Engine/Content/EngineMaterials/Substrate/GLints/dict_16_192_64_0p5_0p02_0021_0006.uasset" 6426
"../../../Engine/Content/EngineMaterials/Substrate/GLints/dict_16_192_64_0p5_0p02_0021_0007.uasset" 6427
"../../../Engine/Content/EngineMaterials/Substrate/GLints/dict_16_192_64_0p5_0p02_0021_0009.uasset" 6428
"../../../Engine/Content/EngineMaterials/Substrate/GLints/dict_16_192_64_0p5_0p02_0021_0011.uasset" 6429
"../../../Engine/Content/EngineMaterials/Substrate/GLints/dict_16_192_64_0p5_0p02_0021_0002.uasset" 6430
"../../../Engine/Content/EngineMaterials/Substrate/GLints/dict_16_192_64_0p5_0p02_0021_0001.uasset" 6431
"../../../Engine/Content/EngineMaterials/Substrate/GLints/dict_16_192_64_0p5_0p02_0021_0010.uasset" 6432
"../../../Engine/Content/EngineMaterials/Substrate/GLints/dict_16_192_64_0p5_0p02_0021_0000.uasset" 6433
"/Engine/EngineMaterials/Substrate/GLints/dict_16_192_64_0p5_0p02_0021_0010" 6434
"../../../Engine/Content/EngineMaterials/Substrate/GLints/dict_16_192_64_0p5_0p02_0020_0014.uasset" 6435
"/Engine/EngineMaterials/Substrate/GLints/dict_16_192_64_0p5_0p02_0021_0006" 6436
"../../../Engine/Content/EngineMaterials/Substrate/GLints/dict_16_192_64_0p5_0p02_0020_0015.uasset" 6437
"/Engine/EngineMaterials/Substrate/GLints/dict_16_192_64_0p5_0p02_0021_0000" 6438
"/Engine/EngineMaterials/Substrate/GLints/dict_16_192_64_0p5_0p02_0021_0001" 6439
"/Engine/EngineMaterials/Substrate/GLints/dict_16_192_64_0p5_0p02_0021_0002" 6440
"../../../Engine/Content/EngineMaterials/Substrate/GLints/dict_16_192_64_0p5_0p02_0021_0003.uasset" 6441
"/Engine/EngineMaterials/Substrate/GLints/dict_16_192_64_0p5_0p02_0021_0007" 6442
"/Engine/EngineMaterials/Substrate/GLints/dict_16_192_64_0p5_0p02_0021_0008" 6443
"/Engine/EngineMaterials/Substrate/GLints/dict_16_192_64_0p5_0p02_0021_0011" 6444
"/Engine/EngineMaterials/Substrate/GLints/dict_16_192_64_0p5_0p02_0021_0012" 6445
"../../../Engine/Content/EngineMaterials/Substrate/GLints/dict_16_192_64_0p5_0p02_0021_0004.uasset" 6446
"/Engine/EngineMaterials/Substrate/GLints/dict_16_192_64_0p5_0p02_0021_0013" 6447
"../../../Engine/Content/EngineMaterials/Substrate/GLints/dict_16_192_64_0p5_0p02_0020_0008.uasset" 6448
"../../../Engine/Content/EngineMaterials/Substrate/GLints/dict_16_192_64_0p5_0p02_0020_0011.uasset" 6449
"../../../Engine/Content/EngineMaterials/Substrate/GLints/dict_16_192_64_0p5_0p02_0020_0013.uasset" 6450
"../../../Engine/Content/EngineMaterials/Substrate/GLints/dict_16_192_64_0p5_0p02_0020_0012.uasset" 6451
"../../../Engine/Content/EngineMaterials/Substrate/GLints/dict_16_192_64_0p5_0p02_0020_0010.uasset" 6452
"/Engine/EngineMaterials/Substrate/GLints/dict_16_192_64_0p5_0p02_0021_0014" 6453
"/Engine/EngineMaterials/Substrate/GLints/dict_16_192_64_0p5_0p02_0021_0015" 6454
"/Engine/EngineMaterials/Substrate/GLints/dict_16_192_64_0p5_0p02_0021_0009" 6455
"/Engine/EngineMaterials/Substrate/GLints/dict_16_192_64_0p5_0p02_0022_0008" 6456
"/Engine/EngineMaterials/Substrate/GLints/dict_16_192_64_0p5_0p02_0022_0009" 6457
"/Engine/EngineMaterials/Substrate/GLints/dict_16_192_64_0p5_0p02_0021_0005" 6458
"../../../Engine/Content/EngineMaterials/Substrate/GLints/dict_16_192_64_0p5_0p02_0020_0009.uasset" 6459
"/Engine/EngineMaterials/Substrate/GLints/dict_16_192_64_0p5_0p02_0020_0013" 6460
"/Engine/EngineMaterials/Substrate/GLints/dict_16_192_64_0p5_0p02_0020_0014" 6461
"/Engine/EngineMaterials/Substrate/GLints/dict_16_192_64_0p5_0p02_0020_0015" 6462
"/Engine/EngineMaterials/Substrate/GLints/dict_16_192_64_0p5_0p02_0020_0008" 6463
"/Engine/EngineMaterials/Substrate/GLints/dict_16_192_64_0p5_0p02_0020_0009" 6464
"/Engine/EngineMaterials/Substrate/GLints/dict_16_192_64_0p5_0p02_0020_0010" 6465
"/Engine/EngineMaterials/Substrate/GLints/dict_16_192_64_0p5_0p02_0020_0011" 6466
"/Engine/EngineMaterials/Substrate/GLints/dict_16_192_64_0p5_0p02_0021_0003" 6467
"../../../Engine/Content/EngineMaterials/Substrate/GLints/dict_16_192_64_0p5_0p02_0020_0004.uasset" 6468
"../../../Engine/Content/EngineMaterials/Substrate/GLints/dict_16_192_64_0p5_0p02_0020_0005.uasset" 6469
"../../../Engine/Content/EngineMaterials/Substrate/GLints/dict_16_192_64_0p5_0p02_0020_0006.uasset" 6470
"/Engine/EngineMaterials/Substrate/GLints/dict_16_192_64_0p5_0p02_0021_0004" 6471
"/Engine/EngineMaterials/Substrate/GLints/dict_16_192_64_0p5_0p02_0020_0012" 6472
"/Engine/EngineMaterials/Substrate/GLints/dict_16_192_64_0p5_0p02_0020_0004" 6473
"/Engine/EngineMaterials/Substrate/GLints/dict_16_192_64_0p5_0p02_0020_0005" 6474
"/Engine/EngineMaterials/Substrate/GLints/dict_16_192_64_0p5_0p02_0020_0006" 6475
"../../../Engine/Content/EngineMaterials/Substrate/GLints/dict_16_192_64_0p5_0p02_0020_0002.uasset" 6476
"../../../Engine/Content/EngineMaterials/Substrate/GLints/dict_16_192_64_0p5_0p02_0020_0007.uasset" 6477
"../../../Engine/Content/EngineMaterials/Substrate/GLints/dict_16_192_64_0p5_0p02_0020_0003.uasset" 6478
"../../../Engine/Content/EngineMaterials/Substrate/GLints/dict_16_192_64_0p5_0p02_0019_0013.uasset" 6479
"../../../Engine/Content/EngineMaterials/Substrate/GLints/dict_16_192_64_0p5_0p02_0019_0014.uasset" 6480
"../../../Engine/Content/EngineMaterials/Substrate/GLints/dict_16_192_64_0p5_0p02_0020_0001.uasset" 6481
"../../../Engine/Content/EngineMaterials/Substrate/GLints/dict_16_192_64_0p5_0p02_0020_0000.uasset" 6482
"../../../Engine/Content/EngineMaterials/Substrate/GLints/dict_16_192_64_0p5_0p02_0019_0009.uasset" 6483
"../../../Engine/Content/EngineMaterials/Substrate/GLints/dict_16_192_64_0p5_0p02_0019_0015.uasset" 6484
"../../../Engine/Content/EngineMaterials/Substrate/GLints/dict_16_192_64_0p5_0p02_0019_0011.uasset" 6485
"../../../Engine/Content/EngineMaterials/Substrate/GLints/dict_16_192_64_0p5_0p02_0019_0010.uasset" 6486
"../../../Engine/Content/EngineMaterials/Substrate/GLints/dict_16_192_64_0p5_0p02_0019_0007.uasset" 6487
"../../../Engine/Content/EngineMaterials/Substrate/GLints/dict_16_192_64_0p5_0p02_0019_0012.uasset" 6488
"../../../Engine/Content/EngineMaterials/Substrate/GLints/dict_16_192_64_0p5_0p02_0019_0006.uasset" 6489
"../../../Engine/Content/EngineMaterials/Substrate/GLints/dict_16_192_64_0p5_0p02_0019_0008.uasset" 6490
"/Engine/EngineMaterials/Substrate/GLints/dict_16_192_64_0p5_0p02_0019_0006" 6491
"/Engine/EngineMaterials/Substrate/GLints/dict_16_192_64_0p5_0p02_0019_0007" 6492
"/Engine/EngineMaterials/Substrate/GLints/dict_16_192_64_0p5_0p02_0020_0003" 6493
"/Engine/EngineMaterials/Substrate/GLints/dict_16_192_64_0p5_0p02_0019_0009" 6494
"../../../Engine/Content/EngineMaterials/Substrate/GLints/dict_16_192_64_0p5_0p02_0019_0003.uasset" 6495
"../../../Engine/Content/EngineMaterials/Substrate/GLints/dict_16_192_64_0p5_0p02_0019_0002.uasset" 6496
"../../../Engine/Content/EngineMaterials/Substrate/GLints/dict_16_192_64_0p5_0p02_0019_0001.uasset" 6497
"/Engine/EngineMaterials/Substrate/GLints/dict_16_192_64_0p5_0p02_0019_0010" 6498
"../../../Engine/Content/EngineMaterials/Substrate/GLints/dict_16_192_64_0p5_0p02_0019_0004.uasset" 6499
"/Engine/EngineMaterials/Substrate/GLints/dict_16_192_64_0p5_0p02_0019_0011" 6500
"/Engine/EngineMaterials/Substrate/GLints/dict_16_192_64_0p5_0p02_0019_0012" 6501
"/Engine/EngineMaterials/Substrate/GLints/dict_16_192_64_0p5_0p02_0019_0013" 6502
"../../../Engine/Content/EngineMaterials/Substrate/GLints/dict_16_192_64_0p5_0p02_0018_0011.uasset" 6503
"../../../Engine/Content/EngineMaterials/Substrate/GLints/dict_16_192_64_0p5_0p02_0018_0014.uasset" 6504
"../../../Engine/Content/EngineMaterials/Substrate/GLints/dict_16_192_64_0p5_0p02_0019_0005.uasset" 6505
"../../../Engine/Content/EngineMaterials/Substrate/GLints/dict_16_192_64_0p5_0p02_0018_0015.uasset" 6506
"../../../Engine/Content/EngineMaterials/Substrate/GLints/dict_16_192_64_0p5_0p02_0018_0012.uasset" 6507
"../../../Engine/Content/EngineMaterials/Substrate/GLints/dict_16_192_64_0p5_0p02_0019_0000.uasset" 6508
"/Engine/EngineMaterials/Substrate/GLints/dict_16_192_64_0p5_0p02_0020_0002" 6509
"/Engine/EngineMaterials/Substrate/GLints/dict_16_192_64_0p5_0p02_0019_0014" 6510
"/Engine/EngineMaterials/Substrate/GLints/dict_16_192_64_0p5_0p02_0020_0007" 6511
"/Engine/EngineMaterials/Substrate/GLints/dict_16_192_64_0p5_0p02_0019_0015" 6512
"/Engine/EngineMaterials/Substrate/GLints/dict_16_192_64_0p5_0p02_0020_0000" 6513
"/Engine/EngineMaterials/Substrate/GLints/dict_16_192_64_0p5_0p02_0020_0001" 6514
"/Engine/EngineMaterials/Substrate/GLints/dict_16_192_64_0p5_0p02_0019_0002" 6515
"/Engine/EngineMaterials/Substrate/GLints/dict_16_192_64_0p5_0p02_0019_0003" 6516
"/Engine/EngineMaterials/Substrate/GLints/dict_16_192_64_0p5_0p02_0019_0004" 6517
"/Engine/EngineMaterials/Substrate/GLints/dict_16_192_64_0p5_0p02_0019_0005" 6518
"/Engine/EngineMaterials/Substrate/GLints/dict_16_192_64_0p5_0p02_0019_0008" 6519
"/Engine/EngineMaterials/Substrate/GLints/dict_16_192_64_0p5_0p02_0018_0011" 6520
"/Engine/EngineMaterials/Substrate/GLints/dict_16_192_64_0p5_0p02_0018_0012" 6521
"/Engine/EngineMaterials/Substrate/GLints/dict_16_192_64_0p5_0p02_0018_0014" 6522
"/Engine/EngineMaterials/Substrate/GLints/dict_16_192_64_0p5_0p02_0018_0015" 6523
"../../../Engine/Content/EngineMaterials/Substrate/GLints/dict_16_192_64_0p5_0p02_0018_0009.uasset" 6524
"../../../Engine/Content/EngineMaterials/Substrate/GLints/dict_16_192_64_0p5_0p02_0018_0008.uasset" 6525
"../../../Engine/Content/EngineMaterials/Substrate/GLints/dict_16_192_64_0p5_0p02_0018_0013.uasset" 6526
"../../../Engine/Content/EngineMaterials/Substrate/GLints/dict_16_192_64_0p5_0p02_0018_0010.uasset" 6527
"/Engine/EngineMaterials/Substrate/GLints/dict_16_192_64_0p5_0p02_0019_0000" 6528
"/Engine/EngineMaterials/Substrate/GLints/dict_16_192_64_0p5_0p02_0019_0001" 6529
"../../../Engine/Content/EngineMaterials/Substrate/GLints/dict_16_192_64_0p5_0p02_0018_0007.uasset" 6530
"/Engine/EngineMaterials/Substrate/GLints/dict_16_192_64_0p5_0p02_0018_0008" 6531
"/Engine/EngineMaterials/Substrate/GLints/dict_16_192_64_0p5_0p02_0018_0009" 6532
"/Engine/EngineMaterials/Substrate/GLints/dict_16_192_64_0p5_0p02_0018_0010" 6533
"../../../Engine/Content/EngineMaterials/Substrate/GLints/dict_16_192_64_0p5_0p02_0018_0006.uasset" 6534
"../../../Engine/Content/EngineMaterials/Substrate/GLints/dict_16_192_64_0p5_0p02_0018_0005.uasset" 6535
"/Engine/EngineMaterials/Substrate/GLints/dict_16_192_64_0p5_0p02_0018_0007" 6536
"/Engine/EngineMaterials/Substrate/GLints/dict_16_192_64_0p5_0p02_0018_0013" 6537
"../../../Engine/Content/EngineMaterials/Substrate/GLints/dict_16_192_64_0p5_0p02_0017_0014.uasset" 6538
"../../../Engine/Content/EngineMaterials/Substrate/GLints/dict_16_192_64_0p5_0p02_0018_0001.uasset" 6539
"../../../Engine/Content/EngineMaterials/Substrate/GLints/dict_16_192_64_0p5_0p02_0018_0000.uasset" 6540
"../../../Engine/Content/EngineMaterials/Substrate/GLints/dict_16_192_64_0p5_0p02_0017_0015.uasset" 6541
"../../../Engine/Content/EngineMaterials/Substrate/GLints/dict_16_192_64_0p5_0p02_0018_0004.uasset" 6542
"../../../Engine/Content/EngineMaterials/Substrate/GLints/dict_16_192_64_0p5_0p02_0018_0002.uasset" 6543
"/Engine/EngineMaterials/Substrate/GLints/dict_16_192_64_0p5_0p02_0018_0005" 6544
"../../../Engine/Content/EngineMaterials/Substrate/GLints/dict_16_192_64_0p5_0p02_0017_0012.uasset" 6545
"../../../Engine/Content/EngineMaterials/Substrate/GLints/dict_16_192_64_0p5_0p02_0017_0010.uasset" 6546
"../../../Engine/Content/EngineMaterials/Substrate/GLints/dict_16_192_64_0p5_0p02_0018_0003.uasset" 6547
"/Engine/EngineMaterials/Substrate/GLints/dict_16_192_64_0p5_0p02_0018_0006" 6548
"../../../Engine/Content/EngineMaterials/Substrate/GLints/dict_16_192_64_0p5_0p02_0017_0013.uasset" 6549
"/Engine/EngineMaterials/Substrate/GLints/dict_16_192_64_0p5_0p02_0017_0010" 6550
"../../../Engine/Content/EngineMaterials/Substrate/GLints/dict_16_192_64_0p5_0p02_0017_0009.uasset" 6551
"/Engine/EngineMaterials/Substrate/GLints/dict_16_192_64_0p5_0p02_0017_0012" 6552
"/Engine/EngineMaterials/Substrate/GLints/dict_16_192_64_0p5_0p02_0017_0013" 6553
"/Engine/EngineMaterials/Substrate/GLints/dict_16_192_64_0p5_0p02_0017_0014" 6554
"../../../Engine/Content/EngineMaterials/Substrate/GLints/dict_16_192_64_0p5_0p02_0017_0011.uasset" 6555
"/Engine/EngineMaterials/Substrate/GLints/dict_16_192_64_0p5_0p02_0017_0015" 6556
"/Engine/EngineMaterials/Substrate/GLints/dict_16_192_64_0p5_0p02_0018_0000" 6557
"/Engine/EngineMaterials/Substrate/GLints/dict_16_192_64_0p5_0p02_0018_0001" 6558
"/Engine/EngineMaterials/Substrate/GLints/dict_16_192_64_0p5_0p02_0018_0002" 6559
"/Engine/EngineMaterials/Substrate/GLints/dict_16_192_64_0p5_0p02_0018_0003" 6560
"/Engine/EngineMaterials/Substrate/GLints/dict_16_192_64_0p5_0p02_0018_0004" 6561
"../../../Engine/Content/EngineMaterials/Substrate/GLints/dict_16_192_64_0p5_0p02_0017_0008.uasset" 6562
"../../../Engine/Content/EngineMaterials/Substrate/GLints/dict_16_192_64_0p5_0p02_0017_0002.uasset" 6563
"/Engine/EngineMaterials/Substrate/GLints/dict_16_192_64_0p5_0p02_0017_0009" 6564
"../../../Engine/Content/EngineMaterials/Substrate/GLints/dict_16_192_64_0p5_0p02_0017_0005.uasset" 6565
"../../../Engine/Content/EngineMaterials/Substrate/GLints/dict_16_192_64_0p5_0p02_0017_0007.uasset" 6566
"../../../Engine/Content/EngineMaterials/Substrate/GLints/dict_16_192_64_0p5_0p02_0017_0004.uasset" 6567
"../../../Engine/Content/EngineMaterials/Substrate/GLints/dict_16_192_64_0p5_0p02_0017_0006.uasset" 6568
"/Engine/EngineMaterials/Substrate/GLints/dict_16_192_64_0p5_0p02_0017_0011" 6569
"/Engine/EngineMaterials/Substrate/GLints/dict_16_192_64_0p5_0p02_0017_0007" 6570
"../../../Engine/Content/EngineMaterials/Substrate/GLints/dict_16_192_64_0p5_0p02_0017_0003.uasset" 6571
"../../../Engine/Content/EngineMaterials/Substrate/GLints/dict_16_192_64_0p5_0p02_0017_0000.uasset" 6572
"../../../Engine/Content/EngineMaterials/Substrate/GLints/dict_16_192_64_0p5_0p02_0016_0014.uasset" 6573
"/Engine/EngineMaterials/Substrate/GLints/dict_16_192_64_0p5_0p02_0017_0008" 6574
"/Engine/EngineMaterials/Substrate/GLints/dict_16_192_64_0p5_0p02_0017_0002" 6575
"/Engine/EngineMaterials/Substrate/GLints/dict_16_192_64_0p5_0p02_0017_0004" 6576
"/Engine/EngineMaterials/Substrate/GLints/dict_16_192_64_0p5_0p02_0017_0005" 6577
"../../../Engine/Content/EngineMaterials/Substrate/GLints/dict_16_192_64_0p5_0p02_0016_0012.uasset" 6578
"/Engine/EngineMaterials/Substrate/GLints/dict_16_192_64_0p5_0p02_0017_0006" 6579
"../../../Engine/Content/EngineMaterials/Substrate/GLints/dict_16_192_64_0p5_0p02_0016_0013.uasset" 6580
"../../../Engine/Content/EngineMaterials/Substrate/GLints/dict_16_192_64_0p5_0p02_0017_0001.uasset" 6581
"/Engine/EngineMaterials/Substrate/GLints/dict_16_192_64_0p5_0p02_0016_0012" 6582
"../../../Engine/Content/EngineMaterials/Substrate/GLints/dict_16_192_64_0p5_0p02_0016_0015.uasset" 6583
"/Engine/EngineMaterials/Substrate/GLints/dict_16_192_64_0p5_0p02_0016_0014" 6584
"/Engine/EngineMaterials/Substrate/GLints/dict_16_192_64_0p5_0p02_0017_0000" 6585
"/Engine/EngineMaterials/Substrate/GLints/dict_16_192_64_0p5_0p02_0017_0001" 6586
"/Engine/EngineMaterials/Substrate/GLints/dict_16_192_64_0p5_0p02_0017_0003" 6587
"/Engine/EngineMaterials/Substrate/GLints/dict_16_192_64_0p5_0p02_0016_0013" 6588
"/Engine/EngineMaterials/Substrate/GLints/dict_16_192_64_0p5_0p02_0016_0015" 6589
"../../../Engine/Content/EngineMaterials/Substrate/GLints/dict_16_192_64_0p5_0p02_0016_0010.uasset" 6590
"../../../Engine/Content/EngineMaterials/Substrate/GLints/dict_16_192_64_0p5_0p02_0016_0011.uasset" 6591
"../../../Engine/Content/EngineMaterials/Substrate/GLints/dict_16_192_64_0p5_0p02_0016_0008.uasset" 6592
"../../../Engine/Content/EngineMaterials/Substrate/GLints/dict_16_192_64_0p5_0p02_0016_0006.uasset" 6593
"../../../Engine/Content/EngineMaterials/Substrate/GLints/dict_16_192_64_0p5_0p02_0016_0005.uasset" 6594
"../../../Engine/Content/EngineMaterials/Substrate/GLints/dict_16_192_64_0p5_0p02_0016_0009.uasset" 6595
"/Engine/EngineMaterials/Substrate/GLints/dict_16_192_64_0p5_0p02_0016_0008" 6596
"/Engine/EngineMaterials/Substrate/GLints/dict_16_192_64_0p5_0p02_0016_0005" 6597
"/Engine/EngineMaterials/Substrate/GLints/dict_16_192_64_0p5_0p02_0016_0006" 6598
"/Engine/EngineMaterials/Substrate/GLints/dict_16_192_64_0p5_0p02_0016_0010" 6599
"/Engine/EngineMaterials/Substrate/GLints/dict_16_192_64_0p5_0p02_0016_0011" 6600
"/Engine/EngineMaterials/Substrate/GLints/dict_16_192_64_0p5_0p02_0016_0009" 6601
"../../../Engine/Content/EngineMaterials/Substrate/GLints/dict_16_192_64_0p5_0p02_0016_0007.uasset" 6602
"../../../Engine/Content/EngineMaterials/Substrate/GLints/dict_16_192_64_0p5_0p02_0016_0002.uasset" 6603
"../../../Engine/Content/EngineMaterials/Substrate/GLints/dict_16_192_64_0p5_0p02_0016_0003.uasset" 6604
"../../../Engine/Content/EngineMaterials/Substrate/GLints/dict_16_192_64_0p5_0p02_0015_0015.uasset" 6605
"../../../Engine/Content/EngineMaterials/Substrate/GLints/dict_16_192_64_0p5_0p02_0016_0004.uasset" 6606
"../../../Engine/Content/EngineMaterials/Substrate/GLints/dict_16_192_64_0p5_0p02_0015_0009.uasset" 6607
"../../../Engine/Content/EngineMaterials/Substrate/GLints/dict_16_192_64_0p5_0p02_0016_0001.uasset" 6608
"../../../Engine/Content/EngineMaterials/Substrate/GLints/dict_16_192_64_0p5_0p02_0015_0013.uasset" 6609
"../../../Engine/Content/EngineMaterials/Substrate/GLints/dict_16_192_64_0p5_0p02_0015_0012.uasset" 6610
"../../../Engine/Content/EngineMaterials/Substrate/GLints/dict_16_192_64_0p5_0p02_0015_0008.uasset" 6611
"../../../Engine/Content/EngineMaterials/Substrate/GLints/dict_16_192_64_0p5_0p02_0015_0011.uasset" 6612
"../../../Engine/Content/EngineMaterials/Substrate/GLints/dict_16_192_64_0p5_0p02_0016_0000.uasset" 6613
"../../../Engine/Content/EngineMaterials/Substrate/GLints/dict_16_192_64_0p5_0p02_0015_0010.uasset" 6614
"../../../Engine/Content/EngineMaterials/Substrate/GLints/dict_16_192_64_0p5_0p02_0015_0006.uasset" 6615
"../../../Engine/Content/EngineMaterials/Substrate/GLints/dict_16_192_64_0p5_0p02_0015_0007.uasset" 6616
"../../../Engine/Content/EngineMaterials/Substrate/GLints/dict_16_192_64_0p5_0p02_0015_0014.uasset" 6617
"/Engine/EngineMaterials/Substrate/GLints/dict_16_192_64_0p5_0p02_0016_0007" 6618
"../../../Engine/Content/EngineMaterials/Substrate/GLints/dict_16_192_64_0p5_0p02_0015_0000.uasset" 6619
"../../../Engine/Content/EngineMaterials/Substrate/GLints/dict_16_192_64_0p5_0p02_0015_0002.uasset" 6620
"../../../Engine/Content/EngineMaterials/Substrate/GLints/dict_16_192_64_0p5_0p02_0015_0004.uasset" 6621
"../../../Engine/Content/EngineMaterials/Substrate/GLints/dict_16_192_64_0p5_0p02_0015_0001.uasset" 6622
"../../../Engine/Content/EngineMaterials/Substrate/GLints/dict_16_192_64_0p5_0p02_0014_0015.uasset" 6623
"../../../Engine/Content/EngineMaterials/Substrate/GLints/dict_16_192_64_0p5_0p02_0015_0003.uasset" 6624
"../../../Engine/Content/EngineMaterials/Substrate/GLints/dict_16_192_64_0p5_0p02_0014_0013.uasset" 6625
"../../../Engine/Content/EngineMaterials/Substrate/GLints/dict_16_192_64_0p5_0p02_0015_0005.uasset" 6626
"/Engine/EngineMaterials/Substrate/GLints/dict_16_192_64_0p5_0p02_0015_0009" 6627
"/Engine/EngineMaterials/Substrate/GLints/dict_16_192_64_0p5_0p02_0015_0011" 6628
"/Engine/EngineMaterials/Substrate/GLints/dict_16_192_64_0p5_0p02_0015_0010" 6629
"/Engine/EngineMaterials/Substrate/GLints/dict_16_192_64_0p5_0p02_0015_0012" 6630
"/Engine/EngineMaterials/Substrate/GLints/dict_16_192_64_0p5_0p02_0015_0013" 6631
"/Engine/EngineMaterials/Substrate/GLints/dict_16_192_64_0p5_0p02_0015_0015" 6632
"/Engine/EngineMaterials/Substrate/GLints/dict_16_192_64_0p5_0p02_0016_0000" 6633
"/Engine/EngineMaterials/Substrate/GLints/dict_16_192_64_0p5_0p02_0016_0001" 6634
"/Engine/EngineMaterials/Substrate/GLints/dict_16_192_64_0p5_0p02_0016_0002" 6635
"../../../Engine/Content/EngineMaterials/Substrate/GLints/dict_16_192_64_0p5_0p02_0014_0012.uasset" 6636
"/Engine/EngineMaterials/Substrate/GLints/dict_16_192_64_0p5_0p02_0016_0003" 6637
"/Engine/EngineMaterials/Substrate/GLints/dict_16_192_64_0p5_0p02_0015_0006" 6638
"/Engine/EngineMaterials/Substrate/GLints/dict_16_192_64_0p5_0p02_0015_0007" 6639
"/Engine/EngineMaterials/Substrate/GLints/dict_16_192_64_0p5_0p02_0016_0004" 6640
"/Engine/EngineMaterials/Substrate/GLints/dict_16_192_64_0p5_0p02_0015_0008" 6641
"/Engine/EngineMaterials/Substrate/GLints/dict_16_192_64_0p5_0p02_0014_0012" 6642
"/Engine/EngineMaterials/Substrate/GLints/dict_16_192_64_0p5_0p02_0014_0015" 6643
"../../../Engine/Content/EngineMaterials/Substrate/GLints/dict_16_192_64_0p5_0p02_0014_0014.uasset" 6644
"../../../Engine/Content/EngineMaterials/Substrate/GLints/dict_16_192_64_0p5_0p02_0014_0010.uasset" 6645
"../../../Engine/Content/EngineMaterials/Substrate/GLints/dict_16_192_64_0p5_0p02_0014_0007.uasset" 6646
"../../../Engine/Content/EngineMaterials/Substrate/GLints/dict_16_192_64_0p5_0p02_0014_0009.uasset" 6647
"/Engine/EngineMaterials/Substrate/GLints/dict_16_192_64_0p5_0p02_0014_0013" 6648
"/Engine/EngineMaterials/Substrate/GLints/dict_16_192_64_0p5_0p02_0015_0003" 6649
"/Engine/EngineMaterials/Substrate/GLints/dict_16_192_64_0p5_0p02_0015_0004" 6650
"/Engine/EngineMaterials/Substrate/GLints/dict_16_192_64_0p5_0p02_0015_0000" 6651
"/Engine/EngineMaterials/Substrate/GLints/dict_16_192_64_0p5_0p02_0015_0014" 6652
"/Engine/EngineMaterials/Substrate/GLints/dict_16_192_64_0p5_0p02_0015_0001" 6653
"/Engine/EngineMaterials/Substrate/GLints/dict_16_192_64_0p5_0p02_0015_0005" 6654
"/Engine/EngineMaterials/Substrate/GLints/dict_16_192_64_0p5_0p02_0015_0002" 6655
"/Engine/EngineMaterials/Substrate/GLints/dict_16_192_64_0p5_0p02_0014_0007" 6656
"/Engine/EngineMaterials/Substrate/GLints/dict_16_192_64_0p5_0p02_0014_0014" 6657
"/Engine/EngineMaterials/Substrate/GLints/dict_16_192_64_0p5_0p02_0014_0009" 6658
"/Engine/EngineMaterials/Substrate/GLints/dict_16_192_64_0p5_0p02_0014_0010" 6659
"../../../Engine/Content/EngineMaterials/Substrate/GLints/dict_16_192_64_0p5_0p02_0014_0008.uasset" 6660
"../../../Engine/Content/EngineMaterials/Substrate/GLints/dict_16_192_64_0p5_0p02_0014_0011.uasset" 6661
"../../../Engine/Content/EngineMaterials/Substrate/GLints/dict_16_192_64_0p5_0p02_0014_0006.uasset" 6662
"/Engine/EngineMaterials/Substrate/GLints/dict_16_192_64_0p5_0p02_0014_0006" 6663
"/Engine/EngineMaterials/Substrate/GLints/dict_16_192_64_0p5_0p02_0014_0008" 6664
"/Engine/EngineMaterials/Substrate/GLints/dict_16_192_64_0p5_0p02_0014_0011" 6665
"../../../Engine/Content/EngineMaterials/Substrate/GLints/dict_16_192_64_0p5_0p02_0014_0003.uasset" 6666
"../../../Engine/Content/EngineMaterials/Substrate/GLints/dict_16_192_64_0p5_0p02_0014_0004.uasset" 6667
"../../../Engine/Content/EngineMaterials/Substrate/GLints/dict_16_192_64_0p5_0p02_0014_0005.uasset" 6668
"../../../Engine/Content/EngineMaterials/Substrate/GLints/dict_16_192_64_0p5_0p02_0013_0015.uasset" 6669
"../../../Engine/Content/EngineMaterials/Substrate/GLints/dict_16_192_64_0p5_0p02_0013_0014.uasset" 6670
"../../../Engine/Content/EngineMaterials/Substrate/GLints/dict_16_192_64_0p5_0p02_0014_0000.uasset" 6671
"../../../Engine/Content/EngineMaterials/Substrate/GLints/dict_16_192_64_0p5_0p02_0014_0002.uasset" 6672
"../../../Engine/Content/EngineMaterials/Substrate/GLints/dict_16_192_64_0p5_0p02_0014_0001.uasset" 6673
"../../../Engine/Content/EngineMaterials/Substrate/GLints/dict_16_192_64_0p5_0p02_0013_0011.uasset" 6674
"../../../Engine/Content/EngineMaterials/Substrate/GLints/dict_16_192_64_0p5_0p02_0013_0013.uasset" 6675
"../../../Engine/Content/EngineMaterials/Substrate/GLints/dict_16_192_64_0p5_0p02_0013_0012.uasset" 6676
"../../../Engine/Content/EngineMaterials/Substrate/GLints/dict_16_192_64_0p5_0p02_0013_0009.uasset" 6677
"../../../Engine/Content/EngineMaterials/Substrate/GLints/dict_16_192_64_0p5_0p02_0013_0008.uasset" 6678
"/Engine/EngineMaterials/Substrate/GLints/dict_16_192_64_0p5_0p02_0013_0008" 6679
"../../../Engine/Content/EngineMaterials/Substrate/GLints/dict_16_192_64_0p5_0p02_0013_0006.uasset" 6680
"../../../Engine/Content/EngineMaterials/Substrate/GLints/dict_16_192_64_0p5_0p02_0013_0007.uasset" 6681
"../../../Engine/Content/EngineMaterials/Substrate/GLints/dict_16_192_64_0p5_0p02_0013_0010.uasset" 6682
"/Engine/EngineMaterials/Substrate/GLints/dict_16_192_64_0p5_0p02_0013_0009" 6683
"/Engine/EngineMaterials/Substrate/GLints/dict_16_192_64_0p5_0p02_0013_0011" 6684
"/Engine/EngineMaterials/Substrate/GLints/dict_16_192_64_0p5_0p02_0013_0012" 6685
"/Engine/EngineMaterials/Substrate/GLints/dict_16_192_64_0p5_0p02_0013_0013" 6686
"/Engine/EngineMaterials/Substrate/GLints/dict_16_192_64_0p5_0p02_0013_0014" 6687
"../../../Engine/Content/EngineMaterials/Substrate/GLints/dict_16_192_64_0p5_0p02_0013_0003.uasset" 6688
"../../../Engine/Content/EngineMaterials/Substrate/GLints/dict_16_192_64_0p5_0p02_0013_0002.uasset" 6689
"../../../Engine/Content/EngineMaterials/Substrate/GLints/dict_16_192_64_0p5_0p02_0013_0004.uasset" 6690
"../../../Engine/Content/EngineMaterials/Substrate/GLints/dict_16_192_64_0p5_0p02_0013_0001.uasset" 6691
"../../../Engine/Content/EngineMaterials/Substrate/GLints/dict_16_192_64_0p5_0p02_0012_0013.uasset" 6692
"/Engine/EngineMaterials/Substrate/GLints/dict_16_192_64_0p5_0p02_0013_0015" 6693
"../../../Engine/Content/EngineMaterials/Substrate/GLints/dict_16_192_64_0p5_0p02_0013_0000.uasset" 6694
"/Engine/EngineMaterials/Substrate/GLints/dict_16_192_64_0p5_0p02_0014_0000" 6695
"/Engine/EngineMaterials/Substrate/GLints/dict_16_192_64_0p5_0p02_0014_0001" 6696
"/Engine/EngineMaterials/Substrate/GLints/dict_16_192_64_0p5_0p02_0014_0002" 6697
"/Engine/EngineMaterials/Substrate/GLints/dict_16_192_64_0p5_0p02_0014_0003" 6698
"/Engine/EngineMaterials/Substrate/GLints/dict_16_192_64_0p5_0p02_0014_0004" 6699
"/Engine/EngineMaterials/Substrate/GLints/dict_16_192_64_0p5_0p02_0014_0005" 6700
"/Engine/EngineMaterials/Substrate/GLints/dict_16_192_64_0p5_0p02_0013_0007" 6701
"/Engine/EngineMaterials/Substrate/GLints/dict_16_192_64_0p5_0p02_0012_0013" 6702
"/Engine/EngineMaterials/Substrate/GLints/dict_16_192_64_0p5_0p02_0013_0000" 6703
"/Engine/EngineMaterials/Substrate/GLints/dict_16_192_64_0p5_0p02_0013_0001" 6704
"/Engine/EngineMaterials/Substrate/GLints/dict_16_192_64_0p5_0p02_0013_0002" 6705
"/Engine/EngineMaterials/Substrate/GLints/dict_16_192_64_0p5_0p02_0013_0010" 6706
"../../../Engine/Content/EngineMaterials/Substrate/GLints/dict_16_192_64_0p5_0p02_0012_0011.uasset" 6707
"../../../Engine/Content/EngineMaterials/Substrate/GLints/dict_16_192_64_0p5_0p02_0012_0009.uasset" 6708
"/Engine/EngineMaterials/Substrate/GLints/dict_16_192_64_0p5_0p02_0013_0003" 6709
"../../../Engine/Content/EngineMaterials/Substrate/GLints/dict_16_192_64_0p5_0p02_0012_0012.uasset" 6710
"../../../Engine/Content/EngineMaterials/Substrate/GLints/dict_16_192_64_0p5_0p02_0012_0014.uasset" 6711
"/Engine/EngineMaterials/Substrate/GLints/dict_16_192_64_0p5_0p02_0013_0004" 6712
"../../../Engine/Content/EngineMaterials/Substrate/GLints/dict_16_192_64_0p5_0p02_0013_0005.uasset" 6713
"/Engine/EngineMaterials/Substrate/GLints/dict_16_192_64_0p5_0p02_0013_0006" 6714
"/Engine/EngineMaterials/Substrate/GLints/dict_16_192_64_0p5_0p02_0012_0009" 6715
"../../../Engine/Content/EngineMaterials/Substrate/GLints/dict_16_192_64_0p5_0p02_0012_0008.uasset" 6716
"/Engine/EngineMaterials/Substrate/GLints/dict_16_192_64_0p5_0p02_0012_0014" 6717
"/Engine/EngineMaterials/Substrate/GLints/dict_16_192_64_0p5_0p02_0012_0011" 6718
"../../../Engine/Content/EngineMaterials/Substrate/GLints/dict_16_192_64_0p5_0p02_0012_0010.uasset" 6719
"/Engine/EngineMaterials/Substrate/GLints/dict_16_192_64_0p5_0p02_0012_0012" 6720
"/Engine/EngineMaterials/Substrate/GLints/dict_16_192_64_0p5_0p02_0013_0005" 6721
"/Engine/EngineMaterials/Substrate/GLints/dict_16_192_64_0p5_0p02_0012_0010" 6722
"/Engine/EngineMaterials/Substrate/GLints/dict_16_192_64_0p5_0p02_0012_0008" 6723
"../../../Engine/Content/EngineMaterials/Substrate/GLints/dict_16_192_64_0p5_0p02_0012_0006.uasset" 6724
"../../../Engine/Content/EngineMaterials/Substrate/GLints/dict_16_192_64_0p5_0p02_0012_0007.uasset" 6725
"/Engine/EngineMaterials/Substrate/GLints/dict_16_192_64_0p5_0p02_0012_0006" 6726
"/Engine/EngineMaterials/Substrate/GLints/dict_16_192_64_0p5_0p02_0012_0007" 6727
"../../../Engine/Content/EngineMaterials/Substrate/GLints/dict_16_192_64_0p5_0p02_0012_0015.uasset" 6728
"../../../Engine/Content/EngineMaterials/Substrate/GLints/dict_16_192_64_0p5_0p02_0012_0000.uasset" 6729
"../../../Engine/Content/EngineMaterials/Substrate/GLints/dict_16_192_64_0p5_0p02_0012_0003.uasset" 6730
"../../../Engine/Content/EngineMaterials/Substrate/GLints/dict_16_192_64_0p5_0p02_0011_0014.uasset" 6731
"../../../Engine/Content/EngineMaterials/Substrate/GLints/dict_16_192_64_0p5_0p02_0012_0004.uasset" 6732
"../../../Engine/Content/EngineMaterials/Substrate/GLints/dict_16_192_64_0p5_0p02_0012_0002.uasset" 6733
"../../../Engine/Content/EngineMaterials/Substrate/GLints/dict_16_192_64_0p5_0p02_0012_0001.uasset" 6734
"../../../Engine/Content/EngineMaterials/Substrate/GLints/dict_16_192_64_0p5_0p02_0012_0005.uasset" 6735
"../../../Engine/Content/EngineMaterials/Substrate/GLints/dict_16_192_64_0p5_0p02_0011_0013.uasset" 6736
"../../../Engine/Content/EngineMaterials/Substrate/GLints/dict_16_192_64_0p5_0p02_0011_0015.uasset" 6737
"../../../Engine/Content/EngineMaterials/Substrate/GLints/dict_16_192_64_0p5_0p02_0011_0012.uasset" 6738
"/Engine/EngineMaterials/Substrate/GLints/dict_16_192_64_0p5_0p02_0012_0015" 6739
"../../../Engine/Content/EngineMaterials/Substrate/GLints/dict_16_192_64_0p5_0p02_0011_0006.uasset" 6740
"../../../Engine/Content/EngineMaterials/Substrate/GLints/dict_16_192_64_0p5_0p02_0011_0004.uasset" 6741
"../../../Engine/Content/EngineMaterials/Substrate/GLints/dict_16_192_64_0p5_0p02_0011_0002.uasset" 6742
"../../../Engine/Content/EngineMaterials/Substrate/GLints/dict_16_192_64_0p5_0p02_0011_0007.uasset" 6743
"../../../Engine/Content/EngineMaterials/Substrate/GLints/dict_16_192_64_0p5_0p02_0011_0005.uasset" 6744
"../../../Engine/Content/EngineMaterials/Substrate/GLints/dict_16_192_64_0p5_0p02_0011_0003.uasset" 6745
"/Engine/EngineMaterials/Substrate/GLints/dict_16_192_64_0p5_0p02_0011_0012" 6746
"../../../Engine/Content/EngineMaterials/Substrate/GLints/dict_16_192_64_0p5_0p02_0011_0009.uasset" 6747
"../../../Engine/Content/EngineMaterials/Substrate/GLints/dict_16_192_64_0p5_0p02_0011_0008.uasset" 6748
"../../../Engine/Content/EngineMaterials/Substrate/GLints/dict_16_192_64_0p5_0p02_0011_0011.uasset" 6749
"/Engine/EngineMaterials/Substrate/GLints/dict_16_192_64_0p5_0p02_0011_0013" 6750
"../../../Engine/Content/EngineMaterials/Substrate/GLints/dict_16_192_64_0p5_0p02_0011_0010.uasset" 6751
"/Engine/EngineMaterials/Substrate/GLints/dict_16_192_64_0p5_0p02_0011_0014" 6752
"/Engine/EngineMaterials/Substrate/GLints/dict_16_192_64_0p5_0p02_0011_0015" 6753
"/Engine/EngineMaterials/Substrate/GLints/dict_16_192_64_0p5_0p02_0012_0000" 6754
"/Engine/EngineMaterials/Substrate/GLints/dict_16_192_64_0p5_0p02_0012_0001" 6755
"/Engine/EngineMaterials/Substrate/GLints/dict_16_192_64_0p5_0p02_0012_0002" 6756
"/Engine/EngineMaterials/Substrate/GLints/dict_16_192_64_0p5_0p02_0012_0003" 6757
"/Engine/EngineMaterials/Substrate/GLints/dict_16_192_64_0p5_0p02_0012_0004" 6758
"/Engine/EngineMaterials/Substrate/GLints/dict_16_192_64_0p5_0p02_0012_0005" 6759
"/Engine/EngineMaterials/Substrate/GLints/dict_16_192_64_0p5_0p02_0011_0002" 6760
"/Engine/EngineMaterials/Substrate/GLints/dict_16_192_64_0p5_0p02_0011_0003" 6761
"/Engine/EngineMaterials/Substrate/GLints/dict_16_192_64_0p5_0p02_0011_0009" 6762
"/Engine/EngineMaterials/Substrate/GLints/dict_16_192_64_0p5_0p02_0011_0004" 6763
"/Engine/EngineMaterials/Substrate/GLints/dict_16_192_64_0p5_0p02_0011_0010" 6764
"/Engine/EngineMaterials/Substrate/GLints/dict_16_192_64_0p5_0p02_0011_0005" 6765
"../../../Engine/Content/EngineMaterials/Substrate/GLints/dict_16_192_64_0p5_0p02_0011_0001.uasset" 6766
"/Engine/EngineMaterials/Substrate/GLints/dict_16_192_64_0p5_0p02_0011_0011" 6767
"/Engine/EngineMaterials/Substrate/GLints/dict_16_192_64_0p5_0p02_0011_0006" 6768
"/Engine/EngineMaterials/Substrate/GLints/dict_16_192_64_0p5_0p02_0011_0007" 6769
"../../../Engine/Content/EngineMaterials/Substrate/GLints/dict_16_192_64_0p5_0p02_0010_0015.uasset" 6770
"../../../Engine/Content/EngineMaterials/Substrate/GLints/dict_16_192_64_0p5_0p02_0011_0000.uasset" 6771
"/Engine/EngineMaterials/Substrate/GLints/dict_16_192_64_0p5_0p02_0011_0008" 6772
"/Engine/EngineMaterials/Substrate/GLints/dict_16_192_64_0p5_0p02_0011_0000" 6773
"/Engine/EngineMaterials/Substrate/GLints/dict_16_192_64_0p5_0p02_0011_0001" 6774
"/Engine/EngineMaterials/Substrate/GLints/dict_16_192_64_0p5_0p02_0010_0015" 6775
"../../../Engine/Content/EngineMaterials/Substrate/GLints/dict_16_192_64_0p5_0p02_0010_0010.uasset" 6776
"../../../Engine/Content/EngineMaterials/Substrate/GLints/dict_16_192_64_0p5_0p02_0010_0012.uasset" 6777
"../../../Engine/Content/EngineMaterials/Substrate/GLints/dict_16_192_64_0p5_0p02_0010_0008.uasset" 6778
"../../../Engine/Content/EngineMaterials/Substrate/GLints/dict_16_192_64_0p5_0p02_0010_0011.uasset" 6779
"../../../Engine/Content/EngineMaterials/Substrate/GLints/dict_16_192_64_0p5_0p02_0010_0009.uasset" 6780
"../../../Engine/Content/EngineMaterials/Substrate/GLints/dict_16_192_64_0p5_0p02_0010_0007.uasset" 6781
"../../../Engine/Content/EngineMaterials/Substrate/GLints/dict_16_192_64_0p5_0p02_0010_0014.uasset" 6782
"../../../Engine/Content/EngineMaterials/Substrate/GLints/dict_16_192_64_0p5_0p02_0010_0006.uasset" 6783
"../../../Engine/Content/EngineMaterials/Substrate/GLints/dict_16_192_64_0p5_0p02_0010_0013.uasset" 6784
"../../../Engine/Content/EngineMaterials/Substrate/GLints/dict_16_192_64_0p5_0p02_0010_0002.uasset" 6785
"../../../Engine/Content/EngineMaterials/Substrate/GLints/dict_16_192_64_0p5_0p02_0010_0005.uasset" 6786
"../../../Engine/Content/EngineMaterials/Substrate/GLints/dict_16_192_64_0p5_0p02_0010_0004.uasset" 6787
"../../../Engine/Content/EngineMaterials/Substrate/GLints/dict_16_192_64_0p5_0p02_0010_0003.uasset" 6788
"../../../Engine/Content/EngineMaterials/Substrate/GLints/dict_16_192_64_0p5_0p02_0010_0000.uasset" 6789
"../../../Engine/Content/EngineMaterials/Substrate/GLints/dict_16_192_64_0p5_0p02_0009_0014.uasset" 6790
"../../../Engine/Content/EngineMaterials/Substrate/GLints/dict_16_192_64_0p5_0p02_0009_0015.uasset" 6791
"../../../Engine/Content/EngineMaterials/Substrate/GLints/dict_16_192_64_0p5_0p02_0009_0012.uasset" 6792
"../../../Engine/Content/EngineMaterials/Substrate/GLints/dict_16_192_64_0p5_0p02_0009_0011.uasset" 6793
"/Engine/EngineMaterials/Substrate/GLints/dict_16_192_64_0p5_0p02_0010_0011" 6794
"/Engine/EngineMaterials/Substrate/GLints/dict_16_192_64_0p5_0p02_0010_0009" 6795
"/Engine/EngineMaterials/Substrate/GLints/dict_16_192_64_0p5_0p02_0010_0007" 6796
"/Engine/EngineMaterials/Substrate/GLints/dict_16_192_64_0p5_0p02_0010_0012" 6797
"/Engine/EngineMaterials/Substrate/GLints/dict_16_192_64_0p5_0p02_0010_0008" 6798
"../../../Engine/Content/EngineMaterials/Substrate/GLints/dict_16_192_64_0p5_0p02_0009_0008.uasset" 6799
"/Engine/EngineMaterials/Substrate/GLints/dict_16_192_64_0p5_0p02_0010_0013" 6800
"../../../Engine/Content/EngineMaterials/Substrate/GLints/dict_16_192_64_0p5_0p02_0010_0001.uasset" 6801
"../../../Engine/Content/EngineMaterials/Substrate/GLints/dict_16_192_64_0p5_0p02_0009_0013.uasset" 6802
"/Engine/EngineMaterials/Substrate/GLints/dict_16_192_64_0p5_0p02_0010_0014" 6803
"../../../Engine/Content/EngineMaterials/Substrate/GLints/dict_16_192_64_0p5_0p02_0009_0005.uasset" 6804
"../../../Engine/Content/EngineMaterials/Substrate/GLints/dict_16_192_64_0p5_0p02_0009_0007.uasset" 6805
"../../../Engine/Content/EngineMaterials/Substrate/GLints/dict_16_192_64_0p5_0p02_0009_0009.uasset" 6806
"/Engine/EngineMaterials/Substrate/GLints/dict_16_192_64_0p5_0p02_0009_0015" 6807
"/Engine/EngineMaterials/Substrate/GLints/dict_16_192_64_0p5_0p02_0010_0000" 6808
"/Engine/EngineMaterials/Substrate/GLints/dict_16_192_64_0p5_0p02_0010_0002" 6809
"../../../Engine/Content/EngineMaterials/Substrate/GLints/dict_16_192_64_0p5_0p02_0009_0010.uasset" 6810
"/Engine/EngineMaterials/Substrate/GLints/dict_16_192_64_0p5_0p02_0010_0010" 6811
"/Engine/EngineMaterials/Substrate/GLints/dict_16_192_64_0p5_0p02_0010_0003" 6812
"/Engine/EngineMaterials/Substrate/GLints/dict_16_192_64_0p5_0p02_0010_0004" 6813
"/Engine/EngineMaterials/Substrate/GLints/dict_16_192_64_0p5_0p02_0010_0005" 6814
"../../../Engine/Content/EngineMaterials/Substrate/GLints/dict_16_192_64_0p5_0p02_0009_0003.uasset" 6815
"../../../Engine/Content/EngineMaterials/Substrate/GLints/dict_16_192_64_0p5_0p02_0009_0000.uasset" 6816
"../../../Engine/Content/EngineMaterials/Substrate/GLints/dict_16_192_64_0p5_0p02_0008_0015.uasset" 6817
"../../../Engine/Content/EngineMaterials/Substrate/GLints/dict_16_192_64_0p5_0p02_0009_0001.uasset" 6818
"../../../Engine/Content/EngineMaterials/Substrate/GLints/dict_16_192_64_0p5_0p02_0009_0002.uasset" 6819
"/Engine/EngineMaterials/Substrate/GLints/dict_16_192_64_0p5_0p02_0010_0006" 6820
"/Engine/EngineMaterials/Substrate/GLints/dict_16_192_64_0p5_0p02_0008_0015" 6821
"/Engine/EngineMaterials/Substrate/GLints/dict_16_192_64_0p5_0p02_0009_0000" 6822
"/Engine/EngineMaterials/Substrate/GLints/dict_16_192_64_0p5_0p02_0009_0012" 6823
"/Engine/EngineMaterials/Substrate/GLints/dict_16_192_64_0p5_0p02_0009_0002" 6824
"/Engine/EngineMaterials/Substrate/GLints/dict_16_192_64_0p5_0p02_0009_0003" 6825
"/Engine/EngineMaterials/Substrate/GLints/dict_16_192_64_0p5_0p02_0009_0005" 6826
"/Engine/EngineMaterials/Substrate/GLints/dict_16_192_64_0p5_0p02_0009_0007" 6827
"/Engine/EngineMaterials/Substrate/GLints/dict_16_192_64_0p5_0p02_0009_0008" 6828
"/Engine/EngineMaterials/Substrate/GLints/dict_16_192_64_0p5_0p02_0009_0013" 6829
"/Engine/EngineMaterials/Substrate/GLints/dict_16_192_64_0p5_0p02_0009_0009" 6830
"/Engine/EngineMaterials/Substrate/GLints/dict_16_192_64_0p5_0p02_0009_0014" 6831
"/Engine/EngineMaterials/Substrate/GLints/dict_16_192_64_0p5_0p02_0009_0010" 6832
"/Engine/EngineMaterials/Substrate/GLints/dict_16_192_64_0p5_0p02_0009_0001" 6833
"/Engine/EngineMaterials/Substrate/GLints/dict_16_192_64_0p5_0p02_0010_0001" 6834
"/Engine/EngineMaterials/Substrate/GLints/dict_16_192_64_0p5_0p02_0009_0011" 6835
"../../../Engine/Content/EngineMaterials/Substrate/GLints/dict_16_192_64_0p5_0p02_0009_0006.uasset" 6836
"../../../Engine/Content/EngineMaterials/Substrate/GLints/dict_16_192_64_0p5_0p02_0009_0004.uasset" 6837
"../../../Engine/Content/EngineMaterials/Substrate/GLints/dict_16_192_64_0p5_0p02_0008_0012.uasset" 6838
"../../../Engine/Content/EngineMaterials/Substrate/GLints/dict_16_192_64_0p5_0p02_0008_0014.uasset" 6839
"../../../Engine/Content/EngineMaterials/Substrate/GLints/dict_16_192_64_0p5_0p02_0008_0005.uasset" 6840
"../../../Engine/Content/EngineMaterials/Substrate/GLints/dict_16_192_64_0p5_0p02_0008_0006.uasset" 6841
"../../../Engine/Content/EngineMaterials/Substrate/GLints/dict_16_192_64_0p5_0p02_0008_0010.uasset" 6842
"../../../Engine/Content/EngineMaterials/Substrate/GLints/dict_16_192_64_0p5_0p02_0008_0009.uasset" 6843
"../../../Engine/Content/EngineMaterials/Substrate/GLints/dict_16_192_64_0p5_0p02_0008_0004.uasset" 6844
"../../../Engine/Content/EngineMaterials/Substrate/GLints/dict_16_192_64_0p5_0p02_0008_0011.uasset" 6845
"../../../Engine/Content/EngineMaterials/Substrate/GLints/dict_16_192_64_0p5_0p02_0008_0013.uasset" 6846
"../../../Engine/Content/EngineMaterials/Substrate/GLints/dict_16_192_64_0p5_0p02_0008_0003.uasset" 6847
"../../../Engine/Content/EngineMaterials/Substrate/GLints/dict_16_192_64_0p5_0p02_0008_0007.uasset" 6848
"../../../Engine/Content/EngineMaterials/Substrate/GLints/dict_16_192_64_0p5_0p02_0008_0008.uasset" 6849
"/Engine/EngineMaterials/Substrate/GLints/dict_16_192_64_0p5_0p02_0008_0003" 6850
"/Engine/EngineMaterials/Substrate/GLints/dict_16_192_64_0p5_0p02_0009_0004" 6851
"/Engine/EngineMaterials/Substrate/GLints/dict_16_192_64_0p5_0p02_0009_0006" 6852
"/Engine/EngineMaterials/Substrate/GLints/dict_16_192_64_0p5_0p02_0008_0004" 6853
"/Engine/EngineMaterials/Substrate/GLints/dict_16_192_64_0p5_0p02_0008_0005" 6854
"/Engine/EngineMaterials/Substrate/GLints/dict_16_192_64_0p5_0p02_0008_0006" 6855
"/Engine/EngineMaterials/Substrate/GLints/dict_16_192_64_0p5_0p02_0008_0007" 6856
"../../../Engine/Content/EngineMaterials/Substrate/GLints/dict_16_192_64_0p5_0p02_0007_0011.uasset" 6857
"../../../Engine/Content/EngineMaterials/Substrate/GLints/dict_16_192_64_0p5_0p02_0007_0007.uasset" 6858
"../../../Engine/Content/EngineMaterials/Substrate/GLints/dict_16_192_64_0p5_0p02_0008_0000.uasset" 6859
"../../../Engine/Content/EngineMaterials/Substrate/GLints/dict_16_192_64_0p5_0p02_0007_0009.uasset" 6860
"../../../Engine/Content/EngineMaterials/Substrate/GLints/dict_16_192_64_0p5_0p02_0007_0013.uasset" 6861
"../../../Engine/Content/EngineMaterials/Substrate/GLints/dict_16_192_64_0p5_0p02_0007_0012.uasset" 6862
"../../../Engine/Content/EngineMaterials/Substrate/GLints/dict_16_192_64_0p5_0p02_0007_0014.uasset" 6863
"/Engine/EngineMaterials/Substrate/GLints/dict_16_192_64_0p5_0p02_0008_0008" 6864
"../../../Engine/Content/EngineMaterials/Substrate/GLints/dict_16_192_64_0p5_0p02_0007_0015.uasset" 6865
"/Engine/EngineMaterials/Substrate/GLints/dict_16_192_64_0p5_0p02_0008_0009" 6866
"/Engine/EngineMaterials/Substrate/GLints/dict_16_192_64_0p5_0p02_0008_0010" 6867
"/Engine/EngineMaterials/Substrate/GLints/dict_16_192_64_0p5_0p02_0008_0011" 6868
"/Engine/EngineMaterials/Substrate/GLints/dict_16_192_64_0p5_0p02_0008_0012" 6869
"/Engine/EngineMaterials/Substrate/GLints/dict_16_192_64_0p5_0p02_0008_0013" 6870
"/Engine/EngineMaterials/Substrate/GLints/dict_16_192_64_0p5_0p02_0008_0014" 6871
"../../../Engine/Content/EngineMaterials/Substrate/GLints/dict_16_192_64_0p5_0p02_0008_0001.uasset" 6872
"/Engine/EngineMaterials/Substrate/GLints/dict_16_192_64_0p5_0p02_0008_0000" 6873
"/Engine/EngineMaterials/Substrate/GLints/dict_16_192_64_0p5_0p02_0008_0001" 6874
"/Engine/EngineMaterials/Substrate/GLints/dict_16_192_64_0p5_0p02_0007_0007" 6875
"/Engine/EngineMaterials/Substrate/GLints/dict_16_192_64_0p5_0p02_0007_0009" 6876
"/Engine/EngineMaterials/Substrate/GLints/dict_16_192_64_0p5_0p02_0007_0011" 6877
"/Engine/EngineMaterials/Substrate/GLints/dict_16_192_64_0p5_0p02_0007_0012" 6878
"/Engine/EngineMaterials/Substrate/GLints/dict_16_192_64_0p5_0p02_0007_0013" 6879
"/Engine/EngineMaterials/Substrate/GLints/dict_16_192_64_0p5_0p02_0007_0014" 6880
"../../../Engine/Content/EngineMaterials/Substrate/GLints/dict_16_192_64_0p5_0p02_0007_0008.uasset" 6881
"../../../Engine/Content/EngineMaterials/Substrate/GLints/dict_16_192_64_0p5_0p02_0007_0010.uasset" 6882
"/Engine/EngineMaterials/Substrate/GLints/dict_16_192_64_0p5_0p02_0007_0015" 6883
"/Engine/EngineMaterials/Substrate/GLints/dict_16_192_64_0p5_0p02_0007_0008" 6884
"../../../Engine/Content/EngineMaterials/Substrate/GLints/dict_16_192_64_0p5_0p02_0008_0002.uasset" 6885
"/Engine/EngineMaterials/Substrate/GLints/dict_16_192_64_0p5_0p02_0007_0010" 6886
"../../../Engine/Content/EngineMaterials/Substrate/GLints/dict_16_192_64_0p5_0p02_0007_0004.uasset" 6887
"../../../Engine/Content/EngineMaterials/Substrate/GLints/dict_16_192_64_0p5_0p02_0007_0002.uasset" 6888
"../../../Engine/Content/EngineMaterials/Substrate/GLints/dict_16_192_64_0p5_0p02_0007_0003.uasset" 6889
"/Engine/EngineMaterials/Substrate/GLints/dict_16_192_64_0p5_0p02_0007_0002" 6890
"/Engine/EngineMaterials/Substrate/GLints/dict_16_192_64_0p5_0p02_0007_0003" 6891
"/Engine/EngineMaterials/Substrate/GLints/dict_16_192_64_0p5_0p02_0007_0004" 6892
"../../../Engine/Content/EngineMaterials/Substrate/GLints/dict_16_192_64_0p5_0p02_0007_0006.uasset" 6893
"../../../Engine/Content/EngineMaterials/Substrate/GLints/dict_16_192_64_0p5_0p02_0007_0001.uasset" 6894
"../../../Engine/Content/EngineMaterials/Substrate/GLints/dict_16_192_64_0p5_0p02_0007_0005.uasset" 6895
"../../../Engine/Content/EngineMaterials/Substrate/GLints/dict_16_192_64_0p5_0p02_0006_0015.uasset" 6896
"../../../Engine/Content/EngineMaterials/Substrate/GLints/dict_16_192_64_0p5_0p02_0006_0014.uasset" 6897
"../../../Engine/Content/EngineMaterials/Substrate/GLints/dict_16_192_64_0p5_0p02_0007_0000.uasset" 6898
"../../../Engine/Content/EngineMaterials/Substrate/GLints/dict_16_192_64_0p5_0p02_0006_0012.uasset" 6899
"../../../Engine/Content/EngineMaterials/Substrate/GLints/dict_16_192_64_0p5_0p02_0006_0009.uasset" 6900
"../../../Engine/Content/EngineMaterials/Substrate/GLints/dict_16_192_64_0p5_0p02_0006_0008.uasset" 6901
"../../../Engine/Content/EngineMaterials/Substrate/GLints/dict_16_192_64_0p5_0p02_0006_0007.uasset" 6902
"../../../Engine/Content/EngineMaterials/Substrate/GLints/dict_16_192_64_0p5_0p02_0006_0011.uasset" 6903
"../../../Engine/Content/EngineMaterials/Substrate/GLints/dict_16_192_64_0p5_0p02_0006_0013.uasset" 6904
"../../../Engine/Content/EngineMaterials/Substrate/GLints/dict_16_192_64_0p5_0p02_0006_0002.uasset" 6905
"../../../Engine/Content/EngineMaterials/Substrate/GLints/dict_16_192_64_0p5_0p02_0006_0010.uasset" 6906
"../../../Engine/Content/EngineMaterials/Substrate/GLints/dict_16_192_64_0p5_0p02_0006_0004.uasset" 6907
"../../../Engine/Content/EngineMaterials/Substrate/GLints/dict_16_192_64_0p5_0p02_0006_0001.uasset" 6908
"../../../Engine/Content/EngineMaterials/Substrate/GLints/dict_16_192_64_0p5_0p02_0006_0005.uasset" 6909
"../../../Engine/Content/EngineMaterials/Substrate/GLints/dict_16_192_64_0p5_0p02_0006_0003.uasset" 6910
"../../../Engine/Content/EngineMaterials/Substrate/GLints/dict_16_192_64_0p5_0p02_0005_0015.uasset" 6911
"/Engine/EngineMaterials/Substrate/GLints/dict_16_192_64_0p5_0p02_0007_0001" 6912
"../../../Engine/Content/EngineMaterials/Substrate/GLints/dict_16_192_64_0p5_0p02_0006_0006.uasset" 6913
"../../../Engine/Content/EngineMaterials/Substrate/GLints/dict_16_192_64_0p5_0p02_0006_0000.uasset" 6914
"/Engine/EngineMaterials/Substrate/GLints/dict_16_192_64_0p5_0p02_0008_0002" 6915
"/Engine/EngineMaterials/Substrate/GLints/dict_16_192_64_0p5_0p02_0007_0005" 6916
"/Engine/EngineMaterials/Substrate/GLints/dict_16_192_64_0p5_0p02_0007_0006" 6917
"/Engine/EngineMaterials/Substrate/GLints/dict_16_192_64_0p5_0p02_0006_0007" 6918
"/Engine/EngineMaterials/Substrate/GLints/dict_16_192_64_0p5_0p02_0006_0008" 6919
"/Engine/EngineMaterials/Substrate/GLints/dict_16_192_64_0p5_0p02_0006_0009" 6920
"/Engine/EngineMaterials/Substrate/GLints/dict_16_192_64_0p5_0p02_0006_0010" 6921
"../../../Engine/Content/EngineMaterials/Substrate/GLints/dict_16_192_64_0p5_0p02_0005_0010.uasset" 6922
"../../../Engine/Content/EngineMaterials/Substrate/GLints/dict_16_192_64_0p5_0p02_0005_0013.uasset" 6923
"../../../Engine/Content/EngineMaterials/Substrate/GLints/dict_16_192_64_0p5_0p02_0005_0014.uasset" 6924
"/Engine/EngineMaterials/Substrate/GLints/dict_16_192_64_0p5_0p02_0006_0001" 6925
"/Engine/EngineMaterials/Substrate/GLints/dict_16_192_64_0p5_0p02_0006_0011" 6926
"/Engine/EngineMaterials/Substrate/GLints/dict_16_192_64_0p5_0p02_0006_0012" 6927
"/Engine/EngineMaterials/Substrate/GLints/dict_16_192_64_0p5_0p02_0006_0002" 6928
"/Engine/EngineMaterials/Substrate/GLints/dict_16_192_64_0p5_0p02_0006_0013" 6929
"/Engine/EngineMaterials/Substrate/GLints/dict_16_192_64_0p5_0p02_0006_0014" 6930
"/Engine/EngineMaterials/Substrate/GLints/dict_16_192_64_0p5_0p02_0006_0015" 6931
"/Engine/EngineMaterials/Substrate/GLints/dict_16_192_64_0p5_0p02_0007_0000" 6932
"../../../Engine/Content/EngineMaterials/Substrate/GLints/dict_16_192_64_0p5_0p02_0005_0007.uasset" 6933
"../../../Engine/Content/EngineMaterials/Substrate/GLints/dict_16_192_64_0p5_0p02_0005_0012.uasset" 6934
"../../../Engine/Content/EngineMaterials/Substrate/GLints/dict_16_192_64_0p5_0p02_0005_0011.uasset" 6935
"../../../Engine/Content/EngineMaterials/Substrate/GLints/dict_16_192_64_0p5_0p02_0005_0006.uasset" 6936
"../../../Engine/Content/EngineMaterials/Substrate/GLints/dict_16_192_64_0p5_0p02_0005_0009.uasset" 6937
"../../../Engine/Content/EngineMaterials/Substrate/GLints/dict_16_192_64_0p5_0p02_0005_0008.uasset" 6938
"/Engine/EngineMaterials/Substrate/GLints/dict_16_192_64_0p5_0p02_0005_0010" 6939
"/Engine/EngineMaterials/Substrate/GLints/dict_16_192_64_0p5_0p02_0005_0011" 6940
"/Engine/EngineMaterials/Substrate/GLints/dict_16_192_64_0p5_0p02_0006_0003" 6941
"/Engine/EngineMaterials/Substrate/GLints/dict_16_192_64_0p5_0p02_0005_0006" 6942
"/Engine/EngineMaterials/Substrate/GLints/dict_16_192_64_0p5_0p02_0005_0007" 6943
"/Engine/EngineMaterials/Substrate/GLints/dict_16_192_64_0p5_0p02_0006_0004" 6944
"/Engine/EngineMaterials/Substrate/GLints/dict_16_192_64_0p5_0p02_0006_0005" 6945
"../../../Engine/Content/EngineMaterials/Substrate/GLints/dict_16_192_64_0p5_0p02_0005_0005.uasset" 6946
"/Engine/EngineMaterials/Substrate/GLints/dict_16_192_64_0p5_0p02_0005_0012" 6947
"/Engine/EngineMaterials/Substrate/GLints/dict_16_192_64_0p5_0p02_0005_0008" 6948
"/Engine/EngineMaterials/Substrate/GLints/dict_16_192_64_0p5_0p02_0005_0013" 6949
"/Engine/EngineMaterials/Substrate/GLints/dict_16_192_64_0p5_0p02_0005_0009" 6950
"/Engine/EngineMaterials/Substrate/GLints/dict_16_192_64_0p5_0p02_0005_0014" 6951
"/Engine/EngineMaterials/Substrate/GLints/dict_16_192_64_0p5_0p02_0006_0006" 6952
"/Engine/EngineMaterials/Substrate/GLints/dict_16_192_64_0p5_0p02_0005_0015" 6953
"/Engine/EngineMaterials/Substrate/GLints/dict_16_192_64_0p5_0p02_0006_0000" 6954
"/Engine/EngineMaterials/Substrate/GLints/dict_16_192_64_0p5_0p02_0005_0005" 6955
"../../../Engine/Content/EngineMaterials/Substrate/GLints/dict_16_192_64_0p5_0p02_0005_0001.uasset" 6956
"../../../Engine/Content/EngineMaterials/Substrate/GLints/dict_16_192_64_0p5_0p02_0004_0007.uasset" 6957
"../../../Engine/Content/EngineMaterials/Substrate/GLints/dict_16_192_64_0p5_0p02_0004_0012.uasset" 6958
"../../../Engine/Content/EngineMaterials/Substrate/GLints/dict_16_192_64_0p5_0p02_0004_0013.uasset" 6959
"../../../Engine/Content/EngineMaterials/Substrate/GLints/dict_16_192_64_0p5_0p02_0004_0010.uasset" 6960
"../../../Engine/Content/EngineMaterials/Substrate/GLints/dict_16_192_64_0p5_0p02_0005_0003.uasset" 6961
"../../../Engine/Content/EngineMaterials/Substrate/GLints/dict_16_192_64_0p5_0p02_0005_0000.uasset" 6962
"../../../Engine/Content/EngineMaterials/Substrate/GLints/dict_16_192_64_0p5_0p02_0004_0014.uasset" 6963
"../../../Engine/Content/EngineMaterials/Substrate/GLints/dict_16_192_64_0p5_0p02_0005_0004.uasset" 6964
"../../../Engine/Content/EngineMaterials/Substrate/GLints/dict_16_192_64_0p5_0p02_0004_0011.uasset" 6965
"../../../Engine/Content/EngineMaterials/Substrate/GLints/dict_16_192_64_0p5_0p02_0004_0015.uasset" 6966
"../../../Engine/Content/EngineMaterials/Substrate/GLints/dict_16_192_64_0p5_0p02_0004_0009.uasset" 6967
"../../../Engine/Content/EngineMaterials/Substrate/GLints/dict_16_192_64_0p5_0p02_0004_0008.uasset" 6968
"../../../Engine/Content/EngineMaterials/Substrate/GLints/dict_16_192_64_0p5_0p02_0005_0002.uasset" 6969
"/Engine/EngineMaterials/Substrate/GLints/dict_16_192_64_0p5_0p02_0004_0007" 6970
"/Engine/EngineMaterials/Substrate/GLints/dict_16_192_64_0p5_0p02_0004_0008" 6971
"/Engine/EngineMaterials/Substrate/GLints/dict_16_192_64_0p5_0p02_0004_0009" 6972
"../../../Engine/Content/EngineMaterials/Substrate/GLints/dict_16_192_64_0p5_0p02_0003_0012.uasset" 6973
"../../../Engine/Content/EngineMaterials/Substrate/GLints/dict_16_192_64_0p5_0p02_0004_0004.uasset" 6974
"../../../Engine/Content/EngineMaterials/Substrate/GLints/dict_16_192_64_0p5_0p02_0003_0014.uasset" 6975
"../../../Engine/Content/EngineMaterials/Substrate/GLints/dict_16_192_64_0p5_0p02_0004_0001.uasset" 6976
"../../../Engine/Content/EngineMaterials/Substrate/GLints/dict_16_192_64_0p5_0p02_0004_0002.uasset" 6977
"../../../Engine/Content/EngineMaterials/Substrate/GLints/dict_16_192_64_0p5_0p02_0004_0003.uasset" 6978
"../../../Engine/Content/EngineMaterials/Substrate/GLints/dict_16_192_64_0p5_0p02_0003_0015.uasset" 6979
"../../../Engine/Content/EngineMaterials/Substrate/GLints/dict_16_192_64_0p5_0p02_0003_0011.uasset" 6980
"../../../Engine/Content/EngineMaterials/Substrate/GLints/dict_16_192_64_0p5_0p02_0003_0013.uasset" 6981
"../../../Engine/Content/EngineMaterials/Substrate/GLints/dict_16_192_64_0p5_0p02_0004_0006.uasset" 6982
"../../../Engine/Content/EngineMaterials/Substrate/GLints/dict_16_192_64_0p5_0p02_0004_0000.uasset" 6983
"/Engine/EngineMaterials/Substrate/GLints/dict_16_192_64_0p5_0p02_0004_0010" 6984
"/Engine/EngineMaterials/Substrate/GLints/dict_16_192_64_0p5_0p02_0004_0011" 6985
"/Engine/EngineMaterials/Substrate/GLints/dict_16_192_64_0p5_0p02_0004_0012" 6986
"/Engine/EngineMaterials/Substrate/GLints/dict_16_192_64_0p5_0p02_0004_0013" 6987
"/Engine/EngineMaterials/Substrate/GLints/dict_16_192_64_0p5_0p02_0004_0014" 6988
"/Engine/EngineMaterials/Substrate/GLints/dict_16_192_64_0p5_0p02_0004_0015" 6989
"../../../Engine/Content/EngineMaterials/Substrate/GLints/dict_16_192_64_0p5_0p02_0004_0005.uasset" 6990
"/Engine/EngineMaterials/Substrate/GLints/dict_16_192_64_0p5_0p02_0005_0000" 6991
"/Engine/EngineMaterials/Substrate/GLints/dict_16_192_64_0p5_0p02_0005_0001" 6992
"/Engine/EngineMaterials/Substrate/GLints/dict_16_192_64_0p5_0p02_0005_0002" 6993
"/Engine/EngineMaterials/Substrate/GLints/dict_16_192_64_0p5_0p02_0005_0003" 6994
"/Engine/EngineMaterials/Substrate/GLints/dict_16_192_64_0p5_0p02_0005_0004" 6995
"/Engine/EngineMaterials/Substrate/GLints/dict_16_192_64_0p5_0p02_0004_0005" 6996
"/Engine/EngineMaterials/Substrate/GLints/dict_16_192_64_0p5_0p02_0004_0006" 6997
"/Engine/EngineMaterials/Substrate/GLints/dict_16_192_64_0p5_0p02_0003_0011" 6998
"../../../Engine/Content/EngineMaterials/Substrate/GLints/dict_16_192_64_0p5_0p02_0003_0010.uasset" 6999
"/Engine/EngineMaterials/Substrate/GLints/dict_16_192_64_0p5_0p02_0003_0012" 7000
"/Engine/EngineMaterials/Substrate/GLints/dict_16_192_64_0p5_0p02_0003_0013" 7001
"/Engine/EngineMaterials/Substrate/GLints/dict_16_192_64_0p5_0p02_0003_0014" 7002
"/Engine/EngineMaterials/Substrate/GLints/dict_16_192_64_0p5_0p02_0003_0015" 7003
"/Engine/EngineMaterials/Substrate/GLints/dict_16_192_64_0p5_0p02_0004_0000" 7004
"/Engine/EngineMaterials/Substrate/GLints/dict_16_192_64_0p5_0p02_0004_0001" 7005
"/Engine/EngineMaterials/Substrate/GLints/dict_16_192_64_0p5_0p02_0004_0002" 7006
"../../../Engine/Content/EngineMaterials/Substrate/GLints/dict_16_192_64_0p5_0p02_0003_0006.uasset" 7007
"../../../Engine/Content/EngineMaterials/Substrate/GLints/dict_16_192_64_0p5_0p02_0003_0005.uasset" 7008
"/Engine/EngineMaterials/Substrate/GLints/dict_16_192_64_0p5_0p02_0004_0003" 7009
"../../../Engine/Content/EngineMaterials/Substrate/GLints/dict_16_192_64_0p5_0p02_0003_0009.uasset" 7010
"../../../Engine/Content/EngineMaterials/Substrate/GLints/dict_16_192_64_0p5_0p02_0003_0008.uasset" 7011
"/Engine/EngineMaterials/Substrate/GLints/dict_16_192_64_0p5_0p02_0004_0004" 7012
"/Engine/EngineMaterials/Substrate/GLints/dict_16_192_64_0p5_0p02_0003_0006" 7013
"/Engine/EngineMaterials/Substrate/GLints/dict_16_192_64_0p5_0p02_0003_0005" 7014
"/Engine/EngineMaterials/Substrate/GLints/dict_16_192_64_0p5_0p02_0003_0008" 7015
"/Engine/EngineMaterials/Substrate/GLints/dict_16_192_64_0p5_0p02_0003_0009" 7016
"/Engine/EngineMaterials/Substrate/GLints/dict_16_192_64_0p5_0p02_0003_0010" 7017
"../../../Engine/Content/EngineMaterials/Substrate/GLints/dict_16_192_64_0p5_0p02_0003_0000.uasset" 7018
"../../../Engine/Content/EngineMaterials/Substrate/GLints/dict_16_192_64_0p5_0p02_0003_0003.uasset" 7019
"../../../Engine/Content/EngineMaterials/Substrate/GLints/dict_16_192_64_0p5_0p02_0003_0001.uasset" 7020
"../../../Engine/Content/EngineMaterials/Substrate/GLints/dict_16_192_64_0p5_0p02_0003_0004.uasset" 7021
"../../../Engine/Content/EngineMaterials/Substrate/GLints/dict_16_192_64_0p5_0p02_0002_0015.uasset" 7022
"../../../Engine/Content/EngineMaterials/Substrate/GLints/dict_16_192_64_0p5_0p02_0003_0002.uasset" 7023
"../../../Engine/Content/EngineMaterials/Substrate/GLints/dict_16_192_64_0p5_0p02_0003_0007.uasset" 7024
"../../../Engine/Content/EngineMaterials/Substrate/GLints/dict_16_192_64_0p5_0p02_0002_0014.uasset" 7025
"../../../Engine/Content/EngineMaterials/Substrate/GLints/dict_16_192_64_0p5_0p02_0002_0012.uasset" 7026
"../../../Engine/Content/EngineMaterials/Substrate/GLints/dict_16_192_64_0p5_0p02_0002_0008.uasset" 7027
"../../../Engine/Content/EngineMaterials/Substrate/GLints/dict_16_192_64_0p5_0p02_0002_0013.uasset" 7028
"../../../Engine/Content/EngineMaterials/Substrate/GLints/dict_16_192_64_0p5_0p02_0002_0011.uasset" 7029
"../../../Engine/Content/EngineMaterials/Substrate/GLints/dict_16_192_64_0p5_0p02_0002_0005.uasset" 7030
"../../../Engine/Content/EngineMaterials/Substrate/GLints/dict_16_192_64_0p5_0p02_0002_0006.uasset" 7031
"../../../Engine/Content/EngineMaterials/Substrate/GLints/dict_16_192_64_0p5_0p02_0002_0007.uasset" 7032
"../../../Engine/Content/EngineMaterials/Substrate/GLints/dict_16_192_64_0p5_0p02_0002_0010.uasset" 7033
"/Engine/EngineMaterials/Substrate/GLints/dict_16_192_64_0p5_0p02_0003_0007" 7034
"/Engine/EngineMaterials/Substrate/GLints/dict_16_192_64_0p5_0p02_0002_0007" 7035
"../../../Engine/Content/EngineMaterials/Substrate/GLints/dict_16_192_64_0p5_0p02_0002_0001.uasset" 7036
"../../../Engine/Content/EngineMaterials/Substrate/GLints/dict_16_192_64_0p5_0p02_0001_0015.uasset" 7037
"../../../Engine/Content/EngineMaterials/Substrate/GLints/dict_16_192_64_0p5_0p02_0002_0000.uasset" 7038
"/Engine/EngineMaterials/Substrate/GLints/dict_16_192_64_0p5_0p02_0002_0008" 7039
"/Engine/EngineMaterials/Substrate/GLints/dict_16_192_64_0p5_0p02_0002_0011" 7040
"/Engine/EngineMaterials/Substrate/GLints/dict_16_192_64_0p5_0p02_0002_0012" 7041
"/Engine/EngineMaterials/Substrate/GLints/dict_16_192_64_0p5_0p02_0002_0005" 7042
"/Engine/EngineMaterials/Substrate/GLints/dict_16_192_64_0p5_0p02_0002_0006" 7043
"../../../Engine/Content/EngineMaterials/Substrate/GLints/dict_16_192_64_0p5_0p02_0002_0009.uasset" 7044
"/Engine/EngineMaterials/Substrate/GLints/dict_16_192_64_0p5_0p02_0002_0013" 7045
"../../../Engine/Content/EngineMaterials/Substrate/GLints/dict_16_192_64_0p5_0p02_0001_0013.uasset" 7046
"/Engine/EngineMaterials/Substrate/GLints/dict_16_192_64_0p5_0p02_0002_0014" 7047
"/Engine/EngineMaterials/Substrate/GLints/dict_16_192_64_0p5_0p02_0002_0015" 7048
"/Engine/EngineMaterials/Substrate/GLints/dict_16_192_64_0p5_0p02_0003_0000" 7049
"/Engine/EngineMaterials/Substrate/GLints/dict_16_192_64_0p5_0p02_0003_0001" 7050
"../../../Engine/Content/EngineMaterials/Substrate/GLints/dict_16_192_64_0p5_0p02_0001_0014.uasset" 7051
"/Engine/EngineMaterials/Substrate/GLints/dict_16_192_64_0p5_0p02_0003_0002" 7052
"/Engine/EngineMaterials/Substrate/GLints/dict_16_192_64_0p5_0p02_0003_0003" 7053
"/Engine/EngineMaterials/Substrate/GLints/dict_16_192_64_0p5_0p02_0003_0004" 7054
"/Engine/EngineMaterials/Substrate/GLints/dict_16_192_64_0p5_0p02_0001_0013" 7055
"../../../Engine/Content/EngineMaterials/Substrate/GLints/dict_16_192_64_0p5_0p02_0001_0012.uasset" 7056
"../../../Engine/Content/EngineMaterials/Substrate/GLints/dict_16_192_64_0p5_0p02_0001_0010.uasset" 7057
"../../../Engine/Content/EngineMaterials/Substrate/GLints/dict_16_192_64_0p5_0p02_0001_0011.uasset" 7058
"/Engine/EngineMaterials/Substrate/GLints/dict_16_192_64_0p5_0p02_0001_0014" 7059
"/Engine/EngineMaterials/Substrate/GLints/dict_16_192_64_0p5_0p02_0001_0015" 7060
"../../../Engine/Content/EngineMaterials/Substrate/GLints/dict_16_192_64_0p5_0p02_0001_0008.uasset" 7061
"../../../Engine/Content/EngineMaterials/Substrate/GLints/dict_16_192_64_0p5_0p02_0001_0007.uasset" 7062
"../../../Engine/Content/EngineMaterials/Substrate/GLints/dict_16_192_64_0p5_0p02_0001_0009.uasset" 7063
"../../../Engine/Content/EngineMaterials/Substrate/GLints/dict_16_192_64_0p5_0p02_0001_0006.uasset" 7064
"/Engine/EngineMaterials/Substrate/GLints/dict_16_192_64_0p5_0p02_0002_0000" 7065
"/Engine/EngineMaterials/Substrate/GLints/dict_16_192_64_0p5_0p02_0002_0001" 7066
"/Engine/EngineMaterials/Substrate/GLints/dict_16_192_64_0p5_0p02_0002_0009" 7067
"../../../Engine/Content/EngineMaterials/Substrate/GLints/dict_16_192_64_0p5_0p02_0002_0002.uasset" 7068
"/Engine/EngineMaterials/Substrate/GLints/dict_16_192_64_0p5_0p02_0002_0010" 7069
"../../../Engine/Content/EngineMaterials/Substrate/GLints/dict_16_192_64_0p5_0p02_0001_0004.uasset" 7070
"../../../Engine/Content/EngineMaterials/Substrate/GLints/dict_16_192_64_0p5_0p02_0001_0000.uasset" 7071
"../../../Engine/Content/EngineMaterials/Substrate/GLints/dict_16_192_64_0p5_0p02_0001_0001.uasset" 7072
"../../../Engine/Content/EngineMaterials/Substrate/GLints/dict_16_192_64_0p5_0p02_0002_0003.uasset" 7073
"../../../Engine/Content/EngineMaterials/Substrate/GLints/dict_16_192_64_0p5_0p02_0001_0003.uasset" 7074
"../../../Engine/Content/EngineMaterials/Substrate/GLints/dict_16_192_64_0p5_0p02_0001_0002.uasset" 7075
"../../../Engine/Content/EngineMaterials/Substrate/GLints/dict_16_192_64_0p5_0p02_0001_0005.uasset" 7076
"/Engine/EngineMaterials/Substrate/GLints/dict_16_192_64_0p5_0p02_0001_0011" 7077
"/Engine/EngineMaterials/Substrate/GLints/dict_16_192_64_0p5_0p02_0001_0006" 7078
"/Engine/EngineMaterials/Substrate/GLints/dict_16_192_64_0p5_0p02_0001_0007" 7079
"/Engine/EngineMaterials/Substrate/GLints/dict_16_192_64_0p5_0p02_0001_0012" 7080
"/Engine/EngineMaterials/Substrate/GLints/dict_16_192_64_0p5_0p02_0001_0008" 7081
"../../../Engine/Content/EngineMaterials/Substrate/GLints/dict_16_192_64_0p5_0p02_0000_0014.uasset" 7082
"../../../Engine/Content/EngineMaterials/Substrate/GLints/dict_16_192_64_0p5_0p02_0000_0015.uasset" 7083
"../../../Engine/Content/EngineMaterials/Substrate/GLints/dict_16_192_64_0p5_0p02_0002_0004.uasset" 7084
"/Engine/EngineMaterials/Substrate/GLints/dict_16_192_64_0p5_0p02_0001_0009" 7085
"../../../Engine/Content/EngineMaterials/Substrate/GLints/dict_16_192_64_0p5_0p02_0000_0013.uasset" 7086
"/Engine/EngineMaterials/Substrate/GLints/dict_16_192_64_0p5_0p02_0001_0010" 7087
"/Engine/EngineMaterials/Substrate/GLints/dict_16_192_64_0p5_0p02_0002_0002" 7088
"/Engine/EngineMaterials/Substrate/GLints/dict_16_192_64_0p5_0p02_0002_0003" 7089
"/Engine/EngineMaterials/Substrate/GLints/dict_16_192_64_0p5_0p02_0001_0000" 7090
"/Engine/EngineMaterials/Substrate/GLints/dict_16_192_64_0p5_0p02_0001_0001" 7091
"/Engine/EngineMaterials/Substrate/GLints/dict_16_192_64_0p5_0p02_0001_0002" 7092
"/Engine/EngineMaterials/Substrate/GLints/dict_16_192_64_0p5_0p02_0001_0003" 7093
"/Engine/EngineMaterials/Substrate/GLints/dict_16_192_64_0p5_0p02_0001_0004" 7094
"/Engine/EngineMaterials/Substrate/GLints/dict_16_192_64_0p5_0p02_0001_0005" 7095
"/Engine/EngineMaterials/Substrate/GLints/dict_16_192_64_0p5_0p02_0002_0004" 7096
"/Engine/EngineMaterials/Substrate/GLints/dict_16_192_64_0p5_0p02_0000_0013" 7097
"../../../Engine/Content/EngineMaterials/Substrate/GLints/dict_16_192_64_0p5_0p02_0000_0008.uasset" 7098
"../../../Engine/Content/EngineMaterials/Substrate/GLints/dict_16_192_64_0p5_0p02_0000_0007.uasset" 7099
"../../../Engine/Content/EngineMaterials/Substrate/GLints/dict_16_192_64_0p5_0p02_0000_0006.uasset" 7100
"../../../Engine/Content/EngineMaterials/Substrate/GLints/dict_16_192_64_0p5_0p02_0000_0012.uasset" 7101
"/Engine/EngineMaterials/Substrate/GLints/dict_16_192_64_0p5_0p02_0000_0014" 7102
"/Engine/EngineMaterials/Substrate/GLints/dict_16_192_64_0p5_0p02_0000_0015" 7103
"/Engine/EngineMaterials/Substrate/GLints/dict_16_192_64_0p5_0p02_0000_0007" 7104
"/Engine/EngineMaterials/Substrate/GLints/dict_16_192_64_0p5_0p02_0000_0008" 7105
"/Engine/EngineMaterials/Substrate/GLints/dict_16_192_64_0p5_0p02_0000_0006" 7106
"../../../Engine/Content/EngineMaterials/Substrate/GLints/dict_16_192_64_0p5_0p02_0000_0004.uasset" 7107
"/Engine/EngineMaterials/Substrate/GLints/dict_16_192_64_0p5_0p02_0000_0012" 7108
"../../../Engine/Content/EngineMaterials/Substrate/GLints/dict_16_192_64_0p5_0p02_0000_0011.uasset" 7109
"/Engine/EngineMaterials/Substrate/GLints/dict_16_192_64_0p5_0p02_0000_0004" 7110
"../../../Engine/Content/EngineMaterials/Substrate/GLints/dict_16_192_64_0p5_0p02_0000_0000.uasset" 7111
"/Engine/EngineMaterials/Substrate/GLints/dict_16_192_64_0p5_0p02_0000_0000" 7112
"/Engine/EngineMaterials/Substrate/GLints/dict_16_192_64_0p5_0p02_0000_0011" 7113
"../../../Engine/Content/EngineMaterials/Substrate/GLints/dict_16_192_64_0p5_0p02_0000_0010.uasset" 7114
"../../../Engine/Content/EngineMaterials/Substrate/GLints/dict_16_192_64_0p5_0p02_0000_0001.uasset" 7115
"../../../Engine/Content/EngineMaterials/Substrate/GLints/dict_16_192_64_0p5_0p02_0000_0003.uasset" 7116
"../../../Engine/Content/EngineMaterials/Substrate/Glints2/dict_0007_0255.uasset" 7117
"../../../Engine/Content/EngineMaterials/Substrate/GLints/dict_16_192_64_0p5_0p02_0000_0009.uasset" 7118
"../../../Engine/Content/EngineMaterials/Substrate/Glints2/dict_0007_0254.uasset" 7119
"../../../Engine/Content/EngineMaterials/Substrate/GLints/AGlintTex2dArray.uasset" 7120
"../../../Engine/Content/EngineMaterials/Substrate/GLints/dict_16_192_64_0p5_0p02_0000_0005.uasset" 7121
"../../../Engine/Content/EngineMaterials/Substrate/GLints/dict_16_192_64_0p5_0p02_0000_0002.uasset" 7122
"../../../Engine/Content/EngineMaterials/Substrate/Glints2/dict_0007_0250.uasset" 7123
"../../../Engine/Content/EngineMaterials/Substrate/Glints2/dict_0007_0253.uasset" 7124
"../../../Engine/Content/EngineMaterials/Substrate/Glints2/dict_0007_0252.uasset" 7125
"../../../Engine/Content/EngineMaterials/Substrate/Glints2/dict_0007_0248.uasset" 7126
"../../../Engine/Content/EngineMaterials/Substrate/Glints2/dict_0007_0251.uasset" 7127
"/Engine/EngineMaterials/Substrate/Glints2/dict_0007_0248" 7128
"../../../Engine/Content/EngineMaterials/Substrate/Glints2/dict_0007_0249.uasset" 7129
"../../../Engine/Content/EngineMaterials/Substrate/Glints2/dict_0007_0246.uasset" 7130
"../../../Engine/Content/EngineMaterials/Substrate/Glints2/dict_0007_0243.uasset" 7131
"../../../Engine/Content/EngineMaterials/Substrate/Glints2/dict_0007_0245.uasset" 7132
"../../../Engine/Content/EngineMaterials/Substrate/Glints2/dict_0007_0244.uasset" 7133
"../../../Engine/Content/EngineMaterials/Substrate/Glints2/dict_0007_0247.uasset" 7134
"/Engine/EngineMaterials/Substrate/GLints/dict_16_192_64_0p5_0p02_0000_0009" 7135
"/Engine/EngineMaterials/Substrate/GLints/dict_16_192_64_0p5_0p02_0000_0001" 7136
"/Engine/EngineMaterials/Substrate/GLints/dict_16_192_64_0p5_0p02_0000_0002" 7137
"/Engine/EngineMaterials/Substrate/GLints/dict_16_192_64_0p5_0p02_0000_0003" 7138
"/Engine/EngineMaterials/Substrate/Glints2/dict_0007_0250" 7139
"../../../Engine/Content/EngineMaterials/Substrate/Glints2/dict_0007_0238.uasset" 7140
"/Engine/EngineMaterials/Substrate/GLints/dict_16_192_64_0p5_0p02_0000_0005" 7141
"../../../Engine/Content/EngineMaterials/Substrate/Glints2/dict_0007_0242.uasset" 7142
"../../../Engine/Content/EngineMaterials/Substrate/Glints2/dict_0007_0240.uasset" 7143
"../../../Engine/Content/EngineMaterials/Substrate/Glints2/dict_0007_0241.uasset" 7144
"../../../Engine/Content/EngineMaterials/Substrate/Glints2/dict_0007_0239.uasset" 7145
"/Engine/EngineMaterials/Substrate/GLints/dict_16_192_64_0p5_0p02_0000_0010" 7146
"/Engine/EngineMaterials/Substrate/Glints2/dict_0007_0251" 7147
"/Engine/EngineMaterials/Substrate/Glints2/dict_0007_0252" 7148
"/Engine/EngineMaterials/Substrate/Glints2/dict_0007_0253" 7149
"/Engine/EngineMaterials/Substrate/Glints2/dict_0007_0254" 7150
"/Engine/EngineMaterials/Substrate/Glints2/dict_0007_0255" 7151
"/Engine/EngineMaterials/Substrate/GLints/AGlintTex2dArray" 7152
"../../../Engine/Content/EngineMaterials/Substrate/Glints2/dict_0007_0236.uasset" 7153
"../../../Engine/Content/EngineMaterials/Substrate/Glints2/dict_0007_0237.uasset" 7154
"../../../Engine/Content/EngineMaterials/Substrate/Glints2/dict_0007_0235.uasset" 7155
"../../../Engine/Content/EngineMaterials/Substrate/Glints2/dict_0007_0234.uasset" 7156
"../../../Engine/Content/EngineMaterials/Substrate/Glints2/dict_0007_0231.uasset" 7157
"../../../Engine/Content/EngineMaterials/Substrate/Glints2/dict_0007_0232.uasset" 7158
"../../../Engine/Content/EngineMaterials/Substrate/Glints2/dict_0007_0233.uasset" 7159
"/Engine/EngineMaterials/Substrate/Glints2/dict_0007_0242" 7160
"/Engine/EngineMaterials/Substrate/Glints2/dict_0007_0243" 7161
"/Engine/EngineMaterials/Substrate/Glints2/dict_0007_0234" 7162
"/Engine/EngineMaterials/Substrate/Glints2/dict_0007_0244" 7163
"/Engine/EngineMaterials/Substrate/Glints2/dict_0007_0245" 7164
"/Engine/EngineMaterials/Substrate/Glints2/dict_0007_0246" 7165
"/Engine/EngineMaterials/Substrate/Glints2/dict_0007_0247" 7166
"/Engine/EngineMaterials/Substrate/Glints2/dict_0007_0235" 7167
"/Engine/EngineMaterials/Substrate/Glints2/dict_0007_0231" 7168
"/Engine/EngineMaterials/Substrate/Glints2/dict_0007_0233" 7169
"/Engine/EngineMaterials/Substrate/Glints2/dict_0007_0249" 7170
"/Engine/EngineMaterials/Substrate/Glints2/dict_0007_0238" 7171
"/Engine/EngineMaterials/Substrate/Glints2/dict_0007_0236" 7172
"/Engine/EngineMaterials/Substrate/Glints2/dict_0007_0232" 7173
"/Engine/EngineMaterials/Substrate/Glints2/dict_0007_0237" 7174
"/Engine/EngineMaterials/Substrate/Glints2/dict_0007_0239" 7175
"/Engine/EngineMaterials/Substrate/Glints2/dict_0007_0240" 7176
"/Engine/EngineMaterials/Substrate/Glints2/dict_0007_0241" 7177
"../../../Engine/Content/EngineMaterials/Substrate/Glints2/dict_0007_0226.uasset" 7178
"../../../Engine/Content/EngineMaterials/Substrate/Glints2/dict_0007_0227.uasset" 7179
"../../../Engine/Content/EngineMaterials/Substrate/Glints2/dict_0007_0221.uasset" 7180
"../../../Engine/Content/EngineMaterials/Substrate/Glints2/dict_0007_0225.uasset" 7181
"../../../Engine/Content/EngineMaterials/Substrate/Glints2/dict_0007_0220.uasset" 7182
"../../../Engine/Content/EngineMaterials/Substrate/Glints2/dict_0007_0219.uasset" 7183
"../../../Engine/Content/EngineMaterials/Substrate/Glints2/dict_0007_0223.uasset" 7184
"../../../Engine/Content/EngineMaterials/Substrate/Glints2/dict_0007_0228.uasset" 7185
"../../../Engine/Content/EngineMaterials/Substrate/Glints2/dict_0007_0222.uasset" 7186
"../../../Engine/Content/EngineMaterials/Substrate/Glints2/dict_0007_0230.uasset" 7187
"../../../Engine/Content/EngineMaterials/Substrate/Glints2/dict_0007_0229.uasset" 7188
"../../../Engine/Content/EngineMaterials/Substrate/Glints2/dict_0007_0224.uasset" 7189
"../../../Engine/Content/EngineMaterials/Substrate/Glints2/dict_0007_0218.uasset" 7190
"/Engine/EngineMaterials/Substrate/Glints2/dict_0007_0218" 7191
"/Engine/EngineMaterials/Substrate/Glints2/dict_0007_0219" 7192
"/Engine/EngineMaterials/Substrate/Glints2/dict_0007_0220" 7193
"/Engine/EngineMaterials/Substrate/Glints2/dict_0007_0221" 7194
"../../../Engine/Content/EngineMaterials/Substrate/Glints2/dict_0007_0216.uasset" 7195
"../../../Engine/Content/EngineMaterials/Substrate/Glints2/dict_0007_0215.uasset" 7196
"../../../Engine/Content/EngineMaterials/Substrate/Glints2/dict_0007_0211.uasset" 7197
"../../../Engine/Content/EngineMaterials/Substrate/Glints2/dict_0007_0212.uasset" 7198
"../../../Engine/Content/EngineMaterials/Substrate/Glints2/dict_0007_0213.uasset" 7199
"/Engine/EngineMaterials/Substrate/Glints2/dict_0007_0222" 7200
"../../../Engine/Content/EngineMaterials/Substrate/Glints2/dict_0007_0209.uasset" 7201
"../../../Engine/Content/EngineMaterials/Substrate/Glints2/dict_0007_0214.uasset" 7202
"/Engine/EngineMaterials/Substrate/Glints2/dict_0007_0223" 7203
"/Engine/EngineMaterials/Substrate/Glints2/dict_0007_0224" 7204
"/Engine/EngineMaterials/Substrate/Glints2/dict_0007_0225" 7205
"/Engine/EngineMaterials/Substrate/Glints2/dict_0007_0226" 7206
"../../../Engine/Content/EngineMaterials/Substrate/Glints2/dict_0007_0210.uasset" 7207
"/Engine/EngineMaterials/Substrate/Glints2/dict_0007_0227" 7208
"../../../Engine/Content/EngineMaterials/Substrate/Glints2/dict_0007_0207.uasset" 7209
"/Engine/EngineMaterials/Substrate/Glints2/dict_0007_0228" 7210
"/Engine/EngineMaterials/Substrate/Glints2/dict_0007_0229" 7211
"/Engine/EngineMaterials/Substrate/Glints2/dict_0007_0230" 7212
"../../../Engine/Content/EngineMaterials/Substrate/Glints2/dict_0007_0204.uasset" 7213
"/Engine/EngineMaterials/Substrate/Glints2/dict_0007_0204" 7214
"../../../Engine/Content/EngineMaterials/Substrate/Glints2/dict_0007_0208.uasset" 7215
"../../../Engine/Content/EngineMaterials/Substrate/Glints2/dict_0007_0217.uasset" 7216
"../../../Engine/Content/EngineMaterials/Substrate/Glints2/dict_0007_0206.uasset" 7217
"../../../Engine/Content/EngineMaterials/Substrate/Glints2/dict_0007_0205.uasset" 7218
"/Engine/EngineMaterials/Substrate/Glints2/dict_0007_0207" 7219
"/Engine/EngineMaterials/Substrate/Glints2/dict_0007_0209" 7220
"/Engine/EngineMaterials/Substrate/Glints2/dict_0007_0210" 7221
"/Engine/EngineMaterials/Substrate/Glints2/dict_0007_0211" 7222
"/Engine/EngineMaterials/Substrate/Glints2/dict_0007_0212" 7223
"/Engine/EngineMaterials/Substrate/Glints2/dict_0007_0213" 7224
"/Engine/EngineMaterials/Substrate/Glints2/dict_0007_0214" 7225
"/Engine/EngineMaterials/Substrate/Glints2/dict_0007_0215" 7226
"../../../Engine/Content/EngineMaterials/Substrate/Glints2/dict_0007_0200.uasset" 7227
"../../../Engine/Content/EngineMaterials/Substrate/Glints2/dict_0007_0201.uasset" 7228
"../../../Engine/Content/EngineMaterials/Substrate/Glints2/dict_0007_0199.uasset" 7229
"../../../Engine/Content/EngineMaterials/Substrate/Glints2/dict_0007_0203.uasset" 7230
"/Engine/EngineMaterials/Substrate/Glints2/dict_0007_0216" 7231
"../../../Engine/Content/EngineMaterials/Substrate/Glints2/dict_0007_0202.uasset" 7232
"/Engine/EngineMaterials/Substrate/Glints2/dict_0007_0199" 7233
"/Engine/EngineMaterials/Substrate/Glints2/dict_0007_0200" 7234
"/Engine/EngineMaterials/Substrate/Glints2/dict_0007_0201" 7235
"/Engine/EngineMaterials/Substrate/Glints2/dict_0007_0202" 7236
"/Engine/EngineMaterials/Substrate/Glints2/dict_0007_0203" 7237
"/Engine/EngineMaterials/Substrate/Glints2/dict_0007_0205" 7238
"/Engine/EngineMaterials/Substrate/Glints2/dict_0007_0217" 7239
"/Engine/EngineMaterials/Substrate/Glints2/dict_0007_0206" 7240
"/Engine/EngineMaterials/Substrate/Glints2/dict_0007_0208" 7241
"../../../Engine/Content/EngineMaterials/Substrate/Glints2/dict_0007_0194.uasset" 7242
"../../../Engine/Content/EngineMaterials/Substrate/Glints2/dict_0007_0191.uasset" 7243
"../../../Engine/Content/EngineMaterials/Substrate/Glints2/dict_0007_0196.uasset" 7244
"../../../Engine/Content/EngineMaterials/Substrate/Glints2/dict_0007_0195.uasset" 7245
"../../../Engine/Content/EngineMaterials/Substrate/Glints2/dict_0007_0193.uasset" 7246
"../../../Engine/Content/EngineMaterials/Substrate/Glints2/dict_0007_0197.uasset" 7247
"../../../Engine/Content/EngineMaterials/Substrate/Glints2/dict_0007_0198.uasset" 7248
"../../../Engine/Content/EngineMaterials/Substrate/Glints2/dict_0007_0192.uasset" 7249
"../../../Engine/Content/EngineMaterials/Substrate/Glints2/dict_0007_0186.uasset" 7250
"../../../Engine/Content/EngineMaterials/Substrate/Glints2/dict_0007_0190.uasset" 7251
"../../../Engine/Content/EngineMaterials/Substrate/Glints2/dict_0007_0188.uasset" 7252
"../../../Engine/Content/EngineMaterials/Substrate/Glints2/dict_0007_0189.uasset" 7253
"../../../Engine/Content/EngineMaterials/Substrate/Glints2/dict_0007_0187.uasset" 7254
"../../../Engine/Content/EngineMaterials/Substrate/Glints2/dict_0007_0180.uasset" 7255
"../../../Engine/Content/EngineMaterials/Substrate/Glints2/dict_0007_0183.uasset" 7256
"../../../Engine/Content/EngineMaterials/Substrate/Glints2/dict_0007_0182.uasset" 7257
"../../../Engine/Content/EngineMaterials/Substrate/Glints2/dict_0007_0181.uasset" 7258
"/Engine/EngineMaterials/Substrate/Glints2/dict_0007_0186" 7259
"../../../Engine/Content/EngineMaterials/Substrate/Glints2/dict_0007_0185.uasset" 7260
"../../../Engine/Content/EngineMaterials/Substrate/Glints2/dict_0007_0178.uasset" 7261
"../../../Engine/Content/EngineMaterials/Substrate/Glints2/dict_0007_0184.uasset" 7262
"/Engine/EngineMaterials/Substrate/Glints2/dict_0007_0187" 7263
"/Engine/EngineMaterials/Substrate/Glints2/dict_0007_0188" 7264
"/Engine/EngineMaterials/Substrate/Glints2/dict_0007_0189" 7265
"/Engine/EngineMaterials/Substrate/Glints2/dict_0007_0190" 7266
"/Engine/EngineMaterials/Substrate/Glints2/dict_0007_0191" 7267
"/Engine/EngineMaterials/Substrate/Glints2/dict_0007_0180" 7268
"../../../Engine/Content/EngineMaterials/Substrate/Glints2/dict_0007_0173.uasset" 7269
"../../../Engine/Content/EngineMaterials/Substrate/Glints2/dict_0007_0175.uasset" 7270
"../../../Engine/Content/EngineMaterials/Substrate/Glints2/dict_0007_0174.uasset" 7271
"../../../Engine/Content/EngineMaterials/Substrate/Glints2/dict_0007_0176.uasset" 7272
"../../../Engine/Content/EngineMaterials/Substrate/Glints2/dict_0007_0177.uasset" 7273
"/Engine/EngineMaterials/Substrate/Glints2/dict_0007_0192" 7274
"/Engine/EngineMaterials/Substrate/Glints2/dict_0007_0181" 7275
"../../../Engine/Content/EngineMaterials/Substrate/Glints2/dict_0007_0179.uasset" 7276
"/Engine/EngineMaterials/Substrate/Glints2/dict_0007_0182" 7277
"/Engine/EngineMaterials/Substrate/Glints2/dict_0007_0183" 7278
"/Engine/EngineMaterials/Substrate/Glints2/dict_0007_0193" 7279
"/Engine/EngineMaterials/Substrate/Glints2/dict_0007_0194" 7280
"/Engine/EngineMaterials/Substrate/Glints2/dict_0007_0195" 7281
"/Engine/EngineMaterials/Substrate/Glints2/dict_0007_0196" 7282
"/Engine/EngineMaterials/Substrate/Glints2/dict_0007_0197" 7283
"/Engine/EngineMaterials/Substrate/Glints2/dict_0007_0198" 7284
"/Engine/EngineMaterials/Substrate/Glints2/dict_0007_0176" 7285
"/Engine/EngineMaterials/Substrate/Glints2/dict_0007_0173" 7286
"/Engine/EngineMaterials/Substrate/Glints2/dict_0007_0174" 7287
"/Engine/EngineMaterials/Substrate/Glints2/dict_0007_0177" 7288
"/Engine/EngineMaterials/Substrate/Glints2/dict_0007_0175" 7289
"/Engine/EngineMaterials/Substrate/Glints2/dict_0007_0178" 7290
"../../../Engine/Content/EngineMaterials/Substrate/Glints2/dict_0007_0167.uasset" 7291
"../../../Engine/Content/EngineMaterials/Substrate/Glints2/dict_0007_0172.uasset" 7292
"/Engine/EngineMaterials/Substrate/Glints2/dict_0007_0179" 7293
"../../../Engine/Content/EngineMaterials/Substrate/Glints2/dict_0007_0169.uasset" 7294
"../../../Engine/Content/EngineMaterials/Substrate/Glints2/dict_0007_0168.uasset" 7295
"../../../Engine/Content/EngineMaterials/Substrate/Glints2/dict_0007_0170.uasset" 7296
"/Engine/EngineMaterials/Substrate/Glints2/dict_0007_0184" 7297
"/Engine/EngineMaterials/Substrate/Glints2/dict_0007_0185" 7298
"/Engine/EngineMaterials/Substrate/Glints2/dict_0007_0167" 7299
"../../../Engine/Content/EngineMaterials/Substrate/Glints2/dict_0007_0171.uasset" 7300
"/Engine/EngineMaterials/Substrate/Glints2/dict_0007_0168" 7301
"/Engine/EngineMaterials/Substrate/Glints2/dict_0007_0169" 7302
"/Engine/EngineMaterials/Substrate/Glints2/dict_0007_0170" 7303
"/Engine/EngineMaterials/Substrate/Glints2/dict_0007_0172" 7304
"/Engine/EngineMaterials/Substrate/Glints2/dict_0007_0171" 7305
"../../../Engine/Content/EngineMaterials/Substrate/Glints2/dict_0007_0161.uasset" 7306
"../../../Engine/Content/EngineMaterials/Substrate/Glints2/dict_0007_0164.uasset" 7307
"../../../Engine/Content/EngineMaterials/Substrate/Glints2/dict_0007_0162.uasset" 7308
"../../../Engine/Content/EngineMaterials/Substrate/Glints2/dict_0007_0165.uasset" 7309
"../../../Engine/Content/EngineMaterials/Substrate/Glints2/dict_0007_0166.uasset" 7310
"../../../Engine/Content/EngineMaterials/Substrate/Glints2/dict_0007_0163.uasset" 7311
"../../../Engine/Content/EngineMaterials/Substrate/Glints2/dict_0007_0159.uasset" 7312
"../../../Engine/Content/EngineMaterials/Substrate/Glints2/dict_0007_0157.uasset" 7313
"../../../Engine/Content/EngineMaterials/Substrate/Glints2/dict_0007_0156.uasset" 7314
"../../../Engine/Content/EngineMaterials/Substrate/Glints2/dict_0007_0155.uasset" 7315
"../../../Engine/Content/EngineMaterials/Substrate/Glints2/dict_0007_0158.uasset" 7316
"../../../Engine/Content/EngineMaterials/Substrate/Glints2/dict_0007_0160.uasset" 7317
"../../../Engine/Content/EngineMaterials/Substrate/Glints2/dict_0007_0154.uasset" 7318
"../../../Engine/Content/EngineMaterials/Substrate/Glints2/dict_0007_0153.uasset" 7319
"/Engine/EngineMaterials/Substrate/Glints2/dict_0007_0153" 7320
"/Engine/EngineMaterials/Substrate/Glints2/dict_0007_0154" 7321
"/Engine/EngineMaterials/Substrate/Glints2/dict_0007_0155" 7322
"/Engine/EngineMaterials/Substrate/Glints2/dict_0007_0156" 7323
"/Engine/EngineMaterials/Substrate/Glints2/dict_0007_0157" 7324
"/Engine/EngineMaterials/Substrate/Glints2/dict_0007_0158" 7325
"/Engine/EngineMaterials/Substrate/Glints2/dict_0007_0159" 7326
"../../../Engine/Content/EngineMaterials/Substrate/Glints2/dict_0007_0151.uasset" 7327
"/Engine/EngineMaterials/Substrate/Glints2/dict_0007_0160" 7328
"../../../Engine/Content/EngineMaterials/Substrate/Glints2/dict_0007_0147.uasset" 7329
"../../../Engine/Content/EngineMaterials/Substrate/Glints2/dict_0007_0148.uasset" 7330
"/Engine/EngineMaterials/Substrate/Glints2/dict_0007_0161" 7331
"/Engine/EngineMaterials/Substrate/Glints2/dict_0007_0162" 7332
"/Engine/EngineMaterials/Substrate/Glints2/dict_0007_0163" 7333
"/Engine/EngineMaterials/Substrate/Glints2/dict_0007_0164" 7334
"/Engine/EngineMaterials/Substrate/Glints2/dict_0007_0165" 7335
"/Engine/EngineMaterials/Substrate/Glints2/dict_0007_0166" 7336
"../../../Engine/Content/EngineMaterials/Substrate/Glints2/dict_0007_0152.uasset" 7337
"../../../Engine/Content/EngineMaterials/Substrate/Glints2/dict_0007_0146.uasset" 7338
"/Engine/EngineMaterials/Substrate/Glints2/dict_0007_0151" 7339
"../../../Engine/Content/EngineMaterials/Substrate/Glints2/dict_0007_0145.uasset" 7340
"../../../Engine/Content/EngineMaterials/Substrate/Glints2/dict_0007_0149.uasset" 7341
"/Engine/EngineMaterials/Substrate/Glints2/dict_0007_0147" 7342
"/Engine/EngineMaterials/Substrate/Glints2/dict_0007_0148" 7343
"/Engine/EngineMaterials/Substrate/Glints2/dict_0007_0152" 7344
"/Engine/EngineMaterials/Substrate/Glints2/dict_0007_0145" 7345
"../../../Engine/Content/EngineMaterials/Substrate/Glints2/dict_0007_0144.uasset" 7346
"../../../Engine/Content/EngineMaterials/Substrate/Glints2/dict_0007_0141.uasset" 7347
"../../../Engine/Content/EngineMaterials/Substrate/Glints2/dict_0007_0140.uasset" 7348
"/Engine/EngineMaterials/Substrate/Glints2/dict_0007_0146" 7349
"/Engine/EngineMaterials/Substrate/Glints2/dict_0007_0149" 7350
"../../../Engine/Content/EngineMaterials/Substrate/Glints2/dict_0007_0150.uasset" 7351
"/Engine/EngineMaterials/Substrate/Glints2/dict_0007_0141" 7352
"/Engine/EngineMaterials/Substrate/Glints2/dict_0007_0140" 7353
"../../../Engine/Content/EngineMaterials/Substrate/Glints2/dict_0007_0143.uasset" 7354
"/Engine/EngineMaterials/Substrate/Glints2/dict_0007_0144" 7355
"/Engine/EngineMaterials/Substrate/Glints2/dict_0007_0143" 7356
"/Engine/EngineMaterials/Substrate/Glints2/dict_0007_0150" 7357
"../../../Engine/Content/EngineMaterials/Substrate/Glints2/dict_0007_0142.uasset" 7358
"../../../Engine/Content/EngineMaterials/Substrate/Glints2/dict_0007_0139.uasset" 7359
"../../../Engine/Content/EngineMaterials/Substrate/Glints2/dict_0007_0137.uasset" 7360
"../../../Engine/Content/EngineMaterials/Substrate/Glints2/dict_0007_0136.uasset" 7361
"../../../Engine/Content/EngineMaterials/Substrate/Glints2/dict_0007_0138.uasset" 7362
"../../../Engine/Content/EngineMaterials/Substrate/Glints2/dict_0007_0132.uasset" 7363
"../../../Engine/Content/EngineMaterials/Substrate/Glints2/dict_0007_0129.uasset" 7364
"../../../Engine/Content/EngineMaterials/Substrate/Glints2/dict_0007_0134.uasset" 7365
"../../../Engine/Content/EngineMaterials/Substrate/Glints2/dict_0007_0128.uasset" 7366
"../../../Engine/Content/EngineMaterials/Substrate/Glints2/dict_0007_0131.uasset" 7367
"../../../Engine/Content/EngineMaterials/Substrate/Glints2/dict_0007_0130.uasset" 7368
"../../../Engine/Content/EngineMaterials/Substrate/Glints2/dict_0007_0133.uasset" 7369
"../../../Engine/Content/EngineMaterials/Substrate/Glints2/dict_0007_0125.uasset" 7370
"../../../Engine/Content/EngineMaterials/Substrate/Glints2/dict_0007_0135.uasset" 7371
"../../../Engine/Content/EngineMaterials/Substrate/Glints2/dict_0007_0123.uasset" 7372
"../../../Engine/Content/EngineMaterials/Substrate/Glints2/dict_0007_0122.uasset" 7373
"../../../Engine/Content/EngineMaterials/Substrate/Glints2/dict_0007_0127.uasset" 7374
"../../../Engine/Content/EngineMaterials/Substrate/Glints2/dict_0007_0126.uasset" 7375
"../../../Engine/Content/EngineMaterials/Substrate/Glints2/dict_0007_0124.uasset" 7376
"/Engine/EngineMaterials/Substrate/Glints2/dict_0007_0136" 7377
"/Engine/EngineMaterials/Substrate/Glints2/dict_0007_0137" 7378
"/Engine/EngineMaterials/Substrate/Glints2/dict_0007_0138" 7379
"/Engine/EngineMaterials/Substrate/Glints2/dict_0007_0139" 7380
"/Engine/EngineMaterials/Substrate/Glints2/dict_0007_0135" 7381
"/Engine/EngineMaterials/Substrate/Glints2/dict_0007_0142" 7382
"/Engine/EngineMaterials/Substrate/Glints2/dict_0007_0122" 7383
"../../../Engine/Content/EngineMaterials/Substrate/Glints2/dict_0007_0119.uasset" 7384
"../../../Engine/Content/EngineMaterials/Substrate/Glints2/dict_0007_0121.uasset" 7385
"../../../Engine/Content/EngineMaterials/Substrate/Glints2/dict_0007_0115.uasset" 7386
"../../../Engine/Content/EngineMaterials/Substrate/Glints2/dict_0007_0120.uasset" 7387
"../../../Engine/Content/EngineMaterials/Substrate/Glints2/dict_0007_0118.uasset" 7388
"../../../Engine/Content/EngineMaterials/Substrate/Glints2/dict_0007_0117.uasset" 7389
"../../../Engine/Content/EngineMaterials/Substrate/Glints2/dict_0007_0116.uasset" 7390
"/Engine/EngineMaterials/Substrate/Glints2/dict_0007_0123" 7391
"/Engine/EngineMaterials/Substrate/Glints2/dict_0007_0125" 7392
"/Engine/EngineMaterials/Substrate/Glints2/dict_0007_0128" 7393
"/Engine/EngineMaterials/Substrate/Glints2/dict_0007_0129" 7394
"/Engine/EngineMaterials/Substrate/Glints2/dict_0007_0130" 7395
"/Engine/EngineMaterials/Substrate/Glints2/dict_0007_0131" 7396
"/Engine/EngineMaterials/Substrate/Glints2/dict_0007_0132" 7397
"/Engine/EngineMaterials/Substrate/Glints2/dict_0007_0133" 7398
"/Engine/EngineMaterials/Substrate/Glints2/dict_0007_0134" 7399
"/Engine/EngineMaterials/Substrate/Glints2/dict_0007_0118" 7400
"/Engine/EngineMaterials/Substrate/Glints2/dict_0007_0121" 7401
"../../../Engine/Content/EngineMaterials/Substrate/Glints2/dict_0007_0113.uasset" 7402
"../../../Engine/Content/EngineMaterials/Substrate/Glints2/dict_0007_0111.uasset" 7403
"../../../Engine/Content/EngineMaterials/Substrate/Glints2/dict_0007_0114.uasset" 7404
"../../../Engine/Content/EngineMaterials/Substrate/Glints2/dict_0007_0109.uasset" 7405
"/Engine/EngineMaterials/Substrate/Glints2/dict_0007_0115" 7406
"/Engine/EngineMaterials/Substrate/Glints2/dict_0007_0116" 7407
"../../../Engine/Content/EngineMaterials/Substrate/Glints2/dict_0007_0112.uasset" 7408
"/Engine/EngineMaterials/Substrate/Glints2/dict_0007_0119" 7409
"../../../Engine/Content/EngineMaterials/Substrate/Glints2/dict_0007_0110.uasset" 7410
"/Engine/EngineMaterials/Substrate/Glints2/dict_0007_0124" 7411
"/Engine/EngineMaterials/Substrate/Glints2/dict_0007_0126" 7412
"/Engine/EngineMaterials/Substrate/Glints2/dict_0007_0127" 7413
"/Engine/EngineMaterials/Substrate/Glints2/dict_0007_0120" 7414
"/Engine/EngineMaterials/Substrate/Glints2/dict_0007_0117" 7415
"/Engine/EngineMaterials/Substrate/Glints2/dict_0007_0111" 7416
"/Engine/EngineMaterials/Substrate/Glints2/dict_0007_0112" 7417
"/Engine/EngineMaterials/Substrate/Glints2/dict_0007_0109" 7418
"/Engine/EngineMaterials/Substrate/Glints2/dict_0007_0113" 7419
"/Engine/EngineMaterials/Substrate/Glints2/dict_0007_0110" 7420
"/Engine/EngineMaterials/Substrate/Glints2/dict_0007_0114" 7421
"../../../Engine/Content/EngineMaterials/Substrate/Glints2/dict_0007_0100.uasset" 7422
"../../../Engine/Content/EngineMaterials/Substrate/Glints2/dict_0007_0102.uasset" 7423
"../../../Engine/Content/EngineMaterials/Substrate/Glints2/dict_0007_0106.uasset" 7424
"../../../Engine/Content/EngineMaterials/Substrate/Glints2/dict_0007_0108.uasset" 7425
"../../../Engine/Content/EngineMaterials/Substrate/Glints2/dict_0007_0099.uasset" 7426
"../../../Engine/Content/EngineMaterials/Substrate/Glints2/dict_0007_0104.uasset" 7427
"../../../Engine/Content/EngineMaterials/Substrate/Glints2/dict_0007_0107.uasset" 7428
"../../../Engine/Content/EngineMaterials/Substrate/Glints2/dict_0007_0098.uasset" 7429
"../../../Engine/Content/EngineMaterials/Substrate/Glints2/dict_0007_0105.uasset" 7430
"../../../Engine/Content/EngineMaterials/Substrate/Glints2/dict_0007_0096.uasset" 7431
"../../../Engine/Content/EngineMaterials/Substrate/Glints2/dict_0007_0103.uasset" 7432
"../../../Engine/Content/EngineMaterials/Substrate/Glints2/dict_0007_0094.uasset" 7433
"../../../Engine/Content/EngineMaterials/Substrate/Glints2/dict_0007_0101.uasset" 7434
"../../../Engine/Content/EngineMaterials/Substrate/Glints2/dict_0007_0097.uasset" 7435
"../../../Engine/Content/EngineMaterials/Substrate/Glints2/dict_0007_0089.uasset" 7436
"../../../Engine/Content/EngineMaterials/Substrate/Glints2/dict_0007_0092.uasset" 7437
"../../../Engine/Content/EngineMaterials/Substrate/Glints2/dict_0007_0087.uasset" 7438
"../../../Engine/Content/EngineMaterials/Substrate/Glints2/dict_0007_0091.uasset" 7439
"../../../Engine/Content/EngineMaterials/Substrate/Glints2/dict_0007_0088.uasset" 7440
"../../../Engine/Content/EngineMaterials/Substrate/Glints2/dict_0007_0090.uasset" 7441
"../../../Engine/Content/EngineMaterials/Substrate/Glints2/dict_0007_0093.uasset" 7442
"../../../Engine/Content/EngineMaterials/Substrate/Glints2/dict_0007_0095.uasset" 7443
"/Engine/EngineMaterials/Substrate/Glints2/dict_0007_0093" 7444
"/Engine/EngineMaterials/Substrate/Glints2/dict_0007_0094" 7445
"/Engine/EngineMaterials/Substrate/Glints2/dict_0007_0095" 7446
"/Engine/EngineMaterials/Substrate/Glints2/dict_0007_0096" 7447
"/Engine/EngineMaterials/Substrate/Glints2/dict_0007_0097" 7448
"/Engine/EngineMaterials/Substrate/Glints2/dict_0007_0098" 7449
"/Engine/EngineMaterials/Substrate/Glints2/dict_0007_0099" 7450
"/Engine/EngineMaterials/Substrate/Glints2/dict_0007_0087" 7451
"/Engine/EngineMaterials/Substrate/Glints2/dict_0007_0100" 7452
"/Engine/EngineMaterials/Substrate/Glints2/dict_0007_0088" 7453
"/Engine/EngineMaterials/Substrate/Glints2/dict_0007_0101" 7454
"/Engine/EngineMaterials/Substrate/Glints2/dict_0007_0089" 7455
"/Engine/EngineMaterials/Substrate/Glints2/dict_0007_0090" 7456
"/Engine/EngineMaterials/Substrate/Glints2/dict_0007_0102" 7457
"/Engine/EngineMaterials/Substrate/Glints2/dict_0007_0091" 7458
"/Engine/EngineMaterials/Substrate/Glints2/dict_0007_0092" 7459
"/Engine/EngineMaterials/Substrate/Glints2/dict_0007_0103" 7460
"/Engine/EngineMaterials/Substrate/Glints2/dict_0007_0104" 7461
"/Engine/EngineMaterials/Substrate/Glints2/dict_0007_0105" 7462
"/Engine/EngineMaterials/Substrate/Glints2/dict_0007_0106" 7463
"/Engine/EngineMaterials/Substrate/Glints2/dict_0007_0107" 7464
"/Engine/EngineMaterials/Substrate/Glints2/dict_0007_0108" 7465
"../../../Engine/Content/EngineMaterials/Substrate/Glints2/dict_0007_0086.uasset" 7466
"../../../Engine/Content/EngineMaterials/Substrate/Glints2/dict_0007_0085.uasset" 7467
"../../../Engine/Content/EngineMaterials/Substrate/Glints2/dict_0007_0081.uasset" 7468
"../../../Engine/Content/EngineMaterials/Substrate/Glints2/dict_0007_0079.uasset" 7469
"../../../Engine/Content/EngineMaterials/Substrate/Glints2/dict_0007_0077.uasset" 7470
"../../../Engine/Content/EngineMaterials/Substrate/Glints2/dict_0007_0080.uasset" 7471
"../../../Engine/Content/EngineMaterials/Substrate/Glints2/dict_0007_0083.uasset" 7472
"../../../Engine/Content/EngineMaterials/Substrate/Glints2/dict_0007_0078.uasset" 7473
"../../../Engine/Content/EngineMaterials/Substrate/Glints2/dict_0007_0082.uasset" 7474
"../../../Engine/Content/EngineMaterials/Substrate/Glints2/dict_0007_0074.uasset" 7475
"../../../Engine/Content/EngineMaterials/Substrate/Glints2/dict_0007_0076.uasset" 7476
"../../../Engine/Content/EngineMaterials/Substrate/Glints2/dict_0007_0075.uasset" 7477
"../../../Engine/Content/EngineMaterials/Substrate/Glints2/dict_0007_0071.uasset" 7478
"/Engine/EngineMaterials/Substrate/Glints2/dict_0007_0077" 7479
"../../../Engine/Content/EngineMaterials/Substrate/Glints2/dict_0007_0072.uasset" 7480
"/Engine/EngineMaterials/Substrate/Glints2/dict_0007_0078" 7481
"/Engine/EngineMaterials/Substrate/Glints2/dict_0007_0079" 7482
"/Engine/EngineMaterials/Substrate/Glints2/dict_0007_0080" 7483
"/Engine/EngineMaterials/Substrate/Glints2/dict_0007_0081" 7484
"../../../Engine/Content/EngineMaterials/Substrate/Glints2/dict_0007_0084.uasset" 7485
"/Engine/EngineMaterials/Substrate/Glints2/dict_0007_0083" 7486
"/Engine/EngineMaterials/Substrate/Glints2/dict_0007_0082" 7487
"/Engine/EngineMaterials/Substrate/Glints2/dict_0007_0085" 7488
"../../../Engine/Content/EngineMaterials/Substrate/Glints2/dict_0007_0069.uasset" 7489
"../../../Engine/Content/EngineMaterials/Substrate/Glints2/dict_0007_0067.uasset" 7490
"../../../Engine/Content/EngineMaterials/Substrate/Glints2/dict_0007_0065.uasset" 7491
"../../../Engine/Content/EngineMaterials/Substrate/Glints2/dict_0007_0073.uasset" 7492
"../../../Engine/Content/EngineMaterials/Substrate/Glints2/dict_0007_0070.uasset" 7493
"/Engine/EngineMaterials/Substrate/Glints2/dict_0007_0086" 7494
"../../../Engine/Content/EngineMaterials/Substrate/Glints2/dict_0007_0066.uasset" 7495
"/Engine/EngineMaterials/Substrate/Glints2/dict_0007_0071" 7496
"../../../Engine/Content/EngineMaterials/Substrate/Glints2/dict_0007_0068.uasset" 7497
"/Engine/EngineMaterials/Substrate/Glints2/dict_0007_0074" 7498
"/Engine/EngineMaterials/Substrate/Glints2/dict_0007_0075" 7499
"/Engine/EngineMaterials/Substrate/Glints2/dict_0007_0076" 7500
"/Engine/EngineMaterials/Substrate/Glints2/dict_0007_0084" 7501
"/Engine/EngineMaterials/Substrate/Glints2/dict_0007_0065" 7502
"/Engine/EngineMaterials/Substrate/Glints2/dict_0007_0066" 7503
"../../../Engine/Content/EngineMaterials/Substrate/Glints2/dict_0007_0062.uasset" 7504
"../../../Engine/Content/EngineMaterials/Substrate/Glints2/dict_0007_0063.uasset" 7505
"../../../Engine/Content/EngineMaterials/Substrate/Glints2/dict_0007_0061.uasset" 7506
"../../../Engine/Content/EngineMaterials/Substrate/Glints2/dict_0007_0064.uasset" 7507
"../../../Engine/Content/EngineMaterials/Substrate/Glints2/dict_0007_0060.uasset" 7508
"/Engine/EngineMaterials/Substrate/Glints2/dict_0007_0067" 7509
"/Engine/EngineMaterials/Substrate/Glints2/dict_0007_0068" 7510
"/Engine/EngineMaterials/Substrate/Glints2/dict_0007_0069" 7511
"/Engine/EngineMaterials/Substrate/Glints2/dict_0007_0070" 7512
"/Engine/EngineMaterials/Substrate/Glints2/dict_0007_0072" 7513
"/Engine/EngineMaterials/Substrate/Glints2/dict_0007_0073" 7514
"/Engine/EngineMaterials/Substrate/Glints2/dict_0007_0060" 7515
"/Engine/EngineMaterials/Substrate/Glints2/dict_0007_0061" 7516
"/Engine/EngineMaterials/Substrate/Glints2/dict_0007_0062" 7517
"/Engine/EngineMaterials/Substrate/Glints2/dict_0007_0063" 7518
"../../../Engine/Content/EngineMaterials/Substrate/Glints2/dict_0007_0056.uasset" 7519
"../../../Engine/Content/EngineMaterials/Substrate/Glints2/dict_0007_0059.uasset" 7520
"../../../Engine/Content/EngineMaterials/Substrate/Glints2/dict_0007_0055.uasset" 7521
"../../../Engine/Content/EngineMaterials/Substrate/Glints2/dict_0007_0057.uasset" 7522
"/Engine/EngineMaterials/Substrate/Glints2/dict_0007_0064" 7523
"/Engine/EngineMaterials/Substrate/Glints2/dict_0007_0055" 7524
"/Engine/EngineMaterials/Substrate/Glints2/dict_0007_0056" 7525
"/Engine/EngineMaterials/Substrate/Glints2/dict_0007_0057" 7526
"/Engine/EngineMaterials/Substrate/Glints2/dict_0007_0059" 7527
"../../../Engine/Content/EngineMaterials/Substrate/Glints2/dict_0007_0052.uasset" 7528
"../../../Engine/Content/EngineMaterials/Substrate/Glints2/dict_0007_0054.uasset" 7529
"../../../Engine/Content/EngineMaterials/Substrate/Glints2/dict_0007_0053.uasset" 7530
"../../../Engine/Content/EngineMaterials/Substrate/Glints2/dict_0007_0049.uasset" 7531
"../../../Engine/Content/EngineMaterials/Substrate/Glints2/dict_0007_0058.uasset" 7532
"../../../Engine/Content/EngineMaterials/Substrate/Glints2/dict_0007_0050.uasset" 7533
"../../../Engine/Content/EngineMaterials/Substrate/Glints2/dict_0007_0047.uasset" 7534
"../../../Engine/Content/EngineMaterials/Substrate/Glints2/dict_0007_0046.uasset" 7535
"../../../Engine/Content/EngineMaterials/Substrate/Glints2/dict_0007_0051.uasset" 7536
"../../../Engine/Content/EngineMaterials/Substrate/Glints2/dict_0007_0048.uasset" 7537
"../../../Engine/Content/EngineMaterials/Substrate/Glints2/dict_0007_0043.uasset" 7538
"../../../Engine/Content/EngineMaterials/Substrate/Glints2/dict_0007_0045.uasset" 7539
"../../../Engine/Content/EngineMaterials/Substrate/Glints2/dict_0007_0042.uasset" 7540
"../../../Engine/Content/EngineMaterials/Substrate/Glints2/dict_0007_0044.uasset" 7541
"../../../Engine/Content/EngineMaterials/Substrate/Glints2/dict_0007_0038.uasset" 7542
"../../../Engine/Content/EngineMaterials/Substrate/Glints2/dict_0007_0036.uasset" 7543
"../../../Engine/Content/EngineMaterials/Substrate/Glints2/dict_0007_0039.uasset" 7544
"../../../Engine/Content/EngineMaterials/Substrate/Glints2/dict_0007_0040.uasset" 7545
"../../../Engine/Content/EngineMaterials/Substrate/Glints2/dict_0007_0035.uasset" 7546
"../../../Engine/Content/EngineMaterials/Substrate/Glints2/dict_0007_0041.uasset" 7547
"/Engine/EngineMaterials/Substrate/Glints2/dict_0007_0058" 7548
"../../../Engine/Content/EngineMaterials/Substrate/Glints2/dict_0007_0030.uasset" 7549
"../../../Engine/Content/EngineMaterials/Substrate/Glints2/dict_0007_0033.uasset" 7550
"../../../Engine/Content/EngineMaterials/Substrate/Glints2/dict_0007_0034.uasset" 7551
"../../../Engine/Content/EngineMaterials/Substrate/Glints2/dict_0007_0032.uasset" 7552
"/Engine/EngineMaterials/Substrate/Glints2/dict_0007_0042" 7553
"../../../Engine/Content/EngineMaterials/Substrate/Glints2/dict_0007_0037.uasset" 7554
"/Engine/EngineMaterials/Substrate/Glints2/dict_0007_0043" 7555
"/Engine/EngineMaterials/Substrate/Glints2/dict_0007_0044" 7556
"/Engine/EngineMaterials/Substrate/Glints2/dict_0007_0045" 7557
"/Engine/EngineMaterials/Substrate/Glints2/dict_0007_0046" 7558
"/Engine/EngineMaterials/Substrate/Glints2/dict_0007_0047" 7559
"../../../Engine/Content/EngineMaterials/Substrate/Glints2/dict_0007_0028.uasset" 7560
"../../../Engine/Content/EngineMaterials/Substrate/Glints2/dict_0007_0031.uasset" 7561
"/Engine/EngineMaterials/Substrate/Glints2/dict_0007_0048" 7562
"/Engine/EngineMaterials/Substrate/Glints2/dict_0007_0049" 7563
"/Engine/EngineMaterials/Substrate/Glints2/dict_0007_0050" 7564
"/Engine/EngineMaterials/Substrate/Glints2/dict_0007_0035" 7565
"/Engine/EngineMaterials/Substrate/Glints2/dict_0007_0036" 7566
"/Engine/EngineMaterials/Substrate/Glints2/dict_0007_0038" 7567
"/Engine/EngineMaterials/Substrate/Glints2/dict_0007_0039" 7568
"/Engine/EngineMaterials/Substrate/Glints2/dict_0007_0051" 7569
"/Engine/EngineMaterials/Substrate/Glints2/dict_0007_0040" 7570
"/Engine/EngineMaterials/Substrate/Glints2/dict_0007_0041" 7571
"/Engine/EngineMaterials/Substrate/Glints2/dict_0007_0052" 7572
"/Engine/EngineMaterials/Substrate/Glints2/dict_0007_0053" 7573
"/Engine/EngineMaterials/Substrate/Glints2/dict_0007_0054" 7574
"../../../Engine/Content/EngineMaterials/Substrate/Glints2/dict_0007_0027.uasset" 7575
"../../../Engine/Content/EngineMaterials/Substrate/Glints2/dict_0007_0025.uasset" 7576
"../../../Engine/Content/EngineMaterials/Substrate/Glints2/dict_0007_0026.uasset" 7577
"../../../Engine/Content/EngineMaterials/Substrate/Glints2/dict_0007_0024.uasset" 7578
"/Engine/EngineMaterials/Substrate/Glints2/dict_0007_0024" 7579
"/Engine/EngineMaterials/Substrate/Glints2/dict_0007_0025" 7580
"../../../Engine/Content/EngineMaterials/Substrate/Glints2/dict_0007_0029.uasset" 7581
"/Engine/EngineMaterials/Substrate/Glints2/dict_0007_0026" 7582
"/Engine/EngineMaterials/Substrate/Glints2/dict_0007_0027" 7583
"/Engine/EngineMaterials/Substrate/Glints2/dict_0007_0028" 7584
"/Engine/EngineMaterials/Substrate/Glints2/dict_0007_0033" 7585
"/Engine/EngineMaterials/Substrate/Glints2/dict_0007_0030" 7586
"/Engine/EngineMaterials/Substrate/Glints2/dict_0007_0031" 7587
"/Engine/EngineMaterials/Substrate/Glints2/dict_0007_0032" 7588
"/Engine/EngineMaterials/Substrate/Glints2/dict_0007_0034" 7589
"/Engine/EngineMaterials/Substrate/Glints2/dict_0007_0037" 7590
"/Engine/EngineMaterials/Substrate/Glints2/dict_0007_0029" 7591
"../../../Engine/Content/EngineMaterials/Substrate/Glints2/dict_0007_0017.uasset" 7592
"../../../Engine/Content/EngineMaterials/Substrate/Glints2/dict_0007_0018.uasset" 7593
"../../../Engine/Content/EngineMaterials/Substrate/Glints2/dict_0007_0010.uasset" 7594
"../../../Engine/Content/EngineMaterials/Substrate/Glints2/dict_0007_0015.uasset" 7595
"../../../Engine/Content/EngineMaterials/Substrate/Glints2/dict_0007_0020.uasset" 7596
"../../../Engine/Content/EngineMaterials/Substrate/Glints2/dict_0007_0016.uasset" 7597
"../../../Engine/Content/EngineMaterials/Substrate/Glints2/dict_0007_0021.uasset" 7598
"../../../Engine/Content/EngineMaterials/Substrate/Glints2/dict_0007_0023.uasset" 7599
"../../../Engine/Content/EngineMaterials/Substrate/Glints2/dict_0007_0014.uasset" 7600
"../../../Engine/Content/EngineMaterials/Substrate/Glints2/dict_0007_0012.uasset" 7601
"../../../Engine/Content/EngineMaterials/Substrate/Glints2/dict_0007_0022.uasset" 7602
"../../../Engine/Content/EngineMaterials/Substrate/Glints2/dict_0007_0019.uasset" 7603
"../../../Engine/Content/EngineMaterials/Substrate/Glints2/dict_0007_0011.uasset" 7604
"../../../Engine/Content/EngineMaterials/Substrate/Glints2/dict_0007_0013.uasset" 7605
"../../../Engine/Content/EngineMaterials/Substrate/Glints2/dict_0007_0006.uasset" 7606
"../../../Engine/Content/EngineMaterials/Substrate/Glints2/dict_0007_0002.uasset" 7607
"../../../Engine/Content/EngineMaterials/Substrate/Glints2/dict_0007_0008.uasset" 7608
"../../../Engine/Content/EngineMaterials/Substrate/Glints2/dict_0007_0009.uasset" 7609
"../../../Engine/Content/EngineMaterials/Substrate/Glints2/dict_0006_0255.uasset" 7610
"../../../Engine/Content/EngineMaterials/Substrate/Glints2/dict_0007_0005.uasset" 7611
"../../../Engine/Content/EngineMaterials/Substrate/Glints2/dict_0007_0003.uasset" 7612
"../../../Engine/Content/EngineMaterials/Substrate/Glints2/dict_0007_0004.uasset" 7613
"../../../Engine/Content/EngineMaterials/Substrate/Glints2/dict_0007_0000.uasset" 7614
"../../../Engine/Content/EngineMaterials/Substrate/Glints2/dict_0007_0007.uasset" 7615
"/Engine/EngineMaterials/Substrate/Glints2/dict_0007_0004" 7616
"/Engine/EngineMaterials/Substrate/Glints2/dict_0007_0005" 7617
"/Engine/EngineMaterials/Substrate/Glints2/dict_0007_0006" 7618
"/Engine/EngineMaterials/Substrate/Glints2/dict_0007_0007" 7619
"/Engine/EngineMaterials/Substrate/Glints2/dict_0007_0008" 7620
"/Engine/EngineMaterials/Substrate/Glints2/dict_0007_0009" 7621
"/Engine/EngineMaterials/Substrate/Glints2/dict_0007_0010" 7622
"/Engine/EngineMaterials/Substrate/Glints2/dict_0007_0011" 7623
"../../../Engine/Content/EngineMaterials/Substrate/Glints2/dict_0006_0254.uasset" 7624
"../../../Engine/Content/EngineMaterials/Substrate/Glints2/dict_0007_0001.uasset" 7625
"/Engine/EngineMaterials/Substrate/Glints2/dict_0007_0012" 7626
"/Engine/EngineMaterials/Substrate/Glints2/dict_0007_0013" 7627
"/Engine/EngineMaterials/Substrate/Glints2/dict_0006_0255" 7628
"/Engine/EngineMaterials/Substrate/Glints2/dict_0007_0000" 7629
"/Engine/EngineMaterials/Substrate/Glints2/dict_0007_0002" 7630
"/Engine/EngineMaterials/Substrate/Glints2/dict_0007_0014" 7631
"/Engine/EngineMaterials/Substrate/Glints2/dict_0007_0015" 7632
"/Engine/EngineMaterials/Substrate/Glints2/dict_0007_0003" 7633
"/Engine/EngineMaterials/Substrate/Glints2/dict_0007_0016" 7634
"/Engine/EngineMaterials/Substrate/Glints2/dict_0007_0017" 7635
"/Engine/EngineMaterials/Substrate/Glints2/dict_0007_0018" 7636
"/Engine/EngineMaterials/Substrate/Glints2/dict_0007_0019" 7637
"/Engine/EngineMaterials/Substrate/Glints2/dict_0007_0020" 7638
"/Engine/EngineMaterials/Substrate/Glints2/dict_0007_0021" 7639
"/Engine/EngineMaterials/Substrate/Glints2/dict_0007_0022" 7640
"/Engine/EngineMaterials/Substrate/Glints2/dict_0007_0023" 7641
"/Engine/EngineMaterials/Substrate/Glints2/dict_0006_0254" 7642
"../../../Engine/Content/EngineMaterials/Substrate/Glints2/dict_0006_0248.uasset" 7643
"../../../Engine/Content/EngineMaterials/Substrate/Glints2/dict_0006_0252.uasset" 7644
"../../../Engine/Content/EngineMaterials/Substrate/Glints2/dict_0006_0251.uasset" 7645
"/Engine/EngineMaterials/Substrate/Glints2/dict_0007_0001" 7646
"/Engine/EngineMaterials/Substrate/Glints2/dict_0006_0251" 7647
"/Engine/EngineMaterials/Substrate/Glints2/dict_0006_0252" 7648
"/Engine/EngineMaterials/Substrate/Glints2/dict_0006_0248" 7649
"../../../Engine/Content/EngineMaterials/Substrate/Glints2/dict_0006_0253.uasset" 7650
"../../../Engine/Content/EngineMaterials/Substrate/Glints2/dict_0006_0250.uasset" 7651
"/Engine/EngineMaterials/Substrate/Glints2/dict_0006_0250" 7652
"/Engine/EngineMaterials/Substrate/Glints2/dict_0006_0253" 7653
"../../../Engine/Content/EngineMaterials/Substrate/Glints2/dict_0006_0249.uasset" 7654
"/Engine/EngineMaterials/Substrate/Glints2/dict_0006_0249" 7655
"../../../Engine/Content/EngineMaterials/Substrate/Glints2/dict_0006_0247.uasset" 7656
"../../../Engine/Content/EngineMaterials/Substrate/Glints2/dict_0006_0245.uasset" 7657
"../../../Engine/Content/EngineMaterials/Substrate/Glints2/dict_0006_0244.uasset" 7658
"/Engine/EngineMaterials/Substrate/Glints2/dict_0006_0244" 7659
"/Engine/EngineMaterials/Substrate/Glints2/dict_0006_0245" 7660
"/Engine/EngineMaterials/Substrate/Glints2/dict_0006_0247" 7661
"../../../Engine/Content/EngineMaterials/Substrate/Glints2/dict_0006_0239.uasset" 7662
"../../../Engine/Content/EngineMaterials/Substrate/Glints2/dict_0006_0243.uasset" 7663
"../../../Engine/Content/EngineMaterials/Substrate/Glints2/dict_0006_0242.uasset" 7664
"../../../Engine/Content/EngineMaterials/Substrate/Glints2/dict_0006_0241.uasset" 7665
"../../../Engine/Content/EngineMaterials/Substrate/Glints2/dict_0006_0240.uasset" 7666
"../../../Engine/Content/EngineMaterials/Substrate/Glints2/dict_0006_0236.uasset" 7667
"../../../Engine/Content/EngineMaterials/Substrate/Glints2/dict_0006_0237.uasset" 7668
"../../../Engine/Content/EngineMaterials/Substrate/Glints2/dict_0006_0238.uasset" 7669
"../../../Engine/Content/EngineMaterials/Substrate/Glints2/dict_0006_0233.uasset" 7670
"../../../Engine/Content/EngineMaterials/Substrate/Glints2/dict_0006_0235.uasset" 7671
"../../../Engine/Content/EngineMaterials/Substrate/Glints2/dict_0006_0234.uasset" 7672
"../../../Engine/Content/EngineMaterials/Substrate/Glints2/dict_0006_0228.uasset" 7673
"../../../Engine/Content/EngineMaterials/Substrate/Glints2/dict_0006_0231.uasset" 7674
"../../../Engine/Content/EngineMaterials/Substrate/Glints2/dict_0006_0226.uasset" 7675
"../../../Engine/Content/EngineMaterials/Substrate/Glints2/dict_0006_0230.uasset" 7676
"../../../Engine/Content/EngineMaterials/Substrate/Glints2/dict_0006_0229.uasset" 7677
"../../../Engine/Content/EngineMaterials/Substrate/Glints2/dict_0006_0224.uasset" 7678
"../../../Engine/Content/EngineMaterials/Substrate/Glints2/dict_0006_0223.uasset" 7679
"../../../Engine/Content/EngineMaterials/Substrate/Glints2/dict_0006_0227.uasset" 7680
"../../../Engine/Content/EngineMaterials/Substrate/Glints2/dict_0006_0232.uasset" 7681
"/Engine/EngineMaterials/Substrate/Glints2/dict_0006_0224" 7682
"/Engine/EngineMaterials/Substrate/Glints2/dict_0006_0226" 7683
"../../../Engine/Content/EngineMaterials/Substrate/Glints2/dict_0006_0225.uasset" 7684
"../../../Engine/Content/EngineMaterials/Substrate/Glints2/dict_0006_0221.uasset" 7685
"../../../Engine/Content/EngineMaterials/Substrate/Glints2/dict_0006_0220.uasset" 7686
"../../../Engine/Content/EngineMaterials/Substrate/Glints2/dict_0006_0222.uasset" 7687
"/Engine/EngineMaterials/Substrate/Glints2/dict_0006_0227" 7688
"../../../Engine/Content/EngineMaterials/Substrate/Glints2/dict_0006_0246.uasset" 7689
"/Engine/EngineMaterials/Substrate/Glints2/dict_0006_0228" 7690
"/Engine/EngineMaterials/Substrate/Glints2/dict_0006_0229" 7691
"/Engine/EngineMaterials/Substrate/Glints2/dict_0006_0230" 7692
"/Engine/EngineMaterials/Substrate/Glints2/dict_0006_0231" 7693
"/Engine/EngineMaterials/Substrate/Glints2/dict_0006_0232" 7694
"/Engine/EngineMaterials/Substrate/Glints2/dict_0006_0233" 7695
"/Engine/EngineMaterials/Substrate/Glints2/dict_0006_0234" 7696
"/Engine/EngineMaterials/Substrate/Glints2/dict_0006_0235" 7697
"/Engine/EngineMaterials/Substrate/Glints2/dict_0006_0223" 7698
"/Engine/EngineMaterials/Substrate/Glints2/dict_0006_0236" 7699
"/Engine/EngineMaterials/Substrate/Glints2/dict_0006_0237" 7700
"/Engine/EngineMaterials/Substrate/Glints2/dict_0006_0238" 7701
"/Engine/EngineMaterials/Substrate/Glints2/dict_0006_0239" 7702
"/Engine/EngineMaterials/Substrate/Glints2/dict_0006_0240" 7703
"../../../Engine/Content/EngineMaterials/Substrate/Glints2/dict_0006_0214.uasset" 7704
"../../../Engine/Content/EngineMaterials/Substrate/Glints2/dict_0006_0213.uasset" 7705
"../../../Engine/Content/EngineMaterials/Substrate/Glints2/dict_0006_0216.uasset" 7706
"../../../Engine/Content/EngineMaterials/Substrate/Glints2/dict_0006_0217.uasset" 7707
"../../../Engine/Content/EngineMaterials/Substrate/Glints2/dict_0006_0215.uasset" 7708
"/Engine/EngineMaterials/Substrate/Glints2/dict_0006_0241" 7709
"/Engine/EngineMaterials/Substrate/Glints2/dict_0006_0242" 7710
"/Engine/EngineMaterials/Substrate/Glints2/dict_0006_0243" 7711
"/Engine/EngineMaterials/Substrate/Glints2/dict_0006_0216" 7712
"/Engine/EngineMaterials/Substrate/Glints2/dict_0006_0217" 7713
"/Engine/EngineMaterials/Substrate/Glints2/dict_0006_0220" 7714
"../../../Engine/Content/EngineMaterials/Substrate/Glints2/dict_0006_0219.uasset" 7715
"../../../Engine/Content/EngineMaterials/Substrate/Glints2/dict_0006_0218.uasset" 7716
"/Engine/EngineMaterials/Substrate/Glints2/dict_0006_0225" 7717
"/Engine/EngineMaterials/Substrate/Glints2/dict_0006_0222" 7718
"/Engine/EngineMaterials/Substrate/Glints2/dict_0006_0221" 7719
"/Engine/EngineMaterials/Substrate/Glints2/dict_0006_0213" 7720
"/Engine/EngineMaterials/Substrate/Glints2/dict_0006_0214" 7721
"/Engine/EngineMaterials/Substrate/Glints2/dict_0006_0246" 7722
"/Engine/EngineMaterials/Substrate/Glints2/dict_0006_0215" 7723
"/Engine/EngineMaterials/Substrate/Glints2/dict_0006_0219" 7724
"/Engine/EngineMaterials/Substrate/Glints2/dict_0006_0218" 7725
"../../../Engine/Content/EngineMaterials/Substrate/Glints2/dict_0006_0208.uasset" 7726
"../../../Engine/Content/EngineMaterials/Substrate/Glints2/dict_0006_0212.uasset" 7727
"../../../Engine/Content/EngineMaterials/Substrate/Glints2/dict_0006_0202.uasset" 7728
"../../../Engine/Content/EngineMaterials/Substrate/Glints2/dict_0006_0204.uasset" 7729
"../../../Engine/Content/EngineMaterials/Substrate/Glints2/dict_0006_0209.uasset" 7730
"../../../Engine/Content/EngineMaterials/Substrate/Glints2/dict_0006_0201.uasset" 7731
"../../../Engine/Content/EngineMaterials/Substrate/Glints2/dict_0006_0210.uasset" 7732
"../../../Engine/Content/EngineMaterials/Substrate/Glints2/dict_0006_0207.uasset" 7733
"../../../Engine/Content/EngineMaterials/Substrate/Glints2/dict_0006_0211.uasset" 7734
"../../../Engine/Content/EngineMaterials/Substrate/Glints2/dict_0006_0205.uasset" 7735
"../../../Engine/Content/EngineMaterials/Substrate/Glints2/dict_0006_0203.uasset" 7736
"/Engine/EngineMaterials/Substrate/Glints2/dict_0006_0201" 7737
"../../../Engine/Content/EngineMaterials/Substrate/Glints2/dict_0006_0199.uasset" 7738
"../../../Engine/Content/EngineMaterials/Substrate/Glints2/dict_0006_0206.uasset" 7739
"../../../Engine/Content/EngineMaterials/Substrate/Glints2/dict_0006_0200.uasset" 7740
"/Engine/EngineMaterials/Substrate/Glints2/dict_0006_0202" 7741
"/Engine/EngineMaterials/Substrate/Glints2/dict_0006_0204" 7742
"/Engine/EngineMaterials/Substrate/Glints2/dict_0006_0207" 7743
"/Engine/EngineMaterials/Substrate/Glints2/dict_0006_0208" 7744
"/Engine/EngineMaterials/Substrate/Glints2/dict_0006_0209" 7745
"/Engine/EngineMaterials/Substrate/Glints2/dict_0006_0210" 7746
"../../../Engine/Content/EngineMaterials/Substrate/Glints2/dict_0006_0195.uasset" 7747
"../../../Engine/Content/EngineMaterials/Substrate/Glints2/dict_0006_0191.uasset" 7748
"../../../Engine/Content/EngineMaterials/Substrate/Glints2/dict_0006_0196.uasset" 7749
"../../../Engine/Content/EngineMaterials/Substrate/Glints2/dict_0006_0190.uasset" 7750
"../../../Engine/Content/EngineMaterials/Substrate/Glints2/dict_0006_0192.uasset" 7751
"../../../Engine/Content/EngineMaterials/Substrate/Glints2/dict_0006_0194.uasset" 7752
"/Engine/EngineMaterials/Substrate/Glints2/dict_0006_0211" 7753
"../../../Engine/Content/EngineMaterials/Substrate/Glints2/dict_0006_0197.uasset" 7754
"/Engine/EngineMaterials/Substrate/Glints2/dict_0006_0212" 7755
"../../../Engine/Content/EngineMaterials/Substrate/Glints2/dict_0006_0198.uasset" 7756
"/Engine/EngineMaterials/Substrate/Glints2/dict_0006_0194" 7757
"/Engine/EngineMaterials/Substrate/Glints2/dict_0006_0195" 7758
"/Engine/EngineMaterials/Substrate/Glints2/dict_0006_0196" 7759
"/Engine/EngineMaterials/Substrate/Glints2/dict_0006_0197" 7760
"/Engine/EngineMaterials/Substrate/Glints2/dict_0006_0198" 7761
"../../../Engine/Content/EngineMaterials/Substrate/Glints2/dict_0006_0193.uasset" 7762
"/Engine/EngineMaterials/Substrate/Glints2/dict_0006_0199" 7763
"/Engine/EngineMaterials/Substrate/Glints2/dict_0006_0200" 7764
"/Engine/EngineMaterials/Substrate/Glints2/dict_0006_0203" 7765
"/Engine/EngineMaterials/Substrate/Glints2/dict_0006_0205" 7766
"/Engine/EngineMaterials/Substrate/Glints2/dict_0006_0206" 7767
"/Engine/EngineMaterials/Substrate/Glints2/dict_0006_0190" 7768
"/Engine/EngineMaterials/Substrate/Glints2/dict_0006_0191" 7769
"/Engine/EngineMaterials/Substrate/Glints2/dict_0006_0192" 7770
"/Engine/EngineMaterials/Substrate/Glints2/dict_0006_0193" 7771
"../../../Engine/Content/EngineMaterials/Substrate/Glints2/dict_0006_0189.uasset" 7772
"../../../Engine/Content/EngineMaterials/Substrate/Glints2/dict_0006_0188.uasset" 7773
"../../../Engine/Content/EngineMaterials/Substrate/Glints2/dict_0006_0183.uasset" 7774
"../../../Engine/Content/EngineMaterials/Substrate/Glints2/dict_0006_0184.uasset" 7775
"../../../Engine/Content/EngineMaterials/Substrate/Glints2/dict_0006_0187.uasset" 7776
"../../../Engine/Content/EngineMaterials/Substrate/Glints2/dict_0006_0182.uasset" 7777
"../../../Engine/Content/EngineMaterials/Substrate/Glints2/dict_0006_0185.uasset" 7778
"../../../Engine/Content/EngineMaterials/Substrate/Glints2/dict_0006_0181.uasset" 7779
"../../../Engine/Content/EngineMaterials/Substrate/Glints2/dict_0006_0186.uasset" 7780
"/Engine/EngineMaterials/Substrate/Glints2/dict_0006_0183" 7781
"/Engine/EngineMaterials/Substrate/Glints2/dict_0006_0184" 7782
"/Engine/EngineMaterials/Substrate/Glints2/dict_0006_0181" 7783
"/Engine/EngineMaterials/Substrate/Glints2/dict_0006_0185" 7784
"/Engine/EngineMaterials/Substrate/Glints2/dict_0006_0186" 7785
"/Engine/EngineMaterials/Substrate/Glints2/dict_0006_0182" 7786
"/Engine/EngineMaterials/Substrate/Glints2/dict_0006_0187" 7787
"/Engine/EngineMaterials/Substrate/Glints2/dict_0006_0188" 7788
"/Engine/EngineMaterials/Substrate/Glints2/dict_0006_0189" 7789
"../../../Engine/Content/EngineMaterials/Substrate/Glints2/dict_0006_0175.uasset" 7790
"../../../Engine/Content/EngineMaterials/Substrate/Glints2/dict_0006_0179.uasset" 7791
"../../../Engine/Content/EngineMaterials/Substrate/Glints2/dict_0006_0176.uasset" 7792
"../../../Engine/Content/EngineMaterials/Substrate/Glints2/dict_0006_0180.uasset" 7793
"../../../Engine/Content/EngineMaterials/Substrate/Glints2/dict_0006_0177.uasset" 7794
"../../../Engine/Content/EngineMaterials/Substrate/Glints2/dict_0006_0174.uasset" 7795
"../../../Engine/Content/EngineMaterials/Substrate/Glints2/dict_0006_0178.uasset" 7796
"../../../Engine/Content/EngineMaterials/Substrate/Glints2/dict_0006_0170.uasset" 7797
"../../../Engine/Content/EngineMaterials/Substrate/Glints2/dict_0006_0173.uasset" 7798
"../../../Engine/Content/EngineMaterials/Substrate/Glints2/dict_0006_0169.uasset" 7799
"../../../Engine/Content/EngineMaterials/Substrate/Glints2/dict_0006_0171.uasset" 7800
"../../../Engine/Content/EngineMaterials/Substrate/Glints2/dict_0006_0172.uasset" 7801
"../../../Engine/Content/EngineMaterials/Substrate/Glints2/dict_0006_0168.uasset" 7802
"../../../Engine/Content/EngineMaterials/Substrate/Glints2/dict_0006_0165.uasset" 7803
"../../../Engine/Content/EngineMaterials/Substrate/Glints2/dict_0006_0167.uasset" 7804
"../../../Engine/Content/EngineMaterials/Substrate/Glints2/dict_0006_0166.uasset" 7805
"../../../Engine/Content/EngineMaterials/Substrate/Glints2/dict_0006_0164.uasset" 7806
"/Engine/EngineMaterials/Substrate/Glints2/dict_0006_0164" 7807
"/Engine/EngineMaterials/Substrate/Glints2/dict_0006_0165" 7808
"/Engine/EngineMaterials/Substrate/Glints2/dict_0006_0172" 7809
"../../../Engine/Content/EngineMaterials/Substrate/Glints2/dict_0006_0163.uasset" 7810
"../../../Engine/Content/EngineMaterials/Substrate/Glints2/dict_0006_0162.uasset" 7811
"/Engine/EngineMaterials/Substrate/Glints2/dict_0006_0173" 7812
"../../../Engine/Content/EngineMaterials/Substrate/Glints2/dict_0006_0156.uasset" 7813
"../../../Engine/Content/EngineMaterials/Substrate/Glints2/dict_0006_0161.uasset" 7814
"/Engine/EngineMaterials/Substrate/Glints2/dict_0006_0166" 7815
"/Engine/EngineMaterials/Substrate/Glints2/dict_0006_0174" 7816
"/Engine/EngineMaterials/Substrate/Glints2/dict_0006_0167" 7817
"/Engine/EngineMaterials/Substrate/Glints2/dict_0006_0168" 7818
"../../../Engine/Content/EngineMaterials/Substrate/Glints2/dict_0006_0158.uasset" 7819
"../../../Engine/Content/EngineMaterials/Substrate/Glints2/dict_0006_0157.uasset" 7820
"../../../Engine/Content/EngineMaterials/Substrate/Glints2/dict_0006_0159.uasset" 7821
"/Engine/EngineMaterials/Substrate/Glints2/dict_0006_0175" 7822
"/Engine/EngineMaterials/Substrate/Glints2/dict_0006_0176" 7823
"/Engine/EngineMaterials/Substrate/Glints2/dict_0006_0177" 7824
"/Engine/EngineMaterials/Substrate/Glints2/dict_0006_0178" 7825
"/Engine/EngineMaterials/Substrate/Glints2/dict_0006_0179" 7826
"/Engine/EngineMaterials/Substrate/Glints2/dict_0006_0180" 7827
"/Engine/EngineMaterials/Substrate/Glints2/dict_0006_0169" 7828
"/Engine/EngineMaterials/Substrate/Glints2/dict_0006_0170" 7829
"/Engine/EngineMaterials/Substrate/Glints2/dict_0006_0171" 7830
"../../../Engine/Content/EngineMaterials/Substrate/Glints2/dict_0006_0152.uasset" 7831
"../../../Engine/Content/EngineMaterials/Substrate/Glints2/dict_0006_0151.uasset" 7832
"../../../Engine/Content/EngineMaterials/Substrate/Glints2/dict_0006_0155.uasset" 7833
"../../../Engine/Content/EngineMaterials/Substrate/Glints2/dict_0006_0153.uasset" 7834
"../../../Engine/Content/EngineMaterials/Substrate/Glints2/dict_0006_0154.uasset" 7835
"/Engine/EngineMaterials/Substrate/Glints2/dict_0006_0158" 7836
"../../../Engine/Content/EngineMaterials/Substrate/Glints2/dict_0006_0160.uasset" 7837
"/Engine/EngineMaterials/Substrate/Glints2/dict_0006_0159" 7838
"/Engine/EngineMaterials/Substrate/Glints2/dict_0006_0161" 7839
"/Engine/EngineMaterials/Substrate/Glints2/dict_0006_0162" 7840
"/Engine/EngineMaterials/Substrate/Glints2/dict_0006_0163" 7841
"/Engine/EngineMaterials/Substrate/Glints2/dict_0006_0156" 7842
"/Engine/EngineMaterials/Substrate/Glints2/dict_0006_0157" 7843
"/Engine/EngineMaterials/Substrate/Glints2/dict_0006_0151" 7844
"/Engine/EngineMaterials/Substrate/Glints2/dict_0006_0152" 7845
"../../../Engine/Content/EngineMaterials/Substrate/Glints2/dict_0006_0150.uasset" 7846
"/Engine/EngineMaterials/Substrate/Glints2/dict_0006_0153" 7847
"/Engine/EngineMaterials/Substrate/Glints2/dict_0006_0154" 7848
"/Engine/EngineMaterials/Substrate/Glints2/dict_0006_0160" 7849
"/Engine/EngineMaterials/Substrate/Glints2/dict_0006_0155" 7850
"/Engine/EngineMaterials/Substrate/Glints2/dict_0006_0150" 7851
"../../../Engine/Content/EngineMaterials/Substrate/Glints2/dict_0006_0137.uasset" 7852
"../../../Engine/Content/EngineMaterials/Substrate/Glints2/dict_0006_0141.uasset" 7853
"../../../Engine/Content/EngineMaterials/Substrate/Glints2/dict_0006_0149.uasset" 7854
"../../../Engine/Content/EngineMaterials/Substrate/Glints2/dict_0006_0145.uasset" 7855
"../../../Engine/Content/EngineMaterials/Substrate/Glints2/dict_0006_0148.uasset" 7856
"../../../Engine/Content/EngineMaterials/Substrate/Glints2/dict_0006_0142.uasset" 7857
"../../../Engine/Content/EngineMaterials/Substrate/Glints2/dict_0006_0146.uasset" 7858
"../../../Engine/Content/EngineMaterials/Substrate/Glints2/dict_0006_0144.uasset" 7859
"../../../Engine/Content/EngineMaterials/Substrate/Glints2/dict_0006_0139.uasset" 7860
"../../../Engine/Content/EngineMaterials/Substrate/Glints2/dict_0006_0136.uasset" 7861
"../../../Engine/Content/EngineMaterials/Substrate/Glints2/dict_0006_0138.uasset" 7862
"../../../Engine/Content/EngineMaterials/Substrate/Glints2/dict_0006_0143.uasset" 7863
"../../../Engine/Content/EngineMaterials/Substrate/Glints2/dict_0006_0140.uasset" 7864
"../../../Engine/Content/EngineMaterials/Substrate/Glints2/dict_0006_0147.uasset" 7865
"/Engine/EngineMaterials/Substrate/Glints2/dict_0006_0149" 7866
"/Engine/EngineMaterials/Substrate/Glints2/dict_0006_0136" 7867
"/Engine/EngineMaterials/Substrate/Glints2/dict_0006_0137" 7868
"../../../Engine/Content/EngineMaterials/Substrate/Glints2/dict_0006_0130.uasset" 7869
"../../../Engine/Content/EngineMaterials/Substrate/Glints2/dict_0006_0134.uasset" 7870
"../../../Engine/Content/EngineMaterials/Substrate/Glints2/dict_0006_0133.uasset" 7871
"../../../Engine/Content/EngineMaterials/Substrate/Glints2/dict_0006_0128.uasset" 7872
"../../../Engine/Content/EngineMaterials/Substrate/Glints2/dict_0006_0129.uasset" 7873
"/Engine/EngineMaterials/Substrate/Glints2/dict_0006_0138" 7874
"/Engine/EngineMaterials/Substrate/Glints2/dict_0006_0139" 7875
"/Engine/EngineMaterials/Substrate/Glints2/dict_0006_0140" 7876
"/Engine/EngineMaterials/Substrate/Glints2/dict_0006_0141" 7877
"/Engine/EngineMaterials/Substrate/Glints2/dict_0006_0142" 7878
"../../../Engine/Content/EngineMaterials/Substrate/Glints2/dict_0006_0135.uasset" 7879
"/Engine/EngineMaterials/Substrate/Glints2/dict_0006_0143" 7880
"/Engine/EngineMaterials/Substrate/Glints2/dict_0006_0144" 7881
"/Engine/EngineMaterials/Substrate/Glints2/dict_0006_0145" 7882
"/Engine/EngineMaterials/Substrate/Glints2/dict_0006_0146" 7883
"/Engine/EngineMaterials/Substrate/Glints2/dict_0006_0147" 7884
"/Engine/EngineMaterials/Substrate/Glints2/dict_0006_0148" 7885
"../../../Engine/Content/EngineMaterials/Substrate/Glints2/dict_0006_0131.uasset" 7886
"../../../Engine/Content/EngineMaterials/Substrate/Glints2/dict_0006_0127.uasset" 7887
"../../../Engine/Content/EngineMaterials/Substrate/Glints2/dict_0006_0123.uasset" 7888
"../../../Engine/Content/EngineMaterials/Substrate/Glints2/dict_0006_0122.uasset" 7889
"/Engine/EngineMaterials/Substrate/Glints2/dict_0006_0122" 7890
"../../../Engine/Content/EngineMaterials/Substrate/Glints2/dict_0006_0126.uasset" 7891
"/Engine/EngineMaterials/Substrate/Glints2/dict_0006_0123" 7892
"/Engine/EngineMaterials/Substrate/Glints2/dict_0006_0127" 7893
"/Engine/EngineMaterials/Substrate/Glints2/dict_0006_0128" 7894
"/Engine/EngineMaterials/Substrate/Glints2/dict_0006_0129" 7895
"/Engine/EngineMaterials/Substrate/Glints2/dict_0006_0133" 7896
"../../../Engine/Content/EngineMaterials/Substrate/Glints2/dict_0006_0132.uasset" 7897
"../../../Engine/Content/EngineMaterials/Substrate/Glints2/dict_0006_0119.uasset" 7898
"../../../Engine/Content/EngineMaterials/Substrate/Glints2/dict_0006_0118.uasset" 7899
"/Engine/EngineMaterials/Substrate/Glints2/dict_0006_0134" 7900
"/Engine/EngineMaterials/Substrate/Glints2/dict_0006_0130" 7901
"/Engine/EngineMaterials/Substrate/Glints2/dict_0006_0135" 7902
"../../../Engine/Content/EngineMaterials/Substrate/Glints2/dict_0006_0121.uasset" 7903
"/Engine/EngineMaterials/Substrate/Glints2/dict_0006_0131" 7904
"../../../Engine/Content/EngineMaterials/Substrate/Glints2/dict_0006_0120.uasset" 7905
"/Engine/EngineMaterials/Substrate/Glints2/dict_0006_0118" 7906
"/Engine/EngineMaterials/Substrate/Glints2/dict_0006_0119" 7907
"/Engine/EngineMaterials/Substrate/Glints2/dict_0006_0120" 7908
"/Engine/EngineMaterials/Substrate/Glints2/dict_0006_0121" 7909
"/Engine/EngineMaterials/Substrate/Glints2/dict_0006_0126" 7910
"/Engine/EngineMaterials/Substrate/Glints2/dict_0006_0132" 7911
"../../../Engine/Content/EngineMaterials/Substrate/Glints2/dict_0006_0124.uasset" 7912
"../../../Engine/Content/EngineMaterials/Substrate/Glints2/dict_0006_0125.uasset" 7913
"../../../Engine/Content/EngineMaterials/Substrate/Glints2/dict_0006_0114.uasset" 7914
"../../../Engine/Content/EngineMaterials/Substrate/Glints2/dict_0006_0115.uasset" 7915
"../../../Engine/Content/EngineMaterials/Substrate/Glints2/dict_0006_0112.uasset" 7916
"../../../Engine/Content/EngineMaterials/Substrate/Glints2/dict_0006_0117.uasset" 7917
"../../../Engine/Content/EngineMaterials/Substrate/Glints2/dict_0006_0111.uasset" 7918
"../../../Engine/Content/EngineMaterials/Substrate/Glints2/dict_0006_0116.uasset" 7919
"../../../Engine/Content/EngineMaterials/Substrate/Glints2/dict_0006_0113.uasset" 7920
"../../../Engine/Content/EngineMaterials/Substrate/Glints2/dict_0006_0110.uasset" 7921
"../../../Engine/Content/EngineMaterials/Substrate/Glints2/dict_0006_0109.uasset" 7922
"../../../Engine/Content/EngineMaterials/Substrate/Glints2/dict_0006_0108.uasset" 7923
"../../../Engine/Content/EngineMaterials/Substrate/Glints2/dict_0006_0106.uasset" 7924
"../../../Engine/Content/EngineMaterials/Substrate/Glints2/dict_0006_0101.uasset" 7925
"../../../Engine/Content/EngineMaterials/Substrate/Glints2/dict_0006_0099.uasset" 7926
"../../../Engine/Content/EngineMaterials/Substrate/Glints2/dict_0006_0107.uasset" 7927
"../../../Engine/Content/EngineMaterials/Substrate/Glints2/dict_0006_0098.uasset" 7928
"../../../Engine/Content/EngineMaterials/Substrate/Glints2/dict_0006_0102.uasset" 7929
"../../../Engine/Content/EngineMaterials/Substrate/Glints2/dict_0006_0097.uasset" 7930
"../../../Engine/Content/EngineMaterials/Substrate/Glints2/dict_0006_0104.uasset" 7931
"../../../Engine/Content/EngineMaterials/Substrate/Glints2/dict_0006_0105.uasset" 7932
"/Engine/EngineMaterials/Substrate/Glints2/dict_0006_0104" 7933
"/Engine/EngineMaterials/Substrate/Glints2/dict_0006_0125" 7934
"/Engine/EngineMaterials/Substrate/Glints2/dict_0006_0097" 7935
"/Engine/EngineMaterials/Substrate/Glints2/dict_0006_0098" 7936
"/Engine/EngineMaterials/Substrate/Glints2/dict_0006_0124" 7937
"/Engine/EngineMaterials/Substrate/Glints2/dict_0006_0099" 7938
"../../../Engine/Content/EngineMaterials/Substrate/Glints2/dict_0006_0103.uasset" 7939
"../../../Engine/Content/EngineMaterials/Substrate/Glints2/dict_0006_0095.uasset" 7940
"../../../Engine/Content/EngineMaterials/Substrate/Glints2/dict_0006_0096.uasset" 7941
"/Engine/EngineMaterials/Substrate/Glints2/dict_0006_0101" 7942
"/Engine/EngineMaterials/Substrate/Glints2/dict_0006_0102" 7943
"/Engine/EngineMaterials/Substrate/Glints2/dict_0006_0105" 7944
"../../../Engine/Content/EngineMaterials/Substrate/Glints2/dict_0006_0100.uasset" 7945
"../../../Engine/Content/EngineMaterials/Substrate/Glints2/dict_0006_0094.uasset" 7946
"/Engine/EngineMaterials/Substrate/Glints2/dict_0006_0106" 7947
"/Engine/EngineMaterials/Substrate/Glints2/dict_0006_0107" 7948
"/Engine/EngineMaterials/Substrate/Glints2/dict_0006_0108" 7949
"../../../Engine/Content/EngineMaterials/Substrate/Glints2/dict_0006_0093.uasset" 7950
"/Engine/EngineMaterials/Substrate/Glints2/dict_0006_0109" 7951
"/Engine/EngineMaterials/Substrate/Glints2/dict_0006_0110" 7952
"/Engine/EngineMaterials/Substrate/Glints2/dict_0006_0111" 7953
"/Engine/EngineMaterials/Substrate/Glints2/dict_0006_0112" 7954
"/Engine/EngineMaterials/Substrate/Glints2/dict_0006_0113" 7955
"/Engine/EngineMaterials/Substrate/Glints2/dict_0006_0114" 7956
"/Engine/EngineMaterials/Substrate/Glints2/dict_0006_0115" 7957
"/Engine/EngineMaterials/Substrate/Glints2/dict_0006_0116" 7958
"../../../Engine/Content/EngineMaterials/Substrate/Glints2/dict_0006_0091.uasset" 7959
"../../../Engine/Content/EngineMaterials/Substrate/Glints2/dict_0006_0092.uasset" 7960
"/Engine/EngineMaterials/Substrate/Glints2/dict_0006_0117" 7961
"../../../Engine/Content/EngineMaterials/Substrate/Glints2/dict_0006_0089.uasset" 7962
"/Engine/EngineMaterials/Substrate/Glints2/dict_0006_0089" 7963
"/Engine/EngineMaterials/Substrate/Glints2/dict_0006_0091" 7964
"/Engine/EngineMaterials/Substrate/Glints2/dict_0006_0092" 7965
"/Engine/EngineMaterials/Substrate/Glints2/dict_0006_0094" 7966
"../../../Engine/Content/EngineMaterials/Substrate/Glints2/dict_0006_0090.uasset" 7967
"../../../Engine/Content/EngineMaterials/Substrate/Glints2/dict_0006_0088.uasset" 7968
"/Engine/EngineMaterials/Substrate/Glints2/dict_0006_0095" 7969
"/Engine/EngineMaterials/Substrate/Glints2/dict_0006_0096" 7970
"/Engine/EngineMaterials/Substrate/Glints2/dict_0006_0093" 7971
"/Engine/EngineMaterials/Substrate/Glints2/dict_0006_0100" 7972
"/Engine/EngineMaterials/Substrate/Glints2/dict_0006_0103" 7973
"/Engine/EngineMaterials/Substrate/Glints2/dict_0006_0088" 7974
"/Engine/EngineMaterials/Substrate/Glints2/dict_0006_0090" 7975
"../../../Engine/Content/EngineMaterials/Substrate/Glints2/dict_0006_0086.uasset" 7976
"../../../Engine/Content/EngineMaterials/Substrate/Glints2/dict_0006_0076.uasset" 7977
"../../../Engine/Content/EngineMaterials/Substrate/Glints2/dict_0006_0084.uasset" 7978
"../../../Engine/Content/EngineMaterials/Substrate/Glints2/dict_0006_0085.uasset" 7979
"../../../Engine/Content/EngineMaterials/Substrate/Glints2/dict_0006_0078.uasset" 7980
"../../../Engine/Content/EngineMaterials/Substrate/Glints2/dict_0006_0082.uasset" 7981
"../../../Engine/Content/EngineMaterials/Substrate/Glints2/dict_0006_0080.uasset" 7982
"../../../Engine/Content/EngineMaterials/Substrate/Glints2/dict_0006_0083.uasset" 7983
"../../../Engine/Content/EngineMaterials/Substrate/Glints2/dict_0006_0087.uasset" 7984
"../../../Engine/Content/EngineMaterials/Substrate/Glints2/dict_0006_0079.uasset" 7985
"../../../Engine/Content/EngineMaterials/Substrate/Glints2/dict_0006_0068.uasset" 7986
"../../../Engine/Content/EngineMaterials/Substrate/Glints2/dict_0006_0069.uasset" 7987
"../../../Engine/Content/EngineMaterials/Substrate/Glints2/dict_0006_0073.uasset" 7988
"../../../Engine/Content/EngineMaterials/Substrate/Glints2/dict_0006_0072.uasset" 7989
"../../../Engine/Content/EngineMaterials/Substrate/Glints2/dict_0006_0074.uasset" 7990
"../../../Engine/Content/EngineMaterials/Substrate/Glints2/dict_0006_0071.uasset" 7991
"../../../Engine/Content/EngineMaterials/Substrate/Glints2/dict_0006_0067.uasset" 7992
"../../../Engine/Content/EngineMaterials/Substrate/Glints2/dict_0006_0070.uasset" 7993
"/Engine/EngineMaterials/Substrate/Glints2/dict_0006_0069" 7994
"../../../Engine/Content/EngineMaterials/Substrate/Glints2/dict_0006_0077.uasset" 7995
"/Engine/EngineMaterials/Substrate/Glints2/dict_0006_0071" 7996
"/Engine/EngineMaterials/Substrate/Glints2/dict_0006_0072" 7997
"/Engine/EngineMaterials/Substrate/Glints2/dict_0006_0073" 7998
"/Engine/EngineMaterials/Substrate/Glints2/dict_0006_0074" 7999
"/Engine/EngineMaterials/Substrate/Glints2/dict_0006_0076" 8000
"../../../Engine/Content/EngineMaterials/Substrate/Glints2/dict_0006_0081.uasset" 8001
"/Engine/EngineMaterials/Substrate/Glints2/dict_0006_0078" 8002
"../../../Engine/Content/EngineMaterials/Substrate/Glints2/dict_0006_0064.uasset" 8003
"../../../Engine/Content/EngineMaterials/Substrate/Glints2/dict_0006_0065.uasset" 8004
"../../../Engine/Content/EngineMaterials/Substrate/Glints2/dict_0006_0066.uasset" 8005
"/Engine/EngineMaterials/Substrate/Glints2/dict_0006_0079" 8006
"/Engine/EngineMaterials/Substrate/Glints2/dict_0006_0080" 8007
"/Engine/EngineMaterials/Substrate/Glints2/dict_0006_0082" 8008
"/Engine/EngineMaterials/Substrate/Glints2/dict_0006_0083" 8009
"/Engine/EngineMaterials/Substrate/Glints2/dict_0006_0084" 8010
"/Engine/EngineMaterials/Substrate/Glints2/dict_0006_0085" 8011
"/Engine/EngineMaterials/Substrate/Glints2/dict_0006_0086" 8012
"/Engine/EngineMaterials/Substrate/Glints2/dict_0006_0087" 8013
"/Engine/EngineMaterials/Substrate/Glints2/dict_0006_0067" 8014
"/Engine/EngineMaterials/Substrate/Glints2/dict_0006_0068" 8015
"/Engine/EngineMaterials/Substrate/Glints2/dict_0006_0070" 8016
"../../../Engine/Content/EngineMaterials/Substrate/Glints2/dict_0006_0075.uasset" 8017
"/Engine/EngineMaterials/Substrate/Glints2/dict_0006_0064" 8018
"/Engine/EngineMaterials/Substrate/Glints2/dict_0006_0065" 8019
"/Engine/EngineMaterials/Substrate/Glints2/dict_0006_0077" 8020
"../../../Engine/Content/EngineMaterials/Substrate/Glints2/dict_0006_0061.uasset" 8021
"../../../Engine/Content/EngineMaterials/Substrate/Glints2/dict_0006_0063.uasset" 8022
"../../../Engine/Content/EngineMaterials/Substrate/Glints2/dict_0006_0057.uasset" 8023
"../../../Engine/Content/EngineMaterials/Substrate/Glints2/dict_0006_0059.uasset" 8024
"/Engine/EngineMaterials/Substrate/Glints2/dict_0006_0081" 8025
"../../../Engine/Content/EngineMaterials/Substrate/Glints2/dict_0006_0062.uasset" 8026
"../../../Engine/Content/EngineMaterials/Substrate/Glints2/dict_0006_0056.uasset" 8027
"../../../Engine/Content/EngineMaterials/Substrate/Glints2/dict_0006_0058.uasset" 8028
"/Engine/EngineMaterials/Substrate/Glints2/dict_0006_0066" 8029
"/Engine/EngineMaterials/Substrate/Glints2/dict_0006_0056" 8030
"/Engine/EngineMaterials/Substrate/Glints2/dict_0006_0058" 8031
"/Engine/EngineMaterials/Substrate/Glints2/dict_0006_0057" 8032
"/Engine/EngineMaterials/Substrate/Glints2/dict_0006_0059" 8033
"/Engine/EngineMaterials/Substrate/Glints2/dict_0006_0061" 8034
"/Engine/EngineMaterials/Substrate/Glints2/dict_0006_0062" 8035
"/Engine/EngineMaterials/Substrate/Glints2/dict_0006_0063" 8036
"/Engine/EngineMaterials/Substrate/Glints2/dict_0006_0075" 8037
"../../../Engine/Content/EngineMaterials/Substrate/Glints2/dict_0006_0060.uasset" 8038
"../../../Engine/Content/EngineMaterials/Substrate/Glints2/dict_0006_0048.uasset" 8039
"../../../Engine/Content/EngineMaterials/Substrate/Glints2/dict_0006_0043.uasset" 8040
"../../../Engine/Content/EngineMaterials/Substrate/Glints2/dict_0006_0044.uasset" 8041
"../../../Engine/Content/EngineMaterials/Substrate/Glints2/dict_0006_0051.uasset" 8042
"../../../Engine/Content/EngineMaterials/Substrate/Glints2/dict_0006_0055.uasset" 8043
"../../../Engine/Content/EngineMaterials/Substrate/Glints2/dict_0006_0046.uasset" 8044
"../../../Engine/Content/EngineMaterials/Substrate/Glints2/dict_0006_0047.uasset" 8045
"../../../Engine/Content/EngineMaterials/Substrate/Glints2/dict_0006_0045.uasset" 8046
"../../../Engine/Content/EngineMaterials/Substrate/Glints2/dict_0006_0052.uasset" 8047
"../../../Engine/Content/EngineMaterials/Substrate/Glints2/dict_0006_0054.uasset" 8048
"../../../Engine/Content/EngineMaterials/Substrate/Glints2/dict_0006_0053.uasset" 8049
"../../../Engine/Content/EngineMaterials/Substrate/Glints2/dict_0006_0049.uasset" 8050
"/Engine/EngineMaterials/Substrate/Glints2/dict_0006_0060" 8051
"../../../Engine/Content/EngineMaterials/Substrate/Glints2/dict_0006_0042.uasset" 8052
"/Engine/EngineMaterials/Substrate/Glints2/dict_0006_0043" 8053
"../../../Engine/Content/EngineMaterials/Substrate/Glints2/dict_0006_0034.uasset" 8054
"../../../Engine/Content/EngineMaterials/Substrate/Glints2/dict_0006_0030.uasset" 8055
"../../../Engine/Content/EngineMaterials/Substrate/Glints2/dict_0006_0041.uasset" 8056
"../../../Engine/Content/EngineMaterials/Substrate/Glints2/dict_0006_0038.uasset" 8057
"../../../Engine/Content/EngineMaterials/Substrate/Glints2/dict_0006_0033.uasset" 8058
"../../../Engine/Content/EngineMaterials/Substrate/Glints2/dict_0006_0040.uasset" 8059
"../../../Engine/Content/EngineMaterials/Substrate/Glints2/dict_0006_0036.uasset" 8060
"../../../Engine/Content/EngineMaterials/Substrate/Glints2/dict_0006_0035.uasset" 8061
"../../../Engine/Content/EngineMaterials/Substrate/Glints2/dict_0006_0032.uasset" 8062
"../../../Engine/Content/EngineMaterials/Substrate/Glints2/dict_0006_0039.uasset" 8063
"../../../Engine/Content/EngineMaterials/Substrate/Glints2/dict_0006_0050.uasset" 8064
"/Engine/EngineMaterials/Substrate/Glints2/dict_0006_0044" 8065
"/Engine/EngineMaterials/Substrate/Glints2/dict_0006_0045" 8066
"/Engine/EngineMaterials/Substrate/Glints2/dict_0006_0046" 8067
"/Engine/EngineMaterials/Substrate/Glints2/dict_0006_0047" 8068
"/Engine/EngineMaterials/Substrate/Glints2/dict_0006_0048" 8069
"/Engine/EngineMaterials/Substrate/Glints2/dict_0006_0049" 8070
"/Engine/EngineMaterials/Substrate/Glints2/dict_0006_0051" 8071
"/Engine/EngineMaterials/Substrate/Glints2/dict_0006_0052" 8072
"/Engine/EngineMaterials/Substrate/Glints2/dict_0006_0053" 8073
"/Engine/EngineMaterials/Substrate/Glints2/dict_0006_0054" 8074
"/Engine/EngineMaterials/Substrate/Glints2/dict_0006_0055" 8075
"/Engine/EngineMaterials/Substrate/Glints2/dict_0006_0033" 8076
"/Engine/EngineMaterials/Substrate/Glints2/dict_0006_0034" 8077
"/Engine/EngineMaterials/Substrate/Glints2/dict_0006_0030" 8078
"/Engine/EngineMaterials/Substrate/Glints2/dict_0006_0041" 8079
"/Engine/EngineMaterials/Substrate/Glints2/dict_0006_0035" 8080
"/Engine/EngineMaterials/Substrate/Glints2/dict_0006_0036" 8081
"/Engine/EngineMaterials/Substrate/Glints2/dict_0006_0042" 8082
"/Engine/EngineMaterials/Substrate/Glints2/dict_0006_0032" 8083
"/Engine/EngineMaterials/Substrate/Glints2/dict_0006_0038" 8084
"/Engine/EngineMaterials/Substrate/Glints2/dict_0006_0039" 8085
"/Engine/EngineMaterials/Substrate/Glints2/dict_0006_0050" 8086
"/Engine/EngineMaterials/Substrate/Glints2/dict_0006_0040" 8087
"../../../Engine/Content/EngineMaterials/Substrate/Glints2/dict_0006_0029.uasset" 8088
"../../../Engine/Content/EngineMaterials/Substrate/Glints2/dict_0006_0025.uasset" 8089
"../../../Engine/Content/EngineMaterials/Substrate/Glints2/dict_0006_0026.uasset" 8090
"../../../Engine/Content/EngineMaterials/Substrate/Glints2/dict_0006_0028.uasset" 8091
"../../../Engine/Content/EngineMaterials/Substrate/Glints2/dict_0006_0037.uasset" 8092
"../../../Engine/Content/EngineMaterials/Substrate/Glints2/dict_0006_0027.uasset" 8093
"../../../Engine/Content/EngineMaterials/Substrate/Glints2/dict_0006_0031.uasset" 8094
"/Engine/EngineMaterials/Substrate/Glints2/dict_0006_0025" 8095
"/Engine/EngineMaterials/Substrate/Glints2/dict_0006_0026" 8096
"/Engine/EngineMaterials/Substrate/Glints2/dict_0006_0027" 8097
"/Engine/EngineMaterials/Substrate/Glints2/dict_0006_0028" 8098
"/Engine/EngineMaterials/Substrate/Glints2/dict_0006_0029" 8099
"../../../Engine/Content/EngineMaterials/Substrate/Glints2/dict_0006_0023.uasset" 8100
"../../../Engine/Content/EngineMaterials/Substrate/Glints2/dict_0006_0022.uasset" 8101
"/Engine/EngineMaterials/Substrate/Glints2/dict_0006_0031" 8102
"../../../Engine/Content/EngineMaterials/Substrate/Glints2/dict_0006_0024.uasset" 8103
"/Engine/EngineMaterials/Substrate/Glints2/dict_0006_0037" 8104
"/Engine/EngineMaterials/Substrate/Glints2/dict_0006_0022" 8105
"/Engine/EngineMaterials/Substrate/Glints2/dict_0006_0023" 8106
"/Engine/EngineMaterials/Substrate/Glints2/dict_0006_0024" 8107
"../../../Engine/Content/EngineMaterials/Substrate/Glints2/dict_0006_0020.uasset" 8108
"../../../Engine/Content/EngineMaterials/Substrate/Glints2/dict_0006_0018.uasset" 8109
"../../../Engine/Content/EngineMaterials/Substrate/Glints2/dict_0006_0019.uasset" 8110
"/Engine/EngineMaterials/Substrate/Glints2/dict_0006_0018" 8111
"/Engine/EngineMaterials/Substrate/Glints2/dict_0006_0019" 8112
"../../../Engine/Content/EngineMaterials/Substrate/Glints2/dict_0006_0012.uasset" 8113
"../../../Engine/Content/EngineMaterials/Substrate/Glints2/dict_0006_0014.uasset" 8114
"../../../Engine/Content/EngineMaterials/Substrate/Glints2/dict_0006_0016.uasset" 8115
"../../../Engine/Content/EngineMaterials/Substrate/Glints2/dict_0006_0017.uasset" 8116
"/Engine/EngineMaterials/Substrate/Glints2/dict_0006_0020" 8117
"../../../Engine/Content/EngineMaterials/Substrate/Glints2/dict_0006_0021.uasset" 8118
"/Engine/EngineMaterials/Substrate/Glints2/dict_0006_0012" 8119
"/Engine/EngineMaterials/Substrate/Glints2/dict_0006_0014" 8120
"/Engine/EngineMaterials/Substrate/Glints2/dict_0006_0016" 8121
"/Engine/EngineMaterials/Substrate/Glints2/dict_0006_0017" 8122
"/Engine/EngineMaterials/Substrate/Glints2/dict_0006_0021" 8123
"../../../Engine/Content/EngineMaterials/Substrate/Glints2/dict_0006_0015.uasset" 8124
"../../../Engine/Content/EngineMaterials/Substrate/Glints2/dict_0006_0010.uasset" 8125
"../../../Engine/Content/EngineMaterials/Substrate/Glints2/dict_0006_0013.uasset" 8126
"../../../Engine/Content/EngineMaterials/Substrate/Glints2/dict_0006_0009.uasset" 8127
"../../../Engine/Content/EngineMaterials/Substrate/Glints2/dict_0006_0007.uasset" 8128
"../../../Engine/Content/EngineMaterials/Substrate/Glints2/dict_0006_0001.uasset" 8129
"../../../Engine/Content/EngineMaterials/Substrate/Glints2/dict_0006_0002.uasset" 8130
"../../../Engine/Content/EngineMaterials/Substrate/Glints2/dict_0006_0004.uasset" 8131
"../../../Engine/Content/EngineMaterials/Substrate/Glints2/dict_0006_0003.uasset" 8132
"../../../Engine/Content/EngineMaterials/Substrate/Glints2/dict_0006_0011.uasset" 8133
"../../../Engine/Content/EngineMaterials/Substrate/Glints2/dict_0005_0254.uasset" 8134
"../../../Engine/Content/EngineMaterials/Substrate/Glints2/dict_0005_0255.uasset" 8135
"../../../Engine/Content/EngineMaterials/Substrate/Glints2/dict_0006_0005.uasset" 8136
"../../../Engine/Content/EngineMaterials/Substrate/Glints2/dict_0006_0000.uasset" 8137
"../../../Engine/Content/EngineMaterials/Substrate/Glints2/dict_0006_0008.uasset" 8138
"/Engine/EngineMaterials/Substrate/Glints2/dict_0006_0000" 8139
"../../../Engine/Content/EngineMaterials/Substrate/Glints2/dict_0006_0006.uasset" 8140
"../../../Engine/Content/EngineMaterials/Substrate/Glints2/dict_0005_0253.uasset" 8141
"/Engine/EngineMaterials/Substrate/Glints2/dict_0006_0001" 8142
"/Engine/EngineMaterials/Substrate/Glints2/dict_0006_0002" 8143
"../../../Engine/Content/EngineMaterials/Substrate/Glints2/dict_0005_0248.uasset" 8144
"../../../Engine/Content/EngineMaterials/Substrate/Glints2/dict_0005_0249.uasset" 8145
"../../../Engine/Content/EngineMaterials/Substrate/Glints2/dict_0005_0250.uasset" 8146
"../../../Engine/Content/EngineMaterials/Substrate/Glints2/dict_0005_0247.uasset" 8147
"/Engine/EngineMaterials/Substrate/Glints2/dict_0005_0254" 8148
"../../../Engine/Content/EngineMaterials/Substrate/Glints2/dict_0005_0246.uasset" 8149
"../../../Engine/Content/EngineMaterials/Substrate/Glints2/dict_0005_0252.uasset" 8150
"/Engine/EngineMaterials/Substrate/Glints2/dict_0006_0003" 8151
"../../../Engine/Content/EngineMaterials/Substrate/Glints2/dict_0005_0251.uasset" 8152
"/Engine/EngineMaterials/Substrate/Glints2/dict_0006_0004" 8153
"/Engine/EngineMaterials/Substrate/Glints2/dict_0006_0005" 8154
"/Engine/EngineMaterials/Substrate/Glints2/dict_0006_0013" 8155
"/Engine/EngineMaterials/Substrate/Glints2/dict_0005_0255" 8156
"../../../Engine/Content/EngineMaterials/Substrate/Glints2/dict_0005_0241.uasset" 8157
"../../../Engine/Content/EngineMaterials/Substrate/Glints2/dict_0005_0243.uasset" 8158
"../../../Engine/Content/EngineMaterials/Substrate/Glints2/dict_0005_0242.uasset" 8159
"/Engine/EngineMaterials/Substrate/Glints2/dict_0006_0015" 8160
"/Engine/EngineMaterials/Substrate/Glints2/dict_0006_0007" 8161
"/Engine/EngineMaterials/Substrate/Glints2/dict_0006_0008" 8162
"/Engine/EngineMaterials/Substrate/Glints2/dict_0006_0009" 8163
"../../../Engine/Content/EngineMaterials/Substrate/Glints2/dict_0005_0244.uasset" 8164
"../../../Engine/Content/EngineMaterials/Substrate/Glints2/dict_0005_0245.uasset" 8165
"/Engine/EngineMaterials/Substrate/Glints2/dict_0006_0010" 8166
"/Engine/EngineMaterials/Substrate/Glints2/dict_0006_0011" 8167
"/Engine/EngineMaterials/Substrate/Glints2/dict_0005_0249" 8168
"/Engine/EngineMaterials/Substrate/Glints2/dict_0005_0250" 8169
"/Engine/EngineMaterials/Substrate/Glints2/dict_0005_0251" 8170
"/Engine/EngineMaterials/Substrate/Glints2/dict_0005_0252" 8171
"/Engine/EngineMaterials/Substrate/Glints2/dict_0005_0253" 8172
"/Engine/EngineMaterials/Substrate/Glints2/dict_0006_0006" 8173
"/Engine/EngineMaterials/Substrate/Glints2/dict_0005_0241" 8174
"/Engine/EngineMaterials/Substrate/Glints2/dict_0005_0243" 8175
"/Engine/EngineMaterials/Substrate/Glints2/dict_0005_0244" 8176
"../../../Engine/Content/EngineMaterials/Substrate/Glints2/dict_0005_0238.uasset" 8177
"../../../Engine/Content/EngineMaterials/Substrate/Glints2/dict_0005_0239.uasset" 8178
"/Engine/EngineMaterials/Substrate/Glints2/dict_0005_0245" 8179
"../../../Engine/Content/EngineMaterials/Substrate/Glints2/dict_0005_0240.uasset" 8180
"/Engine/EngineMaterials/Substrate/Glints2/dict_0005_0242" 8181
"/Engine/EngineMaterials/Substrate/Glints2/dict_0005_0247" 8182
"/Engine/EngineMaterials/Substrate/Glints2/dict_0005_0248" 8183
"/Engine/EngineMaterials/Substrate/Glints2/dict_0005_0246" 8184
"../../../Engine/Content/EngineMaterials/Substrate/Glints2/dict_0005_0233.uasset" 8185
"../../../Engine/Content/EngineMaterials/Substrate/Glints2/dict_0005_0230.uasset" 8186
"../../../Engine/Content/EngineMaterials/Substrate/Glints2/dict_0005_0235.uasset" 8187
"../../../Engine/Content/EngineMaterials/Substrate/Glints2/dict_0005_0231.uasset" 8188
"../../../Engine/Content/EngineMaterials/Substrate/Glints2/dict_0005_0234.uasset" 8189
"../../../Engine/Content/EngineMaterials/Substrate/Glints2/dict_0005_0236.uasset" 8190
"/Engine/EngineMaterials/Substrate/Glints2/dict_0005_0238" 8191
"/Engine/EngineMaterials/Substrate/Glints2/dict_0005_0230" 8192
"/Engine/EngineMaterials/Substrate/Glints2/dict_0005_0231" 8193
"/Engine/EngineMaterials/Substrate/Glints2/dict_0005_0239" 8194
"/Engine/EngineMaterials/Substrate/Glints2/dict_0005_0233" 8195
"/Engine/EngineMaterials/Substrate/Glints2/dict_0005_0240" 8196
"/Engine/EngineMaterials/Substrate/Glints2/dict_0005_0234" 8197
"../../../Engine/Content/EngineMaterials/Substrate/Glints2/dict_0005_0226.uasset" 8198
"/Engine/EngineMaterials/Substrate/Glints2/dict_0005_0235" 8199
"/Engine/EngineMaterials/Substrate/Glints2/dict_0005_0236" 8200
"/Engine/EngineMaterials/Substrate/Glints2/dict_0005_0226" 8201
"../../../Engine/Content/EngineMaterials/Substrate/Glints2/dict_0005_0232.uasset" 8202
"../../../Engine/Content/EngineMaterials/Substrate/Glints2/dict_0005_0237.uasset" 8203
"../../../Engine/Content/EngineMaterials/Substrate/Glints2/dict_0005_0228.uasset" 8204
"../../../Engine/Content/EngineMaterials/Substrate/Glints2/dict_0005_0229.uasset" 8205
"../../../Engine/Content/EngineMaterials/Substrate/Glints2/dict_0005_0225.uasset" 8206
"../../../Engine/Content/EngineMaterials/Substrate/Glints2/dict_0005_0219.uasset" 8207
"../../../Engine/Content/EngineMaterials/Substrate/Glints2/dict_0005_0222.uasset" 8208
"../../../Engine/Content/EngineMaterials/Substrate/Glints2/dict_0005_0223.uasset" 8209
"../../../Engine/Content/EngineMaterials/Substrate/Glints2/dict_0005_0218.uasset" 8210
"../../../Engine/Content/EngineMaterials/Substrate/Glints2/dict_0005_0220.uasset" 8211
"../../../Engine/Content/EngineMaterials/Substrate/Glints2/dict_0005_0221.uasset" 8212
"../../../Engine/Content/EngineMaterials/Substrate/Glints2/dict_0005_0227.uasset" 8213
"/Engine/EngineMaterials/Substrate/Glints2/dict_0005_0223" 8214
"../../../Engine/Content/EngineMaterials/Substrate/Glints2/dict_0005_0210.uasset" 8215
"../../../Engine/Content/EngineMaterials/Substrate/Glints2/dict_0005_0208.uasset" 8216
"../../../Engine/Content/EngineMaterials/Substrate/Glints2/dict_0005_0207.uasset" 8217
"../../../Engine/Content/EngineMaterials/Substrate/Glints2/dict_0005_0206.uasset" 8218
"../../../Engine/Content/EngineMaterials/Substrate/Glints2/dict_0005_0216.uasset" 8219
"../../../Engine/Content/EngineMaterials/Substrate/Glints2/dict_0005_0211.uasset" 8220
"../../../Engine/Content/EngineMaterials/Substrate/Glints2/dict_0005_0213.uasset" 8221
"../../../Engine/Content/EngineMaterials/Substrate/Glints2/dict_0005_0209.uasset" 8222
"/Engine/EngineMaterials/Substrate/Glints2/dict_0005_0225" 8223
"../../../Engine/Content/EngineMaterials/Substrate/Glints2/dict_0005_0212.uasset" 8224
"/Engine/EngineMaterials/Substrate/Glints2/dict_0005_0227" 8225
"/Engine/EngineMaterials/Substrate/Glints2/dict_0005_0228" 8226
"../../../Engine/Content/EngineMaterials/Substrate/Glints2/dict_0005_0217.uasset" 8227
"/Engine/EngineMaterials/Substrate/Glints2/dict_0005_0229" 8228
"/Engine/EngineMaterials/Substrate/Glints2/dict_0005_0232" 8229
"/Engine/EngineMaterials/Substrate/Glints2/dict_0005_0218" 8230
"/Engine/EngineMaterials/Substrate/Glints2/dict_0005_0219" 8231
"/Engine/EngineMaterials/Substrate/Glints2/dict_0005_0237" 8232
"/Engine/EngineMaterials/Substrate/Glints2/dict_0005_0220" 8233
"/Engine/EngineMaterials/Substrate/Glints2/dict_0005_0221" 8234
"../../../Engine/Content/EngineMaterials/Substrate/Glints2/dict_0005_0214.uasset" 8235
"/Engine/EngineMaterials/Substrate/Glints2/dict_0005_0222" 8236
"../../../Engine/Content/EngineMaterials/Substrate/Glints2/dict_0005_0224.uasset" 8237
"/Engine/EngineMaterials/Substrate/Glints2/dict_0005_0209" 8238
"/Engine/EngineMaterials/Substrate/Glints2/dict_0005_0210" 8239
"/Engine/EngineMaterials/Substrate/Glints2/dict_0005_0211" 8240
"../../../Engine/Content/EngineMaterials/Substrate/Glints2/dict_0005_0215.uasset" 8241
"/Engine/EngineMaterials/Substrate/Glints2/dict_0005_0212" 8242
"../../../Engine/Content/EngineMaterials/Substrate/Glints2/dict_0005_0204.uasset" 8243
"../../../Engine/Content/EngineMaterials/Substrate/Glints2/dict_0005_0202.uasset" 8244
"../../../Engine/Content/EngineMaterials/Substrate/Glints2/dict_0005_0201.uasset" 8245
"../../../Engine/Content/EngineMaterials/Substrate/Glints2/dict_0005_0203.uasset" 8246
"../../../Engine/Content/EngineMaterials/Substrate/Glints2/dict_0005_0200.uasset" 8247
"../../../Engine/Content/EngineMaterials/Substrate/Glints2/dict_0005_0199.uasset" 8248
"/Engine/EngineMaterials/Substrate/Glints2/dict_0005_0213" 8249
"/Engine/EngineMaterials/Substrate/Glints2/dict_0005_0214" 8250
"/Engine/EngineMaterials/Substrate/Glints2/dict_0005_0206" 8251
"/Engine/EngineMaterials/Substrate/Glints2/dict_0005_0216" 8252
"/Engine/EngineMaterials/Substrate/Glints2/dict_0005_0217" 8253
"../../../Engine/Content/EngineMaterials/Substrate/Glints2/dict_0005_0205.uasset" 8254
"/Engine/EngineMaterials/Substrate/Glints2/dict_0005_0207" 8255
"/Engine/EngineMaterials/Substrate/Glints2/dict_0005_0208" 8256
"/Engine/EngineMaterials/Substrate/Glints2/dict_0005_0224" 8257
"../../../Engine/Content/EngineMaterials/Substrate/Glints2/dict_0005_0194.uasset" 8258
"../../../Engine/Content/EngineMaterials/Substrate/Glints2/dict_0005_0197.uasset" 8259
"../../../Engine/Content/EngineMaterials/Substrate/Glints2/dict_0005_0198.uasset" 8260
"/Engine/EngineMaterials/Substrate/Glints2/dict_0005_0200" 8261
"../../../Engine/Content/EngineMaterials/Substrate/Glints2/dict_0005_0193.uasset" 8262
"../../../Engine/Content/EngineMaterials/Substrate/Glints2/dict_0005_0189.uasset" 8263
"../../../Engine/Content/EngineMaterials/Substrate/Glints2/dict_0005_0187.uasset" 8264
"../../../Engine/Content/EngineMaterials/Substrate/Glints2/dict_0005_0192.uasset" 8265
"../../../Engine/Content/EngineMaterials/Substrate/Glints2/dict_0005_0191.uasset" 8266
"../../../Engine/Content/EngineMaterials/Substrate/Glints2/dict_0005_0188.uasset" 8267
"../../../Engine/Content/EngineMaterials/Substrate/Glints2/dict_0005_0190.uasset" 8268
"/Engine/EngineMaterials/Substrate/Glints2/dict_0005_0199" 8269
"/Engine/EngineMaterials/Substrate/Glints2/dict_0005_0201" 8270
"/Engine/EngineMaterials/Substrate/Glints2/dict_0005_0202" 8271
"/Engine/EngineMaterials/Substrate/Glints2/dict_0005_0203" 8272
"/Engine/EngineMaterials/Substrate/Glints2/dict_0005_0204" 8273
"/Engine/EngineMaterials/Substrate/Glints2/dict_0005_0205" 8274
"../../../Engine/Content/EngineMaterials/Substrate/Glints2/dict_0005_0195.uasset" 8275
"../../../Engine/Content/EngineMaterials/Substrate/Glints2/dict_0005_0196.uasset" 8276
"/Engine/EngineMaterials/Substrate/Glints2/dict_0005_0215" 8277
"/Engine/EngineMaterials/Substrate/Glints2/dict_0005_0187" 8278
"/Engine/EngineMaterials/Substrate/Glints2/dict_0005_0188" 8279
"/Engine/EngineMaterials/Substrate/Glints2/dict_0005_0189" 8280
"/Engine/EngineMaterials/Substrate/Glints2/dict_0005_0190" 8281
"/Engine/EngineMaterials/Substrate/Glints2/dict_0005_0191" 8282
"/Engine/EngineMaterials/Substrate/Glints2/dict_0005_0192" 8283
"/Engine/EngineMaterials/Substrate/Glints2/dict_0005_0193" 8284
"/Engine/EngineMaterials/Substrate/Glints2/dict_0005_0194" 8285
"/Engine/EngineMaterials/Substrate/Glints2/dict_0005_0195" 8286
"/Engine/EngineMaterials/Substrate/Glints2/dict_0005_0196" 8287
"/Engine/EngineMaterials/Substrate/Glints2/dict_0005_0197" 8288
"/Engine/EngineMaterials/Substrate/Glints2/dict_0005_0198" 8289
"../../../Engine/Content/EngineMaterials/Substrate/Glints2/dict_0005_0186.uasset" 8290
"../../../Engine/Content/EngineMaterials/Substrate/Glints2/dict_0005_0177.uasset" 8291
"../../../Engine/Content/EngineMaterials/Substrate/Glints2/dict_0005_0184.uasset" 8292
"../../../Engine/Content/EngineMaterials/Substrate/Glints2/dict_0005_0181.uasset" 8293
"../../../Engine/Content/EngineMaterials/Substrate/Glints2/dict_0005_0179.uasset" 8294
"../../../Engine/Content/EngineMaterials/Substrate/Glints2/dict_0005_0180.uasset" 8295
"../../../Engine/Content/EngineMaterials/Substrate/Glints2/dict_0005_0185.uasset" 8296
"../../../Engine/Content/EngineMaterials/Substrate/Glints2/dict_0005_0176.uasset" 8297
"/Engine/EngineMaterials/Substrate/Glints2/dict_0005_0176" 8298
"../../../Engine/Content/EngineMaterials/Substrate/Glints2/dict_0005_0178.uasset" 8299
"/Engine/EngineMaterials/Substrate/Glints2/dict_0005_0177" 8300
"/Engine/EngineMaterials/Substrate/Glints2/dict_0005_0179" 8301
"/Engine/EngineMaterials/Substrate/Glints2/dict_0005_0180" 8302
"/Engine/EngineMaterials/Substrate/Glints2/dict_0005_0181" 8303
"/Engine/EngineMaterials/Substrate/Glints2/dict_0005_0184" 8304
"/Engine/EngineMaterials/Substrate/Glints2/dict_0005_0185" 8305
"/Engine/EngineMaterials/Substrate/Glints2/dict_0005_0186" 8306
"/Engine/EngineMaterials/Substrate/Glints2/dict_0005_0178" 8307
"../../../Engine/Content/EngineMaterials/Substrate/Glints2/dict_0005_0183.uasset" 8308
"../../../Engine/Content/EngineMaterials/Substrate/Glints2/dict_0005_0175.uasset" 8309
"../../../Engine/Content/EngineMaterials/Substrate/Glints2/dict_0005_0182.uasset" 8310
"../../../Engine/Content/EngineMaterials/Substrate/Glints2/dict_0005_0173.uasset" 8311
"../../../Engine/Content/EngineMaterials/Substrate/Glints2/dict_0005_0164.uasset" 8312
"../../../Engine/Content/EngineMaterials/Substrate/Glints2/dict_0005_0170.uasset" 8313
"../../../Engine/Content/EngineMaterials/Substrate/Glints2/dict_0005_0166.uasset" 8314
"../../../Engine/Content/EngineMaterials/Substrate/Glints2/dict_0005_0168.uasset" 8315
"../../../Engine/Content/EngineMaterials/Substrate/Glints2/dict_0005_0174.uasset" 8316
"../../../Engine/Content/EngineMaterials/Substrate/Glints2/dict_0005_0165.uasset" 8317
"../../../Engine/Content/EngineMaterials/Substrate/Glints2/dict_0005_0169.uasset" 8318
"../../../Engine/Content/EngineMaterials/Substrate/Glints2/dict_0005_0172.uasset" 8319
"../../../Engine/Content/EngineMaterials/Substrate/Glints2/dict_0005_0171.uasset" 8320
"../../../Engine/Content/EngineMaterials/Substrate/Glints2/dict_0005_0167.uasset" 8321
"../../../Engine/Content/EngineMaterials/Substrate/Glints2/dict_0005_0160.uasset" 8322
"../../../Engine/Content/EngineMaterials/Substrate/Glints2/dict_0005_0163.uasset" 8323
"../../../Engine/Content/EngineMaterials/Substrate/Glints2/dict_0005_0155.uasset" 8324
"../../../Engine/Content/EngineMaterials/Substrate/Glints2/dict_0005_0154.uasset" 8325
"../../../Engine/Content/EngineMaterials/Substrate/Glints2/dict_0005_0161.uasset" 8326
"../../../Engine/Content/EngineMaterials/Substrate/Glints2/dict_0005_0162.uasset" 8327
"../../../Engine/Content/EngineMaterials/Substrate/Glints2/dict_0005_0159.uasset" 8328
"../../../Engine/Content/EngineMaterials/Substrate/Glints2/dict_0005_0152.uasset" 8329
"../../../Engine/Content/EngineMaterials/Substrate/Glints2/dict_0005_0157.uasset" 8330
"/Engine/EngineMaterials/Substrate/Glints2/dict_0005_0167" 8331
"../../../Engine/Content/EngineMaterials/Substrate/Glints2/dict_0005_0156.uasset" 8332
"../../../Engine/Content/EngineMaterials/Substrate/Glints2/dict_0005_0153.uasset" 8333
"../../../Engine/Content/EngineMaterials/Substrate/Glints2/dict_0005_0158.uasset" 8334
"/Engine/EngineMaterials/Substrate/Glints2/dict_0005_0168" 8335
"/Engine/EngineMaterials/Substrate/Glints2/dict_0005_0169" 8336
"/Engine/EngineMaterials/Substrate/Glints2/dict_0005_0170" 8337
"/Engine/EngineMaterials/Substrate/Glints2/dict_0005_0171" 8338
"/Engine/EngineMaterials/Substrate/Glints2/dict_0005_0172" 8339
"/Engine/EngineMaterials/Substrate/Glints2/dict_0005_0160" 8340
"/Engine/EngineMaterials/Substrate/Glints2/dict_0005_0173" 8341
"/Engine/EngineMaterials/Substrate/Glints2/dict_0005_0174" 8342
"/Engine/EngineMaterials/Substrate/Glints2/dict_0005_0182" 8343
"/Engine/EngineMaterials/Substrate/Glints2/dict_0005_0175" 8344
"/Engine/EngineMaterials/Substrate/Glints2/dict_0005_0183" 8345
"/Engine/EngineMaterials/Substrate/Glints2/dict_0005_0163" 8346
"/Engine/EngineMaterials/Substrate/Glints2/dict_0005_0164" 8347
"/Engine/EngineMaterials/Substrate/Glints2/dict_0005_0165" 8348
"../../../Engine/Content/EngineMaterials/Substrate/Glints2/dict_0005_0151.uasset" 8349
"/Engine/EngineMaterials/Substrate/Glints2/dict_0005_0166" 8350
"/Engine/EngineMaterials/Substrate/Glints2/dict_0005_0155" 8351
"/Engine/EngineMaterials/Substrate/Glints2/dict_0005_0156" 8352
"/Engine/EngineMaterials/Substrate/Glints2/dict_0005_0157" 8353
"/Engine/EngineMaterials/Substrate/Glints2/dict_0005_0158" 8354
"/Engine/EngineMaterials/Substrate/Glints2/dict_0005_0159" 8355
"/Engine/EngineMaterials/Substrate/Glints2/dict_0005_0151" 8356
"/Engine/EngineMaterials/Substrate/Glints2/dict_0005_0152" 8357
"/Engine/EngineMaterials/Substrate/Glints2/dict_0005_0153" 8358
"../../../Engine/Content/EngineMaterials/Substrate/Glints2/dict_0005_0149.uasset" 8359
"../../../Engine/Content/EngineMaterials/Substrate/Glints2/dict_0005_0148.uasset" 8360
"../../../Engine/Content/EngineMaterials/Substrate/Glints2/dict_0005_0146.uasset" 8361
"/Engine/EngineMaterials/Substrate/Glints2/dict_0005_0154" 8362
"/Engine/EngineMaterials/Substrate/Glints2/dict_0005_0161" 8363
"/Engine/EngineMaterials/Substrate/Glints2/dict_0005_0162" 8364
"/Engine/EngineMaterials/Substrate/Glints2/dict_0005_0148" 8365
"../../../Engine/Content/EngineMaterials/Substrate/Glints2/dict_0005_0150.uasset" 8366
"../../../Engine/Content/EngineMaterials/Substrate/Glints2/dict_0005_0147.uasset" 8367
"/Engine/EngineMaterials/Substrate/Glints2/dict_0005_0146" 8368
"/Engine/EngineMaterials/Substrate/Glints2/dict_0005_0149" 8369
"/Engine/EngineMaterials/Substrate/Glints2/dict_0005_0147" 8370
"../../../Engine/Content/EngineMaterials/Substrate/Glints2/dict_0005_0145.uasset" 8371
"../../../Engine/Content/EngineMaterials/Substrate/Glints2/dict_0005_0138.uasset" 8372
"../../../Engine/Content/EngineMaterials/Substrate/Glints2/dict_0005_0137.uasset" 8373
"../../../Engine/Content/EngineMaterials/Substrate/Glints2/dict_0005_0140.uasset" 8374
"../../../Engine/Content/EngineMaterials/Substrate/Glints2/dict_0005_0143.uasset" 8375
"/Engine/EngineMaterials/Substrate/Glints2/dict_0005_0150" 8376
"/Engine/EngineMaterials/Substrate/Glints2/dict_0005_0137" 8377
"../../../Engine/Content/EngineMaterials/Substrate/Glints2/dict_0005_0144.uasset" 8378
"/Engine/EngineMaterials/Substrate/Glints2/dict_0005_0138" 8379
"/Engine/EngineMaterials/Substrate/Glints2/dict_0005_0140" 8380
"/Engine/EngineMaterials/Substrate/Glints2/dict_0005_0143" 8381
"/Engine/EngineMaterials/Substrate/Glints2/dict_0005_0145" 8382
"../../../Engine/Content/EngineMaterials/Substrate/Glints2/dict_0005_0142.uasset" 8383
"../../../Engine/Content/EngineMaterials/Substrate/Glints2/dict_0005_0135.uasset" 8384
"../../../Engine/Content/EngineMaterials/Substrate/Glints2/dict_0005_0139.uasset" 8385
"../../../Engine/Content/EngineMaterials/Substrate/Glints2/dict_0005_0141.uasset" 8386
"../../../Engine/Content/EngineMaterials/Substrate/Glints2/dict_0005_0134.uasset" 8387
"../../../Engine/Content/EngineMaterials/Substrate/Glints2/dict_0005_0132.uasset" 8388
"../../../Engine/Content/EngineMaterials/Substrate/Glints2/dict_0005_0127.uasset" 8389
"../../../Engine/Content/EngineMaterials/Substrate/Glints2/dict_0005_0129.uasset" 8390
"../../../Engine/Content/EngineMaterials/Substrate/Glints2/dict_0005_0130.uasset" 8391
"../../../Engine/Content/EngineMaterials/Substrate/Glints2/dict_0005_0131.uasset" 8392
"../../../Engine/Content/EngineMaterials/Substrate/Glints2/dict_0005_0136.uasset" 8393
"../../../Engine/Content/EngineMaterials/Substrate/Glints2/dict_0005_0128.uasset" 8394
"/Engine/EngineMaterials/Substrate/Glints2/dict_0005_0130" 8395
"/Engine/EngineMaterials/Substrate/Glints2/dict_0005_0131" 8396
"../../../Engine/Content/EngineMaterials/Substrate/Glints2/dict_0005_0125.uasset" 8397
"/Engine/EngineMaterials/Substrate/Glints2/dict_0005_0132" 8398
"../../../Engine/Content/EngineMaterials/Substrate/Glints2/dict_0005_0123.uasset" 8399
"../../../Engine/Content/EngineMaterials/Substrate/Glints2/dict_0005_0133.uasset" 8400
"/Engine/EngineMaterials/Substrate/Glints2/dict_0005_0134" 8401
"/Engine/EngineMaterials/Substrate/Glints2/dict_0005_0135" 8402
"/Engine/EngineMaterials/Substrate/Glints2/dict_0005_0136" 8403
"/Engine/EngineMaterials/Substrate/Glints2/dict_0005_0139" 8404
"/Engine/EngineMaterials/Substrate/Glints2/dict_0005_0141" 8405
"/Engine/EngineMaterials/Substrate/Glints2/dict_0005_0127" 8406
"/Engine/EngineMaterials/Substrate/Glints2/dict_0005_0128" 8407
"../../../Engine/Content/EngineMaterials/Substrate/Glints2/dict_0005_0120.uasset" 8408
"/Engine/EngineMaterials/Substrate/Glints2/dict_0005_0129" 8409
"../../../Engine/Content/EngineMaterials/Substrate/Glints2/dict_0005_0124.uasset" 8410
"/Engine/EngineMaterials/Substrate/Glints2/dict_0005_0142" 8411
"/Engine/EngineMaterials/Substrate/Glints2/dict_0005_0144" 8412
"../../../Engine/Content/EngineMaterials/Substrate/Glints2/dict_0005_0121.uasset" 8413
"../../../Engine/Content/EngineMaterials/Substrate/Glints2/dict_0005_0114.uasset" 8414
"../../../Engine/Content/EngineMaterials/Substrate/Glints2/dict_0005_0119.uasset" 8415
"/Engine/EngineMaterials/Substrate/Glints2/dict_0005_0114" 8416
"../../../Engine/Content/EngineMaterials/Substrate/Glints2/dict_0005_0117.uasset" 8417
"../../../Engine/Content/EngineMaterials/Substrate/Glints2/dict_0005_0118.uasset" 8418
"/Engine/EngineMaterials/Substrate/Glints2/dict_0005_0120" 8419
"/Engine/EngineMaterials/Substrate/Glints2/dict_0005_0121" 8420
"/Engine/EngineMaterials/Substrate/Glints2/dict_0005_0123" 8421
"/Engine/EngineMaterials/Substrate/Glints2/dict_0005_0124" 8422
"/Engine/EngineMaterials/Substrate/Glints2/dict_0005_0133" 8423
"/Engine/EngineMaterials/Substrate/Glints2/dict_0005_0125" 8424
"../../../Engine/Content/EngineMaterials/Substrate/Glints2/dict_0005_0116.uasset" 8425
"/Engine/EngineMaterials/Substrate/Glints2/dict_0005_0119" 8426
"/Engine/EngineMaterials/Substrate/Glints2/dict_0005_0117" 8427
"/Engine/EngineMaterials/Substrate/Glints2/dict_0005_0118" 8428
"../../../Engine/Content/EngineMaterials/Substrate/Glints2/dict_0005_0122.uasset" 8429
"../../../Engine/Content/EngineMaterials/Substrate/Glints2/dict_0005_0115.uasset" 8430
"/Engine/EngineMaterials/Substrate/Glints2/dict_0005_0116" 8431
"../../../Engine/Content/EngineMaterials/Substrate/Glints2/dict_0005_0126.uasset" 8432
"/Engine/EngineMaterials/Substrate/Glints2/dict_0005_0122" 8433
"/Engine/EngineMaterials/Substrate/Glints2/dict_0005_0115" 8434
"/Engine/EngineMaterials/Substrate/Glints2/dict_0005_0126" 8435
"../../../Engine/Content/EngineMaterials/Substrate/Glints2/dict_0005_0111.uasset" 8436
"../../../Engine/Content/EngineMaterials/Substrate/Glints2/dict_0005_0112.uasset" 8437
"../../../Engine/Content/EngineMaterials/Substrate/Glints2/dict_0005_0106.uasset" 8438
"../../../Engine/Content/EngineMaterials/Substrate/Glints2/dict_0005_0110.uasset" 8439
"../../../Engine/Content/EngineMaterials/Substrate/Glints2/dict_0005_0104.uasset" 8440
"../../../Engine/Content/EngineMaterials/Substrate/Glints2/dict_0005_0105.uasset" 8441
"../../../Engine/Content/EngineMaterials/Substrate/Glints2/dict_0005_0107.uasset" 8442
"../../../Engine/Content/EngineMaterials/Substrate/Glints2/dict_0005_0109.uasset" 8443
"../../../Engine/Content/EngineMaterials/Substrate/Glints2/dict_0005_0108.uasset" 8444
"../../../Engine/Content/EngineMaterials/Substrate/Glints2/dict_0005_0103.uasset" 8445
"../../../Engine/Content/EngineMaterials/Substrate/Glints2/dict_0005_0101.uasset" 8446
"../../../Engine/Content/EngineMaterials/Substrate/Glints2/dict_0005_0100.uasset" 8447
"../../../Engine/Content/EngineMaterials/Substrate/Glints2/dict_0005_0102.uasset" 8448
"../../../Engine/Content/EngineMaterials/Substrate/Glints2/dict_0005_0113.uasset" 8449
"/Engine/EngineMaterials/Substrate/Glints2/dict_0005_0100" 8450
"/Engine/EngineMaterials/Substrate/Glints2/dict_0005_0101" 8451
"../../../Engine/Content/EngineMaterials/Substrate/Glints2/dict_0005_0096.uasset" 8452
"../../../Engine/Content/EngineMaterials/Substrate/Glints2/dict_0005_0094.uasset" 8453
"../../../Engine/Content/EngineMaterials/Substrate/Glints2/dict_0005_0098.uasset" 8454
"../../../Engine/Content/EngineMaterials/Substrate/Glints2/dict_0005_0091.uasset" 8455
"../../../Engine/Content/EngineMaterials/Substrate/Glints2/dict_0005_0095.uasset" 8456
"../../../Engine/Content/EngineMaterials/Substrate/Glints2/dict_0005_0097.uasset" 8457
"../../../Engine/Content/EngineMaterials/Substrate/Glints2/dict_0005_0093.uasset" 8458
"/Engine/EngineMaterials/Substrate/Glints2/dict_0005_0109" 8459
"../../../Engine/Content/EngineMaterials/Substrate/Glints2/dict_0005_0092.uasset" 8460
"/Engine/EngineMaterials/Substrate/Glints2/dict_0005_0110" 8461
"/Engine/EngineMaterials/Substrate/Glints2/dict_0005_0102" 8462
"/Engine/EngineMaterials/Substrate/Glints2/dict_0005_0111" 8463
"/Engine/EngineMaterials/Substrate/Glints2/dict_0005_0103" 8464
"/Engine/EngineMaterials/Substrate/Glints2/dict_0005_0104" 8465
"../../../Engine/Content/EngineMaterials/Substrate/Glints2/dict_0005_0099.uasset" 8466
"/Engine/EngineMaterials/Substrate/Glints2/dict_0005_0105" 8467
"../../../Engine/Content/EngineMaterials/Substrate/Glints2/dict_0005_0089.uasset" 8468
"../../../Engine/Content/EngineMaterials/Substrate/Glints2/dict_0005_0087.uasset" 8469
"../../../Engine/Content/EngineMaterials/Substrate/Glints2/dict_0005_0088.uasset" 8470
"../../../Engine/Content/EngineMaterials/Substrate/Glints2/dict_0005_0090.uasset" 8471
"/Engine/EngineMaterials/Substrate/Glints2/dict_0005_0106" 8472
"/Engine/EngineMaterials/Substrate/Glints2/dict_0005_0107" 8473
"/Engine/EngineMaterials/Substrate/Glints2/dict_0005_0112" 8474
"/Engine/EngineMaterials/Substrate/Glints2/dict_0005_0108" 8475
"/Engine/EngineMaterials/Substrate/Glints2/dict_0005_0113" 8476
"/Engine/EngineMaterials/Substrate/Glints2/dict_0005_0089" 8477
"/Engine/EngineMaterials/Substrate/Glints2/dict_0005_0096" 8478
"/Engine/EngineMaterials/Substrate/Glints2/dict_0005_0087" 8479
"/Engine/EngineMaterials/Substrate/Glints2/dict_0005_0088" 8480
"/Engine/EngineMaterials/Substrate/Glints2/dict_0005_0097" 8481
"../../../Engine/Content/EngineMaterials/Substrate/Glints2/dict_0005_0085.uasset" 8482
"../../../Engine/Content/EngineMaterials/Substrate/Glints2/dict_0005_0086.uasset" 8483
"../../../Engine/Content/EngineMaterials/Substrate/Glints2/dict_0005_0084.uasset" 8484
"/Engine/EngineMaterials/Substrate/Glints2/dict_0005_0090" 8485
"/Engine/EngineMaterials/Substrate/Glints2/dict_0005_0098" 8486
"/Engine/EngineMaterials/Substrate/Glints2/dict_0005_0091" 8487
"/Engine/EngineMaterials/Substrate/Glints2/dict_0005_0092" 8488
"/Engine/EngineMaterials/Substrate/Glints2/dict_0005_0093" 8489
"/Engine/EngineMaterials/Substrate/Glints2/dict_0005_0094" 8490
"../../../Engine/Content/EngineMaterials/Substrate/Glints2/dict_0005_0082.uasset" 8491
"/Engine/EngineMaterials/Substrate/Glints2/dict_0005_0099" 8492
"/Engine/EngineMaterials/Substrate/Glints2/dict_0005_0095" 8493
"/Engine/EngineMaterials/Substrate/Glints2/dict_0005_0086" 8494
"/Engine/EngineMaterials/Substrate/Glints2/dict_0005_0084" 8495
"/Engine/EngineMaterials/Substrate/Glints2/dict_0005_0082" 8496
"/Engine/EngineMaterials/Substrate/Glints2/dict_0005_0085" 8497
"../../../Engine/Content/EngineMaterials/Substrate/Glints2/dict_0005_0083.uasset" 8498
"../../../Engine/Content/EngineMaterials/Substrate/Glints2/dict_0005_0079.uasset" 8499
"../../../Engine/Content/EngineMaterials/Substrate/Glints2/dict_0005_0077.uasset" 8500
"../../../Engine/Content/EngineMaterials/Substrate/Glints2/dict_0005_0076.uasset" 8501
"../../../Engine/Content/EngineMaterials/Substrate/Glints2/dict_0005_0081.uasset" 8502
"../../../Engine/Content/EngineMaterials/Substrate/Glints2/dict_0005_0071.uasset" 8503
"../../../Engine/Content/EngineMaterials/Substrate/Glints2/dict_0005_0070.uasset" 8504
"../../../Engine/Content/EngineMaterials/Substrate/Glints2/dict_0005_0078.uasset" 8505
"../../../Engine/Content/EngineMaterials/Substrate/Glints2/dict_0005_0074.uasset" 8506
"../../../Engine/Content/EngineMaterials/Substrate/Glints2/dict_0005_0075.uasset" 8507
"../../../Engine/Content/EngineMaterials/Substrate/Glints2/dict_0005_0080.uasset" 8508
"../../../Engine/Content/EngineMaterials/Substrate/Glints2/dict_0005_0072.uasset" 8509
"../../../Engine/Content/EngineMaterials/Substrate/Glints2/dict_0005_0073.uasset" 8510
"../../../Engine/Content/EngineMaterials/Substrate/Glints2/dict_0005_0060.uasset" 8511
"../../../Engine/Content/EngineMaterials/Substrate/Glints2/dict_0005_0066.uasset" 8512
"../../../Engine/Content/EngineMaterials/Substrate/Glints2/dict_0005_0064.uasset" 8513
"../../../Engine/Content/EngineMaterials/Substrate/Glints2/dict_0005_0065.uasset" 8514
"../../../Engine/Content/EngineMaterials/Substrate/Glints2/dict_0005_0062.uasset" 8515
"../../../Engine/Content/EngineMaterials/Substrate/Glints2/dict_0005_0068.uasset" 8516
"../../../Engine/Content/EngineMaterials/Substrate/Glints2/dict_0005_0067.uasset" 8517
"/Engine/EngineMaterials/Substrate/Glints2/dict_0005_0060" 8518
"../../../Engine/Content/EngineMaterials/Substrate/Glints2/dict_0005_0061.uasset" 8519
"/Engine/EngineMaterials/Substrate/Glints2/dict_0005_0070" 8520
"../../../Engine/Content/EngineMaterials/Substrate/Glints2/dict_0005_0069.uasset" 8521
"../../../Engine/Content/EngineMaterials/Substrate/Glints2/dict_0005_0063.uasset" 8522
"../../../Engine/Content/EngineMaterials/Substrate/Glints2/dict_0005_0059.uasset" 8523
"../../../Engine/Content/EngineMaterials/Substrate/Glints2/dict_0005_0058.uasset" 8524
"/Engine/EngineMaterials/Substrate/Glints2/dict_0005_0071" 8525
"/Engine/EngineMaterials/Substrate/Glints2/dict_0005_0072" 8526
"/Engine/EngineMaterials/Substrate/Glints2/dict_0005_0073" 8527
"/Engine/EngineMaterials/Substrate/Glints2/dict_0005_0074" 8528
"/Engine/EngineMaterials/Substrate/Glints2/dict_0005_0083" 8529
"/Engine/EngineMaterials/Substrate/Glints2/dict_0005_0075" 8530
"/Engine/EngineMaterials/Substrate/Glints2/dict_0005_0076" 8531
"/Engine/EngineMaterials/Substrate/Glints2/dict_0005_0077" 8532
"/Engine/EngineMaterials/Substrate/Glints2/dict_0005_0078" 8533
"/Engine/EngineMaterials/Substrate/Glints2/dict_0005_0079" 8534
"/Engine/EngineMaterials/Substrate/Glints2/dict_0005_0080" 8535
"../../../Engine/Content/EngineMaterials/Substrate/Glints2/dict_0005_0053.uasset" 8536
"../../../Engine/Content/EngineMaterials/Substrate/Glints2/dict_0005_0051.uasset" 8537
"../../../Engine/Content/EngineMaterials/Substrate/Glints2/dict_0005_0054.uasset" 8538
"../../../Engine/Content/EngineMaterials/Substrate/Glints2/dict_0005_0052.uasset" 8539
"/Engine/EngineMaterials/Substrate/Glints2/dict_0005_0081" 8540
"../../../Engine/Content/EngineMaterials/Substrate/Glints2/dict_0005_0057.uasset" 8541
"/Engine/EngineMaterials/Substrate/Glints2/dict_0005_0051" 8542
"/Engine/EngineMaterials/Substrate/Glints2/dict_0005_0052" 8543
"/Engine/EngineMaterials/Substrate/Glints2/dict_0005_0057" 8544
"/Engine/EngineMaterials/Substrate/Glints2/dict_0005_0058" 8545
"/Engine/EngineMaterials/Substrate/Glints2/dict_0005_0059" 8546
"/Engine/EngineMaterials/Substrate/Glints2/dict_0005_0053" 8547
"/Engine/EngineMaterials/Substrate/Glints2/dict_0005_0061" 8548
"/Engine/EngineMaterials/Substrate/Glints2/dict_0005_0062" 8549
"/Engine/EngineMaterials/Substrate/Glints2/dict_0005_0054" 8550
"../../../Engine/Content/EngineMaterials/Substrate/Glints2/dict_0005_0056.uasset" 8551
"/Engine/EngineMaterials/Substrate/Glints2/dict_0005_0063" 8552
"/Engine/EngineMaterials/Substrate/Glints2/dict_0005_0064" 8553
"/Engine/EngineMaterials/Substrate/Glints2/dict_0005_0065" 8554
"/Engine/EngineMaterials/Substrate/Glints2/dict_0005_0066" 8555
"/Engine/EngineMaterials/Substrate/Glints2/dict_0005_0068" 8556
"/Engine/EngineMaterials/Substrate/Glints2/dict_0005_0069" 8557
"/Engine/EngineMaterials/Substrate/Glints2/dict_0005_0067" 8558
"../../../Engine/Content/EngineMaterials/Substrate/Glints2/dict_0005_0055.uasset" 8559
"/Engine/EngineMaterials/Substrate/Glints2/dict_0005_0055" 8560
"/Engine/EngineMaterials/Substrate/Glints2/dict_0005_0056" 8561
"../../../Engine/Content/EngineMaterials/Substrate/Glints2/dict_0005_0044.uasset" 8562
"../../../Engine/Content/EngineMaterials/Substrate/Glints2/dict_0005_0045.uasset" 8563
"../../../Engine/Content/EngineMaterials/Substrate/Glints2/dict_0005_0046.uasset" 8564
"../../../Engine/Content/EngineMaterials/Substrate/Glints2/dict_0005_0048.uasset" 8565
"../../../Engine/Content/EngineMaterials/Substrate/Glints2/dict_0005_0047.uasset" 8566
"../../../Engine/Content/EngineMaterials/Substrate/Glints2/dict_0005_0042.uasset" 8567
"../../../Engine/Content/EngineMaterials/Substrate/Glints2/dict_0005_0043.uasset" 8568
"../../../Engine/Content/EngineMaterials/Substrate/Glints2/dict_0005_0039.uasset" 8569
"../../../Engine/Content/EngineMaterials/Substrate/Glints2/dict_0005_0040.uasset" 8570
"../../../Engine/Content/EngineMaterials/Substrate/Glints2/dict_0005_0041.uasset" 8571
"../../../Engine/Content/EngineMaterials/Substrate/Glints2/dict_0005_0050.uasset" 8572
"../../../Engine/Content/EngineMaterials/Substrate/Glints2/dict_0005_0038.uasset" 8573
"../../../Engine/Content/EngineMaterials/Substrate/Glints2/dict_0005_0033.uasset" 8574
"../../../Engine/Content/EngineMaterials/Substrate/Glints2/dict_0005_0037.uasset" 8575
"../../../Engine/Content/EngineMaterials/Substrate/Glints2/dict_0005_0036.uasset" 8576
"../../../Engine/Content/EngineMaterials/Substrate/Glints2/dict_0005_0031.uasset" 8577
"../../../Engine/Content/EngineMaterials/Substrate/Glints2/dict_0005_0034.uasset" 8578
"../../../Engine/Content/EngineMaterials/Substrate/Glints2/dict_0005_0049.uasset" 8579
"../../../Engine/Content/EngineMaterials/Substrate/Glints2/dict_0005_0030.uasset" 8580
"../../../Engine/Content/EngineMaterials/Substrate/Glints2/dict_0005_0027.uasset" 8581
"../../../Engine/Content/EngineMaterials/Substrate/Glints2/dict_0005_0029.uasset" 8582
"../../../Engine/Content/EngineMaterials/Substrate/Glints2/dict_0005_0032.uasset" 8583
"/Engine/EngineMaterials/Substrate/Glints2/dict_0005_0037" 8584
"../../../Engine/Content/EngineMaterials/Substrate/Glints2/dict_0005_0028.uasset" 8585
"/Engine/EngineMaterials/Substrate/Glints2/dict_0005_0027" 8586
"/Engine/EngineMaterials/Substrate/Glints2/dict_0005_0030" 8587
"/Engine/EngineMaterials/Substrate/Glints2/dict_0005_0031" 8588
"../../../Engine/Content/EngineMaterials/Substrate/Glints2/dict_0005_0035.uasset" 8589
"/Engine/EngineMaterials/Substrate/Glints2/dict_0005_0033" 8590
"/Engine/EngineMaterials/Substrate/Glints2/dict_0005_0034" 8591
"/Engine/EngineMaterials/Substrate/Glints2/dict_0005_0038" 8592
"/Engine/EngineMaterials/Substrate/Glints2/dict_0005_0039" 8593
"/Engine/EngineMaterials/Substrate/Glints2/dict_0005_0040" 8594
"/Engine/EngineMaterials/Substrate/Glints2/dict_0005_0041" 8595
"/Engine/EngineMaterials/Substrate/Glints2/dict_0005_0042" 8596
"/Engine/EngineMaterials/Substrate/Glints2/dict_0005_0036" 8597
"/Engine/EngineMaterials/Substrate/Glints2/dict_0005_0043" 8598
"/Engine/EngineMaterials/Substrate/Glints2/dict_0005_0044" 8599
"/Engine/EngineMaterials/Substrate/Glints2/dict_0005_0045" 8600
"/Engine/EngineMaterials/Substrate/Glints2/dict_0005_0046" 8601
"../../../Engine/Content/EngineMaterials/Substrate/Glints2/dict_0005_0022.uasset" 8602
"../../../Engine/Content/EngineMaterials/Substrate/Glints2/dict_0005_0024.uasset" 8603
"../../../Engine/Content/EngineMaterials/Substrate/Glints2/dict_0005_0025.uasset" 8604
"../../../Engine/Content/EngineMaterials/Substrate/Glints2/dict_0005_0021.uasset" 8605
"../../../Engine/Content/EngineMaterials/Substrate/Glints2/dict_0005_0019.uasset" 8606
"../../../Engine/Content/EngineMaterials/Substrate/Glints2/dict_0005_0020.uasset" 8607
"../../../Engine/Content/EngineMaterials/Substrate/Glints2/dict_0005_0023.uasset" 8608
"../../../Engine/Content/EngineMaterials/Substrate/Glints2/dict_0005_0026.uasset" 8609
"/Engine/EngineMaterials/Substrate/Glints2/dict_0005_0047" 8610
"/Engine/EngineMaterials/Substrate/Glints2/dict_0005_0048" 8611
"/Engine/EngineMaterials/Substrate/Glints2/dict_0005_0049" 8612
"/Engine/EngineMaterials/Substrate/Glints2/dict_0005_0050" 8613
"/Engine/EngineMaterials/Substrate/Glints2/dict_0005_0021" 8614
"/Engine/EngineMaterials/Substrate/Glints2/dict_0005_0019" 8615
"/Engine/EngineMaterials/Substrate/Glints2/dict_0005_0022" 8616
"/Engine/EngineMaterials/Substrate/Glints2/dict_0005_0020" 8617
"/Engine/EngineMaterials/Substrate/Glints2/dict_0005_0023" 8618
"/Engine/EngineMaterials/Substrate/Glints2/dict_0005_0024" 8619
"/Engine/EngineMaterials/Substrate/Glints2/dict_0005_0025" 8620
"/Engine/EngineMaterials/Substrate/Glints2/dict_0005_0026" 8621
"/Engine/EngineMaterials/Substrate/Glints2/dict_0005_0028" 8622
"/Engine/EngineMaterials/Substrate/Glints2/dict_0005_0029" 8623
"/Engine/EngineMaterials/Substrate/Glints2/dict_0005_0032" 8624
"/Engine/EngineMaterials/Substrate/Glints2/dict_0005_0035" 8625
"../../../Engine/Content/EngineMaterials/Substrate/Glints2/dict_0005_0011.uasset" 8626
"../../../Engine/Content/EngineMaterials/Substrate/Glints2/dict_0005_0014.uasset" 8627
"../../../Engine/Content/EngineMaterials/Substrate/Glints2/dict_0005_0008.uasset" 8628
"../../../Engine/Content/EngineMaterials/Substrate/Glints2/dict_0005_0013.uasset" 8629
"../../../Engine/Content/EngineMaterials/Substrate/Glints2/dict_0005_0009.uasset" 8630
"../../../Engine/Content/EngineMaterials/Substrate/Glints2/dict_0005_0018.uasset" 8631
"../../../Engine/Content/EngineMaterials/Substrate/Glints2/dict_0005_0006.uasset" 8632
"../../../Engine/Content/EngineMaterials/Substrate/Glints2/dict_0005_0017.uasset" 8633
"../../../Engine/Content/EngineMaterials/Substrate/Glints2/dict_0005_0016.uasset" 8634
"../../../Engine/Content/EngineMaterials/Substrate/Glints2/dict_0005_0015.uasset" 8635
"../../../Engine/Content/EngineMaterials/Substrate/Glints2/dict_0005_0010.uasset" 8636
"../../../Engine/Content/EngineMaterials/Substrate/Glints2/dict_0005_0005.uasset" 8637
"../../../Engine/Content/EngineMaterials/Substrate/Glints2/dict_0005_0007.uasset" 8638
"../../../Engine/Content/EngineMaterials/Substrate/Glints2/dict_0005_0012.uasset" 8639
"/Engine/EngineMaterials/Substrate/Glints2/dict_0005_0005" 8640
"../../../Engine/Content/EngineMaterials/Substrate/Glints2/dict_0005_0003.uasset" 8641
"../../../Engine/Content/EngineMaterials/Substrate/Glints2/dict_0004_0254.uasset" 8642
"../../../Engine/Content/EngineMaterials/Substrate/Glints2/dict_0004_0253.uasset" 8643
"../../../Engine/Content/EngineMaterials/Substrate/Glints2/dict_0004_0255.uasset" 8644
"../../../Engine/Content/EngineMaterials/Substrate/Glints2/dict_0005_0002.uasset" 8645
"../../../Engine/Content/EngineMaterials/Substrate/Glints2/dict_0004_0251.uasset" 8646
"../../../Engine/Content/EngineMaterials/Substrate/Glints2/dict_0005_0001.uasset" 8647
"/Engine/EngineMaterials/Substrate/Glints2/dict_0005_0006" 8648
"../../../Engine/Content/EngineMaterials/Substrate/Glints2/dict_0004_0250.uasset" 8649
"/Engine/EngineMaterials/Substrate/Glints2/dict_0005_0007" 8650
"/Engine/EngineMaterials/Substrate/Glints2/dict_0005_0008" 8651
"/Engine/EngineMaterials/Substrate/Glints2/dict_0005_0009" 8652
"/Engine/EngineMaterials/Substrate/Glints2/dict_0005_0010" 8653
"/Engine/EngineMaterials/Substrate/Glints2/dict_0005_0011" 8654
"/Engine/EngineMaterials/Substrate/Glints2/dict_0005_0012" 8655
"/Engine/EngineMaterials/Substrate/Glints2/dict_0005_0013" 8656
"/Engine/EngineMaterials/Substrate/Glints2/dict_0005_0014" 8657
"/Engine/EngineMaterials/Substrate/Glints2/dict_0005_0015" 8658
"/Engine/EngineMaterials/Substrate/Glints2/dict_0005_0016" 8659
"/Engine/EngineMaterials/Substrate/Glints2/dict_0005_0017" 8660
"../../../Engine/Content/EngineMaterials/Substrate/Glints2/dict_0004_0248.uasset" 8661
"../../../Engine/Content/EngineMaterials/Substrate/Glints2/dict_0004_0247.uasset" 8662
"../../../Engine/Content/EngineMaterials/Substrate/Glints2/dict_0004_0252.uasset" 8663
"/Engine/EngineMaterials/Substrate/Glints2/dict_0005_0018" 8664
"../../../Engine/Content/EngineMaterials/Substrate/Glints2/dict_0005_0004.uasset" 8665
"/Engine/EngineMaterials/Substrate/Glints2/dict_0004_0247" 8666
"/Engine/EngineMaterials/Substrate/Glints2/dict_0004_0248" 8667
"/Engine/EngineMaterials/Substrate/Glints2/dict_0004_0250" 8668
"/Engine/EngineMaterials/Substrate/Glints2/dict_0004_0255" 8669
"/Engine/EngineMaterials/Substrate/Glints2/dict_0004_0251" 8670
"/Engine/EngineMaterials/Substrate/Glints2/dict_0004_0252" 8671
"/Engine/EngineMaterials/Substrate/Glints2/dict_0005_0001" 8672
"/Engine/EngineMaterials/Substrate/Glints2/dict_0005_0002" 8673
"/Engine/EngineMaterials/Substrate/Glints2/dict_0004_0253" 8674
"/Engine/EngineMaterials/Substrate/Glints2/dict_0005_0003" 8675
"/Engine/EngineMaterials/Substrate/Glints2/dict_0005_0004" 8676
"/Engine/EngineMaterials/Substrate/Glints2/dict_0004_0254" 8677
"../../../Engine/Content/EngineMaterials/Substrate/Glints2/dict_0004_0246.uasset" 8678
"../../../Engine/Content/EngineMaterials/Substrate/Glints2/dict_0004_0249.uasset" 8679
"../../../Engine/Content/EngineMaterials/Substrate/Glints2/dict_0005_0000.uasset" 8680
"../../../Engine/Content/EngineMaterials/Substrate/Glints2/dict_0004_0243.uasset" 8681
"/Engine/EngineMaterials/Substrate/Glints2/dict_0004_0243" 8682
"../../../Engine/Content/EngineMaterials/Substrate/Glints2/dict_0004_0245.uasset" 8683
"/Engine/EngineMaterials/Substrate/Glints2/dict_0004_0246" 8684
"/Engine/EngineMaterials/Substrate/Glints2/dict_0004_0249" 8685
"/Engine/EngineMaterials/Substrate/Glints2/dict_0005_0000" 8686
"/Engine/EngineMaterials/Substrate/Glints2/dict_0004_0245" 8687
"../../../Engine/Content/EngineMaterials/Substrate/Glints2/dict_0004_0244.uasset" 8688
"../../../Engine/Content/EngineMaterials/Substrate/Glints2/dict_0004_0239.uasset" 8689
"../../../Engine/Content/EngineMaterials/Substrate/Glints2/dict_0004_0237.uasset" 8690
"../../../Engine/Content/EngineMaterials/Substrate/Glints2/dict_0004_0241.uasset" 8691
"../../../Engine/Content/EngineMaterials/Substrate/Glints2/dict_0004_0238.uasset" 8692
"../../../Engine/Content/EngineMaterials/Substrate/Glints2/dict_0004_0240.uasset" 8693
"../../../Engine/Content/EngineMaterials/Substrate/Glints2/dict_0004_0233.uasset" 8694
"../../../Engine/Content/EngineMaterials/Substrate/Glints2/dict_0004_0235.uasset" 8695
"../../../Engine/Content/EngineMaterials/Substrate/Glints2/dict_0004_0236.uasset" 8696
"../../../Engine/Content/EngineMaterials/Substrate/Glints2/dict_0004_0242.uasset" 8697
"../../../Engine/Content/EngineMaterials/Substrate/Glints2/dict_0004_0234.uasset" 8698
"../../../Engine/Content/EngineMaterials/Substrate/Glints2/dict_0004_0230.uasset" 8699
"../../../Engine/Content/EngineMaterials/Substrate/Glints2/dict_0004_0231.uasset" 8700
"../../../Engine/Content/EngineMaterials/Substrate/Glints2/dict_0004_0232.uasset" 8701
"/Engine/EngineMaterials/Substrate/Glints2/dict_0004_0244" 8702
"/Engine/EngineMaterials/Substrate/Glints2/dict_0004_0230" 8703
"/Engine/EngineMaterials/Substrate/Glints2/dict_0004_0231" 8704
"../../../Engine/Content/EngineMaterials/Substrate/Glints2/dict_0004_0226.uasset" 8705
"../../../Engine/Content/EngineMaterials/Substrate/Glints2/dict_0004_0227.uasset" 8706
"/Engine/EngineMaterials/Substrate/Glints2/dict_0004_0232" 8707
"../../../Engine/Content/EngineMaterials/Substrate/Glints2/dict_0004_0229.uasset" 8708
"../../../Engine/Content/EngineMaterials/Substrate/Glints2/dict_0004_0228.uasset" 8709
"../../../Engine/Content/EngineMaterials/Substrate/Glints2/dict_0004_0225.uasset" 8710
"/Engine/EngineMaterials/Substrate/Glints2/dict_0004_0233" 8711
"/Engine/EngineMaterials/Substrate/Glints2/dict_0004_0234" 8712
"../../../Engine/Content/EngineMaterials/Substrate/Glints2/dict_0004_0224.uasset" 8713
"../../../Engine/Content/EngineMaterials/Substrate/Glints2/dict_0004_0223.uasset" 8714
"../../../Engine/Content/EngineMaterials/Substrate/Glints2/dict_0004_0218.uasset" 8715
"../../../Engine/Content/EngineMaterials/Substrate/Glints2/dict_0004_0220.uasset" 8716
"/Engine/EngineMaterials/Substrate/Glints2/dict_0004_0235" 8717
"/Engine/EngineMaterials/Substrate/Glints2/dict_0004_0236" 8718
"/Engine/EngineMaterials/Substrate/Glints2/dict_0004_0237" 8719
"/Engine/EngineMaterials/Substrate/Glints2/dict_0004_0238" 8720
"../../../Engine/Content/EngineMaterials/Substrate/Glints2/dict_0004_0221.uasset" 8721
"/Engine/EngineMaterials/Substrate/Glints2/dict_0004_0239" 8722
"/Engine/EngineMaterials/Substrate/Glints2/dict_0004_0240" 8723
"/Engine/EngineMaterials/Substrate/Glints2/dict_0004_0241" 8724
"/Engine/EngineMaterials/Substrate/Glints2/dict_0004_0242" 8725
"/Engine/EngineMaterials/Substrate/Glints2/dict_0004_0218" 8726
"/Engine/EngineMaterials/Substrate/Glints2/dict_0004_0220" 8727
"/Engine/EngineMaterials/Substrate/Glints2/dict_0004_0221" 8728
"/Engine/EngineMaterials/Substrate/Glints2/dict_0004_0223" 8729
"../../../Engine/Content/EngineMaterials/Substrate/Glints2/dict_0004_0217.uasset" 8730
"/Engine/EngineMaterials/Substrate/Glints2/dict_0004_0224" 8731
"/Engine/EngineMaterials/Substrate/Glints2/dict_0004_0225" 8732
"/Engine/EngineMaterials/Substrate/Glints2/dict_0004_0226" 8733
"/Engine/EngineMaterials/Substrate/Glints2/dict_0004_0227" 8734
"/Engine/EngineMaterials/Substrate/Glints2/dict_0004_0228" 8735
"/Engine/EngineMaterials/Substrate/Glints2/dict_0004_0229" 8736
"../../../Engine/Content/EngineMaterials/Substrate/Glints2/dict_0004_0219.uasset" 8737
"../../../Engine/Content/EngineMaterials/Substrate/Glints2/dict_0004_0222.uasset" 8738
"/Engine/EngineMaterials/Substrate/Glints2/dict_0004_0217" 8739
"/Engine/EngineMaterials/Substrate/Glints2/dict_0004_0219" 8740
"/Engine/EngineMaterials/Substrate/Glints2/dict_0004_0222" 8741
"../../../Engine/Content/EngineMaterials/Substrate/Glints2/dict_0004_0216.uasset" 8742
"../../../Engine/Content/EngineMaterials/Substrate/Glints2/dict_0004_0215.uasset" 8743
"../../../Engine/Content/EngineMaterials/Substrate/Glints2/dict_0004_0213.uasset" 8744
"../../../Engine/Content/EngineMaterials/Substrate/Glints2/dict_0004_0212.uasset" 8745
"../../../Engine/Content/EngineMaterials/Substrate/Glints2/dict_0004_0214.uasset" 8746
"../../../Engine/Content/EngineMaterials/Substrate/Glints2/dict_0004_0208.uasset" 8747
"../../../Engine/Content/EngineMaterials/Substrate/Glints2/dict_0004_0205.uasset" 8748
"../../../Engine/Content/EngineMaterials/Substrate/Glints2/dict_0004_0210.uasset" 8749
"../../../Engine/Content/EngineMaterials/Substrate/Glints2/dict_0004_0209.uasset" 8750
"../../../Engine/Content/EngineMaterials/Substrate/Glints2/dict_0004_0207.uasset" 8751
"../../../Engine/Content/EngineMaterials/Substrate/Glints2/dict_0004_0211.uasset" 8752
"../../../Engine/Content/EngineMaterials/Substrate/Glints2/dict_0004_0203.uasset" 8753
"../../../Engine/Content/EngineMaterials/Substrate/Glints2/dict_0004_0204.uasset" 8754
"../../../Engine/Content/EngineMaterials/Substrate/Glints2/dict_0004_0198.uasset" 8755
"../../../Engine/Content/EngineMaterials/Substrate/Glints2/dict_0004_0201.uasset" 8756
"../../../Engine/Content/EngineMaterials/Substrate/Glints2/dict_0004_0200.uasset" 8757
"../../../Engine/Content/EngineMaterials/Substrate/Glints2/dict_0004_0199.uasset" 8758
"../../../Engine/Content/EngineMaterials/Substrate/Glints2/dict_0004_0202.uasset" 8759
"../../../Engine/Content/EngineMaterials/Substrate/Glints2/dict_0004_0206.uasset" 8760
"../../../Engine/Content/EngineMaterials/Substrate/Glints2/dict_0004_0197.uasset" 8761
"../../../Engine/Content/EngineMaterials/Substrate/Glints2/dict_0004_0195.uasset" 8762
"../../../Engine/Content/EngineMaterials/Substrate/Glints2/dict_0004_0196.uasset" 8763
"../../../Engine/Content/EngineMaterials/Substrate/Glints2/dict_0004_0193.uasset" 8764
"../../../Engine/Content/EngineMaterials/Substrate/Glints2/dict_0004_0194.uasset" 8765
"/Engine/EngineMaterials/Substrate/Glints2/dict_0004_0213" 8766
"/Engine/EngineMaterials/Substrate/Glints2/dict_0004_0198" 8767
"/Engine/EngineMaterials/Substrate/Glints2/dict_0004_0212" 8768
"/Engine/EngineMaterials/Substrate/Glints2/dict_0004_0214" 8769
"../../../Engine/Content/EngineMaterials/Substrate/Glints2/dict_0004_0192.uasset" 8770
"../../../Engine/Content/EngineMaterials/Substrate/Glints2/dict_0004_0189.uasset" 8771
"../../../Engine/Content/EngineMaterials/Substrate/Glints2/dict_0004_0188.uasset" 8772
"../../../Engine/Content/EngineMaterials/Substrate/Glints2/dict_0004_0190.uasset" 8773
"/Engine/EngineMaterials/Substrate/Glints2/dict_0004_0215" 8774
"/Engine/EngineMaterials/Substrate/Glints2/dict_0004_0216" 8775
"/Engine/EngineMaterials/Substrate/Glints2/dict_0004_0193" 8776
"/Engine/EngineMaterials/Substrate/Glints2/dict_0004_0194" 8777
"/Engine/EngineMaterials/Substrate/Glints2/dict_0004_0195" 8778
"/Engine/EngineMaterials/Substrate/Glints2/dict_0004_0196" 8779
"/Engine/EngineMaterials/Substrate/Glints2/dict_0004_0197" 8780
"/Engine/EngineMaterials/Substrate/Glints2/dict_0004_0199" 8781
"/Engine/EngineMaterials/Substrate/Glints2/dict_0004_0200" 8782
"/Engine/EngineMaterials/Substrate/Glints2/dict_0004_0201" 8783
"/Engine/EngineMaterials/Substrate/Glints2/dict_0004_0202" 8784
"/Engine/EngineMaterials/Substrate/Glints2/dict_0004_0203" 8785
"/Engine/EngineMaterials/Substrate/Glints2/dict_0004_0204" 8786
"/Engine/EngineMaterials/Substrate/Glints2/dict_0004_0205" 8787
"/Engine/EngineMaterials/Substrate/Glints2/dict_0004_0206" 8788
"/Engine/EngineMaterials/Substrate/Glints2/dict_0004_0207" 8789
"/Engine/EngineMaterials/Substrate/Glints2/dict_0004_0208" 8790
"/Engine/EngineMaterials/Substrate/Glints2/dict_0004_0209" 8791
"/Engine/EngineMaterials/Substrate/Glints2/dict_0004_0210" 8792
"/Engine/EngineMaterials/Substrate/Glints2/dict_0004_0211" 8793
"/Engine/EngineMaterials/Substrate/Glints2/dict_0004_0188" 8794
"/Engine/EngineMaterials/Substrate/Glints2/dict_0004_0189" 8795
"/Engine/EngineMaterials/Substrate/Glints2/dict_0004_0190" 8796
"/Engine/EngineMaterials/Substrate/Glints2/dict_0004_0192" 8797
"../../../Engine/Content/EngineMaterials/Substrate/Glints2/dict_0004_0191.uasset" 8798
"../../../Engine/Content/EngineMaterials/Substrate/Glints2/dict_0004_0185.uasset" 8799
"../../../Engine/Content/EngineMaterials/Substrate/Glints2/dict_0004_0187.uasset" 8800
"../../../Engine/Content/EngineMaterials/Substrate/Glints2/dict_0004_0186.uasset" 8801
"../../../Engine/Content/EngineMaterials/Substrate/Glints2/dict_0004_0177.uasset" 8802
"../../../Engine/Content/EngineMaterials/Substrate/Glints2/dict_0004_0179.uasset" 8803
"../../../Engine/Content/EngineMaterials/Substrate/Glints2/dict_0004_0182.uasset" 8804
"../../../Engine/Content/EngineMaterials/Substrate/Glints2/dict_0004_0183.uasset" 8805
"../../../Engine/Content/EngineMaterials/Substrate/Glints2/dict_0004_0180.uasset" 8806
"../../../Engine/Content/EngineMaterials/Substrate/Glints2/dict_0004_0178.uasset" 8807
"../../../Engine/Content/EngineMaterials/Substrate/Glints2/dict_0004_0181.uasset" 8808
"../../../Engine/Content/EngineMaterials/Substrate/Glints2/dict_0004_0184.uasset" 8809
"../../../Engine/Content/EngineMaterials/Substrate/Glints2/dict_0004_0171.uasset" 8810
"../../../Engine/Content/EngineMaterials/Substrate/Glints2/dict_0004_0176.uasset" 8811
"../../../Engine/Content/EngineMaterials/Substrate/Glints2/dict_0004_0174.uasset" 8812
"/Engine/EngineMaterials/Substrate/Glints2/dict_0004_0185" 8813
"/Engine/EngineMaterials/Substrate/Glints2/dict_0004_0186" 8814
"/Engine/EngineMaterials/Substrate/Glints2/dict_0004_0187" 8815
"/Engine/EngineMaterials/Substrate/Glints2/dict_0004_0191" 8816
"../../../Engine/Content/EngineMaterials/Substrate/Glints2/dict_0004_0172.uasset" 8817
"/Engine/EngineMaterials/Substrate/Glints2/dict_0004_0171" 8818
"../../../Engine/Content/EngineMaterials/Substrate/Glints2/dict_0004_0173.uasset" 8819
"/Engine/EngineMaterials/Substrate/Glints2/dict_0004_0174" 8820
"../../../Engine/Content/EngineMaterials/Substrate/Glints2/dict_0004_0175.uasset" 8821
"/Engine/EngineMaterials/Substrate/Glints2/dict_0004_0176" 8822
"/Engine/EngineMaterials/Substrate/Glints2/dict_0004_0177" 8823
"/Engine/EngineMaterials/Substrate/Glints2/dict_0004_0178" 8824
"/Engine/EngineMaterials/Substrate/Glints2/dict_0004_0179" 8825
"/Engine/EngineMaterials/Substrate/Glints2/dict_0004_0180" 8826
"../../../Engine/Content/EngineMaterials/Substrate/Glints2/dict_0004_0162.uasset" 8827
"../../../Engine/Content/EngineMaterials/Substrate/Glints2/dict_0004_0169.uasset" 8828
"../../../Engine/Content/EngineMaterials/Substrate/Glints2/dict_0004_0165.uasset" 8829
"../../../Engine/Content/EngineMaterials/Substrate/Glints2/dict_0004_0166.uasset" 8830
"../../../Engine/Content/EngineMaterials/Substrate/Glints2/dict_0004_0167.uasset" 8831
"../../../Engine/Content/EngineMaterials/Substrate/Glints2/dict_0004_0163.uasset" 8832
"../../../Engine/Content/EngineMaterials/Substrate/Glints2/dict_0004_0168.uasset" 8833
"../../../Engine/Content/EngineMaterials/Substrate/Glints2/dict_0004_0164.uasset" 8834
"/Engine/EngineMaterials/Substrate/Glints2/dict_0004_0181" 8835
"/Engine/EngineMaterials/Substrate/Glints2/dict_0004_0182" 8836
"/Engine/EngineMaterials/Substrate/Glints2/dict_0004_0183" 8837
"/Engine/EngineMaterials/Substrate/Glints2/dict_0004_0184" 8838
"/Engine/EngineMaterials/Substrate/Glints2/dict_0004_0162" 8839
"/Engine/EngineMaterials/Substrate/Glints2/dict_0004_0163" 8840
"/Engine/EngineMaterials/Substrate/Glints2/dict_0004_0164" 8841
"/Engine/EngineMaterials/Substrate/Glints2/dict_0004_0165" 8842
"../../../Engine/Content/EngineMaterials/Substrate/Glints2/dict_0004_0170.uasset" 8843
"/Engine/EngineMaterials/Substrate/Glints2/dict_0004_0166" 8844
"/Engine/EngineMaterials/Substrate/Glints2/dict_0004_0167" 8845
"/Engine/EngineMaterials/Substrate/Glints2/dict_0004_0168" 8846
"/Engine/EngineMaterials/Substrate/Glints2/dict_0004_0169" 8847
"/Engine/EngineMaterials/Substrate/Glints2/dict_0004_0172" 8848
"/Engine/EngineMaterials/Substrate/Glints2/dict_0004_0173" 8849
"/Engine/EngineMaterials/Substrate/Glints2/dict_0004_0175" 8850
"/Engine/EngineMaterials/Substrate/Glints2/dict_0004_0170" 8851
"../../../Engine/Content/EngineMaterials/Substrate/Glints2/dict_0004_0161.uasset" 8852
"../../../Engine/Content/EngineMaterials/Substrate/Glints2/dict_0004_0157.uasset" 8853
"../../../Engine/Content/EngineMaterials/Substrate/Glints2/dict_0004_0159.uasset" 8854
"../../../Engine/Content/EngineMaterials/Substrate/Glints2/dict_0004_0158.uasset" 8855
"../../../Engine/Content/EngineMaterials/Substrate/Glints2/dict_0004_0160.uasset" 8856
"../../../Engine/Content/EngineMaterials/Substrate/Glints2/dict_0004_0153.uasset" 8857
"../../../Engine/Content/EngineMaterials/Substrate/Glints2/dict_0004_0154.uasset" 8858
"../../../Engine/Content/EngineMaterials/Substrate/Glints2/dict_0004_0151.uasset" 8859
"../../../Engine/Content/EngineMaterials/Substrate/Glints2/dict_0004_0156.uasset" 8860
"../../../Engine/Content/EngineMaterials/Substrate/Glints2/dict_0004_0155.uasset" 8861
"../../../Engine/Content/EngineMaterials/Substrate/Glints2/dict_0004_0150.uasset" 8862
"../../../Engine/Content/EngineMaterials/Substrate/Glints2/dict_0004_0152.uasset" 8863
"../../../Engine/Content/EngineMaterials/Substrate/Glints2/dict_0004_0146.uasset" 8864
"../../../Engine/Content/EngineMaterials/Substrate/Glints2/dict_0004_0147.uasset" 8865
"../../../Engine/Content/EngineMaterials/Substrate/Glints2/dict_0004_0148.uasset" 8866
"../../../Engine/Content/EngineMaterials/Substrate/Glints2/dict_0004_0149.uasset" 8867
"/Engine/EngineMaterials/Substrate/Glints2/dict_0004_0161" 8868
"../../../Engine/Content/EngineMaterials/Substrate/Glints2/dict_0004_0145.uasset" 8869
"/Engine/EngineMaterials/Substrate/Glints2/dict_0004_0157" 8870
"../../../Engine/Content/EngineMaterials/Substrate/Glints2/dict_0004_0143.uasset" 8871
"/Engine/EngineMaterials/Substrate/Glints2/dict_0004_0158" 8872
"/Engine/EngineMaterials/Substrate/Glints2/dict_0004_0159" 8873
"/Engine/EngineMaterials/Substrate/Glints2/dict_0004_0160" 8874
"/Engine/EngineMaterials/Substrate/Glints2/dict_0004_0146" 8875
"../../../Engine/Content/EngineMaterials/Substrate/Glints2/dict_0004_0142.uasset" 8876
"../../../Engine/Content/EngineMaterials/Substrate/Glints2/dict_0004_0144.uasset" 8877
"../../../Engine/Content/EngineMaterials/Substrate/Glints2/dict_0004_0141.uasset" 8878
"../../../Engine/Content/EngineMaterials/Substrate/Glints2/dict_0004_0140.uasset" 8879
"/Engine/EngineMaterials/Substrate/Glints2/dict_0004_0147" 8880
"/Engine/EngineMaterials/Substrate/Glints2/dict_0004_0148" 8881
"/Engine/EngineMaterials/Substrate/Glints2/dict_0004_0149" 8882
"/Engine/EngineMaterials/Substrate/Glints2/dict_0004_0150" 8883
"/Engine/EngineMaterials/Substrate/Glints2/dict_0004_0151" 8884
"/Engine/EngineMaterials/Substrate/Glints2/dict_0004_0152" 8885
"/Engine/EngineMaterials/Substrate/Glints2/dict_0004_0153" 8886
"../../../Engine/Content/EngineMaterials/Substrate/Glints2/dict_0004_0139.uasset" 8887
"../../../Engine/Content/EngineMaterials/Substrate/Glints2/dict_0004_0138.uasset" 8888
"../../../Engine/Content/EngineMaterials/Substrate/Glints2/dict_0004_0137.uasset" 8889
"/Engine/EngineMaterials/Substrate/Glints2/dict_0004_0154" 8890
"../../../Engine/Content/EngineMaterials/Substrate/Glints2/dict_0004_0136.uasset" 8891
"/Engine/EngineMaterials/Substrate/Glints2/dict_0004_0155" 8892
"/Engine/EngineMaterials/Substrate/Glints2/dict_0004_0156" 8893
"/Engine/EngineMaterials/Substrate/Glints2/dict_0004_0142" 8894
"/Engine/EngineMaterials/Substrate/Glints2/dict_0004_0143" 8895
"/Engine/EngineMaterials/Substrate/Glints2/dict_0004_0144" 8896
"/Engine/EngineMaterials/Substrate/Glints2/dict_0004_0145" 8897
"/Engine/EngineMaterials/Substrate/Glints2/dict_0004_0136" 8898
"/Engine/EngineMaterials/Substrate/Glints2/dict_0004_0137" 8899
"/Engine/EngineMaterials/Substrate/Glints2/dict_0004_0138" 8900
"/Engine/EngineMaterials/Substrate/Glints2/dict_0004_0139" 8901
"/Engine/EngineMaterials/Substrate/Glints2/dict_0004_0140" 8902
"/Engine/EngineMaterials/Substrate/Glints2/dict_0004_0141" 8903
"../../../Engine/Content/EngineMaterials/Substrate/Glints2/dict_0004_0135.uasset" 8904
"../../../Engine/Content/EngineMaterials/Substrate/Glints2/dict_0004_0130.uasset" 8905
"../../../Engine/Content/EngineMaterials/Substrate/Glints2/dict_0004_0134.uasset" 8906
"../../../Engine/Content/EngineMaterials/Substrate/Glints2/dict_0004_0133.uasset" 8907
"../../../Engine/Content/EngineMaterials/Substrate/Glints2/dict_0004_0125.uasset" 8908
"../../../Engine/Content/EngineMaterials/Substrate/Glints2/dict_0004_0129.uasset" 8909
"../../../Engine/Content/EngineMaterials/Substrate/Glints2/dict_0004_0123.uasset" 8910
"../../../Engine/Content/EngineMaterials/Substrate/Glints2/dict_0004_0126.uasset" 8911
"../../../Engine/Content/EngineMaterials/Substrate/Glints2/dict_0004_0132.uasset" 8912
"../../../Engine/Content/EngineMaterials/Substrate/Glints2/dict_0004_0128.uasset" 8913
"../../../Engine/Content/EngineMaterials/Substrate/Glints2/dict_0004_0131.uasset" 8914
"../../../Engine/Content/EngineMaterials/Substrate/Glints2/dict_0004_0122.uasset" 8915
"../../../Engine/Content/EngineMaterials/Substrate/Glints2/dict_0004_0124.uasset" 8916
"../../../Engine/Content/EngineMaterials/Substrate/Glints2/dict_0004_0120.uasset" 8917
"../../../Engine/Content/EngineMaterials/Substrate/Glints2/dict_0004_0121.uasset" 8918
"../../../Engine/Content/EngineMaterials/Substrate/Glints2/dict_0004_0127.uasset" 8919
"/Engine/EngineMaterials/Substrate/Glints2/dict_0004_0131" 8920
"/Engine/EngineMaterials/Substrate/Glints2/dict_0004_0132" 8921
"/Engine/EngineMaterials/Substrate/Glints2/dict_0004_0133" 8922
"/Engine/EngineMaterials/Substrate/Glints2/dict_0004_0134" 8923
"/Engine/EngineMaterials/Substrate/Glints2/dict_0004_0135" 8924
"../../../Engine/Content/EngineMaterials/Substrate/Glints2/dict_0004_0110.uasset" 8925
"../../../Engine/Content/EngineMaterials/Substrate/Glints2/dict_0004_0114.uasset" 8926
"../../../Engine/Content/EngineMaterials/Substrate/Glints2/dict_0004_0113.uasset" 8927
"../../../Engine/Content/EngineMaterials/Substrate/Glints2/dict_0004_0115.uasset" 8928
"../../../Engine/Content/EngineMaterials/Substrate/Glints2/dict_0004_0109.uasset" 8929
"../../../Engine/Content/EngineMaterials/Substrate/Glints2/dict_0004_0112.uasset" 8930
"../../../Engine/Content/EngineMaterials/Substrate/Glints2/dict_0004_0116.uasset" 8931
"../../../Engine/Content/EngineMaterials/Substrate/Glints2/dict_0004_0117.uasset" 8932
"/Engine/EngineMaterials/Substrate/Glints2/dict_0004_0130" 8933
"/Engine/EngineMaterials/Substrate/Glints2/dict_0004_0120" 8934
"/Engine/EngineMaterials/Substrate/Glints2/dict_0004_0121" 8935
"/Engine/EngineMaterials/Substrate/Glints2/dict_0004_0122" 8936
"/Engine/EngineMaterials/Substrate/Glints2/dict_0004_0123" 8937
"/Engine/EngineMaterials/Substrate/Glints2/dict_0004_0124" 8938
"/Engine/EngineMaterials/Substrate/Glints2/dict_0004_0125" 8939
"/Engine/EngineMaterials/Substrate/Glints2/dict_0004_0126" 8940
"/Engine/EngineMaterials/Substrate/Glints2/dict_0004_0127" 8941
"/Engine/EngineMaterials/Substrate/Glints2/dict_0004_0128" 8942
"/Engine/EngineMaterials/Substrate/Glints2/dict_0004_0129" 8943
"/Engine/EngineMaterials/Substrate/Glints2/dict_0004_0114" 8944
"/Engine/EngineMaterials/Substrate/Glints2/dict_0004_0115" 8945
"/Engine/EngineMaterials/Substrate/Glints2/dict_0004_0116" 8946
"/Engine/EngineMaterials/Substrate/Glints2/dict_0004_0117" 8947
"/Engine/EngineMaterials/Substrate/Glints2/dict_0004_0109" 8948
"../../../Engine/Content/EngineMaterials/Substrate/Glints2/dict_0004_0108.uasset" 8949
"/Engine/EngineMaterials/Substrate/Glints2/dict_0004_0110" 8950
"/Engine/EngineMaterials/Substrate/Glints2/dict_0004_0112" 8951
"/Engine/EngineMaterials/Substrate/Glints2/dict_0004_0113" 8952
"/Engine/EngineMaterials/Substrate/Glints2/dict_0004_0108" 8953
"../../../Engine/Content/EngineMaterials/Substrate/Glints2/dict_0004_0119.uasset" 8954
"../../../Engine/Content/EngineMaterials/Substrate/Glints2/dict_0004_0118.uasset" 8955
"../../../Engine/Content/EngineMaterials/Substrate/Glints2/dict_0004_0107.uasset" 8956
"../../../Engine/Content/EngineMaterials/Substrate/Glints2/dict_0004_0104.uasset" 8957
"../../../Engine/Content/EngineMaterials/Substrate/Glints2/dict_0004_0101.uasset" 8958
"../../../Engine/Content/EngineMaterials/Substrate/Glints2/dict_0004_0102.uasset" 8959
"../../../Engine/Content/EngineMaterials/Substrate/Glints2/dict_0004_0099.uasset" 8960
"../../../Engine/Content/EngineMaterials/Substrate/Glints2/dict_0004_0106.uasset" 8961
"../../../Engine/Content/EngineMaterials/Substrate/Glints2/dict_0004_0097.uasset" 8962
"../../../Engine/Content/EngineMaterials/Substrate/Glints2/dict_0004_0100.uasset" 8963
"../../../Engine/Content/EngineMaterials/Substrate/Glints2/dict_0004_0103.uasset" 8964
"../../../Engine/Content/EngineMaterials/Substrate/Glints2/dict_0004_0098.uasset" 8965
"../../../Engine/Content/EngineMaterials/Substrate/Glints2/dict_0004_0105.uasset" 8966
"../../../Engine/Content/EngineMaterials/Substrate/Glints2/dict_0004_0094.uasset" 8967
"/Engine/EngineMaterials/Substrate/Glints2/dict_0004_0104" 8968
"../../../Engine/Content/EngineMaterials/Substrate/Glints2/dict_0004_0088.uasset" 8969
"../../../Engine/Content/EngineMaterials/Substrate/Glints2/dict_0004_0085.uasset" 8970
"../../../Engine/Content/EngineMaterials/Substrate/Glints2/dict_0004_0087.uasset" 8971
"../../../Engine/Content/EngineMaterials/Substrate/Glints2/dict_0004_0090.uasset" 8972
"../../../Engine/Content/EngineMaterials/Substrate/Glints2/dict_0004_0093.uasset" 8973
"../../../Engine/Content/EngineMaterials/Substrate/Glints2/dict_0004_0091.uasset" 8974
"../../../Engine/Content/EngineMaterials/Substrate/Glints2/dict_0004_0111.uasset" 8975
"../../../Engine/Content/EngineMaterials/Substrate/Glints2/dict_0004_0089.uasset" 8976
"../../../Engine/Content/EngineMaterials/Substrate/Glints2/dict_0004_0095.uasset" 8977
"../../../Engine/Content/EngineMaterials/Substrate/Glints2/dict_0004_0096.uasset" 8978
"/Engine/EngineMaterials/Substrate/Glints2/dict_0004_0105" 8979
"/Engine/EngineMaterials/Substrate/Glints2/dict_0004_0106" 8980
"/Engine/EngineMaterials/Substrate/Glints2/dict_0004_0107" 8981
"/Engine/EngineMaterials/Substrate/Glints2/dict_0004_0118" 8982
"../../../Engine/Content/EngineMaterials/Substrate/Glints2/dict_0004_0086.uasset" 8983
"../../../Engine/Content/EngineMaterials/Substrate/Glints2/dict_0004_0092.uasset" 8984
"/Engine/EngineMaterials/Substrate/Glints2/dict_0004_0119" 8985
"/Engine/EngineMaterials/Substrate/Glints2/dict_0004_0094" 8986
"/Engine/EngineMaterials/Substrate/Glints2/dict_0004_0097" 8987
"/Engine/EngineMaterials/Substrate/Glints2/dict_0004_0098" 8988
"/Engine/EngineMaterials/Substrate/Glints2/dict_0004_0099" 8989
"/Engine/EngineMaterials/Substrate/Glints2/dict_0004_0100" 8990
"/Engine/EngineMaterials/Substrate/Glints2/dict_0004_0101" 8991
"/Engine/EngineMaterials/Substrate/Glints2/dict_0004_0102" 8992
"/Engine/EngineMaterials/Substrate/Glints2/dict_0004_0103" 8993
"/Engine/EngineMaterials/Substrate/Glints2/dict_0004_0088" 8994
"/Engine/EngineMaterials/Substrate/Glints2/dict_0004_0089" 8995
"/Engine/EngineMaterials/Substrate/Glints2/dict_0004_0090" 8996
"/Engine/EngineMaterials/Substrate/Glints2/dict_0004_0091" 8997
"/Engine/EngineMaterials/Substrate/Glints2/dict_0004_0092" 8998
"../../../Engine/Content/EngineMaterials/Substrate/Glints2/dict_0004_0084.uasset" 8999
"/Engine/EngineMaterials/Substrate/Glints2/dict_0004_0085" 9000
"/Engine/EngineMaterials/Substrate/Glints2/dict_0004_0093" 9001
"/Engine/EngineMaterials/Substrate/Glints2/dict_0004_0111" 9002
"/Engine/EngineMaterials/Substrate/Glints2/dict_0004_0086" 9003
"/Engine/EngineMaterials/Substrate/Glints2/dict_0004_0087" 9004
"../../../Engine/Content/EngineMaterials/Substrate/Glints2/dict_0004_0080.uasset" 9005
"../../../Engine/Content/EngineMaterials/Substrate/Glints2/dict_0004_0083.uasset" 9006
"/Engine/EngineMaterials/Substrate/Glints2/dict_0004_0095" 9007
"../../../Engine/Content/EngineMaterials/Substrate/Glints2/dict_0004_0079.uasset" 9008
"/Engine/EngineMaterials/Substrate/Glints2/dict_0004_0096" 9009
"/Engine/EngineMaterials/Substrate/Glints2/dict_0004_0080" 9010
"/Engine/EngineMaterials/Substrate/Glints2/dict_0004_0083" 9011
"/Engine/EngineMaterials/Substrate/Glints2/dict_0004_0079" 9012
"/Engine/EngineMaterials/Substrate/Glints2/dict_0004_0084" 9013
"../../../Engine/Content/EngineMaterials/Substrate/Glints2/dict_0004_0082.uasset" 9014
"../../../Engine/Content/EngineMaterials/Substrate/Glints2/dict_0004_0081.uasset" 9015
"../../../Engine/Content/EngineMaterials/Substrate/Glints2/dict_0004_0078.uasset" 9016
"../../../Engine/Content/EngineMaterials/Substrate/Glints2/dict_0004_0072.uasset" 9017
"../../../Engine/Content/EngineMaterials/Substrate/Glints2/dict_0004_0076.uasset" 9018
"../../../Engine/Content/EngineMaterials/Substrate/Glints2/dict_0004_0071.uasset" 9019
"../../../Engine/Content/EngineMaterials/Substrate/Glints2/dict_0004_0075.uasset" 9020
"../../../Engine/Content/EngineMaterials/Substrate/Glints2/dict_0004_0070.uasset" 9021
"../../../Engine/Content/EngineMaterials/Substrate/Glints2/dict_0004_0074.uasset" 9022
"../../../Engine/Content/EngineMaterials/Substrate/Glints2/dict_0004_0077.uasset" 9023
"../../../Engine/Content/EngineMaterials/Substrate/Glints2/dict_0004_0069.uasset" 9024
"../../../Engine/Content/EngineMaterials/Substrate/Glints2/dict_0004_0068.uasset" 9025
"../../../Engine/Content/EngineMaterials/Substrate/Glints2/dict_0004_0067.uasset" 9026
"../../../Engine/Content/EngineMaterials/Substrate/Glints2/dict_0004_0073.uasset" 9027
"../../../Engine/Content/EngineMaterials/Substrate/Glints2/dict_0004_0066.uasset" 9028
"../../../Engine/Content/EngineMaterials/Substrate/Glints2/dict_0004_0062.uasset" 9029
"../../../Engine/Content/EngineMaterials/Substrate/Glints2/dict_0004_0061.uasset" 9030
"../../../Engine/Content/EngineMaterials/Substrate/Glints2/dict_0004_0063.uasset" 9031
"../../../Engine/Content/EngineMaterials/Substrate/Glints2/dict_0004_0059.uasset" 9032
"/Engine/EngineMaterials/Substrate/Glints2/dict_0004_0081" 9033
"../../../Engine/Content/EngineMaterials/Substrate/Glints2/dict_0004_0065.uasset" 9034
"../../../Engine/Content/EngineMaterials/Substrate/Glints2/dict_0004_0064.uasset" 9035
"../../../Engine/Content/EngineMaterials/Substrate/Glints2/dict_0004_0058.uasset" 9036
"../../../Engine/Content/EngineMaterials/Substrate/Glints2/dict_0004_0060.uasset" 9037
"/Engine/EngineMaterials/Substrate/Glints2/dict_0004_0066" 9038
"/Engine/EngineMaterials/Substrate/Glints2/dict_0004_0082" 9039
"/Engine/EngineMaterials/Substrate/Glints2/dict_0004_0067" 9040
"/Engine/EngineMaterials/Substrate/Glints2/dict_0004_0068" 9041
"/Engine/EngineMaterials/Substrate/Glints2/dict_0004_0069" 9042
"/Engine/EngineMaterials/Substrate/Glints2/dict_0004_0059" 9043
"/Engine/EngineMaterials/Substrate/Glints2/dict_0004_0070" 9044
"/Engine/EngineMaterials/Substrate/Glints2/dict_0004_0061" 9045
"/Engine/EngineMaterials/Substrate/Glints2/dict_0004_0071" 9046
"../../../Engine/Content/EngineMaterials/Substrate/Glints2/dict_0004_0057.uasset" 9047
"../../../Engine/Content/EngineMaterials/Substrate/Glints2/dict_0004_0054.uasset" 9048
"../../../Engine/Content/EngineMaterials/Substrate/Glints2/dict_0004_0055.uasset" 9049
"/Engine/EngineMaterials/Substrate/Glints2/dict_0004_0062" 9050
"/Engine/EngineMaterials/Substrate/Glints2/dict_0004_0063" 9051
"/Engine/EngineMaterials/Substrate/Glints2/dict_0004_0072" 9052
"/Engine/EngineMaterials/Substrate/Glints2/dict_0004_0073" 9053
"/Engine/EngineMaterials/Substrate/Glints2/dict_0004_0074" 9054
"/Engine/EngineMaterials/Substrate/Glints2/dict_0004_0075" 9055
"/Engine/EngineMaterials/Substrate/Glints2/dict_0004_0076" 9056
"/Engine/EngineMaterials/Substrate/Glints2/dict_0004_0077" 9057
"/Engine/EngineMaterials/Substrate/Glints2/dict_0004_0078" 9058
"/Engine/EngineMaterials/Substrate/Glints2/dict_0004_0054" 9059
"/Engine/EngineMaterials/Substrate/Glints2/dict_0004_0055" 9060
"/Engine/EngineMaterials/Substrate/Glints2/dict_0004_0065" 9061
"/Engine/EngineMaterials/Substrate/Glints2/dict_0004_0057" 9062
"/Engine/EngineMaterials/Substrate/Glints2/dict_0004_0058" 9063
"/Engine/EngineMaterials/Substrate/Glints2/dict_0004_0060" 9064
"../../../Engine/Content/EngineMaterials/Substrate/Glints2/dict_0004_0051.uasset" 9065
"../../../Engine/Content/EngineMaterials/Substrate/Glints2/dict_0004_0050.uasset" 9066
"/Engine/EngineMaterials/Substrate/Glints2/dict_0004_0064" 9067
"../../../Engine/Content/EngineMaterials/Substrate/Glints2/dict_0004_0053.uasset" 9068
"../../../Engine/Content/EngineMaterials/Substrate/Glints2/dict_0004_0056.uasset" 9069
"/Engine/EngineMaterials/Substrate/Glints2/dict_0004_0053" 9070
"../../../Engine/Content/EngineMaterials/Substrate/Glints2/dict_0004_0052.uasset" 9071
"../../../Engine/Content/EngineMaterials/Substrate/Glints2/dict_0004_0049.uasset" 9072
"/Engine/EngineMaterials/Substrate/Glints2/dict_0004_0050" 9073
"/Engine/EngineMaterials/Substrate/Glints2/dict_0004_0051" 9074
"/Engine/EngineMaterials/Substrate/Glints2/dict_0004_0049" 9075
"/Engine/EngineMaterials/Substrate/Glints2/dict_0004_0056" 9076
"/Engine/EngineMaterials/Substrate/Glints2/dict_0004_0052" 9077
"../../../Engine/Content/EngineMaterials/Substrate/Glints2/dict_0004_0044.uasset" 9078
"../../../Engine/Content/EngineMaterials/Substrate/Glints2/dict_0004_0043.uasset" 9079
"../../../Engine/Content/EngineMaterials/Substrate/Glints2/dict_0004_0046.uasset" 9080
"../../../Engine/Content/EngineMaterials/Substrate/Glints2/dict_0004_0045.uasset" 9081
"../../../Engine/Content/EngineMaterials/Substrate/Glints2/dict_0004_0035.uasset" 9082
"../../../Engine/Content/EngineMaterials/Substrate/Glints2/dict_0004_0047.uasset" 9083
"../../../Engine/Content/EngineMaterials/Substrate/Glints2/dict_0004_0048.uasset" 9084
"../../../Engine/Content/EngineMaterials/Substrate/Glints2/dict_0004_0038.uasset" 9085
"../../../Engine/Content/EngineMaterials/Substrate/Glints2/dict_0004_0037.uasset" 9086
"../../../Engine/Content/EngineMaterials/Substrate/Glints2/dict_0004_0041.uasset" 9087
"../../../Engine/Content/EngineMaterials/Substrate/Glints2/dict_0004_0042.uasset" 9088
"../../../Engine/Content/EngineMaterials/Substrate/Glints2/dict_0004_0040.uasset" 9089
"../../../Engine/Content/EngineMaterials/Substrate/Glints2/dict_0004_0033.uasset" 9090
"../../../Engine/Content/EngineMaterials/Substrate/Glints2/dict_0004_0030.uasset" 9091
"../../../Engine/Content/EngineMaterials/Substrate/Glints2/dict_0004_0034.uasset" 9092
"../../../Engine/Content/EngineMaterials/Substrate/Glints2/dict_0004_0039.uasset" 9093
"../../../Engine/Content/EngineMaterials/Substrate/Glints2/dict_0004_0031.uasset" 9094
"../../../Engine/Content/EngineMaterials/Substrate/Glints2/dict_0004_0032.uasset" 9095
"/Engine/EngineMaterials/Substrate/Glints2/dict_0004_0030" 9096
"/Engine/EngineMaterials/Substrate/Glints2/dict_0004_0031" 9097
"/Engine/EngineMaterials/Substrate/Glints2/dict_0004_0032" 9098
"/Engine/EngineMaterials/Substrate/Glints2/dict_0004_0033" 9099
"/Engine/EngineMaterials/Substrate/Glints2/dict_0004_0034" 9100
"/Engine/EngineMaterials/Substrate/Glints2/dict_0004_0035" 9101
"/Engine/EngineMaterials/Substrate/Glints2/dict_0004_0037" 9102
"../../../Engine/Content/EngineMaterials/Substrate/Glints2/dict_0004_0028.uasset" 9103
"/Engine/EngineMaterials/Substrate/Glints2/dict_0004_0038" 9104
"/Engine/EngineMaterials/Substrate/Glints2/dict_0004_0039" 9105
"../../../Engine/Content/EngineMaterials/Substrate/Glints2/dict_0004_0026.uasset" 9106
"/Engine/EngineMaterials/Substrate/Glints2/dict_0004_0040" 9107
"/Engine/EngineMaterials/Substrate/Glints2/dict_0004_0041" 9108
"/Engine/EngineMaterials/Substrate/Glints2/dict_0004_0042" 9109
"/Engine/EngineMaterials/Substrate/Glints2/dict_0004_0043" 9110
"/Engine/EngineMaterials/Substrate/Glints2/dict_0004_0044" 9111
"/Engine/EngineMaterials/Substrate/Glints2/dict_0004_0045" 9112
"/Engine/EngineMaterials/Substrate/Glints2/dict_0004_0046" 9113
"/Engine/EngineMaterials/Substrate/Glints2/dict_0004_0047" 9114
"../../../Engine/Content/EngineMaterials/Substrate/Glints2/dict_0004_0018.uasset" 9115
"../../../Engine/Content/EngineMaterials/Substrate/Glints2/dict_0004_0023.uasset" 9116
"../../../Engine/Content/EngineMaterials/Substrate/Glints2/dict_0004_0022.uasset" 9117
"../../../Engine/Content/EngineMaterials/Substrate/Glints2/dict_0004_0020.uasset" 9118
"../../../Engine/Content/EngineMaterials/Substrate/Glints2/dict_0004_0017.uasset" 9119
"../../../Engine/Content/EngineMaterials/Substrate/Glints2/dict_0004_0019.uasset" 9120
"/Engine/EngineMaterials/Substrate/Glints2/dict_0004_0048" 9121
"../../../Engine/Content/EngineMaterials/Substrate/Glints2/dict_0004_0025.uasset" 9122
"/Engine/EngineMaterials/Substrate/Glints2/dict_0004_0017" 9123
"/Engine/EngineMaterials/Substrate/Glints2/dict_0004_0020" 9124
"/Engine/EngineMaterials/Substrate/Glints2/dict_0004_0023" 9125
"/Engine/EngineMaterials/Substrate/Glints2/dict_0004_0025" 9126
"/Engine/EngineMaterials/Substrate/Glints2/dict_0004_0018" 9127
"/Engine/EngineMaterials/Substrate/Glints2/dict_0004_0026" 9128
"/Engine/EngineMaterials/Substrate/Glints2/dict_0004_0022" 9129
"/Engine/EngineMaterials/Substrate/Glints2/dict_0004_0019" 9130
"/Engine/EngineMaterials/Substrate/Glints2/dict_0004_0028" 9131
"../../../Engine/Content/EngineMaterials/Substrate/Glints2/dict_0004_0029.uasset" 9132
"../../../Engine/Content/EngineMaterials/Substrate/Glints2/dict_0004_0021.uasset" 9133
"../../../Engine/Content/EngineMaterials/Substrate/Glints2/dict_0004_0027.uasset" 9134
"../../../Engine/Content/EngineMaterials/Substrate/Glints2/dict_0004_0024.uasset" 9135
"../../../Engine/Content/EngineMaterials/Substrate/Glints2/dict_0004_0010.uasset" 9136
"../../../Engine/Content/EngineMaterials/Substrate/Glints2/dict_0004_0014.uasset" 9137
"../../../Engine/Content/EngineMaterials/Substrate/Glints2/dict_0004_0011.uasset" 9138
"../../../Engine/Content/EngineMaterials/Substrate/Glints2/dict_0004_0016.uasset" 9139
"../../../Engine/Content/EngineMaterials/Substrate/Glints2/dict_0004_0009.uasset" 9140
"../../../Engine/Content/EngineMaterials/Substrate/Glints2/dict_0004_0036.uasset" 9141
"../../../Engine/Content/EngineMaterials/Substrate/Glints2/dict_0004_0013.uasset" 9142
"../../../Engine/Content/EngineMaterials/Substrate/Glints2/dict_0004_0015.uasset" 9143
"../../../Engine/Content/EngineMaterials/Substrate/Glints2/dict_0004_0007.uasset" 9144
"../../../Engine/Content/EngineMaterials/Substrate/Glints2/dict_0004_0012.uasset" 9145
"../../../Engine/Content/EngineMaterials/Substrate/Glints2/dict_0004_0006.uasset" 9146
"../../../Engine/Content/EngineMaterials/Substrate/Glints2/dict_0004_0008.uasset" 9147
"/Engine/EngineMaterials/Substrate/Glints2/dict_0004_0024" 9148
"/Engine/EngineMaterials/Substrate/Glints2/dict_0004_0021" 9149
"/Engine/EngineMaterials/Substrate/Glints2/dict_0004_0027" 9150
"/Engine/EngineMaterials/Substrate/Glints2/dict_0004_0036" 9151
"/Engine/EngineMaterials/Substrate/Glints2/dict_0004_0006" 9152
"../../../Engine/Content/EngineMaterials/Substrate/Glints2/dict_0004_0002.uasset" 9153
"../../../Engine/Content/EngineMaterials/Substrate/Glints2/dict_0004_0001.uasset" 9154
"../../../Engine/Content/EngineMaterials/Substrate/Glints2/dict_0004_0004.uasset" 9155
"../../../Engine/Content/EngineMaterials/Substrate/Glints2/dict_0003_0253.uasset" 9156
"../../../Engine/Content/EngineMaterials/Substrate/Glints2/dict_0003_0252.uasset" 9157
"../../../Engine/Content/EngineMaterials/Substrate/Glints2/dict_0003_0254.uasset" 9158
"../../../Engine/Content/EngineMaterials/Substrate/Glints2/dict_0004_0003.uasset" 9159
"/Engine/EngineMaterials/Substrate/Glints2/dict_0004_0007" 9160
"/Engine/EngineMaterials/Substrate/Glints2/dict_0004_0009" 9161
"/Engine/EngineMaterials/Substrate/Glints2/dict_0004_0029" 9162
"/Engine/EngineMaterials/Substrate/Glints2/dict_0004_0010" 9163
"/Engine/EngineMaterials/Substrate/Glints2/dict_0004_0011" 9164
"/Engine/EngineMaterials/Substrate/Glints2/dict_0004_0012" 9165
"/Engine/EngineMaterials/Substrate/Glints2/dict_0004_0013" 9166
"/Engine/EngineMaterials/Substrate/Glints2/dict_0004_0014" 9167
"/Engine/EngineMaterials/Substrate/Glints2/dict_0004_0015" 9168
"/Engine/EngineMaterials/Substrate/Glints2/dict_0004_0016" 9169
"/Engine/EngineMaterials/Substrate/Glints2/dict_0004_0001" 9170
"/Engine/EngineMaterials/Substrate/Glints2/dict_0004_0002" 9171
"../../../Engine/Content/EngineMaterials/Substrate/Glints2/dict_0003_0255.uasset" 9172
"../../../Engine/Content/EngineMaterials/Substrate/Glints2/dict_0003_0250.uasset" 9173
"../../../Engine/Content/EngineMaterials/Substrate/Glints2/dict_0003_0249.uasset" 9174
"/Engine/EngineMaterials/Substrate/Glints2/dict_0004_0003" 9175
"../../../Engine/Content/EngineMaterials/Substrate/Glints2/dict_0003_0248.uasset" 9176
"../../../Engine/Content/EngineMaterials/Substrate/Glints2/dict_0004_0005.uasset" 9177
"../../../Engine/Content/EngineMaterials/Substrate/Glints2/dict_0004_0000.uasset" 9178
"/Engine/EngineMaterials/Substrate/Glints2/dict_0004_0004" 9179
"/Engine/EngineMaterials/Substrate/Glints2/dict_0003_0252" 9180
"/Engine/EngineMaterials/Substrate/Glints2/dict_0003_0253" 9181
"/Engine/EngineMaterials/Substrate/Glints2/dict_0003_0254" 9182
"/Engine/EngineMaterials/Substrate/Glints2/dict_0004_0008" 9183
"/Engine/EngineMaterials/Substrate/Glints2/dict_0003_0248" 9184
"/Engine/EngineMaterials/Substrate/Glints2/dict_0003_0249" 9185
"/Engine/EngineMaterials/Substrate/Glints2/dict_0003_0255" 9186
"/Engine/EngineMaterials/Substrate/Glints2/dict_0003_0250" 9187
"/Engine/EngineMaterials/Substrate/Glints2/dict_0004_0000" 9188
"../../../Engine/Content/EngineMaterials/Substrate/Glints2/dict_0003_0251.uasset" 9189
"/Engine/EngineMaterials/Substrate/Glints2/dict_0004_0005" 9190
"/Engine/EngineMaterials/Substrate/Glints2/dict_0003_0251" 9191
"../../../Engine/Content/EngineMaterials/Substrate/Glints2/dict_0003_0246.uasset" 9192
"../../../Engine/Content/EngineMaterials/Substrate/Glints2/dict_0003_0247.uasset" 9193
"../../../Engine/Content/EngineMaterials/Substrate/Glints2/dict_0003_0241.uasset" 9194
"../../../Engine/Content/EngineMaterials/Substrate/Glints2/dict_0003_0244.uasset" 9195
"../../../Engine/Content/EngineMaterials/Substrate/Glints2/dict_0003_0239.uasset" 9196
"../../../Engine/Content/EngineMaterials/Substrate/Glints2/dict_0003_0235.uasset" 9197
"../../../Engine/Content/EngineMaterials/Substrate/Glints2/dict_0003_0243.uasset" 9198
"../../../Engine/Content/EngineMaterials/Substrate/Glints2/dict_0003_0240.uasset" 9199
"../../../Engine/Content/EngineMaterials/Substrate/Glints2/dict_0003_0242.uasset" 9200
"../../../Engine/Content/EngineMaterials/Substrate/Glints2/dict_0003_0237.uasset" 9201
"../../../Engine/Content/EngineMaterials/Substrate/Glints2/dict_0003_0245.uasset" 9202
"../../../Engine/Content/EngineMaterials/Substrate/Glints2/dict_0003_0236.uasset" 9203
"../../../Engine/Content/EngineMaterials/Substrate/Glints2/dict_0003_0238.uasset" 9204
"../../../Engine/Content/EngineMaterials/Substrate/Glints2/dict_0003_0234.uasset" 9205
"/Engine/EngineMaterials/Substrate/Glints2/dict_0003_0246" 9206
"../../../Engine/Content/EngineMaterials/Substrate/Glints2/dict_0003_0233.uasset" 9207
"../../../Engine/Content/EngineMaterials/Substrate/Glints2/dict_0003_0232.uasset" 9208
"/Engine/EngineMaterials/Substrate/Glints2/dict_0003_0247" 9209
"/Engine/EngineMaterials/Substrate/Glints2/dict_0003_0234" 9210
"/Engine/EngineMaterials/Substrate/Glints2/dict_0003_0235" 9211
"/Engine/EngineMaterials/Substrate/Glints2/dict_0003_0236" 9212
"/Engine/EngineMaterials/Substrate/Glints2/dict_0003_0237" 9213
"/Engine/EngineMaterials/Substrate/Glints2/dict_0003_0238" 9214
"../../../Engine/Content/EngineMaterials/Substrate/Glints2/dict_0003_0229.uasset" 9215
"../../../Engine/Content/EngineMaterials/Substrate/Glints2/dict_0003_0231.uasset" 9216
"../../../Engine/Content/EngineMaterials/Substrate/Glints2/dict_0003_0230.uasset" 9217
"/Engine/EngineMaterials/Substrate/Glints2/dict_0003_0239" 9218
"/Engine/EngineMaterials/Substrate/Glints2/dict_0003_0240" 9219
"/Engine/EngineMaterials/Substrate/Glints2/dict_0003_0241" 9220
"/Engine/EngineMaterials/Substrate/Glints2/dict_0003_0242" 9221
"/Engine/EngineMaterials/Substrate/Glints2/dict_0003_0243" 9222
"../../../Engine/Content/EngineMaterials/Substrate/Glints2/dict_0003_0226.uasset" 9223
"../../../Engine/Content/EngineMaterials/Substrate/Glints2/dict_0003_0222.uasset" 9224
"../../../Engine/Content/EngineMaterials/Substrate/Glints2/dict_0003_0225.uasset" 9225
"../../../Engine/Content/EngineMaterials/Substrate/Glints2/dict_0003_0227.uasset" 9226
"../../../Engine/Content/EngineMaterials/Substrate/Glints2/dict_0003_0223.uasset" 9227
"../../../Engine/Content/EngineMaterials/Substrate/Glints2/dict_0003_0224.uasset" 9228
"/Engine/EngineMaterials/Substrate/Glints2/dict_0003_0244" 9229
"/Engine/EngineMaterials/Substrate/Glints2/dict_0003_0245" 9230
"/Engine/EngineMaterials/Substrate/Glints2/dict_0003_0231" 9231
"/Engine/EngineMaterials/Substrate/Glints2/dict_0003_0223" 9232
"/Engine/EngineMaterials/Substrate/Glints2/dict_0003_0232" 9233
"/Engine/EngineMaterials/Substrate/Glints2/dict_0003_0224" 9234
"/Engine/EngineMaterials/Substrate/Glints2/dict_0003_0225" 9235
"/Engine/EngineMaterials/Substrate/Glints2/dict_0003_0226" 9236
"../../../Engine/Content/EngineMaterials/Substrate/Glints2/dict_0003_0228.uasset" 9237
"/Engine/EngineMaterials/Substrate/Glints2/dict_0003_0227" 9238
"/Engine/EngineMaterials/Substrate/Glints2/dict_0003_0233" 9239
"/Engine/EngineMaterials/Substrate/Glints2/dict_0003_0222" 9240
"/Engine/EngineMaterials/Substrate/Glints2/dict_0003_0229" 9241
"/Engine/EngineMaterials/Substrate/Glints2/dict_0003_0230" 9242
"/Engine/EngineMaterials/Substrate/Glints2/dict_0003_0228" 9243
"../../../Engine/Content/EngineMaterials/Substrate/Glints2/dict_0003_0218.uasset" 9244
"../../../Engine/Content/EngineMaterials/Substrate/Glints2/dict_0003_0221.uasset" 9245
"../../../Engine/Content/EngineMaterials/Substrate/Glints2/dict_0003_0216.uasset" 9246
"../../../Engine/Content/EngineMaterials/Substrate/Glints2/dict_0003_0219.uasset" 9247
"../../../Engine/Content/EngineMaterials/Substrate/Glints2/dict_0003_0217.uasset" 9248
"../../../Engine/Content/EngineMaterials/Substrate/Glints2/dict_0003_0220.uasset" 9249
"../../../Engine/Content/EngineMaterials/Substrate/Glints2/dict_0003_0211.uasset" 9250
"../../../Engine/Content/EngineMaterials/Substrate/Glints2/dict_0003_0212.uasset" 9251
"../../../Engine/Content/EngineMaterials/Substrate/Glints2/dict_0003_0213.uasset" 9252
"../../../Engine/Content/EngineMaterials/Substrate/Glints2/dict_0003_0215.uasset" 9253
"../../../Engine/Content/EngineMaterials/Substrate/Glints2/dict_0003_0214.uasset" 9254
"../../../Engine/Content/EngineMaterials/Substrate/Glints2/dict_0003_0204.uasset" 9255
"../../../Engine/Content/EngineMaterials/Substrate/Glints2/dict_0003_0208.uasset" 9256
"../../../Engine/Content/EngineMaterials/Substrate/Glints2/dict_0003_0202.uasset" 9257
"../../../Engine/Content/EngineMaterials/Substrate/Glints2/dict_0003_0209.uasset" 9258
"../../../Engine/Content/EngineMaterials/Substrate/Glints2/dict_0003_0205.uasset" 9259
"../../../Engine/Content/EngineMaterials/Substrate/Glints2/dict_0003_0203.uasset" 9260
"../../../Engine/Content/EngineMaterials/Substrate/Glints2/dict_0003_0206.uasset" 9261
"../../../Engine/Content/EngineMaterials/Substrate/Glints2/dict_0003_0210.uasset" 9262
"../../../Engine/Content/EngineMaterials/Substrate/Glints2/dict_0003_0207.uasset" 9263
"/Engine/EngineMaterials/Substrate/Glints2/dict_0003_0202" 9264
"/Engine/EngineMaterials/Substrate/Glints2/dict_0003_0203" 9265
"/Engine/EngineMaterials/Substrate/Glints2/dict_0003_0217" 9266
"/Engine/EngineMaterials/Substrate/Glints2/dict_0003_0218" 9267
"/Engine/EngineMaterials/Substrate/Glints2/dict_0003_0219" 9268
"/Engine/EngineMaterials/Substrate/Glints2/dict_0003_0220" 9269
"../../../Engine/Content/EngineMaterials/Substrate/Glints2/dict_0003_0198.uasset" 9270
"../../../Engine/Content/EngineMaterials/Substrate/Glints2/dict_0003_0201.uasset" 9271
"../../../Engine/Content/EngineMaterials/Substrate/Glints2/dict_0003_0200.uasset" 9272
"../../../Engine/Content/EngineMaterials/Substrate/Glints2/dict_0003_0197.uasset" 9273
"../../../Engine/Content/EngineMaterials/Substrate/Glints2/dict_0003_0199.uasset" 9274
"/Engine/EngineMaterials/Substrate/Glints2/dict_0003_0221" 9275
"/Engine/EngineMaterials/Substrate/Glints2/dict_0003_0216" 9276
"/Engine/EngineMaterials/Substrate/Glints2/dict_0003_0204" 9277
"/Engine/EngineMaterials/Substrate/Glints2/dict_0003_0205" 9278
"/Engine/EngineMaterials/Substrate/Glints2/dict_0003_0206" 9279
"/Engine/EngineMaterials/Substrate/Glints2/dict_0003_0207" 9280
"/Engine/EngineMaterials/Substrate/Glints2/dict_0003_0208" 9281
"/Engine/EngineMaterials/Substrate/Glints2/dict_0003_0209" 9282
"/Engine/EngineMaterials/Substrate/Glints2/dict_0003_0210" 9283
"/Engine/EngineMaterials/Substrate/Glints2/dict_0003_0211" 9284
"/Engine/EngineMaterials/Substrate/Glints2/dict_0003_0212" 9285
"/Engine/EngineMaterials/Substrate/Glints2/dict_0003_0213" 9286
"/Engine/EngineMaterials/Substrate/Glints2/dict_0003_0214" 9287
"/Engine/EngineMaterials/Substrate/Glints2/dict_0003_0215" 9288
"/Engine/EngineMaterials/Substrate/Glints2/dict_0003_0197" 9289
"/Engine/EngineMaterials/Substrate/Glints2/dict_0003_0198" 9290
"/Engine/EngineMaterials/Substrate/Glints2/dict_0003_0199" 9291
"../../../Engine/Content/EngineMaterials/Substrate/Glints2/dict_0003_0196.uasset" 9292
"../../../Engine/Content/EngineMaterials/Substrate/Glints2/dict_0003_0190.uasset" 9293
"../../../Engine/Content/EngineMaterials/Substrate/Glints2/dict_0003_0191.uasset" 9294
"/Engine/EngineMaterials/Substrate/Glints2/dict_0003_0200" 9295
"../../../Engine/Content/EngineMaterials/Substrate/Glints2/dict_0003_0192.uasset" 9296
"../../../Engine/Content/EngineMaterials/Substrate/Glints2/dict_0003_0193.uasset" 9297
"../../../Engine/Content/EngineMaterials/Substrate/Glints2/dict_0003_0195.uasset" 9298
"/Engine/EngineMaterials/Substrate/Glints2/dict_0003_0201" 9299
"../../../Engine/Content/EngineMaterials/Substrate/Glints2/dict_0003_0194.uasset" 9300
"/Engine/EngineMaterials/Substrate/Glints2/dict_0003_0191" 9301
"/Engine/EngineMaterials/Substrate/Glints2/dict_0003_0192" 9302
"/Engine/EngineMaterials/Substrate/Glints2/dict_0003_0193" 9303
"/Engine/EngineMaterials/Substrate/Glints2/dict_0003_0195" 9304
"/Engine/EngineMaterials/Substrate/Glints2/dict_0003_0196" 9305
"/Engine/EngineMaterials/Substrate/Glints2/dict_0003_0190" 9306
"/Engine/EngineMaterials/Substrate/Glints2/dict_0003_0194" 9307
"../../../Engine/Content/EngineMaterials/Substrate/Glints2/dict_0003_0182.uasset" 9308
"../../../Engine/Content/EngineMaterials/Substrate/Glints2/dict_0003_0184.uasset" 9309
"../../../Engine/Content/EngineMaterials/Substrate/Glints2/dict_0003_0186.uasset" 9310
"../../../Engine/Content/EngineMaterials/Substrate/Glints2/dict_0003_0188.uasset" 9311
"../../../Engine/Content/EngineMaterials/Substrate/Glints2/dict_0003_0181.uasset" 9312
"../../../Engine/Content/EngineMaterials/Substrate/Glints2/dict_0003_0180.uasset" 9313
"../../../Engine/Content/EngineMaterials/Substrate/Glints2/dict_0003_0189.uasset" 9314
"../../../Engine/Content/EngineMaterials/Substrate/Glints2/dict_0003_0185.uasset" 9315
"../../../Engine/Content/EngineMaterials/Substrate/Glints2/dict_0003_0177.uasset" 9316
"../../../Engine/Content/EngineMaterials/Substrate/Glints2/dict_0003_0187.uasset" 9317
"../../../Engine/Content/EngineMaterials/Substrate/Glints2/dict_0003_0183.uasset" 9318
"../../../Engine/Content/EngineMaterials/Substrate/Glints2/dict_0003_0179.uasset" 9319
"/Engine/EngineMaterials/Substrate/Glints2/dict_0003_0177" 9320
"/Engine/EngineMaterials/Substrate/Glints2/dict_0003_0179" 9321
"/Engine/EngineMaterials/Substrate/Glints2/dict_0003_0180" 9322
"/Engine/EngineMaterials/Substrate/Glints2/dict_0003_0181" 9323
"/Engine/EngineMaterials/Substrate/Glints2/dict_0003_0182" 9324
"/Engine/EngineMaterials/Substrate/Glints2/dict_0003_0183" 9325
"/Engine/EngineMaterials/Substrate/Glints2/dict_0003_0184" 9326
"/Engine/EngineMaterials/Substrate/Glints2/dict_0003_0185" 9327
"/Engine/EngineMaterials/Substrate/Glints2/dict_0003_0186" 9328
"/Engine/EngineMaterials/Substrate/Glints2/dict_0003_0187" 9329
"/Engine/EngineMaterials/Substrate/Glints2/dict_0003_0188" 9330
"/Engine/EngineMaterials/Substrate/Glints2/dict_0003_0189" 9331
"../../../Engine/Content/EngineMaterials/Substrate/Glints2/dict_0003_0171.uasset" 9332
"../../../Engine/Content/EngineMaterials/Substrate/Glints2/dict_0003_0176.uasset" 9333
"../../../Engine/Content/EngineMaterials/Substrate/Glints2/dict_0003_0172.uasset" 9334
"../../../Engine/Content/EngineMaterials/Substrate/Glints2/dict_0003_0174.uasset" 9335
"../../../Engine/Content/EngineMaterials/Substrate/Glints2/dict_0003_0169.uasset" 9336
"../../../Engine/Content/EngineMaterials/Substrate/Glints2/dict_0003_0178.uasset" 9337
"/Engine/EngineMaterials/Substrate/Glints2/dict_0003_0171" 9338
"../../../Engine/Content/EngineMaterials/Substrate/Glints2/dict_0003_0173.uasset" 9339
"../../../Engine/Content/EngineMaterials/Substrate/Glints2/dict_0003_0170.uasset" 9340
"../../../Engine/Content/EngineMaterials/Substrate/Glints2/dict_0003_0168.uasset" 9341
"../../../Engine/Content/EngineMaterials/Substrate/Glints2/dict_0003_0166.uasset" 9342
"../../../Engine/Content/EngineMaterials/Substrate/Glints2/dict_0003_0175.uasset" 9343
"/Engine/EngineMaterials/Substrate/Glints2/dict_0003_0172" 9344
"/Engine/EngineMaterials/Substrate/Glints2/dict_0003_0174" 9345
"/Engine/EngineMaterials/Substrate/Glints2/dict_0003_0176" 9346
"/Engine/EngineMaterials/Substrate/Glints2/dict_0003_0169" 9347
"/Engine/EngineMaterials/Substrate/Glints2/dict_0003_0170" 9348
"/Engine/EngineMaterials/Substrate/Glints2/dict_0003_0173" 9349
"/Engine/EngineMaterials/Substrate/Glints2/dict_0003_0175" 9350
"/Engine/EngineMaterials/Substrate/Glints2/dict_0003_0166" 9351
"/Engine/EngineMaterials/Substrate/Glints2/dict_0003_0178" 9352
"/Engine/EngineMaterials/Substrate/Glints2/dict_0003_0168" 9353
"../../../Engine/Content/EngineMaterials/Substrate/Glints2/dict_0003_0164.uasset" 9354
"../../../Engine/Content/EngineMaterials/Substrate/Glints2/dict_0003_0167.uasset" 9355
"../../../Engine/Content/EngineMaterials/Substrate/Glints2/dict_0003_0156.uasset" 9356
"../../../Engine/Content/EngineMaterials/Substrate/Glints2/dict_0003_0161.uasset" 9357
"../../../Engine/Content/EngineMaterials/Substrate/Glints2/dict_0003_0162.uasset" 9358
"../../../Engine/Content/EngineMaterials/Substrate/Glints2/dict_0003_0154.uasset" 9359
"../../../Engine/Content/EngineMaterials/Substrate/Glints2/dict_0003_0163.uasset" 9360
"../../../Engine/Content/EngineMaterials/Substrate/Glints2/dict_0003_0160.uasset" 9361
"../../../Engine/Content/EngineMaterials/Substrate/Glints2/dict_0003_0153.uasset" 9362
"../../../Engine/Content/EngineMaterials/Substrate/Glints2/dict_0003_0159.uasset" 9363
"../../../Engine/Content/EngineMaterials/Substrate/Glints2/dict_0003_0165.uasset" 9364
"../../../Engine/Content/EngineMaterials/Substrate/Glints2/dict_0003_0157.uasset" 9365
"../../../Engine/Content/EngineMaterials/Substrate/Glints2/dict_0003_0158.uasset" 9366
"../../../Engine/Content/EngineMaterials/Substrate/Glints2/dict_0003_0155.uasset" 9367
"../../../Engine/Content/EngineMaterials/Substrate/Glints2/dict_0003_0142.uasset" 9368
"../../../Engine/Content/EngineMaterials/Substrate/Glints2/dict_0003_0140.uasset" 9369
"../../../Engine/Content/EngineMaterials/Substrate/Glints2/dict_0003_0141.uasset" 9370
"../../../Engine/Content/EngineMaterials/Substrate/Glints2/dict_0003_0143.uasset" 9371
"../../../Engine/Content/EngineMaterials/Substrate/Glints2/dict_0003_0148.uasset" 9372
"../../../Engine/Content/EngineMaterials/Substrate/Glints2/dict_0003_0150.uasset" 9373
"../../../Engine/Content/EngineMaterials/Substrate/Glints2/dict_0003_0152.uasset" 9374
"../../../Engine/Content/EngineMaterials/Substrate/Glints2/dict_0003_0145.uasset" 9375
"../../../Engine/Content/EngineMaterials/Substrate/Glints2/dict_0003_0151.uasset" 9376
"/Engine/EngineMaterials/Substrate/Glints2/dict_0003_0141" 9377
"../../../Engine/Content/EngineMaterials/Substrate/Glints2/dict_0003_0147.uasset" 9378
"../../../Engine/Content/EngineMaterials/Substrate/Glints2/dict_0003_0144.uasset" 9379
"/Engine/EngineMaterials/Substrate/Glints2/dict_0003_0142" 9380
"/Engine/EngineMaterials/Substrate/Glints2/dict_0003_0159" 9381
"/Engine/EngineMaterials/Substrate/Glints2/dict_0003_0143" 9382
"/Engine/EngineMaterials/Substrate/Glints2/dict_0003_0160" 9383
"/Engine/EngineMaterials/Substrate/Glints2/dict_0003_0161" 9384
"/Engine/EngineMaterials/Substrate/Glints2/dict_0003_0158" 9385
"/Engine/EngineMaterials/Substrate/Glints2/dict_0003_0162" 9386
"../../../Engine/Content/EngineMaterials/Substrate/Glints2/dict_0003_0149.uasset" 9387
"/Engine/EngineMaterials/Substrate/Glints2/dict_0003_0163" 9388
"/Engine/EngineMaterials/Substrate/Glints2/dict_0003_0165" 9389
"/Engine/EngineMaterials/Substrate/Glints2/dict_0003_0164" 9390
"/Engine/EngineMaterials/Substrate/Glints2/dict_0003_0167" 9391
"/Engine/EngineMaterials/Substrate/Glints2/dict_0003_0140" 9392
"../../../Engine/Content/EngineMaterials/Substrate/Glints2/dict_0003_0146.uasset" 9393
"/Engine/EngineMaterials/Substrate/Glints2/dict_0003_0148" 9394
"/Engine/EngineMaterials/Substrate/Glints2/dict_0003_0145" 9395
"/Engine/EngineMaterials/Substrate/Glints2/dict_0003_0150" 9396
"/Engine/EngineMaterials/Substrate/Glints2/dict_0003_0151" 9397
"/Engine/EngineMaterials/Substrate/Glints2/dict_0003_0152" 9398
"/Engine/EngineMaterials/Substrate/Glints2/dict_0003_0153" 9399
"../../../Engine/Content/EngineMaterials/Substrate/Glints2/dict_0003_0139.uasset" 9400
"../../../Engine/Content/EngineMaterials/Substrate/Glints2/dict_0003_0136.uasset" 9401
"../../../Engine/Content/EngineMaterials/Substrate/Glints2/dict_0003_0138.uasset" 9402
"../../../Engine/Content/EngineMaterials/Substrate/Glints2/dict_0003_0135.uasset" 9403
"../../../Engine/Content/EngineMaterials/Substrate/Glints2/dict_0003_0137.uasset" 9404
"/Engine/EngineMaterials/Substrate/Glints2/dict_0003_0154" 9405
"/Engine/EngineMaterials/Substrate/Glints2/dict_0003_0155" 9406
"/Engine/EngineMaterials/Substrate/Glints2/dict_0003_0156" 9407
"/Engine/EngineMaterials/Substrate/Glints2/dict_0003_0157" 9408
"/Engine/EngineMaterials/Substrate/Glints2/dict_0003_0135" 9409
"/Engine/EngineMaterials/Substrate/Glints2/dict_0003_0136" 9410
"/Engine/EngineMaterials/Substrate/Glints2/dict_0003_0137" 9411
"/Engine/EngineMaterials/Substrate/Glints2/dict_0003_0144" 9412
"/Engine/EngineMaterials/Substrate/Glints2/dict_0003_0146" 9413
"/Engine/EngineMaterials/Substrate/Glints2/dict_0003_0138" 9414
"/Engine/EngineMaterials/Substrate/Glints2/dict_0003_0139" 9415
"/Engine/EngineMaterials/Substrate/Glints2/dict_0003_0147" 9416
"/Engine/EngineMaterials/Substrate/Glints2/dict_0003_0149" 9417
"../../../Engine/Content/EngineMaterials/Substrate/Glints2/dict_0003_0133.uasset" 9418
"../../../Engine/Content/EngineMaterials/Substrate/Glints2/dict_0003_0122.uasset" 9419
"../../../Engine/Content/EngineMaterials/Substrate/Glints2/dict_0003_0130.uasset" 9420
"../../../Engine/Content/EngineMaterials/Substrate/Glints2/dict_0003_0125.uasset" 9421
"../../../Engine/Content/EngineMaterials/Substrate/Glints2/dict_0003_0128.uasset" 9422
"../../../Engine/Content/EngineMaterials/Substrate/Glints2/dict_0003_0124.uasset" 9423
"../../../Engine/Content/EngineMaterials/Substrate/Glints2/dict_0003_0131.uasset" 9424
"../../../Engine/Content/EngineMaterials/Substrate/Glints2/dict_0003_0121.uasset" 9425
"../../../Engine/Content/EngineMaterials/Substrate/Glints2/dict_0003_0123.uasset" 9426
"../../../Engine/Content/EngineMaterials/Substrate/Glints2/dict_0003_0126.uasset" 9427
"../../../Engine/Content/EngineMaterials/Substrate/Glints2/dict_0003_0132.uasset" 9428
"/Engine/EngineMaterials/Substrate/Glints2/dict_0003_0121" 9429
"/Engine/EngineMaterials/Substrate/Glints2/dict_0003_0122" 9430
"/Engine/EngineMaterials/Substrate/Glints2/dict_0003_0123" 9431
"/Engine/EngineMaterials/Substrate/Glints2/dict_0003_0124" 9432
"/Engine/EngineMaterials/Substrate/Glints2/dict_0003_0125" 9433
"../../../Engine/Content/EngineMaterials/Substrate/Glints2/dict_0003_0113.uasset" 9434
"../../../Engine/Content/EngineMaterials/Substrate/Glints2/dict_0003_0118.uasset" 9435
"../../../Engine/Content/EngineMaterials/Substrate/Glints2/dict_0003_0116.uasset" 9436
"../../../Engine/Content/EngineMaterials/Substrate/Glints2/dict_0003_0134.uasset" 9437
"../../../Engine/Content/EngineMaterials/Substrate/Glints2/dict_0003_0112.uasset" 9438
"../../../Engine/Content/EngineMaterials/Substrate/Glints2/dict_0003_0114.uasset" 9439
"../../../Engine/Content/EngineMaterials/Substrate/Glints2/dict_0003_0117.uasset" 9440
"../../../Engine/Content/EngineMaterials/Substrate/Glints2/dict_0003_0111.uasset" 9441
"../../../Engine/Content/EngineMaterials/Substrate/Glints2/dict_0003_0115.uasset" 9442
"/Engine/EngineMaterials/Substrate/Glints2/dict_0003_0126" 9443
"/Engine/EngineMaterials/Substrate/Glints2/dict_0003_0128" 9444
"/Engine/EngineMaterials/Substrate/Glints2/dict_0003_0130" 9445
"/Engine/EngineMaterials/Substrate/Glints2/dict_0003_0131" 9446
"../../../Engine/Content/EngineMaterials/Substrate/Glints2/dict_0003_0127.uasset" 9447
"/Engine/EngineMaterials/Substrate/Glints2/dict_0003_0132" 9448
"/Engine/EngineMaterials/Substrate/Glints2/dict_0003_0133" 9449
"/Engine/EngineMaterials/Substrate/Glints2/dict_0003_0112" 9450
"/Engine/EngineMaterials/Substrate/Glints2/dict_0003_0113" 9451
"/Engine/EngineMaterials/Substrate/Glints2/dict_0003_0114" 9452
"/Engine/EngineMaterials/Substrate/Glints2/dict_0003_0115" 9453
"/Engine/EngineMaterials/Substrate/Glints2/dict_0003_0116" 9454
"/Engine/EngineMaterials/Substrate/Glints2/dict_0003_0117" 9455
"/Engine/EngineMaterials/Substrate/Glints2/dict_0003_0118" 9456
"/Engine/EngineMaterials/Substrate/Glints2/dict_0003_0111" 9457
"/Engine/EngineMaterials/Substrate/Glints2/dict_0003_0127" 9458
"/Engine/EngineMaterials/Substrate/Glints2/dict_0003_0134" 9459
"../../../Engine/Content/EngineMaterials/Substrate/Glints2/dict_0003_0106.uasset" 9460
"../../../Engine/Content/EngineMaterials/Substrate/Glints2/dict_0003_0108.uasset" 9461
"../../../Engine/Content/EngineMaterials/Substrate/Glints2/dict_0003_0109.uasset" 9462
"../../../Engine/Content/EngineMaterials/Substrate/Glints2/dict_0003_0105.uasset" 9463
"../../../Engine/Content/EngineMaterials/Substrate/Glints2/dict_0003_0119.uasset" 9464
"../../../Engine/Content/EngineMaterials/Substrate/Glints2/dict_0003_0110.uasset" 9465
"../../../Engine/Content/EngineMaterials/Substrate/Glints2/dict_0003_0120.uasset" 9466
"../../../Engine/Content/EngineMaterials/Substrate/Glints2/dict_0003_0129.uasset" 9467
"../../../Engine/Content/EngineMaterials/Substrate/Glints2/dict_0003_0102.uasset" 9468
"../../../Engine/Content/EngineMaterials/Substrate/Glints2/dict_0003_0107.uasset" 9469
"../../../Engine/Content/EngineMaterials/Substrate/Glints2/dict_0003_0101.uasset" 9470
"../../../Engine/Content/EngineMaterials/Substrate/Glints2/dict_0003_0104.uasset" 9471
"../../../Engine/Content/EngineMaterials/Substrate/Glints2/dict_0003_0103.uasset" 9472
"../../../Engine/Content/EngineMaterials/Substrate/Glints2/dict_0003_0098.uasset" 9473
"../../../Engine/Content/EngineMaterials/Substrate/Glints2/dict_0003_0095.uasset" 9474
"../../../Engine/Content/EngineMaterials/Substrate/Glints2/dict_0003_0090.uasset" 9475
"../../../Engine/Content/EngineMaterials/Substrate/Glints2/dict_0003_0091.uasset" 9476
"../../../Engine/Content/EngineMaterials/Substrate/Glints2/dict_0003_0096.uasset" 9477
"../../../Engine/Content/EngineMaterials/Substrate/Glints2/dict_0003_0089.uasset" 9478
"../../../Engine/Content/EngineMaterials/Substrate/Glints2/dict_0003_0099.uasset" 9479
"../../../Engine/Content/EngineMaterials/Substrate/Glints2/dict_0003_0097.uasset" 9480
"../../../Engine/Content/EngineMaterials/Substrate/Glints2/dict_0003_0100.uasset" 9481
"/Engine/EngineMaterials/Substrate/Glints2/dict_0003_0103" 9482
"/Engine/EngineMaterials/Substrate/Glints2/dict_0003_0104" 9483
"../../../Engine/Content/EngineMaterials/Substrate/Glints2/dict_0003_0088.uasset" 9484
"../../../Engine/Content/EngineMaterials/Substrate/Glints2/dict_0003_0094.uasset" 9485
"/Engine/EngineMaterials/Substrate/Glints2/dict_0003_0105" 9486
"/Engine/EngineMaterials/Substrate/Glints2/dict_0003_0106" 9487
"/Engine/EngineMaterials/Substrate/Glints2/dict_0003_0107" 9488
"/Engine/EngineMaterials/Substrate/Glints2/dict_0003_0119" 9489
"/Engine/EngineMaterials/Substrate/Glints2/dict_0003_0120" 9490
"/Engine/EngineMaterials/Substrate/Glints2/dict_0003_0108" 9491
"../../../Engine/Content/EngineMaterials/Substrate/Glints2/dict_0003_0092.uasset" 9492
"../../../Engine/Content/EngineMaterials/Substrate/Glints2/dict_0003_0093.uasset" 9493
"/Engine/EngineMaterials/Substrate/Glints2/dict_0003_0109" 9494
"/Engine/EngineMaterials/Substrate/Glints2/dict_0003_0095" 9495
"/Engine/EngineMaterials/Substrate/Glints2/dict_0003_0110" 9496
"/Engine/EngineMaterials/Substrate/Glints2/dict_0003_0096" 9497
"/Engine/EngineMaterials/Substrate/Glints2/dict_0003_0097" 9498
"/Engine/EngineMaterials/Substrate/Glints2/dict_0003_0089" 9499
"/Engine/EngineMaterials/Substrate/Glints2/dict_0003_0090" 9500
"../../../Engine/Content/EngineMaterials/Substrate/Glints2/dict_0003_0083.uasset" 9501
"../../../Engine/Content/EngineMaterials/Substrate/Glints2/dict_0003_0085.uasset" 9502
"../../../Engine/Content/EngineMaterials/Substrate/Glints2/dict_0003_0084.uasset" 9503
"../../../Engine/Content/EngineMaterials/Substrate/Glints2/dict_0003_0086.uasset" 9504
"../../../Engine/Content/EngineMaterials/Substrate/Glints2/dict_0003_0087.uasset" 9505
"../../../Engine/Content/EngineMaterials/Substrate/Glints2/dict_0003_0082.uasset" 9506
"/Engine/EngineMaterials/Substrate/Glints2/dict_0003_0098" 9507
"/Engine/EngineMaterials/Substrate/Glints2/dict_0003_0129" 9508
"/Engine/EngineMaterials/Substrate/Glints2/dict_0003_0099" 9509
"/Engine/EngineMaterials/Substrate/Glints2/dict_0003_0101" 9510
"/Engine/EngineMaterials/Substrate/Glints2/dict_0003_0102" 9511
"/Engine/EngineMaterials/Substrate/Glints2/dict_0003_0091" 9512
"/Engine/EngineMaterials/Substrate/Glints2/dict_0003_0082" 9513
"/Engine/EngineMaterials/Substrate/Glints2/dict_0003_0083" 9514
"/Engine/EngineMaterials/Substrate/Glints2/dict_0003_0084" 9515
"/Engine/EngineMaterials/Substrate/Glints2/dict_0003_0085" 9516
"/Engine/EngineMaterials/Substrate/Glints2/dict_0003_0086" 9517
"/Engine/EngineMaterials/Substrate/Glints2/dict_0003_0087" 9518
"/Engine/EngineMaterials/Substrate/Glints2/dict_0003_0088" 9519
"/Engine/EngineMaterials/Substrate/Glints2/dict_0003_0092" 9520
"/Engine/EngineMaterials/Substrate/Glints2/dict_0003_0093" 9521
"/Engine/EngineMaterials/Substrate/Glints2/dict_0003_0094" 9522
"/Engine/EngineMaterials/Substrate/Glints2/dict_0003_0100" 9523
"../../../Engine/Content/EngineMaterials/Substrate/Glints2/dict_0003_0077.uasset" 9524
"../../../Engine/Content/EngineMaterials/Substrate/Glints2/dict_0003_0071.uasset" 9525
"../../../Engine/Content/EngineMaterials/Substrate/Glints2/dict_0003_0069.uasset" 9526
"../../../Engine/Content/EngineMaterials/Substrate/Glints2/dict_0003_0070.uasset" 9527
"../../../Engine/Content/EngineMaterials/Substrate/Glints2/dict_0003_0073.uasset" 9528
"../../../Engine/Content/EngineMaterials/Substrate/Glints2/dict_0003_0078.uasset" 9529
"../../../Engine/Content/EngineMaterials/Substrate/Glints2/dict_0003_0080.uasset" 9530
"../../../Engine/Content/EngineMaterials/Substrate/Glints2/dict_0003_0081.uasset" 9531
"../../../Engine/Content/EngineMaterials/Substrate/Glints2/dict_0003_0068.uasset" 9532
"../../../Engine/Content/EngineMaterials/Substrate/Glints2/dict_0003_0072.uasset" 9533
"../../../Engine/Content/EngineMaterials/Substrate/Glints2/dict_0003_0076.uasset" 9534
"/Engine/EngineMaterials/Substrate/Glints2/dict_0003_0068" 9535
"/Engine/EngineMaterials/Substrate/Glints2/dict_0003_0069" 9536
"../../../Engine/Content/EngineMaterials/Substrate/Glints2/dict_0003_0079.uasset" 9537
"../../../Engine/Content/EngineMaterials/Substrate/Glints2/dict_0003_0075.uasset" 9538
"../../../Engine/Content/EngineMaterials/Substrate/Glints2/dict_0003_0064.uasset" 9539
"../../../Engine/Content/EngineMaterials/Substrate/Glints2/dict_0003_0063.uasset" 9540
"../../../Engine/Content/EngineMaterials/Substrate/Glints2/dict_0003_0062.uasset" 9541
"/Engine/EngineMaterials/Substrate/Glints2/dict_0003_0070" 9542
"../../../Engine/Content/EngineMaterials/Substrate/Glints2/dict_0003_0059.uasset" 9543
"/Engine/EngineMaterials/Substrate/Glints2/dict_0003_0071" 9544
"/Engine/EngineMaterials/Substrate/Glints2/dict_0003_0072" 9545
"../../../Engine/Content/EngineMaterials/Substrate/Glints2/dict_0003_0066.uasset" 9546
"../../../Engine/Content/EngineMaterials/Substrate/Glints2/dict_0003_0061.uasset" 9547
"../../../Engine/Content/EngineMaterials/Substrate/Glints2/dict_0003_0067.uasset" 9548
"/Engine/EngineMaterials/Substrate/Glints2/dict_0003_0073" 9549
"/Engine/EngineMaterials/Substrate/Glints2/dict_0003_0076" 9550
"/Engine/EngineMaterials/Substrate/Glints2/dict_0003_0077" 9551
"/Engine/EngineMaterials/Substrate/Glints2/dict_0003_0078" 9552
"/Engine/EngineMaterials/Substrate/Glints2/dict_0003_0080" 9553
"/Engine/EngineMaterials/Substrate/Glints2/dict_0003_0081" 9554
"/Engine/EngineMaterials/Substrate/Glints2/dict_0003_0061" 9555
"/Engine/EngineMaterials/Substrate/Glints2/dict_0003_0062" 9556
"/Engine/EngineMaterials/Substrate/Glints2/dict_0003_0063" 9557
"/Engine/EngineMaterials/Substrate/Glints2/dict_0003_0064" 9558
"../../../Engine/Content/EngineMaterials/Substrate/Glints2/dict_0003_0057.uasset" 9559
"../../../Engine/Content/EngineMaterials/Substrate/Glints2/dict_0003_0074.uasset" 9560
"/Engine/EngineMaterials/Substrate/Glints2/dict_0003_0066" 9561
"../../../Engine/Content/EngineMaterials/Substrate/Glints2/dict_0003_0065.uasset" 9562
"/Engine/EngineMaterials/Substrate/Glints2/dict_0003_0067" 9563
"../../../Engine/Content/EngineMaterials/Substrate/Glints2/dict_0003_0060.uasset" 9564
"/Engine/EngineMaterials/Substrate/Glints2/dict_0003_0059" 9565
"/Engine/EngineMaterials/Substrate/Glints2/dict_0003_0075" 9566
"/Engine/EngineMaterials/Substrate/Glints2/dict_0003_0079" 9567
"/Engine/EngineMaterials/Substrate/Glints2/dict_0003_0065" 9568
"../../../Engine/Content/EngineMaterials/Substrate/Glints2/dict_0003_0053.uasset" 9569
"../../../Engine/Content/EngineMaterials/Substrate/Glints2/dict_0003_0054.uasset" 9570
"../../../Engine/Content/EngineMaterials/Substrate/Glints2/dict_0003_0055.uasset" 9571
"../../../Engine/Content/EngineMaterials/Substrate/Glints2/dict_0003_0050.uasset" 9572
"../../../Engine/Content/EngineMaterials/Substrate/Glints2/dict_0003_0052.uasset" 9573
"../../../Engine/Content/EngineMaterials/Substrate/Glints2/dict_0003_0058.uasset" 9574
"../../../Engine/Content/EngineMaterials/Substrate/Glints2/dict_0003_0051.uasset" 9575
"/Engine/EngineMaterials/Substrate/Glints2/dict_0003_0057" 9576
"/Engine/EngineMaterials/Substrate/Glints2/dict_0003_0074" 9577
"/Engine/EngineMaterials/Substrate/Glints2/dict_0003_0060" 9578
"/Engine/EngineMaterials/Substrate/Glints2/dict_0003_0050" 9579
"/Engine/EngineMaterials/Substrate/Glints2/dict_0003_0051" 9580
"/Engine/EngineMaterials/Substrate/Glints2/dict_0003_0052" 9581
"/Engine/EngineMaterials/Substrate/Glints2/dict_0003_0053" 9582
"/Engine/EngineMaterials/Substrate/Glints2/dict_0003_0054" 9583
"/Engine/EngineMaterials/Substrate/Glints2/dict_0003_0055" 9584
"../../../Engine/Content/EngineMaterials/Substrate/Glints2/dict_0003_0047.uasset" 9585
"../../../Engine/Content/EngineMaterials/Substrate/Glints2/dict_0003_0048.uasset" 9586
"../../../Engine/Content/EngineMaterials/Substrate/Glints2/dict_0003_0049.uasset" 9587
"/Engine/EngineMaterials/Substrate/Glints2/dict_0003_0058" 9588
"/Engine/EngineMaterials/Substrate/Glints2/dict_0003_0047" 9589
"../../../Engine/Content/EngineMaterials/Substrate/Glints2/dict_0003_0046.uasset" 9590
"../../../Engine/Content/EngineMaterials/Substrate/Glints2/dict_0003_0045.uasset" 9591
"/Engine/EngineMaterials/Substrate/Glints2/dict_0003_0048" 9592
"/Engine/EngineMaterials/Substrate/Glints2/dict_0003_0049" 9593
"../../../Engine/Content/EngineMaterials/Substrate/Glints2/dict_0003_0037.uasset" 9594
"../../../Engine/Content/EngineMaterials/Substrate/Glints2/dict_0003_0040.uasset" 9595
"../../../Engine/Content/EngineMaterials/Substrate/Glints2/dict_0003_0043.uasset" 9596
"../../../Engine/Content/EngineMaterials/Substrate/Glints2/dict_0003_0038.uasset" 9597
"../../../Engine/Content/EngineMaterials/Substrate/Glints2/dict_0003_0042.uasset" 9598
"../../../Engine/Content/EngineMaterials/Substrate/Glints2/dict_0003_0039.uasset" 9599
"../../../Engine/Content/EngineMaterials/Substrate/Glints2/dict_0003_0044.uasset" 9600
"/Engine/EngineMaterials/Substrate/Glints2/dict_0003_0040" 9601
"/Engine/EngineMaterials/Substrate/Glints2/dict_0003_0042" 9602
"/Engine/EngineMaterials/Substrate/Glints2/dict_0003_0043" 9603
"/Engine/EngineMaterials/Substrate/Glints2/dict_0003_0037" 9604
"/Engine/EngineMaterials/Substrate/Glints2/dict_0003_0045" 9605
"/Engine/EngineMaterials/Substrate/Glints2/dict_0003_0046" 9606
"/Engine/EngineMaterials/Substrate/Glints2/dict_0003_0038" 9607
"/Engine/EngineMaterials/Substrate/Glints2/dict_0003_0039" 9608
"/Engine/EngineMaterials/Substrate/Glints2/dict_0003_0044" 9609
"../../../Engine/Content/EngineMaterials/Substrate/Glints2/dict_0003_0034.uasset" 9610
"../../../Engine/Content/EngineMaterials/Substrate/Glints2/dict_0003_0036.uasset" 9611
"../../../Engine/Content/EngineMaterials/Substrate/Glints2/dict_0003_0035.uasset" 9612
"../../../Engine/Content/EngineMaterials/Substrate/Glints2/dict_0003_0027.uasset" 9613
"../../../Engine/Content/EngineMaterials/Substrate/Glints2/dict_0003_0026.uasset" 9614
"../../../Engine/Content/EngineMaterials/Substrate/Glints2/dict_0003_0030.uasset" 9615
"../../../Engine/Content/EngineMaterials/Substrate/Glints2/dict_0003_0032.uasset" 9616
"../../../Engine/Content/EngineMaterials/Substrate/Glints2/dict_0003_0041.uasset" 9617
"../../../Engine/Content/EngineMaterials/Substrate/Glints2/dict_0003_0056.uasset" 9618
"../../../Engine/Content/EngineMaterials/Substrate/Glints2/dict_0003_0025.uasset" 9619
"../../../Engine/Content/EngineMaterials/Substrate/Glints2/dict_0003_0028.uasset" 9620
"../../../Engine/Content/EngineMaterials/Substrate/Glints2/dict_0003_0023.uasset" 9621
"../../../Engine/Content/EngineMaterials/Substrate/Glints2/dict_0003_0024.uasset" 9622
"../../../Engine/Content/EngineMaterials/Substrate/Glints2/dict_0003_0033.uasset" 9623
"../../../Engine/Content/EngineMaterials/Substrate/Glints2/dict_0003_0031.uasset" 9624
"../../../Engine/Content/EngineMaterials/Substrate/Glints2/dict_0003_0029.uasset" 9625
"../../../Engine/Content/EngineMaterials/Substrate/Glints2/dict_0003_0020.uasset" 9626
"../../../Engine/Content/EngineMaterials/Substrate/Glints2/dict_0003_0018.uasset" 9627
"/Engine/EngineMaterials/Substrate/Glints2/dict_0003_0030" 9628
"../../../Engine/Content/EngineMaterials/Substrate/Glints2/dict_0003_0021.uasset" 9629
"/Engine/EngineMaterials/Substrate/Glints2/dict_0003_0020" 9630
"/Engine/EngineMaterials/Substrate/Glints2/dict_0003_0031" 9631
"/Engine/EngineMaterials/Substrate/Glints2/dict_0003_0032" 9632
"../../../Engine/Content/EngineMaterials/Substrate/Glints2/dict_0003_0017.uasset" 9633
"../../../Engine/Content/EngineMaterials/Substrate/Glints2/dict_0003_0022.uasset" 9634
"/Engine/EngineMaterials/Substrate/Glints2/dict_0003_0033" 9635
"../../../Engine/Content/EngineMaterials/Substrate/Glints2/dict_0003_0019.uasset" 9636
"/Engine/EngineMaterials/Substrate/Glints2/dict_0003_0023" 9637
"/Engine/EngineMaterials/Substrate/Glints2/dict_0003_0026" 9638
"/Engine/EngineMaterials/Substrate/Glints2/dict_0003_0024" 9639
"/Engine/EngineMaterials/Substrate/Glints2/dict_0003_0056" 9640
"/Engine/EngineMaterials/Substrate/Glints2/dict_0003_0034" 9641
"/Engine/EngineMaterials/Substrate/Glints2/dict_0003_0035" 9642
"../../../Engine/Content/EngineMaterials/Substrate/Glints2/dict_0003_0014.uasset" 9643
"../../../Engine/Content/EngineMaterials/Substrate/Glints2/dict_0003_0015.uasset" 9644
"../../../Engine/Content/EngineMaterials/Substrate/Glints2/dict_0003_0013.uasset" 9645
"../../../Engine/Content/EngineMaterials/Substrate/Glints2/dict_0003_0012.uasset" 9646
"../../../Engine/Content/EngineMaterials/Substrate/Glints2/dict_0003_0008.uasset" 9647
"../../../Engine/Content/EngineMaterials/Substrate/Glints2/dict_0003_0016.uasset" 9648
"/Engine/EngineMaterials/Substrate/Glints2/dict_0003_0027" 9649
"../../../Engine/Content/EngineMaterials/Substrate/Glints2/dict_0003_0009.uasset" 9650
"../../../Engine/Content/EngineMaterials/Substrate/Glints2/dict_0003_0010.uasset" 9651
"/Engine/EngineMaterials/Substrate/Glints2/dict_0003_0025" 9652
"/Engine/EngineMaterials/Substrate/Glints2/dict_0003_0036" 9653
"/Engine/EngineMaterials/Substrate/Glints2/dict_0003_0041" 9654
"/Engine/EngineMaterials/Substrate/Glints2/dict_0003_0028" 9655
"/Engine/EngineMaterials/Substrate/Glints2/dict_0003_0029" 9656
"/Engine/EngineMaterials/Substrate/Glints2/dict_0003_0018" 9657
"/Engine/EngineMaterials/Substrate/Glints2/dict_0003_0019" 9658
"/Engine/EngineMaterials/Substrate/Glints2/dict_0003_0021" 9659
"/Engine/EngineMaterials/Substrate/Glints2/dict_0003_0022" 9660
"../../../Engine/Content/EngineMaterials/Substrate/Glints2/dict_0003_0007.uasset" 9661
"/Engine/EngineMaterials/Substrate/Glints2/dict_0003_0009" 9662
"/Engine/EngineMaterials/Substrate/Glints2/dict_0003_0010" 9663
"/Engine/EngineMaterials/Substrate/Glints2/dict_0003_0008" 9664
"/Engine/EngineMaterials/Substrate/Glints2/dict_0003_0012" 9665
"/Engine/EngineMaterials/Substrate/Glints2/dict_0003_0013" 9666
"/Engine/EngineMaterials/Substrate/Glints2/dict_0003_0014" 9667
"/Engine/EngineMaterials/Substrate/Glints2/dict_0003_0016" 9668
"/Engine/EngineMaterials/Substrate/Glints2/dict_0003_0015" 9669
"/Engine/EngineMaterials/Substrate/Glints2/dict_0003_0017" 9670
"/Engine/EngineMaterials/Substrate/Glints2/dict_0003_0007" 9671
"../../../Engine/Content/EngineMaterials/Substrate/Glints2/dict_0002_0253.uasset" 9672
"../../../Engine/Content/EngineMaterials/Substrate/Glints2/dict_0002_0252.uasset" 9673
"../../../Engine/Content/EngineMaterials/Substrate/Glints2/dict_0003_0006.uasset" 9674
"../../../Engine/Content/EngineMaterials/Substrate/Glints2/dict_0003_0005.uasset" 9675
"../../../Engine/Content/EngineMaterials/Substrate/Glints2/dict_0002_0251.uasset" 9676
"../../../Engine/Content/EngineMaterials/Substrate/Glints2/dict_0003_0002.uasset" 9677
"../../../Engine/Content/EngineMaterials/Substrate/Glints2/dict_0002_0250.uasset" 9678
"../../../Engine/Content/EngineMaterials/Substrate/Glints2/dict_0003_0000.uasset" 9679
"../../../Engine/Content/EngineMaterials/Substrate/Glints2/dict_0003_0011.uasset" 9680
"../../../Engine/Content/EngineMaterials/Substrate/Glints2/dict_0003_0001.uasset" 9681
"../../../Engine/Content/EngineMaterials/Substrate/Glints2/dict_0002_0254.uasset" 9682
"../../../Engine/Content/EngineMaterials/Substrate/Glints2/dict_0002_0255.uasset" 9683
"/Engine/EngineMaterials/Substrate/Glints2/dict_0002_0250" 9684
"../../../Engine/Content/EngineMaterials/Substrate/Glints2/dict_0003_0004.uasset" 9685
"/Engine/EngineMaterials/Substrate/Glints2/dict_0002_0251" 9686
"/Engine/EngineMaterials/Substrate/Glints2/dict_0002_0252" 9687
"../../../Engine/Content/EngineMaterials/Substrate/Glints2/dict_0002_0243.uasset" 9688
"../../../Engine/Content/EngineMaterials/Substrate/Glints2/dict_0002_0248.uasset" 9689
"../../../Engine/Content/EngineMaterials/Substrate/Glints2/dict_0002_0246.uasset" 9690
"../../../Engine/Content/EngineMaterials/Substrate/Glints2/dict_0002_0244.uasset" 9691
"../../../Engine/Content/EngineMaterials/Substrate/Glints2/dict_0002_0245.uasset" 9692
"../../../Engine/Content/EngineMaterials/Substrate/Glints2/dict_0002_0240.uasset" 9693
"/Engine/EngineMaterials/Substrate/Glints2/dict_0002_0253" 9694
"/Engine/EngineMaterials/Substrate/Glints2/dict_0002_0254" 9695
"/Engine/EngineMaterials/Substrate/Glints2/dict_0002_0255" 9696
"../../../Engine/Content/EngineMaterials/Substrate/Glints2/dict_0003_0003.uasset" 9697
"/Engine/EngineMaterials/Substrate/Glints2/dict_0003_0000" 9698
"../../../Engine/Content/EngineMaterials/Substrate/Glints2/dict_0002_0247.uasset" 9699
"../../../Engine/Content/EngineMaterials/Substrate/Glints2/dict_0002_0249.uasset" 9700
"../../../Engine/Content/EngineMaterials/Substrate/Glints2/dict_0002_0241.uasset" 9701
"../../../Engine/Content/EngineMaterials/Substrate/Glints2/dict_0002_0242.uasset" 9702
"/Engine/EngineMaterials/Substrate/Glints2/dict_0003_0001" 9703
"/Engine/EngineMaterials/Substrate/Glints2/dict_0003_0002" 9704
"/Engine/EngineMaterials/Substrate/Glints2/dict_0003_0011" 9705
"/Engine/EngineMaterials/Substrate/Glints2/dict_0003_0005" 9706
"/Engine/EngineMaterials/Substrate/Glints2/dict_0003_0006" 9707
"/Engine/EngineMaterials/Substrate/Glints2/dict_0002_0245" 9708
"/Engine/EngineMaterials/Substrate/Glints2/dict_0002_0246" 9709
"/Engine/EngineMaterials/Substrate/Glints2/dict_0002_0247" 9710
"/Engine/EngineMaterials/Substrate/Glints2/dict_0002_0248" 9711
"/Engine/EngineMaterials/Substrate/Glints2/dict_0002_0249" 9712
"/Engine/EngineMaterials/Substrate/Glints2/dict_0003_0003" 9713
"/Engine/EngineMaterials/Substrate/Glints2/dict_0003_0004" 9714
"/Engine/EngineMaterials/Substrate/Glints2/dict_0002_0240" 9715
"/Engine/EngineMaterials/Substrate/Glints2/dict_0002_0241" 9716
"/Engine/EngineMaterials/Substrate/Glints2/dict_0002_0242" 9717
"/Engine/EngineMaterials/Substrate/Glints2/dict_0002_0243" 9718
"/Engine/EngineMaterials/Substrate/Glints2/dict_0002_0244" 9719
"../../../Engine/Content/EngineMaterials/Substrate/Glints2/dict_0002_0238.uasset" 9720
"../../../Engine/Content/EngineMaterials/Substrate/Glints2/dict_0002_0232.uasset" 9721
"../../../Engine/Content/EngineMaterials/Substrate/Glints2/dict_0002_0233.uasset" 9722
"../../../Engine/Content/EngineMaterials/Substrate/Glints2/dict_0002_0239.uasset" 9723
"../../../Engine/Content/EngineMaterials/Substrate/Glints2/dict_0002_0235.uasset" 9724
"../../../Engine/Content/EngineMaterials/Substrate/Glints2/dict_0002_0236.uasset" 9725
"../../../Engine/Content/EngineMaterials/Substrate/Glints2/dict_0002_0234.uasset" 9726
"../../../Engine/Content/EngineMaterials/Substrate/Glints2/dict_0002_0237.uasset" 9727
"../../../Engine/Content/EngineMaterials/Substrate/Glints2/dict_0002_0229.uasset" 9728
"../../../Engine/Content/EngineMaterials/Substrate/Glints2/dict_0002_0231.uasset" 9729
"../../../Engine/Content/EngineMaterials/Substrate/Glints2/dict_0002_0230.uasset" 9730
"../../../Engine/Content/EngineMaterials/Substrate/Glints2/dict_0002_0228.uasset" 9731
"/Engine/EngineMaterials/Substrate/Glints2/dict_0002_0233" 9732
"../../../Engine/Content/EngineMaterials/Substrate/Glints2/dict_0002_0219.uasset" 9733
"../../../Engine/Content/EngineMaterials/Substrate/Glints2/dict_0002_0220.uasset" 9734
"../../../Engine/Content/EngineMaterials/Substrate/Glints2/dict_0002_0224.uasset" 9735
"../../../Engine/Content/EngineMaterials/Substrate/Glints2/dict_0002_0222.uasset" 9736
"../../../Engine/Content/EngineMaterials/Substrate/Glints2/dict_0002_0225.uasset" 9737
"../../../Engine/Content/EngineMaterials/Substrate/Glints2/dict_0002_0227.uasset" 9738
"/Engine/EngineMaterials/Substrate/Glints2/dict_0002_0234" 9739
"../../../Engine/Content/EngineMaterials/Substrate/Glints2/dict_0002_0226.uasset" 9740
"/Engine/EngineMaterials/Substrate/Glints2/dict_0002_0235" 9741
"/Engine/EngineMaterials/Substrate/Glints2/dict_0002_0232" 9742
"/Engine/EngineMaterials/Substrate/Glints2/dict_0002_0236" 9743
"/Engine/EngineMaterials/Substrate/Glints2/dict_0002_0228" 9744
"/Engine/EngineMaterials/Substrate/Glints2/dict_0002_0237" 9745
"/Engine/EngineMaterials/Substrate/Glints2/dict_0002_0229" 9746
"/Engine/EngineMaterials/Substrate/Glints2/dict_0002_0238" 9747
"/Engine/EngineMaterials/Substrate/Glints2/dict_0002_0239" 9748
"../../../Engine/Content/EngineMaterials/Substrate/Glints2/dict_0002_0218.uasset" 9749
"../../../Engine/Content/EngineMaterials/Substrate/Glints2/dict_0002_0217.uasset" 9750
"/Engine/EngineMaterials/Substrate/Glints2/dict_0002_0230" 9751
"/Engine/EngineMaterials/Substrate/Glints2/dict_0002_0231" 9752
"/Engine/EngineMaterials/Substrate/Glints2/dict_0002_0220" 9753
"/Engine/EngineMaterials/Substrate/Glints2/dict_0002_0222" 9754
"../../../Engine/Content/EngineMaterials/Substrate/Glints2/dict_0002_0223.uasset" 9755
"../../../Engine/Content/EngineMaterials/Substrate/Glints2/dict_0002_0221.uasset" 9756
"/Engine/EngineMaterials/Substrate/Glints2/dict_0002_0224" 9757
"/Engine/EngineMaterials/Substrate/Glints2/dict_0002_0225" 9758
"/Engine/EngineMaterials/Substrate/Glints2/dict_0002_0226" 9759
"/Engine/EngineMaterials/Substrate/Glints2/dict_0002_0227" 9760
"/Engine/EngineMaterials/Substrate/Glints2/dict_0002_0217" 9761
"/Engine/EngineMaterials/Substrate/Glints2/dict_0002_0218" 9762
"/Engine/EngineMaterials/Substrate/Glints2/dict_0002_0219" 9763
"/Engine/EngineMaterials/Substrate/Glints2/dict_0002_0221" 9764
"../../../Engine/Content/EngineMaterials/Substrate/Glints2/dict_0002_0216.uasset" 9765
"../../../Engine/Content/EngineMaterials/Substrate/Glints2/dict_0002_0215.uasset" 9766
"../../../Engine/Content/EngineMaterials/Substrate/Glints2/dict_0002_0212.uasset" 9767
"../../../Engine/Content/EngineMaterials/Substrate/Glints2/dict_0002_0210.uasset" 9768
"../../../Engine/Content/EngineMaterials/Substrate/Glints2/dict_0002_0209.uasset" 9769
"../../../Engine/Content/EngineMaterials/Substrate/Glints2/dict_0002_0213.uasset" 9770
"/Engine/EngineMaterials/Substrate/Glints2/dict_0002_0223" 9771
"/Engine/EngineMaterials/Substrate/Glints2/dict_0002_0209" 9772
"/Engine/EngineMaterials/Substrate/Glints2/dict_0002_0210" 9773
"/Engine/EngineMaterials/Substrate/Glints2/dict_0002_0212" 9774
"/Engine/EngineMaterials/Substrate/Glints2/dict_0002_0213" 9775
"/Engine/EngineMaterials/Substrate/Glints2/dict_0002_0215" 9776
"/Engine/EngineMaterials/Substrate/Glints2/dict_0002_0216" 9777
"../../../Engine/Content/EngineMaterials/Substrate/Glints2/dict_0002_0211.uasset" 9778
"../../../Engine/Content/EngineMaterials/Substrate/Glints2/dict_0002_0207.uasset" 9779
"../../../Engine/Content/EngineMaterials/Substrate/Glints2/dict_0002_0208.uasset" 9780
"../../../Engine/Content/EngineMaterials/Substrate/Glints2/dict_0002_0205.uasset" 9781
"../../../Engine/Content/EngineMaterials/Substrate/Glints2/dict_0002_0214.uasset" 9782
"../../../Engine/Content/EngineMaterials/Substrate/Glints2/dict_0002_0204.uasset" 9783
"../../../Engine/Content/EngineMaterials/Substrate/Glints2/dict_0002_0206.uasset" 9784
"../../../Engine/Content/EngineMaterials/Substrate/Glints2/dict_0002_0202.uasset" 9785
"../../../Engine/Content/EngineMaterials/Substrate/Glints2/dict_0002_0198.uasset" 9786
"../../../Engine/Content/EngineMaterials/Substrate/Glints2/dict_0002_0200.uasset" 9787
"../../../Engine/Content/EngineMaterials/Substrate/Glints2/dict_0002_0201.uasset" 9788
"../../../Engine/Content/EngineMaterials/Substrate/Glints2/dict_0002_0197.uasset" 9789
"../../../Engine/Content/EngineMaterials/Substrate/Glints2/dict_0002_0199.uasset" 9790
"../../../Engine/Content/EngineMaterials/Substrate/Glints2/dict_0002_0203.uasset" 9791
"/Engine/EngineMaterials/Substrate/Glints2/dict_0002_0208" 9792
"/Engine/EngineMaterials/Substrate/Glints2/dict_0002_0197" 9793
"../../../Engine/Content/EngineMaterials/Substrate/Glints2/dict_0002_0191.uasset" 9794
"../../../Engine/Content/EngineMaterials/Substrate/Glints2/dict_0002_0193.uasset" 9795
"../../../Engine/Content/EngineMaterials/Substrate/Glints2/dict_0002_0194.uasset" 9796
"../../../Engine/Content/EngineMaterials/Substrate/Glints2/dict_0002_0192.uasset" 9797
"/Engine/EngineMaterials/Substrate/Glints2/dict_0002_0198" 9798
"../../../Engine/Content/EngineMaterials/Substrate/Glints2/dict_0002_0196.uasset" 9799
"/Engine/EngineMaterials/Substrate/Glints2/dict_0002_0211" 9800
"/Engine/EngineMaterials/Substrate/Glints2/dict_0002_0199" 9801
"/Engine/EngineMaterials/Substrate/Glints2/dict_0002_0200" 9802
"/Engine/EngineMaterials/Substrate/Glints2/dict_0002_0201" 9803
"/Engine/EngineMaterials/Substrate/Glints2/dict_0002_0202" 9804
"/Engine/EngineMaterials/Substrate/Glints2/dict_0002_0203" 9805
"/Engine/EngineMaterials/Substrate/Glints2/dict_0002_0204" 9806
"/Engine/EngineMaterials/Substrate/Glints2/dict_0002_0214" 9807
"../../../Engine/Content/EngineMaterials/Substrate/Glints2/dict_0002_0187.uasset" 9808
"../../../Engine/Content/EngineMaterials/Substrate/Glints2/dict_0002_0185.uasset" 9809
"../../../Engine/Content/EngineMaterials/Substrate/Glints2/dict_0002_0186.uasset" 9810
"../../../Engine/Content/EngineMaterials/Substrate/Glints2/dict_0002_0188.uasset" 9811
"../../../Engine/Content/EngineMaterials/Substrate/Glints2/dict_0002_0190.uasset" 9812
"/Engine/EngineMaterials/Substrate/Glints2/dict_0002_0205" 9813
"../../../Engine/Content/EngineMaterials/Substrate/Glints2/dict_0002_0189.uasset" 9814
"/Engine/EngineMaterials/Substrate/Glints2/dict_0002_0206" 9815
"../../../Engine/Content/EngineMaterials/Substrate/Glints2/dict_0002_0195.uasset" 9816
"/Engine/EngineMaterials/Substrate/Glints2/dict_0002_0207" 9817
"/Engine/EngineMaterials/Substrate/Glints2/dict_0002_0196" 9818
"/Engine/EngineMaterials/Substrate/Glints2/dict_0002_0187" 9819
"/Engine/EngineMaterials/Substrate/Glints2/dict_0002_0185" 9820
"/Engine/EngineMaterials/Substrate/Glints2/dict_0002_0188" 9821
"/Engine/EngineMaterials/Substrate/Glints2/dict_0002_0186" 9822
"/Engine/EngineMaterials/Substrate/Glints2/dict_0002_0189" 9823
"/Engine/EngineMaterials/Substrate/Glints2/dict_0002_0190" 9824
"/Engine/EngineMaterials/Substrate/Glints2/dict_0002_0191" 9825
"/Engine/EngineMaterials/Substrate/Glints2/dict_0002_0192" 9826
"/Engine/EngineMaterials/Substrate/Glints2/dict_0002_0193" 9827
"/Engine/EngineMaterials/Substrate/Glints2/dict_0002_0194" 9828
"../../../Engine/Content/EngineMaterials/Substrate/Glints2/dict_0002_0184.uasset" 9829
"/Engine/EngineMaterials/Substrate/Glints2/dict_0002_0195" 9830
"/Engine/EngineMaterials/Substrate/Glints2/dict_0002_0184" 9831
"../../../Engine/Content/EngineMaterials/Substrate/Glints2/dict_0002_0181.uasset" 9832
"../../../Engine/Content/EngineMaterials/Substrate/Glints2/dict_0002_0182.uasset" 9833
"../../../Engine/Content/EngineMaterials/Substrate/Glints2/dict_0002_0183.uasset" 9834
"../../../Engine/Content/EngineMaterials/Substrate/Glints2/dict_0002_0174.uasset" 9835
"../../../Engine/Content/EngineMaterials/Substrate/Glints2/dict_0002_0172.uasset" 9836
"../../../Engine/Content/EngineMaterials/Substrate/Glints2/dict_0002_0178.uasset" 9837
"../../../Engine/Content/EngineMaterials/Substrate/Glints2/dict_0002_0173.uasset" 9838
"../../../Engine/Content/EngineMaterials/Substrate/Glints2/dict_0002_0179.uasset" 9839
"../../../Engine/Content/EngineMaterials/Substrate/Glints2/dict_0002_0180.uasset" 9840
"../../../Engine/Content/EngineMaterials/Substrate/Glints2/dict_0002_0171.uasset" 9841
"../../../Engine/Content/EngineMaterials/Substrate/Glints2/dict_0002_0177.uasset" 9842
"../../../Engine/Content/EngineMaterials/Substrate/Glints2/dict_0002_0175.uasset" 9843
"../../../Engine/Content/EngineMaterials/Substrate/Glints2/dict_0002_0176.uasset" 9844
"../../../Engine/Content/EngineMaterials/Substrate/Glints2/dict_0002_0169.uasset" 9845
"/Engine/EngineMaterials/Substrate/Glints2/dict_0002_0179" 9846
"../../../Engine/Content/EngineMaterials/Substrate/Glints2/dict_0002_0168.uasset" 9847
"../../../Engine/Content/EngineMaterials/Substrate/Glints2/dict_0002_0166.uasset" 9848
"../../../Engine/Content/EngineMaterials/Substrate/Glints2/dict_0002_0165.uasset" 9849
"../../../Engine/Content/EngineMaterials/Substrate/Glints2/dict_0002_0164.uasset" 9850
"../../../Engine/Content/EngineMaterials/Substrate/Glints2/dict_0002_0170.uasset" 9851
"../../../Engine/Content/EngineMaterials/Substrate/Glints2/dict_0002_0163.uasset" 9852
"/Engine/EngineMaterials/Substrate/Glints2/dict_0002_0180" 9853
"/Engine/EngineMaterials/Substrate/Glints2/dict_0002_0181" 9854
"/Engine/EngineMaterials/Substrate/Glints2/dict_0002_0169" 9855
"/Engine/EngineMaterials/Substrate/Glints2/dict_0002_0171" 9856
"/Engine/EngineMaterials/Substrate/Glints2/dict_0002_0182" 9857
"../../../Engine/Content/EngineMaterials/Substrate/Glints2/dict_0002_0160.uasset" 9858
"../../../Engine/Content/EngineMaterials/Substrate/Glints2/dict_0002_0162.uasset" 9859
"../../../Engine/Content/EngineMaterials/Substrate/Glints2/dict_0002_0159.uasset" 9860
"/Engine/EngineMaterials/Substrate/Glints2/dict_0002_0172" 9861
"/Engine/EngineMaterials/Substrate/Glints2/dict_0002_0173" 9862
"/Engine/EngineMaterials/Substrate/Glints2/dict_0002_0174" 9863
"../../../Engine/Content/EngineMaterials/Substrate/Glints2/dict_0002_0161.uasset" 9864
"/Engine/EngineMaterials/Substrate/Glints2/dict_0002_0175" 9865
"../../../Engine/Content/EngineMaterials/Substrate/Glints2/dict_0002_0167.uasset" 9866
"/Engine/EngineMaterials/Substrate/Glints2/dict_0002_0176" 9867
"/Engine/EngineMaterials/Substrate/Glints2/dict_0002_0183" 9868
"/Engine/EngineMaterials/Substrate/Glints2/dict_0002_0177" 9869
"/Engine/EngineMaterials/Substrate/Glints2/dict_0002_0178" 9870
"/Engine/EngineMaterials/Substrate/Glints2/dict_0002_0165" 9871
"/Engine/EngineMaterials/Substrate/Glints2/dict_0002_0166" 9872
"/Engine/EngineMaterials/Substrate/Glints2/dict_0002_0167" 9873
"/Engine/EngineMaterials/Substrate/Glints2/dict_0002_0168" 9874
"/Engine/EngineMaterials/Substrate/Glints2/dict_0002_0159" 9875
"/Engine/EngineMaterials/Substrate/Glints2/dict_0002_0160" 9876
"/Engine/EngineMaterials/Substrate/Glints2/dict_0002_0161" 9877
"/Engine/EngineMaterials/Substrate/Glints2/dict_0002_0170" 9878
"../../../Engine/Content/EngineMaterials/Substrate/Glints2/dict_0002_0157.uasset" 9879
"/Engine/EngineMaterials/Substrate/Glints2/dict_0002_0162" 9880
"../../../Engine/Content/EngineMaterials/Substrate/Glints2/dict_0002_0156.uasset" 9881
"../../../Engine/Content/EngineMaterials/Substrate/Glints2/dict_0002_0158.uasset" 9882
"../../../Engine/Content/EngineMaterials/Substrate/Glints2/dict_0002_0155.uasset" 9883
"../../../Engine/Content/EngineMaterials/Substrate/Glints2/dict_0002_0152.uasset" 9884
"/Engine/EngineMaterials/Substrate/Glints2/dict_0002_0163" 9885
"../../../Engine/Content/EngineMaterials/Substrate/Glints2/dict_0002_0153.uasset" 9886
"/Engine/EngineMaterials/Substrate/Glints2/dict_0002_0164" 9887
"/Engine/EngineMaterials/Substrate/Glints2/dict_0002_0153" 9888
"/Engine/EngineMaterials/Substrate/Glints2/dict_0002_0155" 9889
"/Engine/EngineMaterials/Substrate/Glints2/dict_0002_0156" 9890
"/Engine/EngineMaterials/Substrate/Glints2/dict_0002_0157" 9891
"/Engine/EngineMaterials/Substrate/Glints2/dict_0002_0158" 9892
"/Engine/EngineMaterials/Substrate/Glints2/dict_0002_0152" 9893
"../../../Engine/Content/EngineMaterials/Substrate/Glints2/dict_0002_0154.uasset" 9894
"/Engine/EngineMaterials/Substrate/Glints2/dict_0002_0154" 9895
"../../../Engine/Content/EngineMaterials/Substrate/Glints2/dict_0002_0141.uasset" 9896
"../../../Engine/Content/EngineMaterials/Substrate/Glints2/dict_0002_0145.uasset" 9897
"../../../Engine/Content/EngineMaterials/Substrate/Glints2/dict_0002_0150.uasset" 9898
"../../../Engine/Content/EngineMaterials/Substrate/Glints2/dict_0002_0146.uasset" 9899
"../../../Engine/Content/EngineMaterials/Substrate/Glints2/dict_0002_0147.uasset" 9900
"../../../Engine/Content/EngineMaterials/Substrate/Glints2/dict_0002_0143.uasset" 9901
"../../../Engine/Content/EngineMaterials/Substrate/Glints2/dict_0002_0144.uasset" 9902
"../../../Engine/Content/EngineMaterials/Substrate/Glints2/dict_0002_0151.uasset" 9903
"../../../Engine/Content/EngineMaterials/Substrate/Glints2/dict_0002_0140.uasset" 9904
"../../../Engine/Content/EngineMaterials/Substrate/Glints2/dict_0002_0149.uasset" 9905
"../../../Engine/Content/EngineMaterials/Substrate/Glints2/dict_0002_0138.uasset" 9906
"../../../Engine/Content/EngineMaterials/Substrate/Glints2/dict_0002_0142.uasset" 9907
"../../../Engine/Content/EngineMaterials/Substrate/Glints2/dict_0002_0148.uasset" 9908
"/Engine/EngineMaterials/Substrate/Glints2/dict_0002_0138" 9909
"/Engine/EngineMaterials/Substrate/Glints2/dict_0002_0140" 9910
"../../../Engine/Content/EngineMaterials/Substrate/Glints2/dict_0002_0139.uasset" 9911
"../../../Engine/Content/EngineMaterials/Substrate/Glints2/dict_0002_0132.uasset" 9912
"/Engine/EngineMaterials/Substrate/Glints2/dict_0002_0141" 9913
"../../../Engine/Content/EngineMaterials/Substrate/Glints2/dict_0002_0135.uasset" 9914
"../../../Engine/Content/EngineMaterials/Substrate/Glints2/dict_0002_0136.uasset" 9915
"../../../Engine/Content/EngineMaterials/Substrate/Glints2/dict_0002_0133.uasset" 9916
"../../../Engine/Content/EngineMaterials/Substrate/Glints2/dict_0002_0137.uasset" 9917
"../../../Engine/Content/EngineMaterials/Substrate/Glints2/dict_0002_0134.uasset" 9918
"/Engine/EngineMaterials/Substrate/Glints2/dict_0002_0142" 9919
"/Engine/EngineMaterials/Substrate/Glints2/dict_0002_0143" 9920
"/Engine/EngineMaterials/Substrate/Glints2/dict_0002_0144" 9921
"/Engine/EngineMaterials/Substrate/Glints2/dict_0002_0145" 9922
"/Engine/EngineMaterials/Substrate/Glints2/dict_0002_0146" 9923
"/Engine/EngineMaterials/Substrate/Glints2/dict_0002_0147" 9924
"/Engine/EngineMaterials/Substrate/Glints2/dict_0002_0148" 9925
"/Engine/EngineMaterials/Substrate/Glints2/dict_0002_0149" 9926
"/Engine/EngineMaterials/Substrate/Glints2/dict_0002_0150" 9927
"/Engine/EngineMaterials/Substrate/Glints2/dict_0002_0151" 9928
"../../../Engine/Content/EngineMaterials/Substrate/Glints2/dict_0002_0130.uasset" 9929
"/Engine/EngineMaterials/Substrate/Glints2/dict_0002_0139" 9930
"/Engine/EngineMaterials/Substrate/Glints2/dict_0002_0130" 9931
"/Engine/EngineMaterials/Substrate/Glints2/dict_0002_0132" 9932
"/Engine/EngineMaterials/Substrate/Glints2/dict_0002_0133" 9933
"/Engine/EngineMaterials/Substrate/Glints2/dict_0002_0134" 9934
"/Engine/EngineMaterials/Substrate/Glints2/dict_0002_0135" 9935
"../../../Engine/Content/EngineMaterials/Substrate/Glints2/dict_0002_0131.uasset" 9936
"../../../Engine/Content/EngineMaterials/Substrate/Glints2/dict_0002_0128.uasset" 9937
"../../../Engine/Content/EngineMaterials/Substrate/Glints2/dict_0002_0129.uasset" 9938
"/Engine/EngineMaterials/Substrate/Glints2/dict_0002_0136" 9939
"/Engine/EngineMaterials/Substrate/Glints2/dict_0002_0137" 9940
"/Engine/EngineMaterials/Substrate/Glints2/dict_0002_0128" 9941
"/Engine/EngineMaterials/Substrate/Glints2/dict_0002_0129" 9942
"../../../Engine/Content/EngineMaterials/Substrate/Glints2/dict_0002_0126.uasset" 9943
"/Engine/EngineMaterials/Substrate/Glints2/dict_0002_0131" 9944
"/Engine/EngineMaterials/Substrate/Glints2/dict_0002_0126" 9945
"../../../Engine/Content/EngineMaterials/Substrate/Glints2/dict_0002_0124.uasset" 9946
"../../../Engine/Content/EngineMaterials/Substrate/Glints2/dict_0002_0120.uasset" 9947
"../../../Engine/Content/EngineMaterials/Substrate/Glints2/dict_0002_0127.uasset" 9948
"../../../Engine/Content/EngineMaterials/Substrate/Glints2/dict_0002_0123.uasset" 9949
"../../../Engine/Content/EngineMaterials/Substrate/Glints2/dict_0002_0122.uasset" 9950
"../../../Engine/Content/EngineMaterials/Substrate/Glints2/dict_0002_0125.uasset" 9951
"../../../Engine/Content/EngineMaterials/Substrate/Glints2/dict_0002_0117.uasset" 9952
"../../../Engine/Content/EngineMaterials/Substrate/Glints2/dict_0002_0118.uasset" 9953
"../../../Engine/Content/EngineMaterials/Substrate/Glints2/dict_0002_0121.uasset" 9954
"../../../Engine/Content/EngineMaterials/Substrate/Glints2/dict_0002_0114.uasset" 9955
"../../../Engine/Content/EngineMaterials/Substrate/Glints2/dict_0002_0116.uasset" 9956
"../../../Engine/Content/EngineMaterials/Substrate/Glints2/dict_0002_0119.uasset" 9957
"../../../Engine/Content/EngineMaterials/Substrate/Glints2/dict_0002_0113.uasset" 9958
"../../../Engine/Content/EngineMaterials/Substrate/Glints2/dict_0002_0115.uasset" 9959
"/Engine/EngineMaterials/Substrate/Glints2/dict_0002_0127" 9960
"../../../Engine/Content/EngineMaterials/Substrate/Glints2/dict_0002_0108.uasset" 9961
"../../../Engine/Content/EngineMaterials/Substrate/Glints2/dict_0002_0110.uasset" 9962
"../../../Engine/Content/EngineMaterials/Substrate/Glints2/dict_0002_0111.uasset" 9963
"/Engine/EngineMaterials/Substrate/Glints2/dict_0002_0121" 9964
"/Engine/EngineMaterials/Substrate/Glints2/dict_0002_0120" 9965
"/Engine/EngineMaterials/Substrate/Glints2/dict_0002_0122" 9966
"/Engine/EngineMaterials/Substrate/Glints2/dict_0002_0123" 9967
"/Engine/EngineMaterials/Substrate/Glints2/dict_0002_0124" 9968
"/Engine/EngineMaterials/Substrate/Glints2/dict_0002_0125" 9969
"/Engine/EngineMaterials/Substrate/Glints2/dict_0002_0113" 9970
"../../../Engine/Content/EngineMaterials/Substrate/Glints2/dict_0002_0112.uasset" 9971
"/Engine/EngineMaterials/Substrate/Glints2/dict_0002_0114" 9972
"/Engine/EngineMaterials/Substrate/Glints2/dict_0002_0115" 9973
"/Engine/EngineMaterials/Substrate/Glints2/dict_0002_0116" 9974
"/Engine/EngineMaterials/Substrate/Glints2/dict_0002_0117" 9975
"/Engine/EngineMaterials/Substrate/Glints2/dict_0002_0118" 9976
"/Engine/EngineMaterials/Substrate/Glints2/dict_0002_0119" 9977
"../../../Engine/Content/EngineMaterials/Substrate/Glints2/dict_0002_0099.uasset" 9978
"../../../Engine/Content/EngineMaterials/Substrate/Glints2/dict_0002_0103.uasset" 9979
"/Engine/EngineMaterials/Substrate/Glints2/dict_0002_0108" 9980
"../../../Engine/Content/EngineMaterials/Substrate/Glints2/dict_0002_0106.uasset" 9981
"/Engine/EngineMaterials/Substrate/Glints2/dict_0002_0110" 9982
"/Engine/EngineMaterials/Substrate/Glints2/dict_0002_0111" 9983
"/Engine/EngineMaterials/Substrate/Glints2/dict_0002_0112" 9984
"../../../Engine/Content/EngineMaterials/Substrate/Glints2/dict_0002_0109.uasset" 9985
"../../../Engine/Content/EngineMaterials/Substrate/Glints2/dict_0002_0104.uasset" 9986
"../../../Engine/Content/EngineMaterials/Substrate/Glints2/dict_0002_0107.uasset" 9987
"../../../Engine/Content/EngineMaterials/Substrate/Glints2/dict_0002_0105.uasset" 9988
"/Engine/EngineMaterials/Substrate/Glints2/dict_0002_0107" 9989
"/Engine/EngineMaterials/Substrate/Glints2/dict_0002_0099" 9990
"../../../Engine/Content/EngineMaterials/Substrate/Glints2/dict_0002_0102.uasset" 9991
"/Engine/EngineMaterials/Substrate/Glints2/dict_0002_0109" 9992
"/Engine/EngineMaterials/Substrate/Glints2/dict_0002_0103" 9993
"/Engine/EngineMaterials/Substrate/Glints2/dict_0002_0104" 9994
"/Engine/EngineMaterials/Substrate/Glints2/dict_0002_0106" 9995
"/Engine/EngineMaterials/Substrate/Glints2/dict_0002_0102" 9996
"/Engine/EngineMaterials/Substrate/Glints2/dict_0002_0105" 9997
"../../../Engine/Content/EngineMaterials/Substrate/Glints2/dict_0002_0097.uasset" 9998
"../../../Engine/Content/EngineMaterials/Substrate/Glints2/dict_0002_0100.uasset" 9999
"../../../Engine/Content/EngineMaterials/Substrate/Glints2/dict_0002_0101.uasset" 10000
"../../../Engine/Content/EngineMaterials/Substrate/Glints2/dict_0002_0098.uasset" 10001
"../../../Engine/Content/EngineMaterials/Substrate/Glints2/dict_0002_0094.uasset" 10002
"../../../Engine/Content/EngineMaterials/Substrate/Glints2/dict_0002_0093.uasset" 10003
"../../../Engine/Content/EngineMaterials/Substrate/Glints2/dict_0002_0092.uasset" 10004
"../../../Engine/Content/EngineMaterials/Substrate/Glints2/dict_0002_0096.uasset" 10005
"../../../Engine/Content/EngineMaterials/Substrate/Glints2/dict_0002_0088.uasset" 10006
"../../../Engine/Content/EngineMaterials/Substrate/Glints2/dict_0002_0091.uasset" 10007
"../../../Engine/Content/EngineMaterials/Substrate/Glints2/dict_0002_0087.uasset" 10008
"../../../Engine/Content/EngineMaterials/Substrate/Glints2/dict_0002_0095.uasset" 10009
"../../../Engine/Content/EngineMaterials/Substrate/Glints2/dict_0002_0090.uasset" 10010
"../../../Engine/Content/EngineMaterials/Substrate/Glints2/dict_0002_0086.uasset" 10011
"../../../Engine/Content/EngineMaterials/Substrate/Glints2/dict_0002_0089.uasset" 10012
"../../../Engine/Content/EngineMaterials/Substrate/Glints2/dict_0002_0085.uasset" 10013
"../../../Engine/Content/EngineMaterials/Substrate/Glints2/dict_0002_0084.uasset" 10014
"/Engine/EngineMaterials/Substrate/Glints2/dict_0002_0096" 10015
"/Engine/EngineMaterials/Substrate/Glints2/dict_0002_0097" 10016
"../../../Engine/Content/EngineMaterials/Substrate/Glints2/dict_0002_0075.uasset" 10017
"../../../Engine/Content/EngineMaterials/Substrate/Glints2/dict_0002_0078.uasset" 10018
"../../../Engine/Content/EngineMaterials/Substrate/Glints2/dict_0002_0077.uasset" 10019
"../../../Engine/Content/EngineMaterials/Substrate/Glints2/dict_0002_0079.uasset" 10020
"../../../Engine/Content/EngineMaterials/Substrate/Glints2/dict_0002_0081.uasset" 10021
"../../../Engine/Content/EngineMaterials/Substrate/Glints2/dict_0002_0080.uasset" 10022
"/Engine/EngineMaterials/Substrate/Glints2/dict_0002_0100" 10023
"../../../Engine/Content/EngineMaterials/Substrate/Glints2/dict_0002_0082.uasset" 10024
"../../../Engine/Content/EngineMaterials/Substrate/Glints2/dict_0002_0083.uasset" 10025
"/Engine/EngineMaterials/Substrate/Glints2/dict_0002_0084" 10026
"/Engine/EngineMaterials/Substrate/Glints2/dict_0002_0085" 10027
"/Engine/EngineMaterials/Substrate/Glints2/dict_0002_0086" 10028
"/Engine/EngineMaterials/Substrate/Glints2/dict_0002_0087" 10029
"/Engine/EngineMaterials/Substrate/Glints2/dict_0002_0098" 10030
"/Engine/EngineMaterials/Substrate/Glints2/dict_0002_0101" 10031
"/Engine/EngineMaterials/Substrate/Glints2/dict_0002_0088" 10032
"/Engine/EngineMaterials/Substrate/Glints2/dict_0002_0089" 10033
"/Engine/EngineMaterials/Substrate/Glints2/dict_0002_0090" 10034
"/Engine/EngineMaterials/Substrate/Glints2/dict_0002_0091" 10035
"../../../Engine/Content/EngineMaterials/Substrate/Glints2/dict_0002_0076.uasset" 10036
"/Engine/EngineMaterials/Substrate/Glints2/dict_0002_0092" 10037
"/Engine/EngineMaterials/Substrate/Glints2/dict_0002_0095" 10038
"/Engine/EngineMaterials/Substrate/Glints2/dict_0002_0093" 10039
"/Engine/EngineMaterials/Substrate/Glints2/dict_0002_0094" 10040
"/Engine/EngineMaterials/Substrate/Glints2/dict_0002_0081" 10041
"/Engine/EngineMaterials/Substrate/Glints2/dict_0002_0082" 10042
"../../../Engine/Content/EngineMaterials/Substrate/Glints2/dict_0002_0074.uasset" 10043
"/Engine/EngineMaterials/Substrate/Glints2/dict_0002_0077" 10044
"/Engine/EngineMaterials/Substrate/Glints2/dict_0002_0083" 10045
"../../../Engine/Content/EngineMaterials/Substrate/Glints2/dict_0002_0072.uasset" 10046
"../../../Engine/Content/EngineMaterials/Substrate/Glints2/dict_0002_0073.uasset" 10047
"/Engine/EngineMaterials/Substrate/Glints2/dict_0002_0078" 10048
"/Engine/EngineMaterials/Substrate/Glints2/dict_0002_0079" 10049
"/Engine/EngineMaterials/Substrate/Glints2/dict_0002_0080" 10050
"/Engine/EngineMaterials/Substrate/Glints2/dict_0002_0075" 10051
"../../../Engine/Content/EngineMaterials/Substrate/Glints2/dict_0002_0071.uasset" 10052
"/Engine/EngineMaterials/Substrate/Glints2/dict_0002_0076" 10053
"/Engine/EngineMaterials/Substrate/Glints2/dict_0002_0071" 10054
"/Engine/EngineMaterials/Substrate/Glints2/dict_0002_0072" 10055
"/Engine/EngineMaterials/Substrate/Glints2/dict_0002_0073" 10056
"../../../Engine/Content/EngineMaterials/Substrate/Glints2/dict_0002_0070.uasset" 10057
"/Engine/EngineMaterials/Substrate/Glints2/dict_0002_0074" 10058
"/Engine/EngineMaterials/Substrate/Glints2/dict_0002_0070" 10059
"../../../Engine/Content/EngineMaterials/Substrate/Glints2/dict_0002_0069.uasset" 10060
"../../../Engine/Content/EngineMaterials/Substrate/Glints2/dict_0002_0064.uasset" 10061
"../../../Engine/Content/EngineMaterials/Substrate/Glints2/dict_0002_0063.uasset" 10062
"../../../Engine/Content/EngineMaterials/Substrate/Glints2/dict_0002_0065.uasset" 10063
"../../../Engine/Content/EngineMaterials/Substrate/Glints2/dict_0002_0062.uasset" 10064
"../../../Engine/Content/EngineMaterials/Substrate/Glints2/dict_0002_0061.uasset" 10065
"../../../Engine/Content/EngineMaterials/Substrate/Glints2/dict_0002_0066.uasset" 10066
"../../../Engine/Content/EngineMaterials/Substrate/Glints2/dict_0002_0060.uasset" 10067
"../../../Engine/Content/EngineMaterials/Substrate/Glints2/dict_0002_0067.uasset" 10068
"../../../Engine/Content/EngineMaterials/Substrate/Glints2/dict_0002_0068.uasset" 10069
"../../../Engine/Content/EngineMaterials/Substrate/Glints2/dict_0002_0057.uasset" 10070
"../../../Engine/Content/EngineMaterials/Substrate/Glints2/dict_0002_0058.uasset" 10071
"../../../Engine/Content/EngineMaterials/Substrate/Glints2/dict_0002_0059.uasset" 10072
"../../../Engine/Content/EngineMaterials/Substrate/Glints2/dict_0002_0056.uasset" 10073
"/Engine/EngineMaterials/Substrate/Glints2/dict_0002_0056" 10074
"/Engine/EngineMaterials/Substrate/Glints2/dict_0002_0057" 10075
"/Engine/EngineMaterials/Substrate/Glints2/dict_0002_0058" 10076
"../../../Engine/Content/EngineMaterials/Substrate/Glints2/dict_0002_0053.uasset" 10077
"../../../Engine/Content/EngineMaterials/Substrate/Glints2/dict_0002_0055.uasset" 10078
"../../../Engine/Content/EngineMaterials/Substrate/Glints2/dict_0002_0046.uasset" 10079
"../../../Engine/Content/EngineMaterials/Substrate/Glints2/dict_0002_0052.uasset" 10080
"../../../Engine/Content/EngineMaterials/Substrate/Glints2/dict_0002_0047.uasset" 10081
"../../../Engine/Content/EngineMaterials/Substrate/Glints2/dict_0002_0048.uasset" 10082
"../../../Engine/Content/EngineMaterials/Substrate/Glints2/dict_0002_0050.uasset" 10083
"../../../Engine/Content/EngineMaterials/Substrate/Glints2/dict_0002_0049.uasset" 10084
"/Engine/EngineMaterials/Substrate/Glints2/dict_0002_0059" 10085
"/Engine/EngineMaterials/Substrate/Glints2/dict_0002_0060" 10086
"../../../Engine/Content/EngineMaterials/Substrate/Glints2/dict_0002_0045.uasset" 10087
"/Engine/EngineMaterials/Substrate/Glints2/dict_0002_0069" 10088
"/Engine/EngineMaterials/Substrate/Glints2/dict_0002_0061" 10089
"/Engine/EngineMaterials/Substrate/Glints2/dict_0002_0062" 10090
"/Engine/EngineMaterials/Substrate/Glints2/dict_0002_0063" 10091
"/Engine/EngineMaterials/Substrate/Glints2/dict_0002_0064" 10092
"/Engine/EngineMaterials/Substrate/Glints2/dict_0002_0065" 10093
"/Engine/EngineMaterials/Substrate/Glints2/dict_0002_0066" 10094
"/Engine/EngineMaterials/Substrate/Glints2/dict_0002_0067" 10095
"../../../Engine/Content/EngineMaterials/Substrate/Glints2/dict_0002_0051.uasset" 10096
"../../../Engine/Content/EngineMaterials/Substrate/Glints2/dict_0002_0054.uasset" 10097
"/Engine/EngineMaterials/Substrate/Glints2/dict_0002_0068" 10098
"/Engine/EngineMaterials/Substrate/Glints2/dict_0002_0052" 10099
"../../../Engine/Content/EngineMaterials/Substrate/Glints2/dict_0002_0043.uasset" 10100
"/Engine/EngineMaterials/Substrate/Glints2/dict_0002_0053" 10101
"/Engine/EngineMaterials/Substrate/Glints2/dict_0002_0054" 10102
"/Engine/EngineMaterials/Substrate/Glints2/dict_0002_0045" 10103
"/Engine/EngineMaterials/Substrate/Glints2/dict_0002_0046" 10104
"/Engine/EngineMaterials/Substrate/Glints2/dict_0002_0055" 10105
"/Engine/EngineMaterials/Substrate/Glints2/dict_0002_0047" 10106
"/Engine/EngineMaterials/Substrate/Glints2/dict_0002_0048" 10107
"/Engine/EngineMaterials/Substrate/Glints2/dict_0002_0049" 10108
"/Engine/EngineMaterials/Substrate/Glints2/dict_0002_0050" 10109
"../../../Engine/Content/EngineMaterials/Substrate/Glints2/dict_0002_0040.uasset" 10110
"../../../Engine/Content/EngineMaterials/Substrate/Glints2/dict_0002_0041.uasset" 10111
"../../../Engine/Content/EngineMaterials/Substrate/Glints2/dict_0002_0038.uasset" 10112
"../../../Engine/Content/EngineMaterials/Substrate/Glints2/dict_0002_0039.uasset" 10113
"/Engine/EngineMaterials/Substrate/Glints2/dict_0002_0051" 10114
"/Engine/EngineMaterials/Substrate/Glints2/dict_0002_0043" 10115
"/Engine/EngineMaterials/Substrate/Glints2/dict_0002_0039" 10116
"../../../Engine/Content/EngineMaterials/Substrate/Glints2/dict_0002_0044.uasset" 10117
"/Engine/EngineMaterials/Substrate/Glints2/dict_0002_0040" 10118
"/Engine/EngineMaterials/Substrate/Glints2/dict_0002_0041" 10119
"/Engine/EngineMaterials/Substrate/Glints2/dict_0002_0038" 10120
"/Engine/EngineMaterials/Substrate/Glints2/dict_0002_0044" 10121
"../../../Engine/Content/EngineMaterials/Substrate/Glints2/dict_0002_0042.uasset" 10122
"../../../Engine/Content/EngineMaterials/Substrate/Glints2/dict_0002_0030.uasset" 10123
"../../../Engine/Content/EngineMaterials/Substrate/Glints2/dict_0002_0034.uasset" 10124
"../../../Engine/Content/EngineMaterials/Substrate/Glints2/dict_0002_0033.uasset" 10125
"../../../Engine/Content/EngineMaterials/Substrate/Glints2/dict_0002_0035.uasset" 10126
"../../../Engine/Content/EngineMaterials/Substrate/Glints2/dict_0002_0032.uasset" 10127
"../../../Engine/Content/EngineMaterials/Substrate/Glints2/dict_0002_0028.uasset" 10128
"../../../Engine/Content/EngineMaterials/Substrate/Glints2/dict_0002_0036.uasset" 10129
"../../../Engine/Content/EngineMaterials/Substrate/Glints2/dict_0002_0031.uasset" 10130
"../../../Engine/Content/EngineMaterials/Substrate/Glints2/dict_0002_0026.uasset" 10131
"../../../Engine/Content/EngineMaterials/Substrate/Glints2/dict_0002_0029.uasset" 10132
"../../../Engine/Content/EngineMaterials/Substrate/Glints2/dict_0002_0037.uasset" 10133
"../../../Engine/Content/EngineMaterials/Substrate/Glints2/dict_0002_0027.uasset" 10134
"../../../Engine/Content/EngineMaterials/Substrate/Glints2/dict_0002_0025.uasset" 10135
"../../../Engine/Content/EngineMaterials/Substrate/Glints2/dict_0002_0019.uasset" 10136
"../../../Engine/Content/EngineMaterials/Substrate/Glints2/dict_0002_0021.uasset" 10137
"../../../Engine/Content/EngineMaterials/Substrate/Glints2/dict_0002_0022.uasset" 10138
"../../../Engine/Content/EngineMaterials/Substrate/Glints2/dict_0002_0020.uasset" 10139
"../../../Engine/Content/EngineMaterials/Substrate/Glints2/dict_0002_0023.uasset" 10140
"../../../Engine/Content/EngineMaterials/Substrate/Glints2/dict_0002_0024.uasset" 10141
"/Engine/EngineMaterials/Substrate/Glints2/dict_0002_0025" 10142
"/Engine/EngineMaterials/Substrate/Glints2/dict_0002_0026" 10143
"/Engine/EngineMaterials/Substrate/Glints2/dict_0002_0027" 10144
"/Engine/EngineMaterials/Substrate/Glints2/dict_0002_0028" 10145
"/Engine/EngineMaterials/Substrate/Glints2/dict_0002_0029" 10146
"/Engine/EngineMaterials/Substrate/Glints2/dict_0002_0042" 10147
"../../../Engine/Content/EngineMaterials/Substrate/Glints2/dict_0002_0013.uasset" 10148
"../../../Engine/Content/EngineMaterials/Substrate/Glints2/dict_0002_0015.uasset" 10149
"/Engine/EngineMaterials/Substrate/Glints2/dict_0002_0019" 10150
"/Engine/EngineMaterials/Substrate/Glints2/dict_0002_0020" 10151
"/Engine/EngineMaterials/Substrate/Glints2/dict_0002_0021" 10152
"/Engine/EngineMaterials/Substrate/Glints2/dict_0002_0030" 10153
"../../../Engine/Content/EngineMaterials/Substrate/Glints2/dict_0002_0016.uasset" 10154
"/Engine/EngineMaterials/Substrate/Glints2/dict_0002_0031" 10155
"../../../Engine/Content/EngineMaterials/Substrate/Glints2/dict_0002_0012.uasset" 10156
"/Engine/EngineMaterials/Substrate/Glints2/dict_0002_0032" 10157
"../../../Engine/Content/EngineMaterials/Substrate/Glints2/dict_0002_0014.uasset" 10158
"/Engine/EngineMaterials/Substrate/Glints2/dict_0002_0033" 10159
"/Engine/EngineMaterials/Substrate/Glints2/dict_0002_0034" 10160
"../../../Engine/Content/EngineMaterials/Substrate/Glints2/dict_0002_0018.uasset" 10161
"../../../Engine/Content/EngineMaterials/Substrate/Glints2/dict_0002_0017.uasset" 10162
"/Engine/EngineMaterials/Substrate/Glints2/dict_0002_0035" 10163
"/Engine/EngineMaterials/Substrate/Glints2/dict_0002_0022" 10164
"/Engine/EngineMaterials/Substrate/Glints2/dict_0002_0036" 10165
"/Engine/EngineMaterials/Substrate/Glints2/dict_0002_0023" 10166
"/Engine/EngineMaterials/Substrate/Glints2/dict_0002_0037" 10167
"/Engine/EngineMaterials/Substrate/Glints2/dict_0002_0013" 10168
"../../../Engine/Content/EngineMaterials/Substrate/Glints2/dict_0002_0011.uasset" 10169
"../../../Engine/Content/EngineMaterials/Substrate/Glints2/dict_0002_0010.uasset" 10170
"../../../Engine/Content/EngineMaterials/Substrate/Glints2/dict_0002_0007.uasset" 10171
"../../../Engine/Content/EngineMaterials/Substrate/Glints2/dict_0002_0009.uasset" 10172
"/Engine/EngineMaterials/Substrate/Glints2/dict_0002_0014" 10173
"/Engine/EngineMaterials/Substrate/Glints2/dict_0002_0015" 10174
"/Engine/EngineMaterials/Substrate/Glints2/dict_0002_0016" 10175
"/Engine/EngineMaterials/Substrate/Glints2/dict_0002_0017" 10176
"../../../Engine/Content/EngineMaterials/Substrate/Glints2/dict_0002_0008.uasset" 10177
"/Engine/EngineMaterials/Substrate/Glints2/dict_0002_0018" 10178
"/Engine/EngineMaterials/Substrate/Glints2/dict_0002_0024" 10179
"/Engine/EngineMaterials/Substrate/Glints2/dict_0002_0012" 10180
"/Engine/EngineMaterials/Substrate/Glints2/dict_0002_0008" 10181
"/Engine/EngineMaterials/Substrate/Glints2/dict_0002_0007" 10182
"/Engine/EngineMaterials/Substrate/Glints2/dict_0002_0009" 10183
"/Engine/EngineMaterials/Substrate/Glints2/dict_0002_0010" 10184
"/Engine/EngineMaterials/Substrate/Glints2/dict_0002_0011" 10185
"../../../Engine/Content/EngineMaterials/Substrate/Glints2/dict_0002_0001.uasset" 10186
"../../../Engine/Content/EngineMaterials/Substrate/Glints2/dict_0002_0006.uasset" 10187
"../../../Engine/Content/EngineMaterials/Substrate/Glints2/dict_0002_0002.uasset" 10188
"../../../Engine/Content/EngineMaterials/Substrate/Glints2/dict_0001_0252.uasset" 10189
"../../../Engine/Content/EngineMaterials/Substrate/Glints2/dict_0002_0000.uasset" 10190
"../../../Engine/Content/EngineMaterials/Substrate/Glints2/dict_0001_0253.uasset" 10191
"../../../Engine/Content/EngineMaterials/Substrate/Glints2/dict_0001_0249.uasset" 10192
"../../../Engine/Content/EngineMaterials/Substrate/Glints2/dict_0002_0003.uasset" 10193
"../../../Engine/Content/EngineMaterials/Substrate/Glints2/dict_0002_0005.uasset" 10194
"../../../Engine/Content/EngineMaterials/Substrate/Glints2/dict_0001_0251.uasset" 10195
"/Engine/EngineMaterials/Substrate/Glints2/dict_0001_0249" 10196
"../../../Engine/Content/EngineMaterials/Substrate/Glints2/dict_0001_0255.uasset" 10197
"/Engine/EngineMaterials/Substrate/Glints2/dict_0001_0251" 10198
"/Engine/EngineMaterials/Substrate/Glints2/dict_0001_0252" 10199
"../../../Engine/Content/EngineMaterials/Substrate/Glints2/dict_0001_0250.uasset" 10200
"/Engine/EngineMaterials/Substrate/Glints2/dict_0001_0253" 10201
"/Engine/EngineMaterials/Substrate/Glints2/dict_0002_0000" 10202
"/Engine/EngineMaterials/Substrate/Glints2/dict_0002_0001" 10203
"/Engine/EngineMaterials/Substrate/Glints2/dict_0002_0002" 10204
"/Engine/EngineMaterials/Substrate/Glints2/dict_0002_0003" 10205
"/Engine/EngineMaterials/Substrate/Glints2/dict_0002_0005" 10206
"../../../Engine/Content/EngineMaterials/Substrate/Glints2/dict_0002_0004.uasset" 10207
"/Engine/EngineMaterials/Substrate/Glints2/dict_0002_0006" 10208
"../../../Engine/Content/EngineMaterials/Substrate/Glints2/dict_0001_0243.uasset" 10209
"../../../Engine/Content/EngineMaterials/Substrate/Glints2/dict_0001_0245.uasset" 10210
"../../../Engine/Content/EngineMaterials/Substrate/Glints2/dict_0001_0246.uasset" 10211
"../../../Engine/Content/EngineMaterials/Substrate/Glints2/dict_0001_0244.uasset" 10212
"../../../Engine/Content/EngineMaterials/Substrate/Glints2/dict_0001_0242.uasset" 10213
"../../../Engine/Content/EngineMaterials/Substrate/Glints2/dict_0001_0247.uasset" 10214
"/Engine/EngineMaterials/Substrate/Glints2/dict_0001_0242" 10215
"/Engine/EngineMaterials/Substrate/Glints2/dict_0001_0244" 10216
"../../../Engine/Content/EngineMaterials/Substrate/Glints2/dict_0001_0248.uasset" 10217
"/Engine/EngineMaterials/Substrate/Glints2/dict_0001_0245" 10218
"/Engine/EngineMaterials/Substrate/Glints2/dict_0001_0246" 10219
"/Engine/EngineMaterials/Substrate/Glints2/dict_0001_0247" 10220
"/Engine/EngineMaterials/Substrate/Glints2/dict_0001_0250" 10221
"/Engine/EngineMaterials/Substrate/Glints2/dict_0001_0255" 10222
"/Engine/EngineMaterials/Substrate/Glints2/dict_0002_0004" 10223
"/Engine/EngineMaterials/Substrate/Glints2/dict_0001_0243" 10224
"/Engine/EngineMaterials/Substrate/Glints2/dict_0001_0248" 10225
"../../../Engine/Content/EngineMaterials/Substrate/Glints2/dict_0001_0239.uasset" 10226
"../../../Engine/Content/EngineMaterials/Substrate/Glints2/dict_0001_0254.uasset" 10227
"../../../Engine/Content/EngineMaterials/Substrate/Glints2/dict_0001_0241.uasset" 10228
"../../../Engine/Content/EngineMaterials/Substrate/Glints2/dict_0001_0240.uasset" 10229
"../../../Engine/Content/EngineMaterials/Substrate/Glints2/dict_0001_0232.uasset" 10230
"../../../Engine/Content/EngineMaterials/Substrate/Glints2/dict_0001_0234.uasset" 10231
"../../../Engine/Content/EngineMaterials/Substrate/Glints2/dict_0001_0238.uasset" 10232
"../../../Engine/Content/EngineMaterials/Substrate/Glints2/dict_0001_0237.uasset" 10233
"../../../Engine/Content/EngineMaterials/Substrate/Glints2/dict_0001_0231.uasset" 10234
"../../../Engine/Content/EngineMaterials/Substrate/Glints2/dict_0001_0230.uasset" 10235
"../../../Engine/Content/EngineMaterials/Substrate/Glints2/dict_0001_0235.uasset" 10236
"../../../Engine/Content/EngineMaterials/Substrate/Glints2/dict_0001_0233.uasset" 10237
"/Engine/EngineMaterials/Substrate/Glints2/dict_0001_0231" 10238
"../../../Engine/Content/EngineMaterials/Substrate/Glints2/dict_0001_0236.uasset" 10239
"/Engine/EngineMaterials/Substrate/Glints2/dict_0001_0232" 10240
"../../../Engine/Content/EngineMaterials/Substrate/Glints2/dict_0001_0229.uasset" 10241
"../../../Engine/Content/EngineMaterials/Substrate/Glints2/dict_0001_0228.uasset" 10242
"/Engine/EngineMaterials/Substrate/Glints2/dict_0001_0233" 10243
"/Engine/EngineMaterials/Substrate/Glints2/dict_0001_0234" 10244
"/Engine/EngineMaterials/Substrate/Glints2/dict_0001_0237" 10245
"../../../Engine/Content/EngineMaterials/Substrate/Glints2/dict_0001_0224.uasset" 10246
"../../../Engine/Content/EngineMaterials/Substrate/Glints2/dict_0001_0225.uasset" 10247
"../../../Engine/Content/EngineMaterials/Substrate/Glints2/dict_0001_0223.uasset" 10248
"/Engine/EngineMaterials/Substrate/Glints2/dict_0001_0238" 10249
"../../../Engine/Content/EngineMaterials/Substrate/Glints2/dict_0001_0222.uasset" 10250
"../../../Engine/Content/EngineMaterials/Substrate/Glints2/dict_0001_0221.uasset" 10251
"../../../Engine/Content/EngineMaterials/Substrate/Glints2/dict_0001_0226.uasset" 10252
"/Engine/EngineMaterials/Substrate/Glints2/dict_0001_0239" 10253
"../../../Engine/Content/EngineMaterials/Substrate/Glints2/dict_0001_0227.uasset" 10254
"/Engine/EngineMaterials/Substrate/Glints2/dict_0001_0240" 10255
"/Engine/EngineMaterials/Substrate/Glints2/dict_0001_0241" 10256
"../../../Engine/Content/EngineMaterials/Substrate/Glints2/dict_0001_0219.uasset" 10257
"/Engine/EngineMaterials/Substrate/Glints2/dict_0001_0235" 10258
"/Engine/EngineMaterials/Substrate/Glints2/dict_0001_0254" 10259
"/Engine/EngineMaterials/Substrate/Glints2/dict_0001_0230" 10260
"/Engine/EngineMaterials/Substrate/Glints2/dict_0001_0236" 10261
"../../../Engine/Content/EngineMaterials/Substrate/Glints2/dict_0001_0215.uasset" 10262
"../../../Engine/Content/EngineMaterials/Substrate/Glints2/dict_0001_0220.uasset" 10263
"../../../Engine/Content/EngineMaterials/Substrate/Glints2/dict_0001_0214.uasset" 10264
"/Engine/EngineMaterials/Substrate/Glints2/dict_0001_0221" 10265
"../../../Engine/Content/EngineMaterials/Substrate/Glints2/dict_0001_0217.uasset" 10266
"/Engine/EngineMaterials/Substrate/Glints2/dict_0001_0222" 10267
"../../../Engine/Content/EngineMaterials/Substrate/Glints2/dict_0001_0218.uasset" 10268
"/Engine/EngineMaterials/Substrate/Glints2/dict_0001_0223" 10269
"/Engine/EngineMaterials/Substrate/Glints2/dict_0001_0224" 10270
"/Engine/EngineMaterials/Substrate/Glints2/dict_0001_0225" 10271
"/Engine/EngineMaterials/Substrate/Glints2/dict_0001_0226" 10272
"/Engine/EngineMaterials/Substrate/Glints2/dict_0001_0227" 10273
"/Engine/EngineMaterials/Substrate/Glints2/dict_0001_0228" 10274
"/Engine/EngineMaterials/Substrate/Glints2/dict_0001_0219" 10275
"/Engine/EngineMaterials/Substrate/Glints2/dict_0001_0229" 10276
"../../../Engine/Content/EngineMaterials/Substrate/Glints2/dict_0001_0212.uasset" 10277
"/Engine/EngineMaterials/Substrate/Glints2/dict_0001_0212" 10278
"/Engine/EngineMaterials/Substrate/Glints2/dict_0001_0214" 10279
"/Engine/EngineMaterials/Substrate/Glints2/dict_0001_0215" 10280
"/Engine/EngineMaterials/Substrate/Glints2/dict_0001_0217" 10281
"/Engine/EngineMaterials/Substrate/Glints2/dict_0001_0218" 10282
"../../../Engine/Content/EngineMaterials/Substrate/Glints2/dict_0001_0216.uasset" 10283
"/Engine/EngineMaterials/Substrate/Glints2/dict_0001_0220" 10284
"../../../Engine/Content/EngineMaterials/Substrate/Glints2/dict_0001_0213.uasset" 10285
"/Engine/EngineMaterials/Substrate/Glints2/dict_0001_0213" 10286
"/Engine/EngineMaterials/Substrate/Glints2/dict_0001_0216" 10287
"../../../Engine/Content/EngineMaterials/Substrate/Glints2/dict_0001_0211.uasset" 10288
"../../../Engine/Content/EngineMaterials/Substrate/Glints2/dict_0001_0201.uasset" 10289
"../../../Engine/Content/EngineMaterials/Substrate/Glints2/dict_0001_0209.uasset" 10290
"../../../Engine/Content/EngineMaterials/Substrate/Glints2/dict_0001_0204.uasset" 10291
"../../../Engine/Content/EngineMaterials/Substrate/Glints2/dict_0001_0207.uasset" 10292
"../../../Engine/Content/EngineMaterials/Substrate/Glints2/dict_0001_0206.uasset" 10293
"../../../Engine/Content/EngineMaterials/Substrate/Glints2/dict_0001_0208.uasset" 10294
"../../../Engine/Content/EngineMaterials/Substrate/Glints2/dict_0001_0202.uasset" 10295
"../../../Engine/Content/EngineMaterials/Substrate/Glints2/dict_0001_0205.uasset" 10296
"../../../Engine/Content/EngineMaterials/Substrate/Glints2/dict_0001_0210.uasset" 10297
"../../../Engine/Content/EngineMaterials/Substrate/Glints2/dict_0001_0200.uasset" 10298
"../../../Engine/Content/EngineMaterials/Substrate/Glints2/dict_0001_0203.uasset" 10299
"../../../Engine/Content/EngineMaterials/Substrate/Glints2/dict_0001_0188.uasset" 10300
"../../../Engine/Content/EngineMaterials/Substrate/Glints2/dict_0001_0197.uasset" 10301
"../../../Engine/Content/EngineMaterials/Substrate/Glints2/dict_0001_0191.uasset" 10302
"../../../Engine/Content/EngineMaterials/Substrate/Glints2/dict_0001_0194.uasset" 10303
"../../../Engine/Content/EngineMaterials/Substrate/Glints2/dict_0001_0196.uasset" 10304
"../../../Engine/Content/EngineMaterials/Substrate/Glints2/dict_0001_0190.uasset" 10305
"../../../Engine/Content/EngineMaterials/Substrate/Glints2/dict_0001_0199.uasset" 10306
"/Engine/EngineMaterials/Substrate/Glints2/dict_0001_0200" 10307
"/Engine/EngineMaterials/Substrate/Glints2/dict_0001_0201" 10308
"/Engine/EngineMaterials/Substrate/Glints2/dict_0001_0188" 10309
"../../../Engine/Content/EngineMaterials/Substrate/Glints2/dict_0001_0198.uasset" 10310
"../../../Engine/Content/EngineMaterials/Substrate/Glints2/dict_0001_0187.uasset" 10311
"../../../Engine/Content/EngineMaterials/Substrate/Glints2/dict_0001_0195.uasset" 10312
"../../../Engine/Content/EngineMaterials/Substrate/Glints2/dict_0001_0189.uasset" 10313
"/Engine/EngineMaterials/Substrate/Glints2/dict_0001_0202" 10314
"/Engine/EngineMaterials/Substrate/Glints2/dict_0001_0203" 10315
"../../../Engine/Content/EngineMaterials/Substrate/Glints2/dict_0001_0192.uasset" 10316
"/Engine/EngineMaterials/Substrate/Glints2/dict_0001_0204" 10317
"/Engine/EngineMaterials/Substrate/Glints2/dict_0001_0205" 10318
"../../../Engine/Content/EngineMaterials/Substrate/Glints2/dict_0001_0185.uasset" 10319
"../../../Engine/Content/EngineMaterials/Substrate/Glints2/dict_0001_0186.uasset" 10320
"../../../Engine/Content/EngineMaterials/Substrate/Glints2/dict_0001_0181.uasset" 10321
"../../../Engine/Content/EngineMaterials/Substrate/Glints2/dict_0001_0183.uasset" 10322
"../../../Engine/Content/EngineMaterials/Substrate/Glints2/dict_0001_0184.uasset" 10323
"/Engine/EngineMaterials/Substrate/Glints2/dict_0001_0206" 10324
"/Engine/EngineMaterials/Substrate/Glints2/dict_0001_0207" 10325
"/Engine/EngineMaterials/Substrate/Glints2/dict_0001_0211" 10326
"/Engine/EngineMaterials/Substrate/Glints2/dict_0001_0208" 10327
"/Engine/EngineMaterials/Substrate/Glints2/dict_0001_0191" 10328
"/Engine/EngineMaterials/Substrate/Glints2/dict_0001_0209" 10329
"/Engine/EngineMaterials/Substrate/Glints2/dict_0001_0194" 10330
"/Engine/EngineMaterials/Substrate/Glints2/dict_0001_0197" 10331
"/Engine/EngineMaterials/Substrate/Glints2/dict_0001_0210" 10332
"../../../Engine/Content/EngineMaterials/Substrate/Glints2/dict_0001_0180.uasset" 10333
"/Engine/EngineMaterials/Substrate/Glints2/dict_0001_0199" 10334
"/Engine/EngineMaterials/Substrate/Glints2/dict_0001_0180" 10335
"/Engine/EngineMaterials/Substrate/Glints2/dict_0001_0183" 10336
"/Engine/EngineMaterials/Substrate/Glints2/dict_0001_0184" 10337
"/Engine/EngineMaterials/Substrate/Glints2/dict_0001_0181" 10338
"/Engine/EngineMaterials/Substrate/Glints2/dict_0001_0189" 10339
"/Engine/EngineMaterials/Substrate/Glints2/dict_0001_0185" 10340
"/Engine/EngineMaterials/Substrate/Glints2/dict_0001_0190" 10341
"/Engine/EngineMaterials/Substrate/Glints2/dict_0001_0192" 10342
"/Engine/EngineMaterials/Substrate/Glints2/dict_0001_0186" 10343
"/Engine/EngineMaterials/Substrate/Glints2/dict_0001_0195" 10344
"../../../Engine/Content/EngineMaterials/Substrate/Glints2/dict_0001_0193.uasset" 10345
"/Engine/EngineMaterials/Substrate/Glints2/dict_0001_0196" 10346
"/Engine/EngineMaterials/Substrate/Glints2/dict_0001_0187" 10347
"/Engine/EngineMaterials/Substrate/Glints2/dict_0001_0198" 10348
"/Engine/EngineMaterials/Substrate/Glints2/dict_0001_0193" 10349
"../../../Engine/Content/EngineMaterials/Substrate/Glints2/dict_0001_0182.uasset" 10350
"../../../Engine/Content/EngineMaterials/Substrate/Glints2/dict_0001_0171.uasset" 10351
"../../../Engine/Content/EngineMaterials/Substrate/Glints2/dict_0001_0173.uasset" 10352
"../../../Engine/Content/EngineMaterials/Substrate/Glints2/dict_0001_0175.uasset" 10353
"../../../Engine/Content/EngineMaterials/Substrate/Glints2/dict_0001_0172.uasset" 10354
"../../../Engine/Content/EngineMaterials/Substrate/Glints2/dict_0001_0174.uasset" 10355
"../../../Engine/Content/EngineMaterials/Substrate/Glints2/dict_0001_0178.uasset" 10356
"../../../Engine/Content/EngineMaterials/Substrate/Glints2/dict_0001_0176.uasset" 10357
"../../../Engine/Content/EngineMaterials/Substrate/Glints2/dict_0001_0167.uasset" 10358
"../../../Engine/Content/EngineMaterials/Substrate/Glints2/dict_0001_0170.uasset" 10359
"../../../Engine/Content/EngineMaterials/Substrate/Glints2/dict_0001_0179.uasset" 10360
"../../../Engine/Content/EngineMaterials/Substrate/Glints2/dict_0001_0168.uasset" 10361
"../../../Engine/Content/EngineMaterials/Substrate/Glints2/dict_0001_0160.uasset" 10362
"../../../Engine/Content/EngineMaterials/Substrate/Glints2/dict_0001_0163.uasset" 10363
"../../../Engine/Content/EngineMaterials/Substrate/Glints2/dict_0001_0165.uasset" 10364
"../../../Engine/Content/EngineMaterials/Substrate/Glints2/dict_0001_0177.uasset" 10365
"../../../Engine/Content/EngineMaterials/Substrate/Glints2/dict_0001_0162.uasset" 10366
"../../../Engine/Content/EngineMaterials/Substrate/Glints2/dict_0001_0164.uasset" 10367
"../../../Engine/Content/EngineMaterials/Substrate/Glints2/dict_0001_0166.uasset" 10368
"/Engine/EngineMaterials/Substrate/Glints2/dict_0001_0165" 10369
"../../../Engine/Content/EngineMaterials/Substrate/Glints2/dict_0001_0169.uasset" 10370
"/Engine/EngineMaterials/Substrate/Glints2/dict_0001_0167" 10371
"/Engine/EngineMaterials/Substrate/Glints2/dict_0001_0168" 10372
"/Engine/EngineMaterials/Substrate/Glints2/dict_0001_0170" 10373
"/Engine/EngineMaterials/Substrate/Glints2/dict_0001_0171" 10374
"../../../Engine/Content/EngineMaterials/Substrate/Glints2/dict_0001_0159.uasset" 10375
"../../../Engine/Content/EngineMaterials/Substrate/Glints2/dict_0001_0158.uasset" 10376
"../../../Engine/Content/EngineMaterials/Substrate/Glints2/dict_0001_0157.uasset" 10377
"../../../Engine/Content/EngineMaterials/Substrate/Glints2/dict_0001_0161.uasset" 10378
"/Engine/EngineMaterials/Substrate/Glints2/dict_0001_0172" 10379
"/Engine/EngineMaterials/Substrate/Glints2/dict_0001_0182" 10380
"/Engine/EngineMaterials/Substrate/Glints2/dict_0001_0173" 10381
"/Engine/EngineMaterials/Substrate/Glints2/dict_0001_0174" 10382
"/Engine/EngineMaterials/Substrate/Glints2/dict_0001_0175" 10383
"/Engine/EngineMaterials/Substrate/Glints2/dict_0001_0176" 10384
"/Engine/EngineMaterials/Substrate/Glints2/dict_0001_0177" 10385
"/Engine/EngineMaterials/Substrate/Glints2/dict_0001_0160" 10386
"/Engine/EngineMaterials/Substrate/Glints2/dict_0001_0178" 10387
"/Engine/EngineMaterials/Substrate/Glints2/dict_0001_0163" 10388
"/Engine/EngineMaterials/Substrate/Glints2/dict_0001_0179" 10389
"/Engine/EngineMaterials/Substrate/Glints2/dict_0001_0164" 10390
"../../../Engine/Content/EngineMaterials/Substrate/Glints2/dict_0001_0156.uasset" 10391
"../../../Engine/Content/EngineMaterials/Substrate/Glints2/dict_0001_0153.uasset" 10392
"../../../Engine/Content/EngineMaterials/Substrate/Glints2/dict_0001_0149.uasset" 10393
"../../../Engine/Content/EngineMaterials/Substrate/Glints2/dict_0001_0152.uasset" 10394
"../../../Engine/Content/EngineMaterials/Substrate/Glints2/dict_0001_0150.uasset" 10395
"../../../Engine/Content/EngineMaterials/Substrate/Glints2/dict_0001_0151.uasset" 10396
"/Engine/EngineMaterials/Substrate/Glints2/dict_0001_0166" 10397
"/Engine/EngineMaterials/Substrate/Glints2/dict_0001_0169" 10398
"/Engine/EngineMaterials/Substrate/Glints2/dict_0001_0157" 10399
"/Engine/EngineMaterials/Substrate/Glints2/dict_0001_0158" 10400
"/Engine/EngineMaterials/Substrate/Glints2/dict_0001_0159" 10401
"/Engine/EngineMaterials/Substrate/Glints2/dict_0001_0161" 10402
"/Engine/EngineMaterials/Substrate/Glints2/dict_0001_0162" 10403
"/Engine/EngineMaterials/Substrate/Glints2/dict_0001_0150" 10404
"/Engine/EngineMaterials/Substrate/Glints2/dict_0001_0151" 10405
"/Engine/EngineMaterials/Substrate/Glints2/dict_0001_0152" 10406
"/Engine/EngineMaterials/Substrate/Glints2/dict_0001_0153" 10407
"/Engine/EngineMaterials/Substrate/Glints2/dict_0001_0156" 10408
"/Engine/EngineMaterials/Substrate/Glints2/dict_0001_0149" 10409
"../../../Engine/Content/EngineMaterials/Substrate/Glints2/dict_0001_0155.uasset" 10410
"/Engine/EngineMaterials/Substrate/Glints2/dict_0001_0155" 10411
"../../../Engine/Content/EngineMaterials/Substrate/Glints2/dict_0001_0144.uasset" 10412
"../../../Engine/Content/EngineMaterials/Substrate/Glints2/dict_0001_0147.uasset" 10413
"../../../Engine/Content/EngineMaterials/Substrate/Glints2/dict_0001_0137.uasset" 10414
"../../../Engine/Content/EngineMaterials/Substrate/Glints2/dict_0001_0148.uasset" 10415
"../../../Engine/Content/EngineMaterials/Substrate/Glints2/dict_0001_0139.uasset" 10416
"../../../Engine/Content/EngineMaterials/Substrate/Glints2/dict_0001_0145.uasset" 10417
"../../../Engine/Content/EngineMaterials/Substrate/Glints2/dict_0001_0140.uasset" 10418
"../../../Engine/Content/EngineMaterials/Substrate/Glints2/dict_0001_0138.uasset" 10419
"../../../Engine/Content/EngineMaterials/Substrate/Glints2/dict_0001_0142.uasset" 10420
"../../../Engine/Content/EngineMaterials/Substrate/Glints2/dict_0001_0143.uasset" 10421
"../../../Engine/Content/EngineMaterials/Substrate/Glints2/dict_0001_0154.uasset" 10422
"../../../Engine/Content/EngineMaterials/Substrate/Glints2/dict_0001_0146.uasset" 10423
"../../../Engine/Content/EngineMaterials/Substrate/Glints2/dict_0001_0132.uasset" 10424
"../../../Engine/Content/EngineMaterials/Substrate/Glints2/dict_0001_0129.uasset" 10425
"../../../Engine/Content/EngineMaterials/Substrate/Glints2/dict_0001_0135.uasset" 10426
"../../../Engine/Content/EngineMaterials/Substrate/Glints2/dict_0001_0133.uasset" 10427
"../../../Engine/Content/EngineMaterials/Substrate/Glints2/dict_0001_0130.uasset" 10428
"../../../Engine/Content/EngineMaterials/Substrate/Glints2/dict_0001_0126.uasset" 10429
"../../../Engine/Content/EngineMaterials/Substrate/Glints2/dict_0001_0128.uasset" 10430
"../../../Engine/Content/EngineMaterials/Substrate/Glints2/dict_0001_0134.uasset" 10431
"../../../Engine/Content/EngineMaterials/Substrate/Glints2/dict_0001_0141.uasset" 10432
"../../../Engine/Content/EngineMaterials/Substrate/Glints2/dict_0001_0136.uasset" 10433
"/Engine/EngineMaterials/Substrate/Glints2/dict_0001_0133" 10434
"/Engine/EngineMaterials/Substrate/Glints2/dict_0001_0126" 10435
"/Engine/EngineMaterials/Substrate/Glints2/dict_0001_0134" 10436
"/Engine/EngineMaterials/Substrate/Glints2/dict_0001_0135" 10437
"/Engine/EngineMaterials/Substrate/Glints2/dict_0001_0136" 10438
"/Engine/EngineMaterials/Substrate/Glints2/dict_0001_0137" 10439
"/Engine/EngineMaterials/Substrate/Glints2/dict_0001_0138" 10440
"/Engine/EngineMaterials/Substrate/Glints2/dict_0001_0139" 10441
"/Engine/EngineMaterials/Substrate/Glints2/dict_0001_0154" 10442
"/Engine/EngineMaterials/Substrate/Glints2/dict_0001_0140" 10443
"/Engine/EngineMaterials/Substrate/Glints2/dict_0001_0141" 10444
"/Engine/EngineMaterials/Substrate/Glints2/dict_0001_0128" 10445
"../../../Engine/Content/EngineMaterials/Substrate/Glints2/dict_0001_0127.uasset" 10446
"/Engine/EngineMaterials/Substrate/Glints2/dict_0001_0142" 10447
"/Engine/EngineMaterials/Substrate/Glints2/dict_0001_0129" 10448
"/Engine/EngineMaterials/Substrate/Glints2/dict_0001_0143" 10449
"/Engine/EngineMaterials/Substrate/Glints2/dict_0001_0130" 10450
"/Engine/EngineMaterials/Substrate/Glints2/dict_0001_0144" 10451
"/Engine/EngineMaterials/Substrate/Glints2/dict_0001_0145" 10452
"/Engine/EngineMaterials/Substrate/Glints2/dict_0001_0146" 10453
"/Engine/EngineMaterials/Substrate/Glints2/dict_0001_0132" 10454
"/Engine/EngineMaterials/Substrate/Glints2/dict_0001_0147" 10455
"/Engine/EngineMaterials/Substrate/Glints2/dict_0001_0148" 10456
"/Engine/EngineMaterials/Substrate/Glints2/dict_0001_0127" 10457
"../../../Engine/Content/EngineMaterials/Substrate/Glints2/dict_0001_0119.uasset" 10458
"../../../Engine/Content/EngineMaterials/Substrate/Glints2/dict_0001_0118.uasset" 10459
"../../../Engine/Content/EngineMaterials/Substrate/Glints2/dict_0001_0121.uasset" 10460
"../../../Engine/Content/EngineMaterials/Substrate/Glints2/dict_0001_0124.uasset" 10461
"../../../Engine/Content/EngineMaterials/Substrate/Glints2/dict_0001_0122.uasset" 10462
"../../../Engine/Content/EngineMaterials/Substrate/Glints2/dict_0001_0120.uasset" 10463
"../../../Engine/Content/EngineMaterials/Substrate/Glints2/dict_0001_0131.uasset" 10464
"../../../Engine/Content/EngineMaterials/Substrate/Glints2/dict_0001_0123.uasset" 10465
"../../../Engine/Content/EngineMaterials/Substrate/Glints2/dict_0001_0111.uasset" 10466
"../../../Engine/Content/EngineMaterials/Substrate/Glints2/dict_0001_0117.uasset" 10467
"../../../Engine/Content/EngineMaterials/Substrate/Glints2/dict_0001_0115.uasset" 10468
"../../../Engine/Content/EngineMaterials/Substrate/Glints2/dict_0001_0112.uasset" 10469
"../../../Engine/Content/EngineMaterials/Substrate/Glints2/dict_0001_0110.uasset" 10470
"../../../Engine/Content/EngineMaterials/Substrate/Glints2/dict_0001_0114.uasset" 10471
"../../../Engine/Content/EngineMaterials/Substrate/Glints2/dict_0001_0109.uasset" 10472
"../../../Engine/Content/EngineMaterials/Substrate/Glints2/dict_0001_0125.uasset" 10473
"../../../Engine/Content/EngineMaterials/Substrate/Glints2/dict_0001_0113.uasset" 10474
"../../../Engine/Content/EngineMaterials/Substrate/Glints2/dict_0001_0108.uasset" 10475
"../../../Engine/Content/EngineMaterials/Substrate/Glints2/dict_0001_0116.uasset" 10476
"/Engine/EngineMaterials/Substrate/Glints2/dict_0001_0119" 10477
"/Engine/EngineMaterials/Substrate/Glints2/dict_0001_0125" 10478
"/Engine/EngineMaterials/Substrate/Glints2/dict_0001_0120" 10479
"/Engine/EngineMaterials/Substrate/Glints2/dict_0001_0121" 10480
"/Engine/EngineMaterials/Substrate/Glints2/dict_0001_0122" 10481
"/Engine/EngineMaterials/Substrate/Glints2/dict_0001_0118" 10482
"/Engine/EngineMaterials/Substrate/Glints2/dict_0001_0123" 10483
"../../../Engine/Content/EngineMaterials/Substrate/Glints2/dict_0001_0107.uasset" 10484
"/Engine/EngineMaterials/Substrate/Glints2/dict_0001_0108" 10485
"/Engine/EngineMaterials/Substrate/Glints2/dict_0001_0109" 10486
"/Engine/EngineMaterials/Substrate/Glints2/dict_0001_0110" 10487
"/Engine/EngineMaterials/Substrate/Glints2/dict_0001_0111" 10488
"../../../Engine/Content/EngineMaterials/Substrate/Glints2/dict_0001_0106.uasset" 10489
"/Engine/EngineMaterials/Substrate/Glints2/dict_0001_0124" 10490
"/Engine/EngineMaterials/Substrate/Glints2/dict_0001_0112" 10491
"/Engine/EngineMaterials/Substrate/Glints2/dict_0001_0113" 10492
"/Engine/EngineMaterials/Substrate/Glints2/dict_0001_0131" 10493
"/Engine/EngineMaterials/Substrate/Glints2/dict_0001_0114" 10494
"/Engine/EngineMaterials/Substrate/Glints2/dict_0001_0115" 10495
"../../../Engine/Content/EngineMaterials/Substrate/Glints2/dict_0001_0097.uasset" 10496
"../../../Engine/Content/EngineMaterials/Substrate/Glints2/dict_0001_0095.uasset" 10497
"../../../Engine/Content/EngineMaterials/Substrate/Glints2/dict_0001_0100.uasset" 10498
"../../../Engine/Content/EngineMaterials/Substrate/Glints2/dict_0001_0098.uasset" 10499
"../../../Engine/Content/EngineMaterials/Substrate/Glints2/dict_0001_0104.uasset" 10500
"../../../Engine/Content/EngineMaterials/Substrate/Glints2/dict_0001_0103.uasset" 10501
"../../../Engine/Content/EngineMaterials/Substrate/Glints2/dict_0001_0101.uasset" 10502
"/Engine/EngineMaterials/Substrate/Glints2/dict_0001_0116" 10503
"../../../Engine/Content/EngineMaterials/Substrate/Glints2/dict_0001_0105.uasset" 10504
"../../../Engine/Content/EngineMaterials/Substrate/Glints2/dict_0001_0099.uasset" 10505
"/Engine/EngineMaterials/Substrate/Glints2/dict_0001_0117" 10506
"/Engine/EngineMaterials/Substrate/Glints2/dict_0001_0097" 10507
"/Engine/EngineMaterials/Substrate/Glints2/dict_0001_0098" 10508
"/Engine/EngineMaterials/Substrate/Glints2/dict_0001_0099" 10509
"../../../Engine/Content/EngineMaterials/Substrate/Glints2/dict_0001_0102.uasset" 10510
"/Engine/EngineMaterials/Substrate/Glints2/dict_0001_0095" 10511
"/Engine/EngineMaterials/Substrate/Glints2/dict_0001_0100" 10512
"/Engine/EngineMaterials/Substrate/Glints2/dict_0001_0101" 10513
"/Engine/EngineMaterials/Substrate/Glints2/dict_0001_0103" 10514
"/Engine/EngineMaterials/Substrate/Glints2/dict_0001_0104" 10515
"/Engine/EngineMaterials/Substrate/Glints2/dict_0001_0105" 10516
"/Engine/EngineMaterials/Substrate/Glints2/dict_0001_0106" 10517
"../../../Engine/Content/EngineMaterials/Substrate/Glints2/dict_0001_0096.uasset" 10518
"/Engine/EngineMaterials/Substrate/Glints2/dict_0001_0107" 10519
"/Engine/EngineMaterials/Substrate/Glints2/dict_0001_0096" 10520
"/Engine/EngineMaterials/Substrate/Glints2/dict_0001_0102" 10521
"../../../Engine/Content/EngineMaterials/Substrate/Glints2/dict_0001_0086.uasset" 10522
"../../../Engine/Content/EngineMaterials/Substrate/Glints2/dict_0001_0085.uasset" 10523
"../../../Engine/Content/EngineMaterials/Substrate/Glints2/dict_0001_0092.uasset" 10524
"../../../Engine/Content/EngineMaterials/Substrate/Glints2/dict_0001_0090.uasset" 10525
"../../../Engine/Content/EngineMaterials/Substrate/Glints2/dict_0001_0088.uasset" 10526
"../../../Engine/Content/EngineMaterials/Substrate/Glints2/dict_0001_0094.uasset" 10527
"../../../Engine/Content/EngineMaterials/Substrate/Glints2/dict_0001_0087.uasset" 10528
"../../../Engine/Content/EngineMaterials/Substrate/Glints2/dict_0001_0093.uasset" 10529
"../../../Engine/Content/EngineMaterials/Substrate/Glints2/dict_0001_0084.uasset" 10530
"../../../Engine/Content/EngineMaterials/Substrate/Glints2/dict_0001_0083.uasset" 10531
"../../../Engine/Content/EngineMaterials/Substrate/Glints2/dict_0001_0091.uasset" 10532
"../../../Engine/Content/EngineMaterials/Substrate/Glints2/dict_0001_0089.uasset" 10533
"/Engine/EngineMaterials/Substrate/Glints2/dict_0001_0083" 10534
"../../../Engine/Content/EngineMaterials/Substrate/Glints2/dict_0001_0081.uasset" 10535
"../../../Engine/Content/EngineMaterials/Substrate/Glints2/dict_0001_0082.uasset" 10536
"/Engine/EngineMaterials/Substrate/Glints2/dict_0001_0084" 10537
"../../../Engine/Content/EngineMaterials/Substrate/Glints2/dict_0001_0073.uasset" 10538
"../../../Engine/Content/EngineMaterials/Substrate/Glints2/dict_0001_0072.uasset" 10539
"../../../Engine/Content/EngineMaterials/Substrate/Glints2/dict_0001_0075.uasset" 10540
"../../../Engine/Content/EngineMaterials/Substrate/Glints2/dict_0001_0070.uasset" 10541
"../../../Engine/Content/EngineMaterials/Substrate/Glints2/dict_0001_0077.uasset" 10542
"../../../Engine/Content/EngineMaterials/Substrate/Glints2/dict_0001_0080.uasset" 10543
"../../../Engine/Content/EngineMaterials/Substrate/Glints2/dict_0001_0071.uasset" 10544
"../../../Engine/Content/EngineMaterials/Substrate/Glints2/dict_0001_0079.uasset" 10545
"../../../Engine/Content/EngineMaterials/Substrate/Glints2/dict_0001_0076.uasset" 10546
"../../../Engine/Content/EngineMaterials/Substrate/Glints2/dict_0001_0078.uasset" 10547
"../../../Engine/Content/EngineMaterials/Substrate/Glints2/dict_0001_0074.uasset" 10548
"/Engine/EngineMaterials/Substrate/Glints2/dict_0001_0085" 10549
"/Engine/EngineMaterials/Substrate/Glints2/dict_0001_0086" 10550
"/Engine/EngineMaterials/Substrate/Glints2/dict_0001_0087" 10551
"/Engine/EngineMaterials/Substrate/Glints2/dict_0001_0088" 10552
"/Engine/EngineMaterials/Substrate/Glints2/dict_0001_0089" 10553
"/Engine/EngineMaterials/Substrate/Glints2/dict_0001_0090" 10554
"/Engine/EngineMaterials/Substrate/Glints2/dict_0001_0091" 10555
"/Engine/EngineMaterials/Substrate/Glints2/dict_0001_0092" 10556
"/Engine/EngineMaterials/Substrate/Glints2/dict_0001_0093" 10557
"/Engine/EngineMaterials/Substrate/Glints2/dict_0001_0094" 10558
"/Engine/EngineMaterials/Substrate/Glints2/dict_0001_0076" 10559
"/Engine/EngineMaterials/Substrate/Glints2/dict_0001_0077" 10560
"/Engine/EngineMaterials/Substrate/Glints2/dict_0001_0070" 10561
"/Engine/EngineMaterials/Substrate/Glints2/dict_0001_0071" 10562
"/Engine/EngineMaterials/Substrate/Glints2/dict_0001_0078" 10563
"/Engine/EngineMaterials/Substrate/Glints2/dict_0001_0079" 10564
"/Engine/EngineMaterials/Substrate/Glints2/dict_0001_0080" 10565
"/Engine/EngineMaterials/Substrate/Glints2/dict_0001_0072" 10566
"/Engine/EngineMaterials/Substrate/Glints2/dict_0001_0073" 10567
"/Engine/EngineMaterials/Substrate/Glints2/dict_0001_0074" 10568
"/Engine/EngineMaterials/Substrate/Glints2/dict_0001_0081" 10569
"/Engine/EngineMaterials/Substrate/Glints2/dict_0001_0082" 10570
"/Engine/EngineMaterials/Substrate/Glints2/dict_0001_0075" 10571
"../../../Engine/Content/EngineMaterials/Substrate/Glints2/dict_0001_0063.uasset" 10572
"../../../Engine/Content/EngineMaterials/Substrate/Glints2/dict_0001_0069.uasset" 10573
"../../../Engine/Content/EngineMaterials/Substrate/Glints2/dict_0001_0067.uasset" 10574
"../../../Engine/Content/EngineMaterials/Substrate/Glints2/dict_0001_0066.uasset" 10575
"../../../Engine/Content/EngineMaterials/Substrate/Glints2/dict_0001_0065.uasset" 10576
"../../../Engine/Content/EngineMaterials/Substrate/Glints2/dict_0001_0068.uasset" 10577
"../../../Engine/Content/EngineMaterials/Substrate/Glints2/dict_0001_0064.uasset" 10578
"../../../Engine/Content/EngineMaterials/Substrate/Glints2/dict_0001_0060.uasset" 10579
"../../../Engine/Content/EngineMaterials/Substrate/Glints2/dict_0001_0057.uasset" 10580
"../../../Engine/Content/EngineMaterials/Substrate/Glints2/dict_0001_0059.uasset" 10581
"../../../Engine/Content/EngineMaterials/Substrate/Glints2/dict_0001_0061.uasset" 10582
"../../../Engine/Content/EngineMaterials/Substrate/Glints2/dict_0001_0056.uasset" 10583
"../../../Engine/Content/EngineMaterials/Substrate/Glints2/dict_0001_0062.uasset" 10584
"../../../Engine/Content/EngineMaterials/Substrate/Glints2/dict_0001_0054.uasset" 10585
"../../../Engine/Content/EngineMaterials/Substrate/Glints2/dict_0001_0053.uasset" 10586
"../../../Engine/Content/EngineMaterials/Substrate/Glints2/dict_0001_0051.uasset" 10587
"../../../Engine/Content/EngineMaterials/Substrate/Glints2/dict_0001_0052.uasset" 10588
"../../../Engine/Content/EngineMaterials/Substrate/Glints2/dict_0001_0055.uasset" 10589
"../../../Engine/Content/EngineMaterials/Substrate/Glints2/dict_0001_0058.uasset" 10590
"/Engine/EngineMaterials/Substrate/Glints2/dict_0001_0063" 10591
"/Engine/EngineMaterials/Substrate/Glints2/dict_0001_0065" 10592
"/Engine/EngineMaterials/Substrate/Glints2/dict_0001_0066" 10593
"/Engine/EngineMaterials/Substrate/Glints2/dict_0001_0067" 10594
"/Engine/EngineMaterials/Substrate/Glints2/dict_0001_0068" 10595
"/Engine/EngineMaterials/Substrate/Glints2/dict_0001_0069" 10596
"../../../Engine/Content/EngineMaterials/Substrate/Glints2/dict_0001_0046.uasset" 10597
"../../../Engine/Content/EngineMaterials/Substrate/Glints2/dict_0001_0048.uasset" 10598
"../../../Engine/Content/EngineMaterials/Substrate/Glints2/dict_0001_0050.uasset" 10599
"../../../Engine/Content/EngineMaterials/Substrate/Glints2/dict_0001_0045.uasset" 10600
"/Engine/EngineMaterials/Substrate/Glints2/dict_0001_0064" 10601
"../../../Engine/Content/EngineMaterials/Substrate/Glints2/dict_0001_0047.uasset" 10602
"/Engine/EngineMaterials/Substrate/Glints2/dict_0001_0051" 10603
"/Engine/EngineMaterials/Substrate/Glints2/dict_0001_0052" 10604
"/Engine/EngineMaterials/Substrate/Glints2/dict_0001_0053" 10605
"/Engine/EngineMaterials/Substrate/Glints2/dict_0001_0054" 10606
"/Engine/EngineMaterials/Substrate/Glints2/dict_0001_0055" 10607
"/Engine/EngineMaterials/Substrate/Glints2/dict_0001_0056" 10608
"/Engine/EngineMaterials/Substrate/Glints2/dict_0001_0057" 10609
"../../../Engine/Content/EngineMaterials/Substrate/Glints2/dict_0001_0043.uasset" 10610
"../../../Engine/Content/EngineMaterials/Substrate/Glints2/dict_0001_0044.uasset" 10611
"/Engine/EngineMaterials/Substrate/Glints2/dict_0001_0058" 10612
"/Engine/EngineMaterials/Substrate/Glints2/dict_0001_0059" 10613
"/Engine/EngineMaterials/Substrate/Glints2/dict_0001_0060" 10614
"/Engine/EngineMaterials/Substrate/Glints2/dict_0001_0061" 10615
"/Engine/EngineMaterials/Substrate/Glints2/dict_0001_0062" 10616
"/Engine/EngineMaterials/Substrate/Glints2/dict_0001_0043" 10617
"/Engine/EngineMaterials/Substrate/Glints2/dict_0001_0044" 10618
"/Engine/EngineMaterials/Substrate/Glints2/dict_0001_0045" 10619
"/Engine/EngineMaterials/Substrate/Glints2/dict_0001_0046" 10620
"/Engine/EngineMaterials/Substrate/Glints2/dict_0001_0047" 10621
"/Engine/EngineMaterials/Substrate/Glints2/dict_0001_0048" 10622
"../../../Engine/Content/EngineMaterials/Substrate/Glints2/dict_0001_0049.uasset" 10623
"/Engine/EngineMaterials/Substrate/Glints2/dict_0001_0050" 10624
"../../../Engine/Content/EngineMaterials/Substrate/Glints2/dict_0001_0042.uasset" 10625
"../../../Engine/Content/EngineMaterials/Substrate/Glints2/dict_0001_0038.uasset" 10626
"/Engine/EngineMaterials/Substrate/Glints2/dict_0001_0049" 10627
"../../../Engine/Content/EngineMaterials/Substrate/Glints2/dict_0001_0039.uasset" 10628
"../../../Engine/Content/EngineMaterials/Substrate/Glints2/dict_0001_0040.uasset" 10629
"../../../Engine/Content/EngineMaterials/Substrate/Glints2/dict_0001_0041.uasset" 10630
"/Engine/EngineMaterials/Substrate/Glints2/dict_0001_0038" 10631
"/Engine/EngineMaterials/Substrate/Glints2/dict_0001_0039" 10632
"/Engine/EngineMaterials/Substrate/Glints2/dict_0001_0040" 10633
"/Engine/EngineMaterials/Substrate/Glints2/dict_0001_0041" 10634
"/Engine/EngineMaterials/Substrate/Glints2/dict_0001_0042" 10635
"../../../Engine/Content/EngineMaterials/Substrate/Glints2/dict_0001_0031.uasset" 10636
"../../../Engine/Content/EngineMaterials/Substrate/Glints2/dict_0001_0034.uasset" 10637
"../../../Engine/Content/EngineMaterials/Substrate/Glints2/dict_0001_0036.uasset" 10638
"../../../Engine/Content/EngineMaterials/Substrate/Glints2/dict_0001_0035.uasset" 10639
"../../../Engine/Content/EngineMaterials/Substrate/Glints2/dict_0001_0037.uasset" 10640
"../../../Engine/Content/EngineMaterials/Substrate/Glints2/dict_0001_0024.uasset" 10641
"../../../Engine/Content/EngineMaterials/Substrate/Glints2/dict_0001_0026.uasset" 10642
"../../../Engine/Content/EngineMaterials/Substrate/Glints2/dict_0001_0030.uasset" 10643
"../../../Engine/Content/EngineMaterials/Substrate/Glints2/dict_0001_0029.uasset" 10644
"../../../Engine/Content/EngineMaterials/Substrate/Glints2/dict_0001_0033.uasset" 10645
"../../../Engine/Content/EngineMaterials/Substrate/Glints2/dict_0001_0032.uasset" 10646
"../../../Engine/Content/EngineMaterials/Substrate/Glints2/dict_0001_0028.uasset" 10647
"../../../Engine/Content/EngineMaterials/Substrate/Glints2/dict_0001_0025.uasset" 10648
"../../../Engine/Content/EngineMaterials/Substrate/Glints2/dict_0001_0027.uasset" 10649
"/Engine/EngineMaterials/Substrate/Glints2/dict_0001_0024" 10650
"/Engine/EngineMaterials/Substrate/Glints2/dict_0001_0025" 10651
"/Engine/EngineMaterials/Substrate/Glints2/dict_0001_0026" 10652
"/Engine/EngineMaterials/Substrate/Glints2/dict_0001_0027" 10653
"/Engine/EngineMaterials/Substrate/Glints2/dict_0001_0028" 10654
"/Engine/EngineMaterials/Substrate/Glints2/dict_0001_0029" 10655
"/Engine/EngineMaterials/Substrate/Glints2/dict_0001_0030" 10656
"/Engine/EngineMaterials/Substrate/Glints2/dict_0001_0031" 10657
"/Engine/EngineMaterials/Substrate/Glints2/dict_0001_0032" 10658
"/Engine/EngineMaterials/Substrate/Glints2/dict_0001_0033" 10659
"/Engine/EngineMaterials/Substrate/Glints2/dict_0001_0034" 10660
"/Engine/EngineMaterials/Substrate/Glints2/dict_0001_0035" 10661
"../../../Engine/Content/EngineMaterials/Substrate/Glints2/dict_0001_0013.uasset" 10662
"../../../Engine/Content/EngineMaterials/Substrate/Glints2/dict_0001_0022.uasset" 10663
"../../../Engine/Content/EngineMaterials/Substrate/Glints2/dict_0001_0019.uasset" 10664
"../../../Engine/Content/EngineMaterials/Substrate/Glints2/dict_0001_0017.uasset" 10665
"../../../Engine/Content/EngineMaterials/Substrate/Glints2/dict_0001_0020.uasset" 10666
"../../../Engine/Content/EngineMaterials/Substrate/Glints2/dict_0001_0023.uasset" 10667
"/Engine/EngineMaterials/Substrate/Glints2/dict_0001_0036" 10668
"../../../Engine/Content/EngineMaterials/Substrate/Glints2/dict_0001_0021.uasset" 10669
"../../../Engine/Content/EngineMaterials/Substrate/Glints2/dict_0001_0015.uasset" 10670
"/Engine/EngineMaterials/Substrate/Glints2/dict_0001_0037" 10671
"../../../Engine/Content/EngineMaterials/Substrate/Glints2/dict_0001_0016.uasset" 10672
"../../../Engine/Content/EngineMaterials/Substrate/Glints2/dict_0001_0014.uasset" 10673
"/Engine/EngineMaterials/Substrate/Glints2/dict_0001_0019" 10674
"/Engine/EngineMaterials/Substrate/Glints2/dict_0001_0020" 10675
"/Engine/EngineMaterials/Substrate/Glints2/dict_0001_0021" 10676
"/Engine/EngineMaterials/Substrate/Glints2/dict_0001_0022" 10677
"/Engine/EngineMaterials/Substrate/Glints2/dict_0001_0023" 10678
"/Engine/EngineMaterials/Substrate/Glints2/dict_0001_0013" 10679
"/Engine/EngineMaterials/Substrate/Glints2/dict_0001_0014" 10680
"/Engine/EngineMaterials/Substrate/Glints2/dict_0001_0015" 10681
"/Engine/EngineMaterials/Substrate/Glints2/dict_0001_0016" 10682
"/Engine/EngineMaterials/Substrate/Glints2/dict_0001_0017" 10683
"../../../Engine/Content/EngineMaterials/Substrate/Glints2/dict_0001_0018.uasset" 10684
"../../../Engine/Content/EngineMaterials/Substrate/Glints2/dict_0001_0007.uasset" 10685
"../../../Engine/Content/EngineMaterials/Substrate/Glints2/dict_0001_0002.uasset" 10686
"../../../Engine/Content/EngineMaterials/Substrate/Glints2/dict_0001_0011.uasset" 10687
"../../../Engine/Content/EngineMaterials/Substrate/Glints2/dict_0001_0012.uasset" 10688
"../../../Engine/Content/EngineMaterials/Substrate/Glints2/dict_0001_0003.uasset" 10689
"../../../Engine/Content/EngineMaterials/Substrate/Glints2/dict_0001_0004.uasset" 10690
"../../../Engine/Content/EngineMaterials/Substrate/Glints2/dict_0001_0009.uasset" 10691
"../../../Engine/Content/EngineMaterials/Substrate/Glints2/dict_0001_0001.uasset" 10692
"../../../Engine/Content/EngineMaterials/Substrate/Glints2/dict_0001_0010.uasset" 10693
"../../../Engine/Content/EngineMaterials/Substrate/Glints2/dict_0001_0005.uasset" 10694
"../../../Engine/Content/EngineMaterials/Substrate/Glints2/dict_0001_0008.uasset" 10695
"../../../Engine/Content/EngineMaterials/Substrate/Glints2/dict_0001_0006.uasset" 10696
"../../../Engine/Content/EngineMaterials/Substrate/Glints2/dict_0001_0000.uasset" 10697
"/Engine/EngineMaterials/Substrate/Glints2/dict_0001_0006" 10698
"/Engine/EngineMaterials/Substrate/Glints2/dict_0001_0007" 10699
"/Engine/EngineMaterials/Substrate/Glints2/dict_0001_0008" 10700
"/Engine/EngineMaterials/Substrate/Glints2/dict_0001_0009" 10701
"/Engine/EngineMaterials/Substrate/Glints2/dict_0001_0010" 10702
"/Engine/EngineMaterials/Substrate/Glints2/dict_0001_0012" 10703
"/Engine/EngineMaterials/Substrate/Glints2/dict_0001_0011" 10704
"/Engine/EngineMaterials/Substrate/Glints2/dict_0001_0018" 10705
"../../../Engine/Content/EngineMaterials/Substrate/Glints2/dict_0000_0248.uasset" 10706
"../../../Engine/Content/EngineMaterials/Substrate/Glints2/dict_0000_0249.uasset" 10707
"../../../Engine/Content/EngineMaterials/Substrate/Glints2/dict_0000_0246.uasset" 10708
"../../../Engine/Content/EngineMaterials/Substrate/Glints2/dict_0000_0251.uasset" 10709
"../../../Engine/Content/EngineMaterials/Substrate/Glints2/dict_0000_0247.uasset" 10710
"../../../Engine/Content/EngineMaterials/Substrate/Glints2/dict_0000_0250.uasset" 10711
"../../../Engine/Content/EngineMaterials/Substrate/Glints2/dict_0000_0243.uasset" 10712
"/Engine/EngineMaterials/Substrate/Glints2/dict_0001_0000" 10713
"/Engine/EngineMaterials/Substrate/Glints2/dict_0001_0001" 10714
"../../../Engine/Content/EngineMaterials/Substrate/Glints2/dict_0000_0244.uasset" 10715
"../../../Engine/Content/EngineMaterials/Substrate/Glints2/dict_0000_0252.uasset" 10716
"/Engine/EngineMaterials/Substrate/Glints2/dict_0001_0002" 10717
"../../../Engine/Content/EngineMaterials/Substrate/Glints2/dict_0000_0255.uasset" 10718
"../../../Engine/Content/EngineMaterials/Substrate/Glints2/dict_0000_0253.uasset" 10719
"/Engine/EngineMaterials/Substrate/Glints2/dict_0001_0003" 10720
"/Engine/EngineMaterials/Substrate/Glints2/dict_0001_0004" 10721
"/Engine/EngineMaterials/Substrate/Glints2/dict_0001_0005" 10722
"/Engine/EngineMaterials/Substrate/Glints2/dict_0000_0248" 10723
"/Engine/EngineMaterials/Substrate/Glints2/dict_0000_0249" 10724
"/Engine/EngineMaterials/Substrate/Glints2/dict_0000_0243" 10725
"../../../Engine/Content/EngineMaterials/Substrate/Glints2/dict_0000_0254.uasset" 10726
"/Engine/EngineMaterials/Substrate/Glints2/dict_0000_0244" 10727
"/Engine/EngineMaterials/Substrate/Glints2/dict_0000_0246" 10728
"/Engine/EngineMaterials/Substrate/Glints2/dict_0000_0247" 10729
"/Engine/EngineMaterials/Substrate/Glints2/dict_0000_0250" 10730
"/Engine/EngineMaterials/Substrate/Glints2/dict_0000_0251" 10731
"/Engine/EngineMaterials/Substrate/Glints2/dict_0000_0252" 10732
"../../../Engine/Content/EngineMaterials/Substrate/Glints2/dict_0000_0245.uasset" 10733
"/Engine/EngineMaterials/Substrate/Glints2/dict_0000_0253" 10734
"/Engine/EngineMaterials/Substrate/Glints2/dict_0000_0255" 10735
"/Engine/EngineMaterials/Substrate/Glints2/dict_0000_0245" 10736
"/Engine/EngineMaterials/Substrate/Glints2/dict_0000_0254" 10737
"../../../Engine/Content/EngineMaterials/Substrate/Glints2/dict_0000_0241.uasset" 10738
"../../../Engine/Content/EngineMaterials/Substrate/Glints2/dict_0000_0240.uasset" 10739
"../../../Engine/Content/EngineMaterials/Substrate/Glints2/dict_0000_0242.uasset" 10740
"../../../Engine/Content/EngineMaterials/Substrate/Glints2/dict_0000_0239.uasset" 10741
"../../../Engine/Content/EngineMaterials/Substrate/Glints2/dict_0000_0234.uasset" 10742
"../../../Engine/Content/EngineMaterials/Substrate/Glints2/dict_0000_0238.uasset" 10743
"../../../Engine/Content/EngineMaterials/Substrate/Glints2/dict_0000_0231.uasset" 10744
"../../../Engine/Content/EngineMaterials/Substrate/Glints2/dict_0000_0233.uasset" 10745
"../../../Engine/Content/EngineMaterials/Substrate/Glints2/dict_0000_0232.uasset" 10746
"../../../Engine/Content/EngineMaterials/Substrate/Glints2/dict_0000_0235.uasset" 10747
"../../../Engine/Content/EngineMaterials/Substrate/Glints2/dict_0000_0229.uasset" 10748
"../../../Engine/Content/EngineMaterials/Substrate/Glints2/dict_0000_0236.uasset" 10749
"../../../Engine/Content/EngineMaterials/Substrate/Glints2/dict_0000_0237.uasset" 10750
"../../../Engine/Content/EngineMaterials/Substrate/Glints2/dict_0000_0230.uasset" 10751
"/Engine/EngineMaterials/Substrate/Glints2/dict_0000_0238" 10752
"../../../Engine/Content/EngineMaterials/Substrate/Glints2/dict_0000_0226.uasset" 10753
"../../../Engine/Content/EngineMaterials/Substrate/Glints2/dict_0000_0228.uasset" 10754
"../../../Engine/Content/EngineMaterials/Substrate/Glints2/dict_0000_0221.uasset" 10755
"../../../Engine/Content/EngineMaterials/Substrate/Glints2/dict_0000_0227.uasset" 10756
"../../../Engine/Content/EngineMaterials/Substrate/Glints2/dict_0000_0224.uasset" 10757
"../../../Engine/Content/EngineMaterials/Substrate/Glints2/dict_0000_0220.uasset" 10758
"../../../Engine/Content/EngineMaterials/Substrate/Glints2/dict_0000_0225.uasset" 10759
"../../../Engine/Content/EngineMaterials/Substrate/Glints2/dict_0000_0223.uasset" 10760
"/Engine/EngineMaterials/Substrate/Glints2/dict_0000_0239" 10761
"/Engine/EngineMaterials/Substrate/Glints2/dict_0000_0240" 10762
"/Engine/EngineMaterials/Substrate/Glints2/dict_0000_0241" 10763
"/Engine/EngineMaterials/Substrate/Glints2/dict_0000_0242" 10764
"/Engine/EngineMaterials/Substrate/Glints2/dict_0000_0229" 10765
"/Engine/EngineMaterials/Substrate/Glints2/dict_0000_0230" 10766
"/Engine/EngineMaterials/Substrate/Glints2/dict_0000_0231" 10767
"/Engine/EngineMaterials/Substrate/Glints2/dict_0000_0232" 10768
"/Engine/EngineMaterials/Substrate/Glints2/dict_0000_0233" 10769
"/Engine/EngineMaterials/Substrate/Glints2/dict_0000_0234" 10770
"/Engine/EngineMaterials/Substrate/Glints2/dict_0000_0235" 10771
"../../../Engine/Content/EngineMaterials/Substrate/Glints2/dict_0000_0216.uasset" 10772
"../../../Engine/Content/EngineMaterials/Substrate/Glints2/dict_0000_0219.uasset" 10773
"../../../Engine/Content/EngineMaterials/Substrate/Glints2/dict_0000_0215.uasset" 10774
"../../../Engine/Content/EngineMaterials/Substrate/Glints2/dict_0000_0217.uasset" 10775
"/Engine/EngineMaterials/Substrate/Glints2/dict_0000_0236" 10776
"../../../Engine/Content/EngineMaterials/Substrate/Glints2/dict_0000_0218.uasset" 10777
"../../../Engine/Content/EngineMaterials/Substrate/Glints2/dict_0000_0222.uasset" 10778
"/Engine/EngineMaterials/Substrate/Glints2/dict_0000_0237" 10779
"/Engine/EngineMaterials/Substrate/Glints2/dict_0000_0224" 10780
"/Engine/EngineMaterials/Substrate/Glints2/dict_0000_0225" 10781
"/Engine/EngineMaterials/Substrate/Glints2/dict_0000_0226" 10782
"/Engine/EngineMaterials/Substrate/Glints2/dict_0000_0227" 10783
"/Engine/EngineMaterials/Substrate/Glints2/dict_0000_0228" 10784
"/Engine/EngineMaterials/Substrate/Glints2/dict_0000_0215" 10785
"/Engine/EngineMaterials/Substrate/Glints2/dict_0000_0216" 10786
"/Engine/EngineMaterials/Substrate/Glints2/dict_0000_0217" 10787
"/Engine/EngineMaterials/Substrate/Glints2/dict_0000_0218" 10788
"/Engine/EngineMaterials/Substrate/Glints2/dict_0000_0219" 10789
"/Engine/EngineMaterials/Substrate/Glints2/dict_0000_0220" 10790
"/Engine/EngineMaterials/Substrate/Glints2/dict_0000_0221" 10791
"/Engine/EngineMaterials/Substrate/Glints2/dict_0000_0222" 10792
"/Engine/EngineMaterials/Substrate/Glints2/dict_0000_0223" 10793
"../../../Engine/Content/EngineMaterials/Substrate/Glints2/dict_0000_0212.uasset" 10794
"../../../Engine/Content/EngineMaterials/Substrate/Glints2/dict_0000_0214.uasset" 10795
"../../../Engine/Content/EngineMaterials/Substrate/Glints2/dict_0000_0211.uasset" 10796
"../../../Engine/Content/EngineMaterials/Substrate/Glints2/dict_0000_0213.uasset" 10797
"/Engine/EngineMaterials/Substrate/Glints2/dict_0000_0213" 10798
"/Engine/EngineMaterials/Substrate/Glints2/dict_0000_0214" 10799
"/Engine/EngineMaterials/Substrate/Glints2/dict_0000_0211" 10800
"/Engine/EngineMaterials/Substrate/Glints2/dict_0000_0212" 10801
"../../../Engine/Content/EngineMaterials/Substrate/Glints2/dict_0000_0201.uasset" 10802
"../../../Engine/Content/EngineMaterials/Substrate/Glints2/dict_0000_0202.uasset" 10803
"../../../Engine/Content/EngineMaterials/Substrate/Glints2/dict_0000_0205.uasset" 10804
"../../../Engine/Content/EngineMaterials/Substrate/Glints2/dict_0000_0210.uasset" 10805
"../../../Engine/Content/EngineMaterials/Substrate/Glints2/dict_0000_0206.uasset" 10806
"../../../Engine/Content/EngineMaterials/Substrate/Glints2/dict_0000_0208.uasset" 10807
"../../../Engine/Content/EngineMaterials/Substrate/Glints2/dict_0000_0204.uasset" 10808
"../../../Engine/Content/EngineMaterials/Substrate/Glints2/dict_0000_0207.uasset" 10809
"../../../Engine/Content/EngineMaterials/Substrate/Glints2/dict_0000_0209.uasset" 10810
"../../../Engine/Content/EngineMaterials/Substrate/Glints2/dict_0000_0198.uasset" 10811
"../../../Engine/Content/EngineMaterials/Substrate/Glints2/dict_0000_0200.uasset" 10812
"../../../Engine/Content/EngineMaterials/Substrate/Glints2/dict_0000_0203.uasset" 10813
"../../../Engine/Content/EngineMaterials/Substrate/Glints2/dict_0000_0197.uasset" 10814
"../../../Engine/Content/EngineMaterials/Substrate/Glints2/dict_0000_0199.uasset" 10815
"../../../Engine/Content/EngineMaterials/Substrate/Glints2/dict_0000_0193.uasset" 10816
"../../../Engine/Content/EngineMaterials/Substrate/Glints2/dict_0000_0195.uasset" 10817
"../../../Engine/Content/EngineMaterials/Substrate/Glints2/dict_0000_0191.uasset" 10818
"../../../Engine/Content/EngineMaterials/Substrate/Glints2/dict_0000_0192.uasset" 10819
"../../../Engine/Content/EngineMaterials/Substrate/Glints2/dict_0000_0196.uasset" 10820
"../../../Engine/Content/EngineMaterials/Substrate/Glints2/dict_0000_0190.uasset" 10821
"/Engine/EngineMaterials/Substrate/Glints2/dict_0000_0197" 10822
"../../../Engine/Content/EngineMaterials/Substrate/Glints2/dict_0000_0194.uasset" 10823
"/Engine/EngineMaterials/Substrate/Glints2/dict_0000_0198" 10824
"/Engine/EngineMaterials/Substrate/Glints2/dict_0000_0199" 10825
"/Engine/EngineMaterials/Substrate/Glints2/dict_0000_0200" 10826
"/Engine/EngineMaterials/Substrate/Glints2/dict_0000_0201" 10827
"/Engine/EngineMaterials/Substrate/Glints2/dict_0000_0202" 10828
"/Engine/EngineMaterials/Substrate/Glints2/dict_0000_0191" 10829
"/Engine/EngineMaterials/Substrate/Glints2/dict_0000_0203" 10830
"/Engine/EngineMaterials/Substrate/Glints2/dict_0000_0204" 10831
"/Engine/EngineMaterials/Substrate/Glints2/dict_0000_0193" 10832
"/Engine/EngineMaterials/Substrate/Glints2/dict_0000_0195" 10833
"/Engine/EngineMaterials/Substrate/Glints2/dict_0000_0196" 10834
"/Engine/EngineMaterials/Substrate/Glints2/dict_0000_0205" 10835
"../../../Engine/Content/EngineMaterials/Substrate/Glints2/dict_0000_0189.uasset" 10836
"../../../Engine/Content/EngineMaterials/Substrate/Glints2/dict_0000_0184.uasset" 10837
"../../../Engine/Content/EngineMaterials/Substrate/Glints2/dict_0000_0186.uasset" 10838
"../../../Engine/Content/EngineMaterials/Substrate/Glints2/dict_0000_0188.uasset" 10839
"/Engine/EngineMaterials/Substrate/Glints2/dict_0000_0206" 10840
"/Engine/EngineMaterials/Substrate/Glints2/dict_0000_0207" 10841
"/Engine/EngineMaterials/Substrate/Glints2/dict_0000_0208" 10842
"/Engine/EngineMaterials/Substrate/Glints2/dict_0000_0209" 10843
"/Engine/EngineMaterials/Substrate/Glints2/dict_0000_0210" 10844
"../../../Engine/Content/EngineMaterials/Substrate/Glints2/dict_0000_0187.uasset" 10845
"../../../Engine/Content/EngineMaterials/Substrate/Glints2/dict_0000_0185.uasset" 10846
"/Engine/EngineMaterials/Substrate/Glints2/dict_0000_0184" 10847
"/Engine/EngineMaterials/Substrate/Glints2/dict_0000_0185" 10848
"/Engine/EngineMaterials/Substrate/Glints2/dict_0000_0186" 10849
"/Engine/EngineMaterials/Substrate/Glints2/dict_0000_0187" 10850
"/Engine/EngineMaterials/Substrate/Glints2/dict_0000_0188" 10851
"/Engine/EngineMaterials/Substrate/Glints2/dict_0000_0189" 10852
"/Engine/EngineMaterials/Substrate/Glints2/dict_0000_0190" 10853
"/Engine/EngineMaterials/Substrate/Glints2/dict_0000_0192" 10854
"/Engine/EngineMaterials/Substrate/Glints2/dict_0000_0194" 10855
"../../../Engine/Content/EngineMaterials/Substrate/Glints2/dict_0000_0183.uasset" 10856
"../../../Engine/Content/EngineMaterials/Substrate/Glints2/dict_0000_0182.uasset" 10857
"../../../Engine/Content/EngineMaterials/Substrate/Glints2/dict_0000_0180.uasset" 10858
"../../../Engine/Content/EngineMaterials/Substrate/Glints2/dict_0000_0179.uasset" 10859
"../../../Engine/Content/EngineMaterials/Substrate/Glints2/dict_0000_0181.uasset" 10860
"../../../Engine/Content/EngineMaterials/Substrate/Glints2/dict_0000_0173.uasset" 10861
"../../../Engine/Content/EngineMaterials/Substrate/Glints2/dict_0000_0176.uasset" 10862
"../../../Engine/Content/EngineMaterials/Substrate/Glints2/dict_0000_0172.uasset" 10863
"../../../Engine/Content/EngineMaterials/Substrate/Glints2/dict_0000_0177.uasset" 10864
"../../../Engine/Content/EngineMaterials/Substrate/Glints2/dict_0000_0170.uasset" 10865
"../../../Engine/Content/EngineMaterials/Substrate/Glints2/dict_0000_0175.uasset" 10866
"../../../Engine/Content/EngineMaterials/Substrate/Glints2/dict_0000_0166.uasset" 10867
"../../../Engine/Content/EngineMaterials/Substrate/Glints2/dict_0000_0171.uasset" 10868
"../../../Engine/Content/EngineMaterials/Substrate/Glints2/dict_0000_0178.uasset" 10869
"../../../Engine/Content/EngineMaterials/Substrate/Glints2/dict_0000_0165.uasset" 10870
"../../../Engine/Content/EngineMaterials/Substrate/Glints2/dict_0000_0174.uasset" 10871
"../../../Engine/Content/EngineMaterials/Substrate/Glints2/dict_0000_0169.uasset" 10872
"../../../Engine/Content/EngineMaterials/Substrate/Glints2/dict_0000_0167.uasset" 10873
"../../../Engine/Content/EngineMaterials/Substrate/Glints2/dict_0000_0160.uasset" 10874
"../../../Engine/Content/EngineMaterials/Substrate/Glints2/dict_0000_0168.uasset" 10875
"../../../Engine/Content/EngineMaterials/Substrate/Glints2/dict_0000_0164.uasset" 10876
"../../../Engine/Content/EngineMaterials/Substrate/Glints2/dict_0000_0161.uasset" 10877
"/Engine/EngineMaterials/Substrate/Glints2/dict_0000_0183" 10878
"../../../Engine/Content/EngineMaterials/Substrate/Glints2/dict_0000_0159.uasset" 10879
"../../../Engine/Content/EngineMaterials/Substrate/Glints2/dict_0000_0162.uasset" 10880
"../../../Engine/Content/EngineMaterials/Substrate/Glints2/dict_0000_0163.uasset" 10881
"/Engine/EngineMaterials/Substrate/Glints2/dict_0000_0165" 10882
"/Engine/EngineMaterials/Substrate/Glints2/dict_0000_0179" 10883
"/Engine/EngineMaterials/Substrate/Glints2/dict_0000_0180" 10884
"/Engine/EngineMaterials/Substrate/Glints2/dict_0000_0166" 10885
"/Engine/EngineMaterials/Substrate/Glints2/dict_0000_0181" 10886
"/Engine/EngineMaterials/Substrate/Glints2/dict_0000_0167" 10887
"/Engine/EngineMaterials/Substrate/Glints2/dict_0000_0169" 10888
"/Engine/EngineMaterials/Substrate/Glints2/dict_0000_0170" 10889
"/Engine/EngineMaterials/Substrate/Glints2/dict_0000_0171" 10890
"../../../Engine/Content/EngineMaterials/Substrate/Glints2/dict_0000_0158.uasset" 10891
"../../../Engine/Content/EngineMaterials/Substrate/Glints2/dict_0000_0153.uasset" 10892
"../../../Engine/Content/EngineMaterials/Substrate/Glints2/dict_0000_0155.uasset" 10893
"../../../Engine/Content/EngineMaterials/Substrate/Glints2/dict_0000_0152.uasset" 10894
"../../../Engine/Content/EngineMaterials/Substrate/Glints2/dict_0000_0157.uasset" 10895
"/Engine/EngineMaterials/Substrate/Glints2/dict_0000_0182" 10896
"/Engine/EngineMaterials/Substrate/Glints2/dict_0000_0172" 10897
"/Engine/EngineMaterials/Substrate/Glints2/dict_0000_0173" 10898
"/Engine/EngineMaterials/Substrate/Glints2/dict_0000_0174" 10899
"/Engine/EngineMaterials/Substrate/Glints2/dict_0000_0175" 10900
"/Engine/EngineMaterials/Substrate/Glints2/dict_0000_0176" 10901
"/Engine/EngineMaterials/Substrate/Glints2/dict_0000_0177" 10902
"/Engine/EngineMaterials/Substrate/Glints2/dict_0000_0178" 10903
"/Engine/EngineMaterials/Substrate/Glints2/dict_0000_0152" 10904
"/Engine/EngineMaterials/Substrate/Glints2/dict_0000_0161" 10905
"/Engine/EngineMaterials/Substrate/Glints2/dict_0000_0162" 10906
"/Engine/EngineMaterials/Substrate/Glints2/dict_0000_0163" 10907
"../../../Engine/Content/EngineMaterials/Substrate/Glints2/dict_0000_0156.uasset" 10908
"../../../Engine/Content/EngineMaterials/Substrate/Glints2/dict_0000_0154.uasset" 10909
"/Engine/EngineMaterials/Substrate/Glints2/dict_0000_0164" 10910
"/Engine/EngineMaterials/Substrate/Glints2/dict_0000_0153" 10911
"/Engine/EngineMaterials/Substrate/Glints2/dict_0000_0155" 10912
"/Engine/EngineMaterials/Substrate/Glints2/dict_0000_0157" 10913
"../../../Engine/Content/EngineMaterials/Substrate/Glints2/dict_0000_0146.uasset" 10914
"../../../Engine/Content/EngineMaterials/Substrate/Glints2/dict_0000_0140.uasset" 10915
"../../../Engine/Content/EngineMaterials/Substrate/Glints2/dict_0000_0149.uasset" 10916
"../../../Engine/Content/EngineMaterials/Substrate/Glints2/dict_0000_0150.uasset" 10917
"../../../Engine/Content/EngineMaterials/Substrate/Glints2/dict_0000_0141.uasset" 10918
"../../../Engine/Content/EngineMaterials/Substrate/Glints2/dict_0000_0145.uasset" 10919
"../../../Engine/Content/EngineMaterials/Substrate/Glints2/dict_0000_0143.uasset" 10920
"../../../Engine/Content/EngineMaterials/Substrate/Glints2/dict_0000_0139.uasset" 10921
"../../../Engine/Content/EngineMaterials/Substrate/Glints2/dict_0000_0142.uasset" 10922
"/Engine/EngineMaterials/Substrate/Glints2/dict_0000_0158" 10923
"../../../Engine/Content/EngineMaterials/Substrate/Glints2/dict_0000_0151.uasset" 10924
"../../../Engine/Content/EngineMaterials/Substrate/Glints2/dict_0000_0144.uasset" 10925
"/Engine/EngineMaterials/Substrate/Glints2/dict_0000_0168" 10926
"../../../Engine/Content/EngineMaterials/Substrate/Glints2/dict_0000_0147.uasset" 10927
"../../../Engine/Content/EngineMaterials/Substrate/Glints2/dict_0000_0148.uasset" 10928
"/Engine/EngineMaterials/Substrate/Glints2/dict_0000_0159" 10929
"/Engine/EngineMaterials/Substrate/Glints2/dict_0000_0160" 10930
"/Engine/EngineMaterials/Substrate/Glints2/dict_0000_0154" 10931
"/Engine/EngineMaterials/Substrate/Glints2/dict_0000_0156" 10932
"/Engine/EngineMaterials/Substrate/Glints2/dict_0000_0139" 10933
"/Engine/EngineMaterials/Substrate/Glints2/dict_0000_0140" 10934
"/Engine/EngineMaterials/Substrate/Glints2/dict_0000_0141" 10935
"/Engine/EngineMaterials/Substrate/Glints2/dict_0000_0142" 10936
"/Engine/EngineMaterials/Substrate/Glints2/dict_0000_0143" 10937
"/Engine/EngineMaterials/Substrate/Glints2/dict_0000_0144" 10938
"/Engine/EngineMaterials/Substrate/Glints2/dict_0000_0145" 10939
"/Engine/EngineMaterials/Substrate/Glints2/dict_0000_0146" 10940
"/Engine/EngineMaterials/Substrate/Glints2/dict_0000_0147" 10941
"/Engine/EngineMaterials/Substrate/Glints2/dict_0000_0148" 10942
"/Engine/EngineMaterials/Substrate/Glints2/dict_0000_0149" 10943
"/Engine/EngineMaterials/Substrate/Glints2/dict_0000_0150" 10944
"/Engine/EngineMaterials/Substrate/Glints2/dict_0000_0151" 10945
"../../../Engine/Content/EngineMaterials/Substrate/Glints2/dict_0000_0138.uasset" 10946
"../../../Engine/Content/EngineMaterials/Substrate/Glints2/dict_0000_0134.uasset" 10947
"../../../Engine/Content/EngineMaterials/Substrate/Glints2/dict_0000_0136.uasset" 10948
"../../../Engine/Content/EngineMaterials/Substrate/Glints2/dict_0000_0135.uasset" 10949
"../../../Engine/Content/EngineMaterials/Substrate/Glints2/dict_0000_0137.uasset" 10950
"../../../Engine/Content/EngineMaterials/Substrate/Glints2/dict_0000_0130.uasset" 10951
"../../../Engine/Content/EngineMaterials/Substrate/Glints2/dict_0000_0132.uasset" 10952
"../../../Engine/Content/EngineMaterials/Substrate/Glints2/dict_0000_0131.uasset" 10953
"../../../Engine/Content/EngineMaterials/Substrate/Glints2/dict_0000_0127.uasset" 10954
"../../../Engine/Content/EngineMaterials/Substrate/Glints2/dict_0000_0126.uasset" 10955
"../../../Engine/Content/EngineMaterials/Substrate/Glints2/dict_0000_0125.uasset" 10956
"../../../Engine/Content/EngineMaterials/Substrate/Glints2/dict_0000_0128.uasset" 10957
"../../../Engine/Content/EngineMaterials/Substrate/Glints2/dict_0000_0120.uasset" 10958
"../../../Engine/Content/EngineMaterials/Substrate/Glints2/dict_0000_0124.uasset" 10959
"../../../Engine/Content/EngineMaterials/Substrate/Glints2/dict_0000_0121.uasset" 10960
"../../../Engine/Content/EngineMaterials/Substrate/Glints2/dict_0000_0133.uasset" 10961
"../../../Engine/Content/EngineMaterials/Substrate/Glints2/dict_0000_0129.uasset" 10962
"/Engine/EngineMaterials/Substrate/Glints2/dict_0000_0134" 10963
"/Engine/EngineMaterials/Substrate/Glints2/dict_0000_0124" 10964
"/Engine/EngineMaterials/Substrate/Glints2/dict_0000_0125" 10965
"/Engine/EngineMaterials/Substrate/Glints2/dict_0000_0126" 10966
"../../../Engine/Content/EngineMaterials/Substrate/Glints2/dict_0000_0122.uasset" 10967
"/Engine/EngineMaterials/Substrate/Glints2/dict_0000_0135" 10968
"/Engine/EngineMaterials/Substrate/Glints2/dict_0000_0136" 10969
"/Engine/EngineMaterials/Substrate/Glints2/dict_0000_0127" 10970
"/Engine/EngineMaterials/Substrate/Glints2/dict_0000_0137" 10971
"/Engine/EngineMaterials/Substrate/Glints2/dict_0000_0128" 10972
"/Engine/EngineMaterials/Substrate/Glints2/dict_0000_0138" 10973
"/Engine/EngineMaterials/Substrate/Glints2/dict_0000_0129" 10974
"../../../Engine/Content/EngineMaterials/Substrate/Glints2/dict_0000_0118.uasset" 10975
"../../../Engine/Content/EngineMaterials/Substrate/Glints2/dict_0000_0117.uasset" 10976
"../../../Engine/Content/EngineMaterials/Substrate/Glints2/dict_0000_0116.uasset" 10977
"../../../Engine/Content/EngineMaterials/Substrate/Glints2/dict_0000_0115.uasset" 10978
"../../../Engine/Content/EngineMaterials/Substrate/Glints2/dict_0000_0114.uasset" 10979
"/Engine/EngineMaterials/Substrate/Glints2/dict_0000_0130" 10980
"../../../Engine/Content/EngineMaterials/Substrate/Glints2/dict_0000_0123.uasset" 10981
"/Engine/EngineMaterials/Substrate/Glints2/dict_0000_0131" 10982
"/Engine/EngineMaterials/Substrate/Glints2/dict_0000_0132" 10983
"../../../Engine/Content/EngineMaterials/Substrate/Glints2/dict_0000_0119.uasset" 10984
"/Engine/EngineMaterials/Substrate/Glints2/dict_0000_0133" 10985
"/Engine/EngineMaterials/Substrate/Glints2/dict_0000_0120" 10986
"/Engine/EngineMaterials/Substrate/Glints2/dict_0000_0121" 10987
"/Engine/EngineMaterials/Substrate/Glints2/dict_0000_0122" 10988
"/Engine/EngineMaterials/Substrate/Glints2/dict_0000_0123" 10989
"/Engine/EngineMaterials/Substrate/Glints2/dict_0000_0114" 10990
"/Engine/EngineMaterials/Substrate/Glints2/dict_0000_0115" 10991
"../../../Engine/Content/EngineMaterials/Substrate/Glints2/dict_0000_0113.uasset" 10992
"/Engine/EngineMaterials/Substrate/Glints2/dict_0000_0116" 10993
"../../../Engine/Content/EngineMaterials/Substrate/Glints2/dict_0000_0108.uasset" 10994
"/Engine/EngineMaterials/Substrate/Glints2/dict_0000_0117" 10995
"../../../Engine/Content/EngineMaterials/Substrate/Glints2/dict_0000_0111.uasset" 10996
"../../../Engine/Content/EngineMaterials/Substrate/Glints2/dict_0000_0112.uasset" 10997
"/Engine/EngineMaterials/Substrate/Glints2/dict_0000_0118" 10998
"/Engine/EngineMaterials/Substrate/Glints2/dict_0000_0119" 10999
"../../../Engine/Content/EngineMaterials/Substrate/Glints2/dict_0000_0110.uasset" 11000
"/Engine/EngineMaterials/Substrate/Glints2/dict_0000_0108" 11001
"/Engine/EngineMaterials/Substrate/Glints2/dict_0000_0110" 11002
"/Engine/EngineMaterials/Substrate/Glints2/dict_0000_0111" 11003
"/Engine/EngineMaterials/Substrate/Glints2/dict_0000_0112" 11004
"/Engine/EngineMaterials/Substrate/Glints2/dict_0000_0113" 11005
"../../../Engine/Content/EngineMaterials/Substrate/Glints2/dict_0000_0106.uasset" 11006
"../../../Engine/Content/EngineMaterials/Substrate/Glints2/dict_0000_0104.uasset" 11007
"../../../Engine/Content/EngineMaterials/Substrate/Glints2/dict_0000_0102.uasset" 11008
"../../../Engine/Content/EngineMaterials/Substrate/Glints2/dict_0000_0099.uasset" 11009
"../../../Engine/Content/EngineMaterials/Substrate/Glints2/dict_0000_0101.uasset" 11010
"../../../Engine/Content/EngineMaterials/Substrate/Glints2/dict_0000_0103.uasset" 11011
"../../../Engine/Content/EngineMaterials/Substrate/Glints2/dict_0000_0107.uasset" 11012
"../../../Engine/Content/EngineMaterials/Substrate/Glints2/dict_0000_0109.uasset" 11013
"../../../Engine/Content/EngineMaterials/Substrate/Glints2/dict_0000_0105.uasset" 11014
"../../../Engine/Content/EngineMaterials/Substrate/Glints2/dict_0000_0100.uasset" 11015
"../../../Engine/Content/EngineMaterials/Substrate/Glints2/dict_0000_0098.uasset" 11016
"../../../Engine/Content/EngineMaterials/Substrate/Glints2/dict_0000_0096.uasset" 11017
"../../../Engine/Content/EngineMaterials/Substrate/Glints2/dict_0000_0095.uasset" 11018
"../../../Engine/Content/EngineMaterials/Substrate/Glints2/dict_0000_0093.uasset" 11019
"../../../Engine/Content/EngineMaterials/Substrate/Glints2/dict_0000_0086.uasset" 11020
"../../../Engine/Content/EngineMaterials/Substrate/Glints2/dict_0000_0089.uasset" 11021
"/Engine/EngineMaterials/Substrate/Glints2/dict_0000_0095" 11022
"../../../Engine/Content/EngineMaterials/Substrate/Glints2/dict_0000_0087.uasset" 11023
"../../../Engine/Content/EngineMaterials/Substrate/Glints2/dict_0000_0088.uasset" 11024
"../../../Engine/Content/EngineMaterials/Substrate/Glints2/dict_0000_0091.uasset" 11025
"../../../Engine/Content/EngineMaterials/Substrate/Glints2/dict_0000_0094.uasset" 11026
"../../../Engine/Content/EngineMaterials/Substrate/Glints2/dict_0000_0092.uasset" 11027
"/Engine/EngineMaterials/Substrate/Glints2/dict_0000_0096" 11028
"/Engine/EngineMaterials/Substrate/Glints2/dict_0000_0107" 11029
"/Engine/EngineMaterials/Substrate/Glints2/dict_0000_0098" 11030
"/Engine/EngineMaterials/Substrate/Glints2/dict_0000_0099" 11031
"/Engine/EngineMaterials/Substrate/Glints2/dict_0000_0100" 11032
"../../../Engine/Content/EngineMaterials/Substrate/Glints2/dict_0000_0090.uasset" 11033
"/Engine/EngineMaterials/Substrate/Glints2/dict_0000_0109" 11034
"/Engine/EngineMaterials/Substrate/Glints2/dict_0000_0101" 11035
"/Engine/EngineMaterials/Substrate/Glints2/dict_0000_0102" 11036
"../../../Engine/Content/EngineMaterials/Substrate/Glints2/dict_0000_0097.uasset" 11037
"/Engine/EngineMaterials/Substrate/Glints2/dict_0000_0103" 11038
"/Engine/EngineMaterials/Substrate/Glints2/dict_0000_0104" 11039
"../../../Engine/Content/EngineMaterials/Substrate/Glints2/dict_0000_0083.uasset" 11040
"/Engine/EngineMaterials/Substrate/Glints2/dict_0000_0105" 11041
"/Engine/EngineMaterials/Substrate/Glints2/dict_0000_0106" 11042
"../../../Engine/Content/EngineMaterials/Substrate/Glints2/dict_0000_0082.uasset" 11043
"../../../Engine/Content/EngineMaterials/Substrate/Glints2/dict_0000_0085.uasset" 11044
"../../../Engine/Content/EngineMaterials/Substrate/Glints2/dict_0000_0084.uasset" 11045
"/Engine/EngineMaterials/Substrate/Glints2/dict_0000_0090" 11046
"/Engine/EngineMaterials/Substrate/Glints2/dict_0000_0082" 11047
"/Engine/EngineMaterials/Substrate/Glints2/dict_0000_0083" 11048
"/Engine/EngineMaterials/Substrate/Glints2/dict_0000_0091" 11049
"/Engine/EngineMaterials/Substrate/Glints2/dict_0000_0092" 11050
"/Engine/EngineMaterials/Substrate/Glints2/dict_0000_0093" 11051
"/Engine/EngineMaterials/Substrate/Glints2/dict_0000_0094" 11052
"/Engine/EngineMaterials/Substrate/Glints2/dict_0000_0097" 11053
"/Engine/EngineMaterials/Substrate/Glints2/dict_0000_0084" 11054
"/Engine/EngineMaterials/Substrate/Glints2/dict_0000_0085" 11055
"/Engine/EngineMaterials/Substrate/Glints2/dict_0000_0086" 11056
"/Engine/EngineMaterials/Substrate/Glints2/dict_0000_0087" 11057
"/Engine/EngineMaterials/Substrate/Glints2/dict_0000_0088" 11058
"/Engine/EngineMaterials/Substrate/Glints2/dict_0000_0089" 11059
"../../../Engine/Content/EngineMaterials/Substrate/Glints2/dict_0000_0080.uasset" 11060
"../../../Engine/Content/EngineMaterials/Substrate/Glints2/dict_0000_0079.uasset" 11061
"../../../Engine/Content/EngineMaterials/Substrate/Glints2/dict_0000_0077.uasset" 11062
"../../../Engine/Content/EngineMaterials/Substrate/Glints2/dict_0000_0081.uasset" 11063
"../../../Engine/Content/EngineMaterials/Substrate/Glints2/dict_0000_0078.uasset" 11064
"../../../Engine/Content/EngineMaterials/Substrate/Glints2/dict_0000_0076.uasset" 11065
"../../../Engine/Content/EngineMaterials/Substrate/Glints2/dict_0000_0068.uasset" 11066
"../../../Engine/Content/EngineMaterials/Substrate/Glints2/dict_0000_0070.uasset" 11067
"../../../Engine/Content/EngineMaterials/Substrate/Glints2/dict_0000_0075.uasset" 11068
"../../../Engine/Content/EngineMaterials/Substrate/Glints2/dict_0000_0069.uasset" 11069
"../../../Engine/Content/EngineMaterials/Substrate/Glints2/dict_0000_0071.uasset" 11070
"../../../Engine/Content/EngineMaterials/Substrate/Glints2/dict_0000_0064.uasset" 11071
"../../../Engine/Content/EngineMaterials/Substrate/Glints2/dict_0000_0065.uasset" 11072
"../../../Engine/Content/EngineMaterials/Substrate/Glints2/dict_0000_0073.uasset" 11073
"../../../Engine/Content/EngineMaterials/Substrate/Glints2/dict_0000_0066.uasset" 11074
"../../../Engine/Content/EngineMaterials/Substrate/Glints2/dict_0000_0067.uasset" 11075
"../../../Engine/Content/EngineMaterials/Substrate/Glints2/dict_0000_0072.uasset" 11076
"/Engine/EngineMaterials/Substrate/Glints2/dict_0000_0064" 11077
"/Engine/EngineMaterials/Substrate/Glints2/dict_0000_0065" 11078
"/Engine/EngineMaterials/Substrate/Glints2/dict_0000_0066" 11079
"../../../Engine/Content/EngineMaterials/Substrate/Glints2/dict_0000_0063.uasset" 11080
"/Engine/EngineMaterials/Substrate/Glints2/dict_0000_0067" 11081
"/Engine/EngineMaterials/Substrate/Glints2/dict_0000_0068" 11082
"/Engine/EngineMaterials/Substrate/Glints2/dict_0000_0077" 11083
"../../../Engine/Content/EngineMaterials/Substrate/Glints2/dict_0000_0074.uasset" 11084
"../../../Engine/Content/EngineMaterials/Substrate/Glints2/dict_0000_0060.uasset" 11085
"../../../Engine/Content/EngineMaterials/Substrate/Glints2/dict_0000_0062.uasset" 11086
"../../../Engine/Content/EngineMaterials/Substrate/Glints2/dict_0000_0061.uasset" 11087
"/Engine/EngineMaterials/Substrate/Glints2/dict_0000_0069" 11088
"/Engine/EngineMaterials/Substrate/Glints2/dict_0000_0070" 11089
"/Engine/EngineMaterials/Substrate/Glints2/dict_0000_0071" 11090
"/Engine/EngineMaterials/Substrate/Glints2/dict_0000_0078" 11091
"/Engine/EngineMaterials/Substrate/Glints2/dict_0000_0072" 11092
"/Engine/EngineMaterials/Substrate/Glints2/dict_0000_0079" 11093
"/Engine/EngineMaterials/Substrate/Glints2/dict_0000_0073" 11094
"/Engine/EngineMaterials/Substrate/Glints2/dict_0000_0080" 11095
"../../../Engine/Content/EngineMaterials/Substrate/Glints2/dict_0000_0053.uasset" 11096
"../../../Engine/Content/EngineMaterials/Substrate/Glints2/dict_0000_0058.uasset" 11097
"../../../Engine/Content/EngineMaterials/Substrate/Glints2/dict_0000_0054.uasset" 11098
"/Engine/EngineMaterials/Substrate/Glints2/dict_0000_0081" 11099
"../../../Engine/Content/EngineMaterials/Substrate/Glints2/dict_0000_0056.uasset" 11100
"../../../Engine/Content/EngineMaterials/Substrate/Glints2/dict_0000_0055.uasset" 11101
"/Engine/EngineMaterials/Substrate/Glints2/dict_0000_0075" 11102
"../../../Engine/Content/EngineMaterials/Substrate/Glints2/dict_0000_0051.uasset" 11103
"../../../Engine/Content/EngineMaterials/Substrate/Glints2/dict_0000_0057.uasset" 11104
"/Engine/EngineMaterials/Substrate/Glints2/dict_0000_0076" 11105
"/Engine/EngineMaterials/Substrate/Glints2/dict_0000_0051" 11106
"/Engine/EngineMaterials/Substrate/Glints2/dict_0000_0053" 11107
"/Engine/EngineMaterials/Substrate/Glints2/dict_0000_0054" 11108
"/Engine/EngineMaterials/Substrate/Glints2/dict_0000_0055" 11109
"/Engine/EngineMaterials/Substrate/Glints2/dict_0000_0056" 11110
"/Engine/EngineMaterials/Substrate/Glints2/dict_0000_0057" 11111
"/Engine/EngineMaterials/Substrate/Glints2/dict_0000_0074" 11112
"/Engine/EngineMaterials/Substrate/Glints2/dict_0000_0058" 11113
"/Engine/EngineMaterials/Substrate/Glints2/dict_0000_0060" 11114
"/Engine/EngineMaterials/Substrate/Glints2/dict_0000_0061" 11115
"/Engine/EngineMaterials/Substrate/Glints2/dict_0000_0062" 11116
"/Engine/EngineMaterials/Substrate/Glints2/dict_0000_0063" 11117
"../../../Engine/Content/EngineMaterials/Substrate/Glints2/dict_0000_0059.uasset" 11118
"../../../Engine/Content/EngineMaterials/Substrate/Glints2/dict_0000_0052.uasset" 11119
"../../../Engine/Content/EngineMaterials/Substrate/Glints2/dict_0000_0050.uasset" 11120
"../../../Engine/Content/EngineMaterials/Substrate/Glints2/dict_0000_0041.uasset" 11121
"../../../Engine/Content/EngineMaterials/Substrate/Glints2/dict_0000_0043.uasset" 11122
"../../../Engine/Content/EngineMaterials/Substrate/Glints2/dict_0000_0045.uasset" 11123
"../../../Engine/Content/EngineMaterials/Substrate/Glints2/dict_0000_0049.uasset" 11124
"../../../Engine/Content/EngineMaterials/Substrate/Glints2/dict_0000_0042.uasset" 11125
"../../../Engine/Content/EngineMaterials/Substrate/Glints2/dict_0000_0044.uasset" 11126
"../../../Engine/Content/EngineMaterials/Substrate/Glints2/dict_0000_0040.uasset" 11127
"../../../Engine/Content/EngineMaterials/Substrate/Glints2/dict_0000_0039.uasset" 11128
"../../../Engine/Content/EngineMaterials/Substrate/Glints2/dict_0000_0047.uasset" 11129
"../../../Engine/Content/EngineMaterials/Substrate/Glints2/dict_0000_0046.uasset" 11130
"../../../Engine/Content/EngineMaterials/Substrate/Glints2/dict_0000_0048.uasset" 11131
"/Engine/EngineMaterials/Substrate/Glints2/dict_0000_0050" 11132
"/Engine/EngineMaterials/Substrate/Glints2/dict_0000_0052" 11133
"/Engine/EngineMaterials/Substrate/Glints2/dict_0000_0039" 11134
"../../../Engine/Content/EngineMaterials/Substrate/Glints2/dict_0000_0033.uasset" 11135
"/Engine/EngineMaterials/Substrate/Glints2/dict_0000_0040" 11136
"../../../Engine/Content/EngineMaterials/Substrate/Glints2/dict_0000_0037.uasset" 11137
"../../../Engine/Content/EngineMaterials/Substrate/Glints2/dict_0000_0035.uasset" 11138
"../../../Engine/Content/EngineMaterials/Substrate/Glints2/dict_0000_0034.uasset" 11139
"../../../Engine/Content/EngineMaterials/Substrate/Glints2/dict_0000_0036.uasset" 11140
"../../../Engine/Content/EngineMaterials/Substrate/Glints2/dict_0000_0029.uasset" 11141
"../../../Engine/Content/EngineMaterials/Substrate/Glints2/dict_0000_0032.uasset" 11142
"../../../Engine/Content/EngineMaterials/Substrate/Glints2/dict_0000_0030.uasset" 11143
"../../../Engine/Content/EngineMaterials/Substrate/Glints2/dict_0000_0026.uasset" 11144
"../../../Engine/Content/EngineMaterials/Substrate/Glints2/dict_0000_0028.uasset" 11145
"../../../Engine/Content/EngineMaterials/Substrate/Glints2/dict_0000_0025.uasset" 11146
"/Engine/EngineMaterials/Substrate/Glints2/dict_0000_0041" 11147
"../../../Engine/Content/EngineMaterials/Substrate/Glints2/dict_0000_0031.uasset" 11148
"/Engine/EngineMaterials/Substrate/Glints2/dict_0000_0042" 11149
"/Engine/EngineMaterials/Substrate/Glints2/dict_0000_0043" 11150
"/Engine/EngineMaterials/Substrate/Glints2/dict_0000_0044" 11151
"/Engine/EngineMaterials/Substrate/Glints2/dict_0000_0045" 11152
"/Engine/EngineMaterials/Substrate/Glints2/dict_0000_0046" 11153
"/Engine/EngineMaterials/Substrate/Glints2/dict_0000_0047" 11154
"/Engine/EngineMaterials/Substrate/Glints2/dict_0000_0059" 11155
"/Engine/EngineMaterials/Substrate/Glints2/dict_0000_0048" 11156
"/Engine/EngineMaterials/Substrate/Glints2/dict_0000_0049" 11157
"/Engine/EngineMaterials/Substrate/Glints2/dict_0000_0025" 11158
"/Engine/EngineMaterials/Substrate/Glints2/dict_0000_0033" 11159
"/Engine/EngineMaterials/Substrate/Glints2/dict_0000_0034" 11160
"/Engine/EngineMaterials/Substrate/Glints2/dict_0000_0026" 11161
"/Engine/EngineMaterials/Substrate/Glints2/dict_0000_0035" 11162
"/Engine/EngineMaterials/Substrate/Glints2/dict_0000_0036" 11163
"/Engine/EngineMaterials/Substrate/Glints2/dict_0000_0037" 11164
"/Engine/EngineMaterials/Substrate/Glints2/dict_0000_0028" 11165
"/Engine/EngineMaterials/Substrate/Glints2/dict_0000_0029" 11166
"/Engine/EngineMaterials/Substrate/Glints2/dict_0000_0030" 11167
"/Engine/EngineMaterials/Substrate/Glints2/dict_0000_0031" 11168
"../../../Engine/Content/EngineMaterials/Substrate/Glints2/dict_0000_0027.uasset" 11169
"/Engine/EngineMaterials/Substrate/Glints2/dict_0000_0032" 11170
"../../../Engine/Content/EngineMaterials/Substrate/Glints2/dict_0000_0038.uasset" 11171
"/Engine/EngineMaterials/Substrate/Glints2/dict_0000_0038" 11172
"/Engine/EngineMaterials/Substrate/Glints2/dict_0000_0027" 11173
"../../../Engine/Content/EngineMaterials/Substrate/Glints2/dict_0000_0024.uasset" 11174
"../../../Engine/Content/EngineMaterials/Substrate/Glints2/dict_0000_0022.uasset" 11175
"../../../Engine/Content/EngineMaterials/Substrate/Glints2/dict_0000_0021.uasset" 11176
"../../../Engine/Content/EngineMaterials/Substrate/Glints2/dict_0000_0023.uasset" 11177
"../../../Engine/Content/EngineMaterials/Substrate/Glints2/dict_0000_0016.uasset" 11178
"../../../Engine/Content/EngineMaterials/Substrate/Glints2/dict_0000_0014.uasset" 11179
"../../../Engine/Content/EngineMaterials/Substrate/Glints2/dict_0000_0018.uasset" 11180
"../../../Engine/Content/EngineMaterials/Substrate/Glints2/dict_0000_0020.uasset" 11181
"../../../Engine/Content/EngineMaterials/Substrate/Glints2/dict_0000_0013.uasset" 11182
"../../../Engine/Content/EngineMaterials/Substrate/Glints2/dict_0000_0019.uasset" 11183
"/Engine/EngineMaterials/Substrate/Glints2/dict_0000_0021" 11184
"../../../Engine/Content/EngineMaterials/Substrate/Glints2/dict_0000_0008.uasset" 11185
"/Engine/EngineMaterials/Substrate/Glints2/dict_0000_0022" 11186
"../../../Engine/Content/EngineMaterials/Substrate/Glints2/dict_0000_0010.uasset" 11187
"/Engine/EngineMaterials/Substrate/Glints2/dict_0000_0023" 11188
"../../../Engine/Content/EngineMaterials/Substrate/Glints2/dict_0000_0009.uasset" 11189
"/Engine/EngineMaterials/Substrate/Glints2/dict_0000_0024" 11190
"/Engine/EngineMaterials/Substrate/Glints2/dict_0000_0013" 11191
"../../../Engine/Content/EngineMaterials/Substrate/Glints2/dict_0000_0017.uasset" 11192
"../../../Engine/Content/EngineMaterials/Substrate/Glints2/dict_0000_0007.uasset" 11193
"/Engine/EngineMaterials/Substrate/Glints2/dict_0000_0014" 11194
"/Engine/EngineMaterials/Substrate/Glints2/dict_0000_0016" 11195
"/Engine/EngineMaterials/Substrate/Glints2/dict_0000_0018" 11196
"/Engine/EngineMaterials/Substrate/Glints2/dict_0000_0019" 11197
"../../../Engine/Content/EngineMaterials/Substrate/Glints2/dict_0000_0012.uasset" 11198
"/Engine/EngineMaterials/Substrate/Glints2/dict_0000_0020" 11199
"../../../Engine/Content/EngineMaterials/Substrate/Glints2/dict_0000_0006.uasset" 11200
"../../../Engine/Content/EngineMaterials/Substrate/Glints2/dict_0000_0005.uasset" 11201
"../../../Engine/Content/EngineMaterials/Substrate/Glints2/dict_0000_0004.uasset" 11202
"../../../Engine/Content/EngineMaterials/Substrate/Glints2/dict_0000_0015.uasset" 11203
"/Engine/EngineMaterials/Substrate/Glints2/dict_0000_0007" 11204
"/Engine/EngineMaterials/Substrate/Glints2/dict_0000_0008" 11205
"/Engine/EngineMaterials/Substrate/Glints2/dict_0000_0009" 11206
"/Engine/EngineMaterials/Substrate/Glints2/dict_0000_0010" 11207
"/Engine/EngineMaterials/Substrate/Glints2/dict_0000_0012" 11208
"/Engine/EngineMaterials/Substrate/Glints2/dict_0000_0015" 11209
"/Engine/EngineMaterials/Substrate/Glints2/dict_0000_0017" 11210
"../../../Engine/Content/EngineMaterials/Substrate/Glints2/dict_0000_0003.uasset" 11211
"../../../Engine/Content/EngineMaterials/Substrate/Glints2/dict_0000_0000.uasset" 11212
"/Engine/EngineMaterials/Substrate/Glints2/dict_0000_0004" 11213
"/Engine/EngineMaterials/Substrate/Glints2/dict_0000_0005" 11214
"../../../Engine/Content/EngineMaterials/Substrate/Volume/SubstrateSimpleVolumeLUT3D.uasset" 11215
"../../../Engine/Content/EngineMaterials/DefaultCalibrationColor.uasset" 11216
"../../../Engine/Content/EngineMaterials/Substrate/Volume/SubstrateSimpleVolumeEnvLUT3D.uasset" 11217
"../../../Engine/Content/MobileResources/HUD/DefaultVirtualJoysticks.uasset" 11218
"../../../Engine/Content/EngineMaterials/Substrate/Glints2/dict_0000_0002.uasset" 11219
"/Engine/EngineMaterials/Substrate/Glints2/dict_0000_0006" 11220
"../../../Engine/Content/EngineMaterials/Substrate/Glints2/dict_0000_0011.uasset" 11221
"../../../Engine/Content/EngineMaterials/Substrate/Glints2/dict_0000_0001.uasset" 11222
"/Engine/EngineMaterials/Substrate/Glints2/dict_0000_0000" 11223
"../../../Engine/Content/MobileResources/HUD/VirtualJoystick_Thumb.uasset" 11224
"../../../Engine/Content/EngineMaterials/Substrate/Volume/SubstrateSimpleVolumeLUT2D.uasset" 11225
"../../../Engine/Content/EngineMaterials/Substrate/Glints2/AGlintTex2dArray2.uasset" 11226
"../../../Engine/Content/EngineMaterials/PPM_DefaultCalibrationColor.uasset" 11227
"../../../Engine/Content/Functions/Engine_MaterialFunctions03/Procedurals/HeightToNormalSmooth.uasset" 11228
"../../../Engine/Plugins/Interchange/Assets/Content/Functions/MX_Displacement.uasset" 11229
"/Engine/EngineMaterials/Substrate/Glints2/dict_0000_0001" 11230
"../../../Engine/Plugins/Interchange/Assets/Content/Functions/MX_Surface.uasset" 11231
"../../../Engine/Content/EngineMaterials/DefaultCalibrationGrayscale.uasset" 11232
"../../../Engine/Content/Functions/MaterialLayerFunctions/MatLayerBlend_OverrideOpacity.uasset" 11233
"../../../Engine/Content/EngineMaterials/Substrate/Volume/SubstrateSimpleVolumeEnvLUT2D.uasset" 11234
"/Engine/EngineMaterials/Substrate/Glints2/dict_0000_0011" 11235
"/Engine/EngineMaterials/Substrate/Glints2/dict_0000_0002" 11236
"/Engine/EngineMaterials/Substrate/Glints2/dict_0000_0003" 11237
"/Engine/EngineMaterials/DefaultCalibrationColor" 11238
"/InterchangeAssets/Functions/MX_Displacement" 11239
"../../../Engine/Content/MobileResources/HUD/VirtualJoystick_Background.uasset" 11240
"../../../Engine/Content/EngineMaterials/PPM_DefaultCalibrationGrayscale.uasset" 11241
"/InterchangeAssets/Functions/MX_Surface" 11242
"../../../Engine/Plugins/NNE/NNEDenoiser/Content/NNEDOM_Output_Alpha.uasset" 11243
"../../../Engine/Plugins/NNE/NNEDenoiser/Content/NNEDOM_Output_Default.uasset" 11244
"../../../Engine/Plugins/NNE/NNEDenoiser/Content/NNEDIM_HighQuality_Default.uasset" 11245
"../../../Engine/Plugins/NNE/NNEDenoiser/Content/NNEDIM_HighQuality_Alpha.uasset" 11246
"/Engine/EngineMaterials/Substrate/Volume/SubstrateSimpleVolumeEnvLUT3D" 11247
"../../../Engine/Plugins/NNE/NNEDenoiser/Content/NNEDIM_ColorAlbedoNormal_Alpha.uasset" 11248
"../../../Engine/Plugins/NNE/NNEDenoiser/Content/NNEDIM_ColorAlbedoNormal_Default.uasset" 11249
"/Engine/EngineMaterials/Substrate/Volume/SubstrateSimpleVolumeLUT3D" 11250
"/Engine/EngineMaterials/Substrate/Glints2/AGlintTex2dArray2" 11251
"../../../Engine/Plugins/NNE/NNEDenoiser/Content/NNEDTOM_Output_Default.uasset" 11252
"../../../Engine/Plugins/NNE/NNEDenoiser/Content/NNEDTIM_ColorAlbedoNormal_Default.uasset" 11253
"../../../Engine/Plugins/NNE/NNEDenoiser/Content/NNEDT_Oidn2-3_Balanced_Alpha.uasset" 11254
"../../../Engine/Plugins/NNE/NNEDenoiser/Content/NNEDT_Oidn2-3_Balanced.uasset" 11255
"../../../Engine/Plugins/NNE/NNEDenoiser/Content/NNEDTIM_ColorAlbedoNormal_Alpha.uasset" 11256
"../../../Engine/Plugins/NNE/NNEDenoiser/Content/NNEDTOM_Output_Alpha.uasset" 11257
"../../../Engine/Plugins/NNE/NNEDenoiser/Content/NNED_Oidn2-3_HighQuality.uasset" 11258
"../../../Engine/Plugins/NNE/NNEDenoiser/Content/NNED_Oidn2-3_Balanced.uasset" 11259
"../../../Engine/Plugins/NNE/NNEDenoiser/Content/NNED_Oidn2-3_Fast_Alpha.uasset" 11260
"../../../Engine/Plugins/NNE/NNEDenoiser/Content/NNED_Oidn2-3_Balanced_Alpha.uasset" 11261
"../../../Engine/Plugins/NNE/NNEDenoiser/Content/NNED_Oidn2-3_Fast.uasset" 11262
"/Engine/EngineMaterials/DefaultCalibrationGrayscale" 11263
"/Engine/MobileResources/HUD/VirtualJoystick_Thumb" 11264
"/Engine/EngineMaterials/PPM_DefaultCalibrationColor" 11265
"/NNEDenoiser/NNEDT_Oidn2-3_Balanced" 11266
"/NNEDenoiser/NNEDIM_ColorAlbedoNormal_Alpha" 11267
"/NNEDenoiser/NNEDTOM_Output_Default" 11268
"/NNEDenoiser/NNED_Oidn2-3_HighQuality" 11269
"/NNEDenoiser/NNED_Oidn2-3_Fast_Alpha" 11270
"/Engine/MobileResources/HUD/VirtualJoystick_Background" 11271
"/NNEDenoiser/NNEDTOM_Output_Alpha" 11272
"../../../Engine/Plugins/NNE/NNEDenoiser/Content/NNED_Oidn2-3_HighQuality_Alpha.uasset" 11273
"../../../Engine/Plugins/NNE/NNEDenoiser/Content/NNE_oidn2-3-0_rt_hdr_alb_nrm__dyn__fp16_opset11_ForwardAlpha.uasset" 11274
"../../../Engine/Plugins/NNE/NNEDenoiser/Content/NNE_oidn2-3-0_rt_hdr_alb_nrm_small__dyn__fp16_opset11_ForwardAlpha.uasset" 11275
"../../../Engine/Content/EditorResources/BSPVertex.uasset" 11276
"../../../Engine/Plugins/NNE/NNEDenoiser/Content/NNE_oidn2-3-0_rt_hdr_alb_nrm__dyn__fp16_opset11_DenoiseAlpha.uasset" 11277
"../../../Engine/Content/EngineMaterials/DefaultBloomKernel.uasset" 11278
"../../../Engine/Plugins/NNE/NNEDenoiser/Content/NNE_oidn2-3-0_rt_hdr_calb_cnrm_large__dyn__fp16_opset11_ForwardAlpha.uasset" 11279
"/NNEDenoiser/NNEDTIM_ColorAlbedoNormal_Default" 11280
"/NNEDenoiser/NNED_Oidn2-3_Fast" 11281
"/NNEDenoiser/NNEDTIM_ColorAlbedoNormal_Alpha" 11282
"../../../Engine/Content/EngineResources/FilmGrains/Marcie_Grain_v3_128_M2_000.uasset" 11283
"/Engine/EngineMaterials/PPM_DefaultCalibrationGrayscale" 11284
"/NNEDenoiser/NNEDOM_Output_Default" 11285
"../../../Engine/Content/EngineResources/Development/ZenLogo_64.uasset" 11286
"/NNEDenoiser/NNEDOM_Output_Alpha" 11287
"/NNEDenoiser/NNED_Oidn2-3_Balanced_Alpha" 11288
"/NNEDenoiser/NNED_Oidn2-3_Balanced" 11289
"/NNEDenoiser/NNEDIM_HighQuality_Default" 11290
"/NNEDenoiser/NNEDIM_HighQuality_Alpha" 11291
"/NNEDenoiser/NNEDIM_ColorAlbedoNormal_Default" 11292
"../../../Engine/Plugins/NNE/NNEDenoiser/Content/NNE_oidn2-3-0_rt_hdr_alb_nrm_small__dyn__fp16_opset11_DenoiseAlpha.uasset" 11293
"/NNEDenoiser/NNEDT_Oidn2-3_Balanced_Alpha" 11294
"/Engine/MobileResources/HUD/DefaultVirtualJoysticks" 11295
"../../../Engine/Content/EngineDebugMaterials/DebugEditorMaterial.uasset" 11296
"/Engine/EngineDebugMaterials/DebugEditorMaterial" 11297
"../../../Engine/Plugins/NNE/NNEDenoiser/Content/NNE_oidn2-3-0_rt_hdr_calb_cnrm_large__dyn__fp16_opset11_DenoiseAlpha.uasset" 11298
"/Engine/EngineResources/Development/ZenLogo_64" 11299
"/Engine/EngineResources/FilmGrains/Marcie_Grain_v3_128_M2_000" 11300
"../../../Engine/Content/EngineMaterials/EnergyConservation/Diffuse_Energy.uasset" 11301
"../../../Engine/Content/EngineMaterials/SMAAAreaTex.uasset" 11302
"../../../Engine/Content/EngineMaterials/FastBlueNoise_scalar_128x128x8.uasset" 11303
"../../../Engine/Content/EngineMaterials/FastBlueNoise_scalar_128x128x64.uasset" 11304
"../../../Engine/Content/EngineMaterials/LTC/Sheen_LTC.uasset" 11305
"../../../Engine/Content/EngineMaterials/FastBlueNoise_vec2_128x128x64.uasset" 11306
"../../../Engine/Content/EngineSounds/Master.uasset" 11307
"../../../Engine/Plugins/Interchange/Runtime/Content/Pipelines/DefaultAssetsPipeline.uasset" 11308
"../../../Engine/Plugins/Interchange/Runtime/Content/Pipelines/DefaultMaterialXPipeline.uasset" 11309
"../../../Engine/Content/EngineMaterials/EnergyConservation/Sheen_Energy.uasset" 11310
"../../../Engine/Content/EngineMaterials/SMAASearchTex.uasset" 11311
"../../../Engine/Plugins/Interchange/Runtime/Content/Pipelines/DefaultGLTFAssetsPipeline.uasset" 11312
"../../../Engine/Plugins/Interchange/Runtime/Content/Pipelines/DefaultMaterialPipeline.uasset" 11313
"../../../Engine/Plugins/Interchange/Runtime/Content/Pipelines/DefaultTexturePipeline.uasset" 11314
"../../../Engine/Plugins/Interchange/Runtime/Content/Pipelines/DefaultGLTFPipeline.uasset" 11315
"../../../Engine/Plugins/Interchange/Runtime/Content/Pipelines/DefaultSceneAssetsPipeline.uasset" 11316
"../../../Engine/Plugins/Interchange/Runtime/Content/Pipelines/DefaultSceneLevelPipeline.uasset" 11317
"../../../Engine/Plugins/Interchange/Runtime/Content/Pipelines/DefaultAudioPipeline.uasset" 11318
"../../../Engine/Plugins/Interchange/Runtime/Content/Pipelines/DefaultGLTFSceneAssetsPipeline.uasset" 11319
"../../../Engine/Plugins/Interchange/Assets/Content/Functions/MX_SurfaceUnlit.uasset" 11320
"/Engine/EngineMaterials/DefaultBloomKernel" 11321
"/Engine/EditorResources/BSPVertex" 11322
"/NNEDenoiser/NNE_oidn2-3-0_rt_hdr_calb_cnrm_large__dyn__fp16_opset11_ForwardAlpha" 11323
"/NNEDenoiser/NNE_oidn2-3-0_rt_hdr_alb_nrm__dyn__fp16_opset11_ForwardAlpha" 11324
"/NNEDenoiser/NNE_oidn2-3-0_rt_hdr_alb_nrm__dyn__fp16_opset11_DenoiseAlpha" 11325
"/NNEDenoiser/NNE_oidn2-3-0_rt_hdr_alb_nrm_small__dyn__fp16_opset11_ForwardAlpha" 11326
"/NNEDenoiser/NNE_oidn2-3-0_rt_hdr_alb_nrm_small__dyn__fp16_opset11_DenoiseAlpha" 11327
"/NNEDenoiser/NNED_Oidn2-3_HighQuality_Alpha" 11328
"/InterchangeAssets/Functions/MX_SurfaceUnlit" 11329
"/Interchange/Pipelines/DefaultGLTFSceneAssetsPipeline" 11330
"/Interchange/Pipelines/DefaultSceneLevelPipeline" 11331
"/NNEDenoiser/NNE_oidn2-3-0_rt_hdr_calb_cnrm_large__dyn__fp16_opset11_DenoiseAlpha" 11332
"../../../Engine/Plugins/Interchange/Assets/Content/Functions/MX_BurleyDiffuseBSDF.uasset" 11333
"../../../Engine/Plugins/Interchange/Assets/Content/Functions/MX_OrenNayarBSDF.uasset" 11334
"../../../Engine/Plugins/Interchange/Assets/Content/Functions/MX_ConductorBSDF.uasset" 11335
"../../../Engine/Plugins/Interchange/Assets/Content/Functions/MX_UsdPreviewSurface.uasset" 11336
"../../../Engine/Plugins/Interchange/Assets/Content/Functions/MX_GeneralizedSchlickBSDF.uasset" 11337
"../../../Engine/Plugins/Interchange/Assets/Content/Functions/MX_SubsurfaceBSDF.uasset" 11338
"../../../Engine/Plugins/Interchange/Assets/Content/Substrate/MX_SimpleVolume.uasset" 11339
"../../../Engine/Plugins/Interchange/Assets/Content/Functions/MX_DielectricBSDF.uasset" 11340
"../../../Engine/Plugins/Interchange/Assets/Content/Functions/MX_ChiangHairBSDF.uasset" 11341
"../../../Engine/Plugins/Interchange/Assets/Content/Functions/MX_TranslucentBSDF.uasset" 11342
"../../../Engine/Plugins/Interchange/Assets/Content/Functions/MX_SheenBSDF.uasset" 11343
"/Interchange/Pipelines/DefaultSceneAssetsPipeline" 11344
"/Interchange/Pipelines/DefaultAudioPipeline" 11345
"/Interchange/Pipelines/DefaultTexturePipeline" 11346
"/Interchange/Pipelines/DefaultMaterialPipeline" 11347
"C:/Users/Stanislav/Documents/Unreal Projects/RGO/Intermediate/ORTOptimizerPass_Optimized0E0AB1364EC308AD596593A97E4F5502.onnx" 11348
"C:/Users/Stanislav/Documents/Unreal Projects/RGO/Intermediate/ORTOptimizerPass_OptimizedBC46DC814941D2CC0C0BA8A9EC86294D.onnx" 11349
"C:/Users/Stanislav/Documents/Unreal Projects/RGO/Intermediate/ORTOptimizerPass_OptimizedEE0B0FCE46135A0AE3852A9650A3B540.onnx" 11350
"C:/Users/Stanislav/Documents/Unreal Projects/RGO/Intermediate/ORTOptimizerPass_Optimized1850DB66420C5BA50DB3C4817A4B46EC.onnx" 11351
"C:/Users/Stanislav/Documents/Unreal Projects/RGO/Intermediate/ORTOptimizerPass_OptimizedE9D4F2564CD5635DFC3BAEA17ADDA0DC.onnx" 11352
"C:/Users/Stanislav/Documents/Unreal Projects/RGO/Intermediate/ORTOptimizerPass_Optimized70F5FBD74B4C10D06729989BE3EC286E.onnx" 11353
"C:/Users/Stanislav/Documents/Unreal Projects/RGO/Intermediate/ORTOptimizerPass_Optimized9C8F5DEC41903CBBE24D5DB13EFE6BBC.onnx" 11354
"C:/Users/Stanislav/Documents/Unreal Projects/RGO/Intermediate/ORTOptimizerPass_Optimized26710CC347CBA2BFBCCA8880EB7231DC.onnx" 11355
"C:/Users/Stanislav/Documents/Unreal Projects/RGO/Intermediate/ORTOptimizerPass_Optimized22E43ADB4D5417019BBF239007630C4F.onnx" 11356
"C:/Users/Stanislav/Documents/Unreal Projects/RGO/Intermediate/ORTOptimizerPass_Optimized6C7EEAB94B9D2A80E9E2678A115A6D57.onnx" 11357
"C:/Users/Stanislav/Documents/Unreal Projects/RGO/Intermediate/ORTOptimizerPass_OptimizedFB827D3D4B00FE460FD8EBA264DC88A7.onnx" 11358
"C:/Users/Stanislav/Documents/Unreal Projects/RGO/Intermediate/ORTOptimizerPass_Optimized147CB6CD4599409F11AA4AAAD223EC5D.onnx" 11359
"/Interchange/Pipelines/DefaultGLTFPipeline" 11360
"/Interchange/Pipelines/DefaultGLTFAssetsPipeline" 11361
"/Interchange/Pipelines/DefaultMaterialXPipeline" 11362
"/Interchange/Pipelines/DefaultAssetsPipeline" 11363
"/Engine/EngineSounds/Master" 11364
"/Engine/EngineMaterials/SMAASearchTex" 11365
"/Engine/EngineMaterials/SMAAAreaTex" 11366
"/Engine/EngineMaterials/EnergyConservation/Diffuse_Energy" 11367
"/Engine/EngineMaterials/EnergyConservation/Sheen_Energy" 11368
"/Engine/EngineMaterials/LTC/Sheen_LTC" 11369
"/Engine/EngineMaterials/FastBlueNoise_vec2_128x128x64" 11370
"/Engine/EngineMaterials/FastBlueNoise_scalar_128x128x8" 11371
"/Engine/EngineMaterials/FastBlueNoise_scalar_128x128x64" 11372
"/InterchangeAssets/Functions/MX_ChiangHairBSDF" 11373
"/InterchangeAssets/Functions/MX_SheenBSDF" 11374
"/InterchangeAssets/Functions/MX_SubsurfaceBSDF" 11375
"/InterchangeAssets/Functions/MX_GeneralizedSchlickBSDF" 11376
"../../../Engine/Plugins/Interchange/Assets/Content/Functions/MX_AnisotropicVDF.uasset" 11377
"../../../Engine/Plugins/Animation/ControlRig/Content/Controls/ControlRigGizmoMaterial.uasset" 11378
"/InterchangeAssets/Functions/MX_ConductorBSDF" 11379
"/InterchangeAssets/Functions/MX_DielectricBSDF" 11380
"/InterchangeAssets/Functions/MX_TranslucentBSDF" 11381
"/InterchangeAssets/Functions/MX_BurleyDiffuseBSDF" 11382
"/InterchangeAssets/Functions/MX_OrenNayarBSDF" 11383
"/InterchangeAssets/Substrate/MX_SimpleVolume" 11384
"/InterchangeAssets/Functions/MX_UsdPreviewSurface" 11385
"../../../Engine/Plugins/Interchange/Assets/Content/Functions/MX_AbsorptionVDF.uasset" 11386
"../../../Engine/Plugins/Interchange/Assets/Content/Functions/MX_UniformEDF.uasset" 11387
"../../../Engine/Plugins/Interchange/Assets/Content/Functions/MX_ConicalEDF.uasset" 11388
"/ControlRig/Controls/ControlRigGizmoMaterial" 11389
"/InterchangeAssets/Functions/MX_AnisotropicVDF" 11390
"/InterchangeAssets/Functions/MX_AbsorptionVDF" 11391
"/InterchangeAssets/Functions/MX_ConicalEDF" 11392
"../../../Engine/Plugins/Interchange/Assets/Content/Functions/MX_MeasuredEDF.uasset" 11393
"/InterchangeAssets/Functions/MX_UniformEDF" 11394
"/InterchangeAssets/Functions/MX_MeasuredEDF" 11395
"/Engine/EditorResources/EmptyActor" 11396
"../../../Engine/Content/EditorResources/EmptyActor.uasset" 11397
"/Game/ModularSciFi/Materials/Fabric/MI_Fabric" 11398
"C:/Users/Stanislav/Documents/Unreal Projects/RGO/Saved/Cooked/Windows/RGO/Metadata/CookedSettings.txt" 11399
